month,farmer_id,pincode,synthetic_30dpd,synthetic_60dpd,repayment_ability_proxy,drought_severity,label_origin
2025-01-01,farmer:413001:001,413001,0,0,2.0,0.0,simulator_rule_not_real_credit_outcome
2025-01-01,farmer:413001:002,413001,0,0,2.0,0.0,simulator_rule_not_real_credit_outcome
2025-01-01,farmer:413001:003,413001,0,0,2.0,0.0,simulator_rule_not_real_credit_outcome
2025-01-01,farmer:413001:004,413001,0,0,2.0,0.0,simulator_rule_not_real_credit_outcome
2025-01-01,farmer:413001:005,413001,0,0,2.0,0.0,simulator_rule_not_real_credit_outcome
2025-01-01,farmer:413001:006,413001,0,0,2.0,0.0,simulator_rule_not_real_credit_outcome
2025-01-01,farmer:413001:007,413001,0,0,2.0,0.0,simulator_rule_not_real_credit_outcome
2025-01-01,farmer:413001:008,413001,0,0,2.0,0.0,simulator_rule_not_real_credit_outcome
2025-01-01,farmer:413001:009,413001,0,0,2.0,0.0,simulator_rule_not_real_credit_outcome
2025-01-01,farmer:413001:010,413001,0,0,2.0,0.0,simulator_rule_not_real_credit_outcome
2025-01-01,farmer:413001:011,413001,0,0,2.0,0.0,simulator_rule_not_real_credit_outcome
2025-01-01,farmer:413001:012,413001,0,0,2.0,0.0,simulator_rule_not_real_credit_outcome
2025-01-01,farmer:413001:013,413001,0,0,2.0,0.0,simulator_rule_not_real_credit_outcome
2025-01-01,farmer:413001:014,413001,0,0,2.0,0.0,simulator_rule_not_real_credit_outcome
2025-01-01,farmer:413001:015,413001,0,0,2.0,0.0,simulator_rule_not_real_credit_outcome
2025-01-01,farmer:413001:016,413001,0,0,2.0,0.0,simulator_rule_not_real_credit_outcome
2025-01-01,farmer:413001:017,413001,0,0,2.0,0.0,simulator_rule_not_real_credit_outcome
2025-01-01,farmer:413001:018,413001,0,0,2.0,0.0,simulator_rule_not_real_credit_outcome
2025-01-01,farmer:413001:019,413001,0,0,2.0,0.0,simulator_rule_not_real_credit_outcome
2025-01-01,farmer:413001:020,413001,0,0,2.0,0.0,simulator_rule_not_real_credit_outcome
2025-01-01,farmer:413001:021,413001,0,0,2.0,0.0,simulator_rule_not_real_credit_outcome
2025-01-01,farmer:413001:022,413001,0,0,2.0,0.0,simulator_rule_not_real_credit_outcome
2025-01-01,farmer:413001:023,413001,0,0,2.0,0.0,simulator_rule_not_real_credit_outcome
2025-01-01,farmer:413001:024,413001,0,0,2.0,0.0,simulator_rule_not_real_credit_outcome
2025-01-01,farmer:413001:025,413001,0,0,2.0,0.0,simulator_rule_not_real_credit_outcome
2025-01-01,farmer:413001:026,413001,0,0,2.0,0.0,simulator_rule_not_real_credit_outcome
2025-01-01,farmer:413001:027,413001,0,0,2.0,0.0,simulator_rule_not_real_credit_outcome
2025-01-01,farmer:413001:028,413001,0,0,2.0,0.0,simulator_rule_not_real_credit_outcome
2025-01-01,farmer:413001:029,413001,0,0,2.0,0.0,simulator_rule_not_real_credit_outcome
2025-01-01,farmer:413001:030,413001,0,0,2.0,0.0,simulator_rule_not_real_credit_outcome
2025-01-01,farmer:413001:031,413001,0,0,2.0,0.0,simulator_rule_not_real_credit_outcome
2025-01-01,farmer:413001:032,413001,0,0,2.0,0.0,simulator_rule_not_real_credit_outcome
2025-01-01,farmer:413001:033,413001,0,0,2.0,0.0,simulator_rule_not_real_credit_outcome
2025-01-01,farmer:413001:034,413001,0,0,2.0,0.0,simulator_rule_not_real_credit_outcome
2025-01-01,farmer:413001:035,413001,0,0,2.0,0.0,simulator_rule_not_real_credit_outcome
2025-01-01,farmer:431001:001,431001,0,0,2.0,0.0,simulator_rule_not_real_credit_outcome
2025-01-01,farmer:431001:002,431001,0,0,2.0,0.0,simulator_rule_not_real_credit_outcome
2025-01-01,farmer:431001:003,431001,0,0,2.0,0.0,simulator_rule_not_real_credit_outcome
2025-01-01,farmer:431001:004,431001,0,0,2.0,0.0,simulator_rule_not_real_credit_outcome
2025-01-01,farmer:431001:005,431001,0,0,2.0,0.0,simulator_rule_not_real_credit_outcome
2025-01-01,farmer:431001:006,431001,0,0,2.0,0.0,simulator_rule_not_real_credit_outcome
2025-01-01,farmer:431001:007,431001,0,0,2.0,0.0,simulator_rule_not_real_credit_outcome
2025-01-01,farmer:431001:008,431001,0,0,2.0,0.0,simulator_rule_not_real_credit_outcome
2025-01-01,farmer:431001:009,431001,0,0,2.0,0.0,simulator_rule_not_real_credit_outcome
2025-01-01,farmer:431001:010,431001,0,0,2.0,0.0,simulator_rule_not_real_credit_outcome
2025-01-01,farmer:431001:011,431001,0,0,2.0,0.0,simulator_rule_not_real_credit_outcome
2025-01-01,farmer:431001:012,431001,0,0,2.0,0.0,simulator_rule_not_real_credit_outcome
2025-01-01,farmer:431001:013,431001,0,0,2.0,0.0,simulator_rule_not_real_credit_outcome
2025-01-01,farmer:431001:014,431001,0,0,2.0,0.0,simulator_rule_not_real_credit_outcome
2025-01-01,farmer:431001:015,431001,0,0,2.0,0.0,simulator_rule_not_real_credit_outcome
2025-01-01,farmer:431001:016,431001,0,0,2.0,0.0,simulator_rule_not_real_credit_outcome
2025-01-01,farmer:431001:017,431001,0,0,2.0,0.0,simulator_rule_not_real_credit_outcome
2025-01-01,farmer:431001:018,431001,0,0,2.0,0.0,simulator_rule_not_real_credit_outcome
2025-01-01,farmer:431001:019,431001,0,0,2.0,0.0,simulator_rule_not_real_credit_outcome
2025-01-01,farmer:431001:020,431001,0,0,2.0,0.0,simulator_rule_not_real_credit_outcome
2025-01-01,farmer:431001:021,431001,0,0,2.0,0.0,simulator_rule_not_real_credit_outcome
2025-01-01,farmer:431001:022,431001,0,0,2.0,0.0,simulator_rule_not_real_credit_outcome
2025-01-01,farmer:431001:023,431001,0,0,2.0,0.0,simulator_rule_not_real_credit_outcome
2025-01-01,farmer:431001:024,431001,0,0,2.0,0.0,simulator_rule_not_real_credit_outcome
2025-01-01,farmer:431001:025,431001,0,0,2.0,0.0,simulator_rule_not_real_credit_outcome
2025-01-01,farmer:431001:026,431001,0,0,2.0,0.0,simulator_rule_not_real_credit_outcome
2025-01-01,farmer:431001:027,431001,0,0,2.0,0.0,simulator_rule_not_real_credit_outcome
2025-01-01,farmer:431001:028,431001,0,0,2.0,0.0,simulator_rule_not_real_credit_outcome
2025-01-01,farmer:431001:029,431001,0,0,2.0,0.0,simulator_rule_not_real_credit_outcome
2025-01-01,farmer:431001:030,431001,0,0,2.0,0.0,simulator_rule_not_real_credit_outcome
2025-01-01,farmer:431001:031,431001,0,0,2.0,0.0,simulator_rule_not_real_credit_outcome
2025-01-01,farmer:431001:032,431001,0,0,2.0,0.0,simulator_rule_not_real_credit_outcome
2025-01-01,farmer:431001:033,431001,0,0,2.0,0.0,simulator_rule_not_real_credit_outcome
2025-01-01,farmer:431001:034,431001,0,0,2.0,0.0,simulator_rule_not_real_credit_outcome
2025-01-01,farmer:431001:035,431001,0,0,2.0,0.0,simulator_rule_not_real_credit_outcome
2025-01-01,farmer:440001:001,440001,0,0,2.0,0.0,simulator_rule_not_real_credit_outcome
2025-01-01,farmer:440001:002,440001,0,0,2.0,0.0,simulator_rule_not_real_credit_outcome
2025-01-01,farmer:440001:003,440001,0,0,2.0,0.0,simulator_rule_not_real_credit_outcome
2025-01-01,farmer:440001:004,440001,0,0,2.0,0.0,simulator_rule_not_real_credit_outcome
2025-01-01,farmer:440001:005,440001,0,0,2.0,0.0,simulator_rule_not_real_credit_outcome
2025-01-01,farmer:440001:006,440001,0,0,2.0,0.0,simulator_rule_not_real_credit_outcome
2025-01-01,farmer:440001:007,440001,0,0,2.0,0.0,simulator_rule_not_real_credit_outcome
2025-01-01,farmer:440001:008,440001,0,0,2.0,0.0,simulator_rule_not_real_credit_outcome
2025-01-01,farmer:440001:009,440001,0,0,2.0,0.0,simulator_rule_not_real_credit_outcome
2025-01-01,farmer:440001:010,440001,0,0,2.0,0.0,simulator_rule_not_real_credit_outcome
2025-01-01,farmer:440001:011,440001,0,0,2.0,0.0,simulator_rule_not_real_credit_outcome
2025-01-01,farmer:440001:012,440001,0,0,2.0,0.0,simulator_rule_not_real_credit_outcome
2025-01-01,farmer:440001:013,440001,0,0,2.0,0.0,simulator_rule_not_real_credit_outcome
2025-01-01,farmer:440001:014,440001,0,0,2.0,0.0,simulator_rule_not_real_credit_outcome
2025-01-01,farmer:440001:015,440001,0,0,2.0,0.0,simulator_rule_not_real_credit_outcome
2025-01-01,farmer:440001:016,440001,0,0,2.0,0.0,simulator_rule_not_real_credit_outcome
2025-01-01,farmer:440001:017,440001,0,0,2.0,0.0,simulator_rule_not_real_credit_outcome
2025-01-01,farmer:440001:018,440001,0,0,2.0,0.0,simulator_rule_not_real_credit_outcome
2025-01-01,farmer:440001:019,440001,0,0,2.0,0.0,simulator_rule_not_real_credit_outcome
2025-01-01,farmer:440001:020,440001,0,0,2.0,0.0,simulator_rule_not_real_credit_outcome
2025-01-01,farmer:440001:021,440001,0,0,2.0,0.0,simulator_rule_not_real_credit_outcome
2025-01-01,farmer:440001:022,440001,0,0,2.0,0.0,simulator_rule_not_real_credit_outcome
2025-01-01,farmer:440001:023,440001,0,0,2.0,0.0,simulator_rule_not_real_credit_outcome
2025-01-01,farmer:440001:024,440001,0,0,2.0,0.0,simulator_rule_not_real_credit_outcome
2025-01-01,farmer:440001:025,440001,0,0,2.0,0.0,simulator_rule_not_real_credit_outcome
2025-01-01,farmer:440001:026,440001,0,0,2.0,0.0,simulator_rule_not_real_credit_outcome
2025-01-01,farmer:440001:027,440001,0,0,2.0,0.0,simulator_rule_not_real_credit_outcome
2025-01-01,farmer:440001:028,440001,0,0,2.0,0.0,simulator_rule_not_real_credit_outcome
2025-01-01,farmer:440001:029,440001,0,0,2.0,0.0,simulator_rule_not_real_credit_outcome
2025-01-01,farmer:440001:030,440001,0,0,2.0,0.0,simulator_rule_not_real_credit_outcome
2025-01-01,farmer:440001:031,440001,0,0,2.0,0.0,simulator_rule_not_real_credit_outcome
2025-01-01,farmer:440001:032,440001,0,0,2.0,0.0,simulator_rule_not_real_credit_outcome
2025-01-01,farmer:440001:033,440001,0,0,2.0,0.0,simulator_rule_not_real_credit_outcome
2025-01-01,farmer:440001:034,440001,0,0,2.0,0.0,simulator_rule_not_real_credit_outcome
2025-01-01,farmer:440001:035,440001,0,0,2.0,0.0,simulator_rule_not_real_credit_outcome
2025-02-01,farmer:413001:001,413001,0,0,2.0,0.0,simulator_rule_not_real_credit_outcome
2025-02-01,farmer:413001:002,413001,0,0,2.0,0.0,simulator_rule_not_real_credit_outcome
2025-02-01,farmer:413001:003,413001,0,0,2.0,0.0,simulator_rule_not_real_credit_outcome
2025-02-01,farmer:413001:004,413001,0,0,2.0,0.0,simulator_rule_not_real_credit_outcome
2025-02-01,farmer:413001:005,413001,0,0,2.0,0.0,simulator_rule_not_real_credit_outcome
2025-02-01,farmer:413001:006,413001,0,0,2.0,0.0,simulator_rule_not_real_credit_outcome
2025-02-01,farmer:413001:007,413001,0,0,2.0,0.0,simulator_rule_not_real_credit_outcome
2025-02-01,farmer:413001:008,413001,0,0,2.0,0.0,simulator_rule_not_real_credit_outcome
2025-02-01,farmer:413001:009,413001,0,0,2.0,0.0,simulator_rule_not_real_credit_outcome
2025-02-01,farmer:413001:010,413001,0,0,2.0,0.0,simulator_rule_not_real_credit_outcome
2025-02-01,farmer:413001:011,413001,0,0,2.0,0.0,simulator_rule_not_real_credit_outcome
2025-02-01,farmer:413001:012,413001,0,0,2.0,0.0,simulator_rule_not_real_credit_outcome
2025-02-01,farmer:413001:013,413001,0,0,2.0,0.0,simulator_rule_not_real_credit_outcome
2025-02-01,farmer:413001:014,413001,0,0,2.0,0.0,simulator_rule_not_real_credit_outcome
2025-02-01,farmer:413001:015,413001,0,0,2.0,0.0,simulator_rule_not_real_credit_outcome
2025-02-01,farmer:413001:016,413001,0,0,2.0,0.0,simulator_rule_not_real_credit_outcome
2025-02-01,farmer:413001:017,413001,0,0,2.0,0.0,simulator_rule_not_real_credit_outcome
2025-02-01,farmer:413001:018,413001,0,0,2.0,0.0,simulator_rule_not_real_credit_outcome
2025-02-01,farmer:413001:019,413001,0,0,2.0,0.0,simulator_rule_not_real_credit_outcome
2025-02-01,farmer:413001:020,413001,0,0,2.0,0.0,simulator_rule_not_real_credit_outcome
2025-02-01,farmer:413001:021,413001,0,0,2.0,0.0,simulator_rule_not_real_credit_outcome
2025-02-01,farmer:413001:022,413001,0,0,2.0,0.0,simulator_rule_not_real_credit_outcome
2025-02-01,farmer:413001:023,413001,0,0,2.0,0.0,simulator_rule_not_real_credit_outcome
2025-02-01,farmer:413001:024,413001,0,0,2.0,0.0,simulator_rule_not_real_credit_outcome
2025-02-01,farmer:413001:025,413001,0,0,2.0,0.0,simulator_rule_not_real_credit_outcome
2025-02-01,farmer:413001:026,413001,0,0,2.0,0.0,simulator_rule_not_real_credit_outcome
2025-02-01,farmer:413001:027,413001,0,0,2.0,0.0,simulator_rule_not_real_credit_outcome
2025-02-01,farmer:413001:028,413001,0,0,2.0,0.0,simulator_rule_not_real_credit_outcome
2025-02-01,farmer:413001:029,413001,0,0,2.0,0.0,simulator_rule_not_real_credit_outcome
2025-02-01,farmer:413001:030,413001,0,0,2.0,0.0,simulator_rule_not_real_credit_outcome
2025-02-01,farmer:413001:031,413001,0,0,2.0,0.0,simulator_rule_not_real_credit_outcome
2025-02-01,farmer:413001:032,413001,0,0,2.0,0.0,simulator_rule_not_real_credit_outcome
2025-02-01,farmer:413001:033,413001,0,0,2.0,0.0,simulator_rule_not_real_credit_outcome
2025-02-01,farmer:413001:034,413001,0,0,2.0,0.0,simulator_rule_not_real_credit_outcome
2025-02-01,farmer:413001:035,413001,0,0,2.0,0.0,simulator_rule_not_real_credit_outcome
2025-02-01,farmer:431001:001,431001,0,0,2.0,0.0,simulator_rule_not_real_credit_outcome
2025-02-01,farmer:431001:002,431001,0,0,2.0,0.0,simulator_rule_not_real_credit_outcome
2025-02-01,farmer:431001:003,431001,0,0,2.0,0.0,simulator_rule_not_real_credit_outcome
2025-02-01,farmer:431001:004,431001,0,0,2.0,0.0,simulator_rule_not_real_credit_outcome
2025-02-01,farmer:431001:005,431001,0,0,2.0,0.0,simulator_rule_not_real_credit_outcome
2025-02-01,farmer:431001:006,431001,0,0,2.0,0.0,simulator_rule_not_real_credit_outcome
2025-02-01,farmer:431001:007,431001,0,0,2.0,0.0,simulator_rule_not_real_credit_outcome
2025-02-01,farmer:431001:008,431001,0,0,2.0,0.0,simulator_rule_not_real_credit_outcome
2025-02-01,farmer:431001:009,431001,0,0,2.0,0.0,simulator_rule_not_real_credit_outcome
2025-02-01,farmer:431001:010,431001,0,0,2.0,0.0,simulator_rule_not_real_credit_outcome
2025-02-01,farmer:431001:011,431001,0,0,2.0,0.0,simulator_rule_not_real_credit_outcome
2025-02-01,farmer:431001:012,431001,0,0,2.0,0.0,simulator_rule_not_real_credit_outcome
2025-02-01,farmer:431001:013,431001,0,0,2.0,0.0,simulator_rule_not_real_credit_outcome
2025-02-01,farmer:431001:014,431001,0,0,2.0,0.0,simulator_rule_not_real_credit_outcome
2025-02-01,farmer:431001:015,431001,0,0,2.0,0.0,simulator_rule_not_real_credit_outcome
2025-02-01,farmer:431001:016,431001,0,0,2.0,0.0,simulator_rule_not_real_credit_outcome
2025-02-01,farmer:431001:017,431001,0,0,2.0,0.0,simulator_rule_not_real_credit_outcome
2025-02-01,farmer:431001:018,431001,0,0,2.0,0.0,simulator_rule_not_real_credit_outcome
2025-02-01,farmer:431001:019,431001,0,0,2.0,0.0,simulator_rule_not_real_credit_outcome
2025-02-01,farmer:431001:020,431001,0,0,2.0,0.0,simulator_rule_not_real_credit_outcome
2025-02-01,farmer:431001:021,431001,0,0,2.0,0.0,simulator_rule_not_real_credit_outcome
2025-02-01,farmer:431001:022,431001,0,0,2.0,0.0,simulator_rule_not_real_credit_outcome
2025-02-01,farmer:431001:023,431001,0,0,2.0,0.0,simulator_rule_not_real_credit_outcome
2025-02-01,farmer:431001:024,431001,0,0,2.0,0.0,simulator_rule_not_real_credit_outcome
2025-02-01,farmer:431001:025,431001,0,0,2.0,0.0,simulator_rule_not_real_credit_outcome
2025-02-01,farmer:431001:026,431001,0,0,2.0,0.0,simulator_rule_not_real_credit_outcome
2025-02-01,farmer:431001:027,431001,0,0,2.0,0.0,simulator_rule_not_real_credit_outcome
2025-02-01,farmer:431001:028,431001,0,0,2.0,0.0,simulator_rule_not_real_credit_outcome
2025-02-01,farmer:431001:029,431001,0,0,2.0,0.0,simulator_rule_not_real_credit_outcome
2025-02-01,farmer:431001:030,431001,0,0,2.0,0.0,simulator_rule_not_real_credit_outcome
2025-02-01,farmer:431001:031,431001,0,0,2.0,0.0,simulator_rule_not_real_credit_outcome
2025-02-01,farmer:431001:032,431001,0,0,2.0,0.0,simulator_rule_not_real_credit_outcome
2025-02-01,farmer:431001:033,431001,0,0,2.0,0.0,simulator_rule_not_real_credit_outcome
2025-02-01,farmer:431001:034,431001,0,0,2.0,0.0,simulator_rule_not_real_credit_outcome
2025-02-01,farmer:431001:035,431001,0,0,2.0,0.0,simulator_rule_not_real_credit_outcome
2025-02-01,farmer:440001:001,440001,0,0,2.0,0.0,simulator_rule_not_real_credit_outcome
2025-02-01,farmer:440001:002,440001,0,0,2.0,0.0,simulator_rule_not_real_credit_outcome
2025-02-01,farmer:440001:003,440001,0,0,2.0,0.0,simulator_rule_not_real_credit_outcome
2025-02-01,farmer:440001:004,440001,0,0,2.0,0.0,simulator_rule_not_real_credit_outcome
2025-02-01,farmer:440001:005,440001,0,0,2.0,0.0,simulator_rule_not_real_credit_outcome
2025-02-01,farmer:440001:006,440001,0,0,2.0,0.0,simulator_rule_not_real_credit_outcome
2025-02-01,farmer:440001:007,440001,0,0,2.0,0.0,simulator_rule_not_real_credit_outcome
2025-02-01,farmer:440001:008,440001,0,0,2.0,0.0,simulator_rule_not_real_credit_outcome
2025-02-01,farmer:440001:009,440001,0,0,2.0,0.0,simulator_rule_not_real_credit_outcome
2025-02-01,farmer:440001:010,440001,0,0,2.0,0.0,simulator_rule_not_real_credit_outcome
2025-02-01,farmer:440001:011,440001,0,0,2.0,0.0,simulator_rule_not_real_credit_outcome
2025-02-01,farmer:440001:012,440001,0,0,2.0,0.0,simulator_rule_not_real_credit_outcome
2025-02-01,farmer:440001:013,440001,0,0,2.0,0.0,simulator_rule_not_real_credit_outcome
2025-02-01,farmer:440001:014,440001,0,0,2.0,0.0,simulator_rule_not_real_credit_outcome
2025-02-01,farmer:440001:015,440001,0,0,2.0,0.0,simulator_rule_not_real_credit_outcome
2025-02-01,farmer:440001:016,440001,0,0,2.0,0.0,simulator_rule_not_real_credit_outcome
2025-02-01,farmer:440001:017,440001,0,0,2.0,0.0,simulator_rule_not_real_credit_outcome
2025-02-01,farmer:440001:018,440001,0,0,2.0,0.0,simulator_rule_not_real_credit_outcome
2025-02-01,farmer:440001:019,440001,0,0,2.0,0.0,simulator_rule_not_real_credit_outcome
2025-02-01,farmer:440001:020,440001,0,0,2.0,0.0,simulator_rule_not_real_credit_outcome
2025-02-01,farmer:440001:021,440001,0,0,2.0,0.0,simulator_rule_not_real_credit_outcome
2025-02-01,farmer:440001:022,440001,0,0,2.0,0.0,simulator_rule_not_real_credit_outcome
2025-02-01,farmer:440001:023,440001,0,0,2.0,0.0,simulator_rule_not_real_credit_outcome
2025-02-01,farmer:440001:024,440001,0,0,2.0,0.0,simulator_rule_not_real_credit_outcome
2025-02-01,farmer:440001:025,440001,0,0,2.0,0.0,simulator_rule_not_real_credit_outcome
2025-02-01,farmer:440001:026,440001,0,0,2.0,0.0,simulator_rule_not_real_credit_outcome
2025-02-01,farmer:440001:027,440001,0,0,2.0,0.0,simulator_rule_not_real_credit_outcome
2025-02-01,farmer:440001:028,440001,0,0,2.0,0.0,simulator_rule_not_real_credit_outcome
2025-02-01,farmer:440001:029,440001,0,0,2.0,0.0,simulator_rule_not_real_credit_outcome
2025-02-01,farmer:440001:030,440001,0,0,2.0,0.0,simulator_rule_not_real_credit_outcome
2025-02-01,farmer:440001:031,440001,0,0,2.0,0.0,simulator_rule_not_real_credit_outcome
2025-02-01,farmer:440001:032,440001,0,0,2.0,0.0,simulator_rule_not_real_credit_outcome
2025-02-01,farmer:440001:033,440001,0,0,2.0,0.0,simulator_rule_not_real_credit_outcome
2025-02-01,farmer:440001:034,440001,0,0,2.0,0.0,simulator_rule_not_real_credit_outcome
2025-02-01,farmer:440001:035,440001,0,0,2.0,0.0,simulator_rule_not_real_credit_outcome
2025-03-01,farmer:413001:001,413001,0,0,2.0,0.0,simulator_rule_not_real_credit_outcome
2025-03-01,farmer:413001:002,413001,0,0,2.0,0.0,simulator_rule_not_real_credit_outcome
2025-03-01,farmer:413001:003,413001,0,0,2.0,0.0,simulator_rule_not_real_credit_outcome
2025-03-01,farmer:413001:004,413001,0,0,2.0,0.0,simulator_rule_not_real_credit_outcome
2025-03-01,farmer:413001:005,413001,0,0,2.0,0.0,simulator_rule_not_real_credit_outcome
2025-03-01,farmer:413001:006,413001,0,0,2.0,0.0,simulator_rule_not_real_credit_outcome
2025-03-01,farmer:413001:007,413001,0,0,2.0,0.0,simulator_rule_not_real_credit_outcome
2025-03-01,farmer:413001:008,413001,0,0,2.0,0.0,simulator_rule_not_real_credit_outcome
2025-03-01,farmer:413001:009,413001,0,0,2.0,0.0,simulator_rule_not_real_credit_outcome
2025-03-01,farmer:413001:010,413001,0,0,2.0,0.0,simulator_rule_not_real_credit_outcome
2025-03-01,farmer:413001:011,413001,0,0,2.0,0.0,simulator_rule_not_real_credit_outcome
2025-03-01,farmer:413001:012,413001,0,0,2.0,0.0,simulator_rule_not_real_credit_outcome
2025-03-01,farmer:413001:013,413001,0,0,2.0,0.0,simulator_rule_not_real_credit_outcome
2025-03-01,farmer:413001:014,413001,0,0,2.0,0.0,simulator_rule_not_real_credit_outcome
2025-03-01,farmer:413001:015,413001,0,0,2.0,0.0,simulator_rule_not_real_credit_outcome
2025-03-01,farmer:413001:016,413001,0,0,2.0,0.0,simulator_rule_not_real_credit_outcome
2025-03-01,farmer:413001:017,413001,0,0,2.0,0.0,simulator_rule_not_real_credit_outcome
2025-03-01,farmer:413001:018,413001,0,0,2.0,0.0,simulator_rule_not_real_credit_outcome
2025-03-01,farmer:413001:019,413001,0,0,2.0,0.0,simulator_rule_not_real_credit_outcome
2025-03-01,farmer:413001:020,413001,0,0,2.0,0.0,simulator_rule_not_real_credit_outcome
2025-03-01,farmer:413001:021,413001,0,0,2.0,0.0,simulator_rule_not_real_credit_outcome
2025-03-01,farmer:413001:022,413001,0,0,2.0,0.0,simulator_rule_not_real_credit_outcome
2025-03-01,farmer:413001:023,413001,0,0,2.0,0.0,simulator_rule_not_real_credit_outcome
2025-03-01,farmer:413001:024,413001,0,0,2.0,0.0,simulator_rule_not_real_credit_outcome
2025-03-01,farmer:413001:025,413001,0,0,2.0,0.0,simulator_rule_not_real_credit_outcome
2025-03-01,farmer:413001:026,413001,0,0,2.0,0.0,simulator_rule_not_real_credit_outcome
2025-03-01,farmer:413001:027,413001,0,0,2.0,0.0,simulator_rule_not_real_credit_outcome
2025-03-01,farmer:413001:028,413001,0,0,2.0,0.0,simulator_rule_not_real_credit_outcome
2025-03-01,farmer:413001:029,413001,0,0,2.0,0.0,simulator_rule_not_real_credit_outcome
2025-03-01,farmer:413001:030,413001,0,0,2.0,0.0,simulator_rule_not_real_credit_outcome
2025-03-01,farmer:413001:031,413001,0,0,2.0,0.0,simulator_rule_not_real_credit_outcome
2025-03-01,farmer:413001:032,413001,0,0,2.0,0.0,simulator_rule_not_real_credit_outcome
2025-03-01,farmer:413001:033,413001,0,0,2.0,0.0,simulator_rule_not_real_credit_outcome
2025-03-01,farmer:413001:034,413001,0,0,2.0,0.0,simulator_rule_not_real_credit_outcome
2025-03-01,farmer:413001:035,413001,0,0,2.0,0.0,simulator_rule_not_real_credit_outcome
2025-03-01,farmer:431001:001,431001,0,0,2.0,0.0,simulator_rule_not_real_credit_outcome
2025-03-01,farmer:431001:002,431001,0,0,2.0,0.0,simulator_rule_not_real_credit_outcome
2025-03-01,farmer:431001:003,431001,0,0,2.0,0.0,simulator_rule_not_real_credit_outcome
2025-03-01,farmer:431001:004,431001,0,0,2.0,0.0,simulator_rule_not_real_credit_outcome
2025-03-01,farmer:431001:005,431001,0,0,2.0,0.0,simulator_rule_not_real_credit_outcome
2025-03-01,farmer:431001:006,431001,0,0,2.0,0.0,simulator_rule_not_real_credit_outcome
2025-03-01,farmer:431001:007,431001,0,0,2.0,0.0,simulator_rule_not_real_credit_outcome
2025-03-01,farmer:431001:008,431001,0,0,2.0,0.0,simulator_rule_not_real_credit_outcome
2025-03-01,farmer:431001:009,431001,0,0,2.0,0.0,simulator_rule_not_real_credit_outcome
2025-03-01,farmer:431001:010,431001,0,0,2.0,0.0,simulator_rule_not_real_credit_outcome
2025-03-01,farmer:431001:011,431001,0,0,2.0,0.0,simulator_rule_not_real_credit_outcome
2025-03-01,farmer:431001:012,431001,0,0,2.0,0.0,simulator_rule_not_real_credit_outcome
2025-03-01,farmer:431001:013,431001,0,0,2.0,0.0,simulator_rule_not_real_credit_outcome
2025-03-01,farmer:431001:014,431001,0,0,2.0,0.0,simulator_rule_not_real_credit_outcome
2025-03-01,farmer:431001:015,431001,0,0,2.0,0.0,simulator_rule_not_real_credit_outcome
2025-03-01,farmer:431001:016,431001,0,0,2.0,0.0,simulator_rule_not_real_credit_outcome
2025-03-01,farmer:431001:017,431001,0,0,2.0,0.0,simulator_rule_not_real_credit_outcome
2025-03-01,farmer:431001:018,431001,0,0,2.0,0.0,simulator_rule_not_real_credit_outcome
2025-03-01,farmer:431001:019,431001,0,0,2.0,0.0,simulator_rule_not_real_credit_outcome
2025-03-01,farmer:431001:020,431001,0,0,2.0,0.0,simulator_rule_not_real_credit_outcome
2025-03-01,farmer:431001:021,431001,0,0,2.0,0.0,simulator_rule_not_real_credit_outcome
2025-03-01,farmer:431001:022,431001,0,0,2.0,0.0,simulator_rule_not_real_credit_outcome
2025-03-01,farmer:431001:023,431001,0,0,2.0,0.0,simulator_rule_not_real_credit_outcome
2025-03-01,farmer:431001:024,431001,0,0,2.0,0.0,simulator_rule_not_real_credit_outcome
2025-03-01,farmer:431001:025,431001,0,0,2.0,0.0,simulator_rule_not_real_credit_outcome
2025-03-01,farmer:431001:026,431001,0,0,2.0,0.0,simulator_rule_not_real_credit_outcome
2025-03-01,farmer:431001:027,431001,0,0,2.0,0.0,simulator_rule_not_real_credit_outcome
2025-03-01,farmer:431001:028,431001,0,0,2.0,0.0,simulator_rule_not_real_credit_outcome
2025-03-01,farmer:431001:029,431001,0,0,2.0,0.0,simulator_rule_not_real_credit_outcome
2025-03-01,farmer:431001:030,431001,0,0,2.0,0.0,simulator_rule_not_real_credit_outcome
2025-03-01,farmer:431001:031,431001,0,0,2.0,0.0,simulator_rule_not_real_credit_outcome
2025-03-01,farmer:431001:032,431001,0,0,2.0,0.0,simulator_rule_not_real_credit_outcome
2025-03-01,farmer:431001:033,431001,0,0,2.0,0.0,simulator_rule_not_real_credit_outcome
2025-03-01,farmer:431001:034,431001,0,0,2.0,0.0,simulator_rule_not_real_credit_outcome
2025-03-01,farmer:431001:035,431001,0,0,2.0,0.0,simulator_rule_not_real_credit_outcome
2025-03-01,farmer:440001:001,440001,0,0,2.0,0.0,simulator_rule_not_real_credit_outcome
2025-03-01,farmer:440001:002,440001,0,0,2.0,0.0,simulator_rule_not_real_credit_outcome
2025-03-01,farmer:440001:003,440001,0,0,2.0,0.0,simulator_rule_not_real_credit_outcome
2025-03-01,farmer:440001:004,440001,0,0,2.0,0.0,simulator_rule_not_real_credit_outcome
2025-03-01,farmer:440001:005,440001,0,0,2.0,0.0,simulator_rule_not_real_credit_outcome
2025-03-01,farmer:440001:006,440001,0,0,2.0,0.0,simulator_rule_not_real_credit_outcome
2025-03-01,farmer:440001:007,440001,0,0,2.0,0.0,simulator_rule_not_real_credit_outcome
2025-03-01,farmer:440001:008,440001,0,0,2.0,0.0,simulator_rule_not_real_credit_outcome
2025-03-01,farmer:440001:009,440001,0,0,2.0,0.0,simulator_rule_not_real_credit_outcome
2025-03-01,farmer:440001:010,440001,0,0,2.0,0.0,simulator_rule_not_real_credit_outcome
2025-03-01,farmer:440001:011,440001,0,0,2.0,0.0,simulator_rule_not_real_credit_outcome
2025-03-01,farmer:440001:012,440001,0,0,2.0,0.0,simulator_rule_not_real_credit_outcome
2025-03-01,farmer:440001:013,440001,0,0,2.0,0.0,simulator_rule_not_real_credit_outcome
2025-03-01,farmer:440001:014,440001,0,0,2.0,0.0,simulator_rule_not_real_credit_outcome
2025-03-01,farmer:440001:015,440001,0,0,2.0,0.0,simulator_rule_not_real_credit_outcome
2025-03-01,farmer:440001:016,440001,0,0,2.0,0.0,simulator_rule_not_real_credit_outcome
2025-03-01,farmer:440001:017,440001,0,0,2.0,0.0,simulator_rule_not_real_credit_outcome
2025-03-01,farmer:440001:018,440001,0,0,2.0,0.0,simulator_rule_not_real_credit_outcome
2025-03-01,farmer:440001:019,440001,0,0,2.0,0.0,simulator_rule_not_real_credit_outcome
2025-03-01,farmer:440001:020,440001,0,0,2.0,0.0,simulator_rule_not_real_credit_outcome
2025-03-01,farmer:440001:021,440001,0,0,2.0,0.0,simulator_rule_not_real_credit_outcome
2025-03-01,farmer:440001:022,440001,0,0,2.0,0.0,simulator_rule_not_real_credit_outcome
2025-03-01,farmer:440001:023,440001,0,0,2.0,0.0,simulator_rule_not_real_credit_outcome
2025-03-01,farmer:440001:024,440001,0,0,2.0,0.0,simulator_rule_not_real_credit_outcome
2025-03-01,farmer:440001:025,440001,0,0,2.0,0.0,simulator_rule_not_real_credit_outcome
2025-03-01,farmer:440001:026,440001,0,0,2.0,0.0,simulator_rule_not_real_credit_outcome
2025-03-01,farmer:440001:027,440001,0,0,2.0,0.0,simulator_rule_not_real_credit_outcome
2025-03-01,farmer:440001:028,440001,0,0,2.0,0.0,simulator_rule_not_real_credit_outcome
2025-03-01,farmer:440001:029,440001,0,0,2.0,0.0,simulator_rule_not_real_credit_outcome
2025-03-01,farmer:440001:030,440001,0,0,2.0,0.0,simulator_rule_not_real_credit_outcome
2025-03-01,farmer:440001:031,440001,0,0,2.0,0.0,simulator_rule_not_real_credit_outcome
2025-03-01,farmer:440001:032,440001,0,0,2.0,0.0,simulator_rule_not_real_credit_outcome
2025-03-01,farmer:440001:033,440001,0,0,2.0,0.0,simulator_rule_not_real_credit_outcome
2025-03-01,farmer:440001:034,440001,0,0,2.0,0.0,simulator_rule_not_real_credit_outcome
2025-03-01,farmer:440001:035,440001,0,0,2.0,0.0,simulator_rule_not_real_credit_outcome
2025-04-01,farmer:413001:001,413001,0,0,2.0,0.0,simulator_rule_not_real_credit_outcome
2025-04-01,farmer:413001:002,413001,0,0,2.0,0.0,simulator_rule_not_real_credit_outcome
2025-04-01,farmer:413001:003,413001,0,0,2.0,0.0,simulator_rule_not_real_credit_outcome
2025-04-01,farmer:413001:004,413001,0,0,2.0,0.0,simulator_rule_not_real_credit_outcome
2025-04-01,farmer:413001:005,413001,0,0,2.0,0.0,simulator_rule_not_real_credit_outcome
2025-04-01,farmer:413001:006,413001,0,0,2.0,0.0,simulator_rule_not_real_credit_outcome
2025-04-01,farmer:413001:007,413001,0,0,2.0,0.0,simulator_rule_not_real_credit_outcome
2025-04-01,farmer:413001:008,413001,0,0,2.0,0.0,simulator_rule_not_real_credit_outcome
2025-04-01,farmer:413001:009,413001,0,0,2.0,0.0,simulator_rule_not_real_credit_outcome
2025-04-01,farmer:413001:010,413001,0,0,2.0,0.0,simulator_rule_not_real_credit_outcome
2025-04-01,farmer:413001:011,413001,0,0,2.0,0.0,simulator_rule_not_real_credit_outcome
2025-04-01,farmer:413001:012,413001,0,0,2.0,0.0,simulator_rule_not_real_credit_outcome
2025-04-01,farmer:413001:013,413001,0,0,2.0,0.0,simulator_rule_not_real_credit_outcome
2025-04-01,farmer:413001:014,413001,0,0,2.0,0.0,simulator_rule_not_real_credit_outcome
2025-04-01,farmer:413001:015,413001,0,0,2.0,0.0,simulator_rule_not_real_credit_outcome
2025-04-01,farmer:413001:016,413001,0,0,2.0,0.0,simulator_rule_not_real_credit_outcome
2025-04-01,farmer:413001:017,413001,0,0,2.0,0.0,simulator_rule_not_real_credit_outcome
2025-04-01,farmer:413001:018,413001,0,0,2.0,0.0,simulator_rule_not_real_credit_outcome
2025-04-01,farmer:413001:019,413001,0,0,2.0,0.0,simulator_rule_not_real_credit_outcome
2025-04-01,farmer:413001:020,413001,0,0,2.0,0.0,simulator_rule_not_real_credit_outcome
2025-04-01,farmer:413001:021,413001,0,0,2.0,0.0,simulator_rule_not_real_credit_outcome
2025-04-01,farmer:413001:022,413001,0,0,2.0,0.0,simulator_rule_not_real_credit_outcome
2025-04-01,farmer:413001:023,413001,0,0,2.0,0.0,simulator_rule_not_real_credit_outcome
2025-04-01,farmer:413001:024,413001,0,0,2.0,0.0,simulator_rule_not_real_credit_outcome
2025-04-01,farmer:413001:025,413001,0,0,2.0,0.0,simulator_rule_not_real_credit_outcome
2025-04-01,farmer:413001:026,413001,0,0,2.0,0.0,simulator_rule_not_real_credit_outcome
2025-04-01,farmer:413001:027,413001,0,0,2.0,0.0,simulator_rule_not_real_credit_outcome
2025-04-01,farmer:413001:028,413001,0,0,2.0,0.0,simulator_rule_not_real_credit_outcome
2025-04-01,farmer:413001:029,413001,0,0,2.0,0.0,simulator_rule_not_real_credit_outcome
2025-04-01,farmer:413001:030,413001,0,0,2.0,0.0,simulator_rule_not_real_credit_outcome
2025-04-01,farmer:413001:031,413001,0,0,2.0,0.0,simulator_rule_not_real_credit_outcome
2025-04-01,farmer:413001:032,413001,0,0,2.0,0.0,simulator_rule_not_real_credit_outcome
2025-04-01,farmer:413001:033,413001,0,0,2.0,0.0,simulator_rule_not_real_credit_outcome
2025-04-01,farmer:413001:034,413001,0,0,2.0,0.0,simulator_rule_not_real_credit_outcome
2025-04-01,farmer:413001:035,413001,0,0,2.0,0.0,simulator_rule_not_real_credit_outcome
2025-04-01,farmer:431001:001,431001,0,0,2.0,0.0,simulator_rule_not_real_credit_outcome
2025-04-01,farmer:431001:002,431001,0,0,2.0,0.0,simulator_rule_not_real_credit_outcome
2025-04-01,farmer:431001:003,431001,0,0,2.0,0.0,simulator_rule_not_real_credit_outcome
2025-04-01,farmer:431001:004,431001,0,0,2.0,0.0,simulator_rule_not_real_credit_outcome
2025-04-01,farmer:431001:005,431001,0,0,2.0,0.0,simulator_rule_not_real_credit_outcome
2025-04-01,farmer:431001:006,431001,0,0,2.0,0.0,simulator_rule_not_real_credit_outcome
2025-04-01,farmer:431001:007,431001,0,0,2.0,0.0,simulator_rule_not_real_credit_outcome
2025-04-01,farmer:431001:008,431001,0,0,2.0,0.0,simulator_rule_not_real_credit_outcome
2025-04-01,farmer:431001:009,431001,0,0,2.0,0.0,simulator_rule_not_real_credit_outcome
2025-04-01,farmer:431001:010,431001,0,0,2.0,0.0,simulator_rule_not_real_credit_outcome
2025-04-01,farmer:431001:011,431001,0,0,2.0,0.0,simulator_rule_not_real_credit_outcome
2025-04-01,farmer:431001:012,431001,0,0,2.0,0.0,simulator_rule_not_real_credit_outcome
2025-04-01,farmer:431001:013,431001,0,0,2.0,0.0,simulator_rule_not_real_credit_outcome
2025-04-01,farmer:431001:014,431001,0,0,2.0,0.0,simulator_rule_not_real_credit_outcome
2025-04-01,farmer:431001:015,431001,0,0,2.0,0.0,simulator_rule_not_real_credit_outcome
2025-04-01,farmer:431001:016,431001,0,0,2.0,0.0,simulator_rule_not_real_credit_outcome
2025-04-01,farmer:431001:017,431001,0,0,2.0,0.0,simulator_rule_not_real_credit_outcome
2025-04-01,farmer:431001:018,431001,0,0,2.0,0.0,simulator_rule_not_real_credit_outcome
2025-04-01,farmer:431001:019,431001,0,0,2.0,0.0,simulator_rule_not_real_credit_outcome
2025-04-01,farmer:431001:020,431001,0,0,2.0,0.0,simulator_rule_not_real_credit_outcome
2025-04-01,farmer:431001:021,431001,0,0,2.0,0.0,simulator_rule_not_real_credit_outcome
2025-04-01,farmer:431001:022,431001,0,0,2.0,0.0,simulator_rule_not_real_credit_outcome
2025-04-01,farmer:431001:023,431001,0,0,2.0,0.0,simulator_rule_not_real_credit_outcome
2025-04-01,farmer:431001:024,431001,0,0,2.0,0.0,simulator_rule_not_real_credit_outcome
2025-04-01,farmer:431001:025,431001,0,0,2.0,0.0,simulator_rule_not_real_credit_outcome
2025-04-01,farmer:431001:026,431001,0,0,2.0,0.0,simulator_rule_not_real_credit_outcome
2025-04-01,farmer:431001:027,431001,0,0,2.0,0.0,simulator_rule_not_real_credit_outcome
2025-04-01,farmer:431001:028,431001,0,0,2.0,0.0,simulator_rule_not_real_credit_outcome
2025-04-01,farmer:431001:029,431001,0,0,2.0,0.0,simulator_rule_not_real_credit_outcome
2025-04-01,farmer:431001:030,431001,0,0,2.0,0.0,simulator_rule_not_real_credit_outcome
2025-04-01,farmer:431001:031,431001,0,0,2.0,0.0,simulator_rule_not_real_credit_outcome
2025-04-01,farmer:431001:032,431001,0,0,2.0,0.0,simulator_rule_not_real_credit_outcome
2025-04-01,farmer:431001:033,431001,0,0,2.0,0.0,simulator_rule_not_real_credit_outcome
2025-04-01,farmer:431001:034,431001,0,0,2.0,0.0,simulator_rule_not_real_credit_outcome
2025-04-01,farmer:431001:035,431001,0,0,2.0,0.0,simulator_rule_not_real_credit_outcome
2025-04-01,farmer:440001:001,440001,0,0,2.0,0.0,simulator_rule_not_real_credit_outcome
2025-04-01,farmer:440001:002,440001,0,0,2.0,0.0,simulator_rule_not_real_credit_outcome
2025-04-01,farmer:440001:003,440001,0,0,2.0,0.0,simulator_rule_not_real_credit_outcome
2025-04-01,farmer:440001:004,440001,0,0,2.0,0.0,simulator_rule_not_real_credit_outcome
2025-04-01,farmer:440001:005,440001,0,0,2.0,0.0,simulator_rule_not_real_credit_outcome
2025-04-01,farmer:440001:006,440001,0,0,2.0,0.0,simulator_rule_not_real_credit_outcome
2025-04-01,farmer:440001:007,440001,0,0,2.0,0.0,simulator_rule_not_real_credit_outcome
2025-04-01,farmer:440001:008,440001,0,0,2.0,0.0,simulator_rule_not_real_credit_outcome
2025-04-01,farmer:440001:009,440001,0,0,2.0,0.0,simulator_rule_not_real_credit_outcome
2025-04-01,farmer:440001:010,440001,0,0,2.0,0.0,simulator_rule_not_real_credit_outcome
2025-04-01,farmer:440001:011,440001,0,0,2.0,0.0,simulator_rule_not_real_credit_outcome
2025-04-01,farmer:440001:012,440001,0,0,2.0,0.0,simulator_rule_not_real_credit_outcome
2025-04-01,farmer:440001:013,440001,0,0,2.0,0.0,simulator_rule_not_real_credit_outcome
2025-04-01,farmer:440001:014,440001,0,0,2.0,0.0,simulator_rule_not_real_credit_outcome
2025-04-01,farmer:440001:015,440001,0,0,2.0,0.0,simulator_rule_not_real_credit_outcome
2025-04-01,farmer:440001:016,440001,0,0,2.0,0.0,simulator_rule_not_real_credit_outcome
2025-04-01,farmer:440001:017,440001,0,0,2.0,0.0,simulator_rule_not_real_credit_outcome
2025-04-01,farmer:440001:018,440001,0,0,2.0,0.0,simulator_rule_not_real_credit_outcome
2025-04-01,farmer:440001:019,440001,0,0,2.0,0.0,simulator_rule_not_real_credit_outcome
2025-04-01,farmer:440001:020,440001,0,0,2.0,0.0,simulator_rule_not_real_credit_outcome
2025-04-01,farmer:440001:021,440001,0,0,2.0,0.0,simulator_rule_not_real_credit_outcome
2025-04-01,farmer:440001:022,440001,0,0,2.0,0.0,simulator_rule_not_real_credit_outcome
2025-04-01,farmer:440001:023,440001,0,0,2.0,0.0,simulator_rule_not_real_credit_outcome
2025-04-01,farmer:440001:024,440001,0,0,2.0,0.0,simulator_rule_not_real_credit_outcome
2025-04-01,farmer:440001:025,440001,0,0,2.0,0.0,simulator_rule_not_real_credit_outcome
2025-04-01,farmer:440001:026,440001,0,0,2.0,0.0,simulator_rule_not_real_credit_outcome
2025-04-01,farmer:440001:027,440001,0,0,2.0,0.0,simulator_rule_not_real_credit_outcome
2025-04-01,farmer:440001:028,440001,0,0,2.0,0.0,simulator_rule_not_real_credit_outcome
2025-04-01,farmer:440001:029,440001,0,0,2.0,0.0,simulator_rule_not_real_credit_outcome
2025-04-01,farmer:440001:030,440001,0,0,2.0,0.0,simulator_rule_not_real_credit_outcome
2025-04-01,farmer:440001:031,440001,0,0,2.0,0.0,simulator_rule_not_real_credit_outcome
2025-04-01,farmer:440001:032,440001,0,0,2.0,0.0,simulator_rule_not_real_credit_outcome
2025-04-01,farmer:440001:033,440001,0,0,2.0,0.0,simulator_rule_not_real_credit_outcome
2025-04-01,farmer:440001:034,440001,0,0,2.0,0.0,simulator_rule_not_real_credit_outcome
2025-04-01,farmer:440001:035,440001,0,0,2.0,0.0,simulator_rule_not_real_credit_outcome
2025-05-01,farmer:413001:001,413001,0,0,2.0,0.0,simulator_rule_not_real_credit_outcome
2025-05-01,farmer:413001:002,413001,0,0,2.0,0.0,simulator_rule_not_real_credit_outcome
2025-05-01,farmer:413001:003,413001,0,0,2.0,0.0,simulator_rule_not_real_credit_outcome
2025-05-01,farmer:413001:004,413001,0,0,2.0,0.0,simulator_rule_not_real_credit_outcome
2025-05-01,farmer:413001:005,413001,0,0,2.0,0.0,simulator_rule_not_real_credit_outcome
2025-05-01,farmer:413001:006,413001,0,0,2.0,0.0,simulator_rule_not_real_credit_outcome
2025-05-01,farmer:413001:007,413001,0,0,2.0,0.0,simulator_rule_not_real_credit_outcome
2025-05-01,farmer:413001:008,413001,0,0,2.0,0.0,simulator_rule_not_real_credit_outcome
2025-05-01,farmer:413001:009,413001,0,0,2.0,0.0,simulator_rule_not_real_credit_outcome
2025-05-01,farmer:413001:010,413001,0,0,2.0,0.0,simulator_rule_not_real_credit_outcome
2025-05-01,farmer:413001:011,413001,0,0,2.0,0.0,simulator_rule_not_real_credit_outcome
2025-05-01,farmer:413001:012,413001,0,0,2.0,0.0,simulator_rule_not_real_credit_outcome
2025-05-01,farmer:413001:013,413001,0,0,2.0,0.0,simulator_rule_not_real_credit_outcome
2025-05-01,farmer:413001:014,413001,0,0,2.0,0.0,simulator_rule_not_real_credit_outcome
2025-05-01,farmer:413001:015,413001,0,0,2.0,0.0,simulator_rule_not_real_credit_outcome
2025-05-01,farmer:413001:016,413001,0,0,2.0,0.0,simulator_rule_not_real_credit_outcome
2025-05-01,farmer:413001:017,413001,0,0,2.0,0.0,simulator_rule_not_real_credit_outcome
2025-05-01,farmer:413001:018,413001,0,0,2.0,0.0,simulator_rule_not_real_credit_outcome
2025-05-01,farmer:413001:019,413001,0,0,2.0,0.0,simulator_rule_not_real_credit_outcome
2025-05-01,farmer:413001:020,413001,0,0,2.0,0.0,simulator_rule_not_real_credit_outcome
2025-05-01,farmer:413001:021,413001,0,0,2.0,0.0,simulator_rule_not_real_credit_outcome
2025-05-01,farmer:413001:022,413001,0,0,2.0,0.0,simulator_rule_not_real_credit_outcome
2025-05-01,farmer:413001:023,413001,0,0,2.0,0.0,simulator_rule_not_real_credit_outcome
2025-05-01,farmer:413001:024,413001,0,0,2.0,0.0,simulator_rule_not_real_credit_outcome
2025-05-01,farmer:413001:025,413001,0,0,2.0,0.0,simulator_rule_not_real_credit_outcome
2025-05-01,farmer:413001:026,413001,0,0,2.0,0.0,simulator_rule_not_real_credit_outcome
2025-05-01,farmer:413001:027,413001,0,0,2.0,0.0,simulator_rule_not_real_credit_outcome
2025-05-01,farmer:413001:028,413001,0,0,2.0,0.0,simulator_rule_not_real_credit_outcome
2025-05-01,farmer:413001:029,413001,0,0,2.0,0.0,simulator_rule_not_real_credit_outcome
2025-05-01,farmer:413001:030,413001,0,0,2.0,0.0,simulator_rule_not_real_credit_outcome
2025-05-01,farmer:413001:031,413001,0,0,2.0,0.0,simulator_rule_not_real_credit_outcome
2025-05-01,farmer:413001:032,413001,0,0,2.0,0.0,simulator_rule_not_real_credit_outcome
2025-05-01,farmer:413001:033,413001,0,0,2.0,0.0,simulator_rule_not_real_credit_outcome
2025-05-01,farmer:413001:034,413001,0,0,2.0,0.0,simulator_rule_not_real_credit_outcome
2025-05-01,farmer:413001:035,413001,0,0,2.0,0.0,simulator_rule_not_real_credit_outcome
2025-05-01,farmer:431001:001,431001,0,0,2.0,0.0,simulator_rule_not_real_credit_outcome
2025-05-01,farmer:431001:002,431001,0,0,2.0,0.0,simulator_rule_not_real_credit_outcome
2025-05-01,farmer:431001:003,431001,0,0,2.0,0.0,simulator_rule_not_real_credit_outcome
2025-05-01,farmer:431001:004,431001,0,0,2.0,0.0,simulator_rule_not_real_credit_outcome
2025-05-01,farmer:431001:005,431001,0,0,2.0,0.0,simulator_rule_not_real_credit_outcome
2025-05-01,farmer:431001:006,431001,0,0,2.0,0.0,simulator_rule_not_real_credit_outcome
2025-05-01,farmer:431001:007,431001,0,0,2.0,0.0,simulator_rule_not_real_credit_outcome
2025-05-01,farmer:431001:008,431001,0,0,2.0,0.0,simulator_rule_not_real_credit_outcome
2025-05-01,farmer:431001:009,431001,0,0,2.0,0.0,simulator_rule_not_real_credit_outcome
2025-05-01,farmer:431001:010,431001,0,0,2.0,0.0,simulator_rule_not_real_credit_outcome
2025-05-01,farmer:431001:011,431001,0,0,2.0,0.0,simulator_rule_not_real_credit_outcome
2025-05-01,farmer:431001:012,431001,0,0,2.0,0.0,simulator_rule_not_real_credit_outcome
2025-05-01,farmer:431001:013,431001,0,0,2.0,0.0,simulator_rule_not_real_credit_outcome
2025-05-01,farmer:431001:014,431001,0,0,2.0,0.0,simulator_rule_not_real_credit_outcome
2025-05-01,farmer:431001:015,431001,0,0,2.0,0.0,simulator_rule_not_real_credit_outcome
2025-05-01,farmer:431001:016,431001,0,0,2.0,0.0,simulator_rule_not_real_credit_outcome
2025-05-01,farmer:431001:017,431001,0,0,2.0,0.0,simulator_rule_not_real_credit_outcome
2025-05-01,farmer:431001:018,431001,0,0,2.0,0.0,simulator_rule_not_real_credit_outcome
2025-05-01,farmer:431001:019,431001,0,0,2.0,0.0,simulator_rule_not_real_credit_outcome
2025-05-01,farmer:431001:020,431001,0,0,2.0,0.0,simulator_rule_not_real_credit_outcome
2025-05-01,farmer:431001:021,431001,0,0,2.0,0.0,simulator_rule_not_real_credit_outcome
2025-05-01,farmer:431001:022,431001,0,0,2.0,0.0,simulator_rule_not_real_credit_outcome
2025-05-01,farmer:431001:023,431001,0,0,2.0,0.0,simulator_rule_not_real_credit_outcome
2025-05-01,farmer:431001:024,431001,0,0,2.0,0.0,simulator_rule_not_real_credit_outcome
2025-05-01,farmer:431001:025,431001,0,0,2.0,0.0,simulator_rule_not_real_credit_outcome
2025-05-01,farmer:431001:026,431001,0,0,2.0,0.0,simulator_rule_not_real_credit_outcome
2025-05-01,farmer:431001:027,431001,0,0,2.0,0.0,simulator_rule_not_real_credit_outcome
2025-05-01,farmer:431001:028,431001,0,0,2.0,0.0,simulator_rule_not_real_credit_outcome
2025-05-01,farmer:431001:029,431001,0,0,2.0,0.0,simulator_rule_not_real_credit_outcome
2025-05-01,farmer:431001:030,431001,0,0,2.0,0.0,simulator_rule_not_real_credit_outcome
2025-05-01,farmer:431001:031,431001,0,0,2.0,0.0,simulator_rule_not_real_credit_outcome
2025-05-01,farmer:431001:032,431001,0,0,2.0,0.0,simulator_rule_not_real_credit_outcome
2025-05-01,farmer:431001:033,431001,0,0,2.0,0.0,simulator_rule_not_real_credit_outcome
2025-05-01,farmer:431001:034,431001,0,0,2.0,0.0,simulator_rule_not_real_credit_outcome
2025-05-01,farmer:431001:035,431001,0,0,2.0,0.0,simulator_rule_not_real_credit_outcome
2025-05-01,farmer:440001:001,440001,0,0,2.0,0.0,simulator_rule_not_real_credit_outcome
2025-05-01,farmer:440001:002,440001,0,0,2.0,0.0,simulator_rule_not_real_credit_outcome
2025-05-01,farmer:440001:003,440001,0,0,2.0,0.0,simulator_rule_not_real_credit_outcome
2025-05-01,farmer:440001:004,440001,0,0,2.0,0.0,simulator_rule_not_real_credit_outcome
2025-05-01,farmer:440001:005,440001,0,0,2.0,0.0,simulator_rule_not_real_credit_outcome
2025-05-01,farmer:440001:006,440001,0,0,2.0,0.0,simulator_rule_not_real_credit_outcome
2025-05-01,farmer:440001:007,440001,0,0,2.0,0.0,simulator_rule_not_real_credit_outcome
2025-05-01,farmer:440001:008,440001,0,0,2.0,0.0,simulator_rule_not_real_credit_outcome
2025-05-01,farmer:440001:009,440001,0,0,2.0,0.0,simulator_rule_not_real_credit_outcome
2025-05-01,farmer:440001:010,440001,0,0,2.0,0.0,simulator_rule_not_real_credit_outcome
2025-05-01,farmer:440001:011,440001,0,0,2.0,0.0,simulator_rule_not_real_credit_outcome
2025-05-01,farmer:440001:012,440001,0,0,2.0,0.0,simulator_rule_not_real_credit_outcome
2025-05-01,farmer:440001:013,440001,0,0,2.0,0.0,simulator_rule_not_real_credit_outcome
2025-05-01,farmer:440001:014,440001,0,0,2.0,0.0,simulator_rule_not_real_credit_outcome
2025-05-01,farmer:440001:015,440001,0,0,2.0,0.0,simulator_rule_not_real_credit_outcome
2025-05-01,farmer:440001:016,440001,0,0,2.0,0.0,simulator_rule_not_real_credit_outcome
2025-05-01,farmer:440001:017,440001,0,0,2.0,0.0,simulator_rule_not_real_credit_outcome
2025-05-01,farmer:440001:018,440001,0,0,2.0,0.0,simulator_rule_not_real_credit_outcome
2025-05-01,farmer:440001:019,440001,0,0,2.0,0.0,simulator_rule_not_real_credit_outcome
2025-05-01,farmer:440001:020,440001,0,0,2.0,0.0,simulator_rule_not_real_credit_outcome
2025-05-01,farmer:440001:021,440001,0,0,2.0,0.0,simulator_rule_not_real_credit_outcome
2025-05-01,farmer:440001:022,440001,0,0,2.0,0.0,simulator_rule_not_real_credit_outcome
2025-05-01,farmer:440001:023,440001,0,0,2.0,0.0,simulator_rule_not_real_credit_outcome
2025-05-01,farmer:440001:024,440001,0,0,2.0,0.0,simulator_rule_not_real_credit_outcome
2025-05-01,farmer:440001:025,440001,0,0,2.0,0.0,simulator_rule_not_real_credit_outcome
2025-05-01,farmer:440001:026,440001,0,0,2.0,0.0,simulator_rule_not_real_credit_outcome
2025-05-01,farmer:440001:027,440001,0,0,2.0,0.0,simulator_rule_not_real_credit_outcome
2025-05-01,farmer:440001:028,440001,0,0,2.0,0.0,simulator_rule_not_real_credit_outcome
2025-05-01,farmer:440001:029,440001,0,0,2.0,0.0,simulator_rule_not_real_credit_outcome
2025-05-01,farmer:440001:030,440001,0,0,2.0,0.0,simulator_rule_not_real_credit_outcome
2025-05-01,farmer:440001:031,440001,0,0,2.0,0.0,simulator_rule_not_real_credit_outcome
2025-05-01,farmer:440001:032,440001,0,0,2.0,0.0,simulator_rule_not_real_credit_outcome
2025-05-01,farmer:440001:033,440001,0,0,2.0,0.0,simulator_rule_not_real_credit_outcome
2025-05-01,farmer:440001:034,440001,0,0,2.0,0.0,simulator_rule_not_real_credit_outcome
2025-05-01,farmer:440001:035,440001,0,0,2.0,0.0,simulator_rule_not_real_credit_outcome
2025-06-01,farmer:413001:001,413001,0,0,2.0,0.0,simulator_rule_not_real_credit_outcome
2025-06-01,farmer:413001:002,413001,0,0,2.0,0.0,simulator_rule_not_real_credit_outcome
2025-06-01,farmer:413001:003,413001,0,0,2.0,0.0,simulator_rule_not_real_credit_outcome
2025-06-01,farmer:413001:004,413001,0,0,2.0,0.0,simulator_rule_not_real_credit_outcome
2025-06-01,farmer:413001:005,413001,0,0,2.0,0.0,simulator_rule_not_real_credit_outcome
2025-06-01,farmer:413001:006,413001,0,0,2.0,0.0,simulator_rule_not_real_credit_outcome
2025-06-01,farmer:413001:007,413001,0,0,2.0,0.0,simulator_rule_not_real_credit_outcome
2025-06-01,farmer:413001:008,413001,0,0,2.0,0.0,simulator_rule_not_real_credit_outcome
2025-06-01,farmer:413001:009,413001,0,0,2.0,0.0,simulator_rule_not_real_credit_outcome
2025-06-01,farmer:413001:010,413001,0,0,2.0,0.0,simulator_rule_not_real_credit_outcome
2025-06-01,farmer:413001:011,413001,0,0,2.0,0.0,simulator_rule_not_real_credit_outcome
2025-06-01,farmer:413001:012,413001,0,0,2.0,0.0,simulator_rule_not_real_credit_outcome
2025-06-01,farmer:413001:013,413001,0,0,2.0,0.0,simulator_rule_not_real_credit_outcome
2025-06-01,farmer:413001:014,413001,0,0,2.0,0.0,simulator_rule_not_real_credit_outcome
2025-06-01,farmer:413001:015,413001,0,0,2.0,0.0,simulator_rule_not_real_credit_outcome
2025-06-01,farmer:413001:016,413001,0,0,2.0,0.0,simulator_rule_not_real_credit_outcome
2025-06-01,farmer:413001:017,413001,0,0,2.0,0.0,simulator_rule_not_real_credit_outcome
2025-06-01,farmer:413001:018,413001,0,0,2.0,0.0,simulator_rule_not_real_credit_outcome
2025-06-01,farmer:413001:019,413001,0,0,2.0,0.0,simulator_rule_not_real_credit_outcome
2025-06-01,farmer:413001:020,413001,0,0,2.0,0.0,simulator_rule_not_real_credit_outcome
2025-06-01,farmer:413001:021,413001,0,0,2.0,0.0,simulator_rule_not_real_credit_outcome
2025-06-01,farmer:413001:022,413001,0,0,2.0,0.0,simulator_rule_not_real_credit_outcome
2025-06-01,farmer:413001:023,413001,0,0,2.0,0.0,simulator_rule_not_real_credit_outcome
2025-06-01,farmer:413001:024,413001,0,0,2.0,0.0,simulator_rule_not_real_credit_outcome
2025-06-01,farmer:413001:025,413001,0,0,2.0,0.0,simulator_rule_not_real_credit_outcome
2025-06-01,farmer:413001:026,413001,0,0,2.0,0.0,simulator_rule_not_real_credit_outcome
2025-06-01,farmer:413001:027,413001,0,0,2.0,0.0,simulator_rule_not_real_credit_outcome
2025-06-01,farmer:413001:028,413001,0,0,2.0,0.0,simulator_rule_not_real_credit_outcome
2025-06-01,farmer:413001:029,413001,0,0,2.0,0.0,simulator_rule_not_real_credit_outcome
2025-06-01,farmer:413001:030,413001,0,0,0.5903,0.0,simulator_rule_not_real_credit_outcome
2025-06-01,farmer:413001:031,413001,0,0,2.0,0.0,simulator_rule_not_real_credit_outcome
2025-06-01,farmer:413001:032,413001,0,0,2.0,0.0,simulator_rule_not_real_credit_outcome
2025-06-01,farmer:413001:033,413001,0,0,2.0,0.0,simulator_rule_not_real_credit_outcome
2025-06-01,farmer:413001:034,413001,0,0,2.0,0.0,simulator_rule_not_real_credit_outcome
2025-06-01,farmer:413001:035,413001,0,0,2.0,0.0,simulator_rule_not_real_credit_outcome
2025-06-01,farmer:431001:001,431001,0,0,2.0,0.0,simulator_rule_not_real_credit_outcome
2025-06-01,farmer:431001:002,431001,0,0,2.0,0.0,simulator_rule_not_real_credit_outcome
2025-06-01,farmer:431001:003,431001,0,0,2.0,0.0,simulator_rule_not_real_credit_outcome
2025-06-01,farmer:431001:004,431001,0,0,2.0,0.0,simulator_rule_not_real_credit_outcome
2025-06-01,farmer:431001:005,431001,0,0,2.0,0.0,simulator_rule_not_real_credit_outcome
2025-06-01,farmer:431001:006,431001,0,0,2.0,0.0,simulator_rule_not_real_credit_outcome
2025-06-01,farmer:431001:007,431001,0,0,2.0,0.0,simulator_rule_not_real_credit_outcome
2025-06-01,farmer:431001:008,431001,0,0,2.0,0.0,simulator_rule_not_real_credit_outcome
2025-06-01,farmer:431001:009,431001,0,0,2.0,0.0,simulator_rule_not_real_credit_outcome
2025-06-01,farmer:431001:010,431001,0,0,2.0,0.0,simulator_rule_not_real_credit_outcome
2025-06-01,farmer:431001:011,431001,0,0,2.0,0.0,simulator_rule_not_real_credit_outcome
2025-06-01,farmer:431001:012,431001,0,0,2.0,0.0,simulator_rule_not_real_credit_outcome
2025-06-01,farmer:431001:013,431001,0,0,2.0,0.0,simulator_rule_not_real_credit_outcome
2025-06-01,farmer:431001:014,431001,0,0,2.0,0.0,simulator_rule_not_real_credit_outcome
2025-06-01,farmer:431001:015,431001,0,0,2.0,0.0,simulator_rule_not_real_credit_outcome
2025-06-01,farmer:431001:016,431001,0,0,2.0,0.0,simulator_rule_not_real_credit_outcome
2025-06-01,farmer:431001:017,431001,0,0,2.0,0.0,simulator_rule_not_real_credit_outcome
2025-06-01,farmer:431001:018,431001,0,0,2.0,0.0,simulator_rule_not_real_credit_outcome
2025-06-01,farmer:431001:019,431001,0,0,2.0,0.0,simulator_rule_not_real_credit_outcome
2025-06-01,farmer:431001:020,431001,0,0,2.0,0.0,simulator_rule_not_real_credit_outcome
2025-06-01,farmer:431001:021,431001,0,0,2.0,0.0,simulator_rule_not_real_credit_outcome
2025-06-01,farmer:431001:022,431001,0,0,2.0,0.0,simulator_rule_not_real_credit_outcome
2025-06-01,farmer:431001:023,431001,0,0,2.0,0.0,simulator_rule_not_real_credit_outcome
2025-06-01,farmer:431001:024,431001,0,0,2.0,0.0,simulator_rule_not_real_credit_outcome
2025-06-01,farmer:431001:025,431001,0,0,2.0,0.0,simulator_rule_not_real_credit_outcome
2025-06-01,farmer:431001:026,431001,0,0,2.0,0.0,simulator_rule_not_real_credit_outcome
2025-06-01,farmer:431001:027,431001,0,0,2.0,0.0,simulator_rule_not_real_credit_outcome
2025-06-01,farmer:431001:028,431001,0,0,2.0,0.0,simulator_rule_not_real_credit_outcome
2025-06-01,farmer:431001:029,431001,0,0,2.0,0.0,simulator_rule_not_real_credit_outcome
2025-06-01,farmer:431001:030,431001,0,0,2.0,0.0,simulator_rule_not_real_credit_outcome
2025-06-01,farmer:431001:031,431001,0,0,2.0,0.0,simulator_rule_not_real_credit_outcome
2025-06-01,farmer:431001:032,431001,0,0,2.0,0.0,simulator_rule_not_real_credit_outcome
2025-06-01,farmer:431001:033,431001,0,0,2.0,0.0,simulator_rule_not_real_credit_outcome
2025-06-01,farmer:431001:034,431001,0,0,2.0,0.0,simulator_rule_not_real_credit_outcome
2025-06-01,farmer:431001:035,431001,0,0,2.0,0.0,simulator_rule_not_real_credit_outcome
2025-06-01,farmer:440001:001,440001,0,0,2.0,0.0,simulator_rule_not_real_credit_outcome
2025-06-01,farmer:440001:002,440001,0,0,2.0,0.0,simulator_rule_not_real_credit_outcome
2025-06-01,farmer:440001:003,440001,0,0,2.0,0.0,simulator_rule_not_real_credit_outcome
2025-06-01,farmer:440001:004,440001,0,0,2.0,0.0,simulator_rule_not_real_credit_outcome
2025-06-01,farmer:440001:005,440001,0,0,2.0,0.0,simulator_rule_not_real_credit_outcome
2025-06-01,farmer:440001:006,440001,0,0,2.0,0.0,simulator_rule_not_real_credit_outcome
2025-06-01,farmer:440001:007,440001,0,0,2.0,0.0,simulator_rule_not_real_credit_outcome
2025-06-01,farmer:440001:008,440001,0,0,2.0,0.0,simulator_rule_not_real_credit_outcome
2025-06-01,farmer:440001:009,440001,0,0,2.0,0.0,simulator_rule_not_real_credit_outcome
2025-06-01,farmer:440001:010,440001,0,0,2.0,0.0,simulator_rule_not_real_credit_outcome
2025-06-01,farmer:440001:011,440001,0,0,2.0,0.0,simulator_rule_not_real_credit_outcome
2025-06-01,farmer:440001:012,440001,0,0,2.0,0.0,simulator_rule_not_real_credit_outcome
2025-06-01,farmer:440001:013,440001,0,0,2.0,0.0,simulator_rule_not_real_credit_outcome
2025-06-01,farmer:440001:014,440001,0,0,2.0,0.0,simulator_rule_not_real_credit_outcome
2025-06-01,farmer:440001:015,440001,0,0,2.0,0.0,simulator_rule_not_real_credit_outcome
2025-06-01,farmer:440001:016,440001,0,0,2.0,0.0,simulator_rule_not_real_credit_outcome
2025-06-01,farmer:440001:017,440001,0,0,2.0,0.0,simulator_rule_not_real_credit_outcome
2025-06-01,farmer:440001:018,440001,0,0,2.0,0.0,simulator_rule_not_real_credit_outcome
2025-06-01,farmer:440001:019,440001,0,0,2.0,0.0,simulator_rule_not_real_credit_outcome
2025-06-01,farmer:440001:020,440001,0,0,2.0,0.0,simulator_rule_not_real_credit_outcome
2025-06-01,farmer:440001:021,440001,0,0,2.0,0.0,simulator_rule_not_real_credit_outcome
2025-06-01,farmer:440001:022,440001,0,0,2.0,0.0,simulator_rule_not_real_credit_outcome
2025-06-01,farmer:440001:023,440001,0,0,2.0,0.0,simulator_rule_not_real_credit_outcome
2025-06-01,farmer:440001:024,440001,0,0,2.0,0.0,simulator_rule_not_real_credit_outcome
2025-06-01,farmer:440001:025,440001,0,0,2.0,0.0,simulator_rule_not_real_credit_outcome
2025-06-01,farmer:440001:026,440001,0,0,2.0,0.0,simulator_rule_not_real_credit_outcome
2025-06-01,farmer:440001:027,440001,0,0,2.0,0.0,simulator_rule_not_real_credit_outcome
2025-06-01,farmer:440001:028,440001,0,0,2.0,0.0,simulator_rule_not_real_credit_outcome
2025-06-01,farmer:440001:029,440001,0,0,2.0,0.0,simulator_rule_not_real_credit_outcome
2025-06-01,farmer:440001:030,440001,0,0,2.0,0.0,simulator_rule_not_real_credit_outcome
2025-06-01,farmer:440001:031,440001,0,0,2.0,0.0,simulator_rule_not_real_credit_outcome
2025-06-01,farmer:440001:032,440001,0,0,2.0,0.0,simulator_rule_not_real_credit_outcome
2025-06-01,farmer:440001:033,440001,0,0,2.0,0.0,simulator_rule_not_real_credit_outcome
2025-06-01,farmer:440001:034,440001,0,0,2.0,0.0,simulator_rule_not_real_credit_outcome
2025-06-01,farmer:440001:035,440001,0,0,2.0,0.0,simulator_rule_not_real_credit_outcome
2025-07-01,farmer:413001:001,413001,0,0,1.6646,0.0,simulator_rule_not_real_credit_outcome
2025-07-01,farmer:413001:002,413001,0,0,2.0,0.0,simulator_rule_not_real_credit_outcome
2025-07-01,farmer:413001:003,413001,0,0,2.0,0.0,simulator_rule_not_real_credit_outcome
2025-07-01,farmer:413001:004,413001,0,0,2.0,0.0,simulator_rule_not_real_credit_outcome
2025-07-01,farmer:413001:005,413001,0,0,2.0,0.0,simulator_rule_not_real_credit_outcome
2025-07-01,farmer:413001:006,413001,0,0,2.0,0.0,simulator_rule_not_real_credit_outcome
2025-07-01,farmer:413001:007,413001,0,0,2.0,0.0,simulator_rule_not_real_credit_outcome
2025-07-01,farmer:413001:008,413001,0,0,2.0,0.0,simulator_rule_not_real_credit_outcome
2025-07-01,farmer:413001:009,413001,0,0,2.0,0.0,simulator_rule_not_real_credit_outcome
2025-07-01,farmer:413001:010,413001,0,0,2.0,0.0,simulator_rule_not_real_credit_outcome
2025-07-01,farmer:413001:011,413001,0,0,2.0,0.0,simulator_rule_not_real_credit_outcome
2025-07-01,farmer:413001:012,413001,0,0,2.0,0.0,simulator_rule_not_real_credit_outcome
2025-07-01,farmer:413001:013,413001,0,0,2.0,0.0,simulator_rule_not_real_credit_outcome
2025-07-01,farmer:413001:014,413001,0,0,2.0,0.0,simulator_rule_not_real_credit_outcome
2025-07-01,farmer:413001:015,413001,0,0,2.0,0.0,simulator_rule_not_real_credit_outcome
2025-07-01,farmer:413001:016,413001,0,0,2.0,0.0,simulator_rule_not_real_credit_outcome
2025-07-01,farmer:413001:017,413001,0,0,2.0,0.0,simulator_rule_not_real_credit_outcome
2025-07-01,farmer:413001:018,413001,0,0,2.0,0.0,simulator_rule_not_real_credit_outcome
2025-07-01,farmer:413001:019,413001,0,0,2.0,0.0,simulator_rule_not_real_credit_outcome
2025-07-01,farmer:413001:020,413001,0,0,2.0,0.0,simulator_rule_not_real_credit_outcome
2025-07-01,farmer:413001:021,413001,0,0,2.0,0.0,simulator_rule_not_real_credit_outcome
2025-07-01,farmer:413001:022,413001,0,0,2.0,0.0,simulator_rule_not_real_credit_outcome
2025-07-01,farmer:413001:023,413001,0,0,2.0,0.0,simulator_rule_not_real_credit_outcome
2025-07-01,farmer:413001:024,413001,0,0,2.0,0.0,simulator_rule_not_real_credit_outcome
2025-07-01,farmer:413001:025,413001,0,0,2.0,0.0,simulator_rule_not_real_credit_outcome
2025-07-01,farmer:413001:026,413001,0,0,2.0,0.0,simulator_rule_not_real_credit_outcome
2025-07-01,farmer:413001:027,413001,0,0,2.0,0.0,simulator_rule_not_real_credit_outcome
2025-07-01,farmer:413001:028,413001,0,0,2.0,0.0,simulator_rule_not_real_credit_outcome
2025-07-01,farmer:413001:029,413001,0,0,2.0,0.0,simulator_rule_not_real_credit_outcome
2025-07-01,farmer:413001:030,413001,1,0,0.0,0.0,simulator_rule_not_real_credit_outcome
2025-07-01,farmer:413001:031,413001,0,0,2.0,0.0,simulator_rule_not_real_credit_outcome
2025-07-01,farmer:413001:032,413001,0,0,2.0,0.0,simulator_rule_not_real_credit_outcome
2025-07-01,farmer:413001:033,413001,0,0,2.0,0.0,simulator_rule_not_real_credit_outcome
2025-07-01,farmer:413001:034,413001,0,0,2.0,0.0,simulator_rule_not_real_credit_outcome
2025-07-01,farmer:413001:035,413001,0,0,2.0,0.0,simulator_rule_not_real_credit_outcome
2025-07-01,farmer:431001:001,431001,0,0,2.0,0.0,simulator_rule_not_real_credit_outcome
2025-07-01,farmer:431001:002,431001,0,0,2.0,0.0,simulator_rule_not_real_credit_outcome
2025-07-01,farmer:431001:003,431001,0,0,2.0,0.0,simulator_rule_not_real_credit_outcome
2025-07-01,farmer:431001:004,431001,0,0,2.0,0.0,simulator_rule_not_real_credit_outcome
2025-07-01,farmer:431001:005,431001,0,0,2.0,0.0,simulator_rule_not_real_credit_outcome
2025-07-01,farmer:431001:006,431001,0,0,2.0,0.0,simulator_rule_not_real_credit_outcome
2025-07-01,farmer:431001:007,431001,0,0,2.0,0.0,simulator_rule_not_real_credit_outcome
2025-07-01,farmer:431001:008,431001,0,0,2.0,0.0,simulator_rule_not_real_credit_outcome
2025-07-01,farmer:431001:009,431001,0,0,2.0,0.0,simulator_rule_not_real_credit_outcome
2025-07-01,farmer:431001:010,431001,0,0,2.0,0.0,simulator_rule_not_real_credit_outcome
2025-07-01,farmer:431001:011,431001,0,0,2.0,0.0,simulator_rule_not_real_credit_outcome
2025-07-01,farmer:431001:012,431001,0,0,2.0,0.0,simulator_rule_not_real_credit_outcome
2025-07-01,farmer:431001:013,431001,0,0,2.0,0.0,simulator_rule_not_real_credit_outcome
2025-07-01,farmer:431001:014,431001,0,0,2.0,0.0,simulator_rule_not_real_credit_outcome
2025-07-01,farmer:431001:015,431001,0,0,2.0,0.0,simulator_rule_not_real_credit_outcome
2025-07-01,farmer:431001:016,431001,0,0,2.0,0.0,simulator_rule_not_real_credit_outcome
2025-07-01,farmer:431001:017,431001,0,0,2.0,0.0,simulator_rule_not_real_credit_outcome
2025-07-01,farmer:431001:018,431001,0,0,2.0,0.0,simulator_rule_not_real_credit_outcome
2025-07-01,farmer:431001:019,431001,0,0,2.0,0.0,simulator_rule_not_real_credit_outcome
2025-07-01,farmer:431001:020,431001,0,0,2.0,0.0,simulator_rule_not_real_credit_outcome
2025-07-01,farmer:431001:021,431001,0,0,2.0,0.0,simulator_rule_not_real_credit_outcome
2025-07-01,farmer:431001:022,431001,0,0,2.0,0.0,simulator_rule_not_real_credit_outcome
2025-07-01,farmer:431001:023,431001,0,0,2.0,0.0,simulator_rule_not_real_credit_outcome
2025-07-01,farmer:431001:024,431001,0,0,0.973,0.0,simulator_rule_not_real_credit_outcome
2025-07-01,farmer:431001:025,431001,0,0,2.0,0.0,simulator_rule_not_real_credit_outcome
2025-07-01,farmer:431001:026,431001,0,0,2.0,0.0,simulator_rule_not_real_credit_outcome
2025-07-01,farmer:431001:027,431001,0,0,2.0,0.0,simulator_rule_not_real_credit_outcome
2025-07-01,farmer:431001:028,431001,0,0,2.0,0.0,simulator_rule_not_real_credit_outcome
2025-07-01,farmer:431001:029,431001,0,0,2.0,0.0,simulator_rule_not_real_credit_outcome
2025-07-01,farmer:431001:030,431001,0,0,2.0,0.0,simulator_rule_not_real_credit_outcome
2025-07-01,farmer:431001:031,431001,0,0,2.0,0.0,simulator_rule_not_real_credit_outcome
2025-07-01,farmer:431001:032,431001,0,0,2.0,0.0,simulator_rule_not_real_credit_outcome
2025-07-01,farmer:431001:033,431001,0,0,2.0,0.0,simulator_rule_not_real_credit_outcome
2025-07-01,farmer:431001:034,431001,0,0,2.0,0.0,simulator_rule_not_real_credit_outcome
2025-07-01,farmer:431001:035,431001,0,0,2.0,0.0,simulator_rule_not_real_credit_outcome
2025-07-01,farmer:440001:001,440001,0,0,2.0,0.0,simulator_rule_not_real_credit_outcome
2025-07-01,farmer:440001:002,440001,0,0,2.0,0.0,simulator_rule_not_real_credit_outcome
2025-07-01,farmer:440001:003,440001,0,0,2.0,0.0,simulator_rule_not_real_credit_outcome
2025-07-01,farmer:440001:004,440001,0,0,2.0,0.0,simulator_rule_not_real_credit_outcome
2025-07-01,farmer:440001:005,440001,0,0,2.0,0.0,simulator_rule_not_real_credit_outcome
2025-07-01,farmer:440001:006,440001,0,0,2.0,0.0,simulator_rule_not_real_credit_outcome
2025-07-01,farmer:440001:007,440001,0,0,2.0,0.0,simulator_rule_not_real_credit_outcome
2025-07-01,farmer:440001:008,440001,0,0,2.0,0.0,simulator_rule_not_real_credit_outcome
2025-07-01,farmer:440001:009,440001,0,0,2.0,0.0,simulator_rule_not_real_credit_outcome
2025-07-01,farmer:440001:010,440001,0,0,2.0,0.0,simulator_rule_not_real_credit_outcome
2025-07-01,farmer:440001:011,440001,0,0,2.0,0.0,simulator_rule_not_real_credit_outcome
2025-07-01,farmer:440001:012,440001,0,0,2.0,0.0,simulator_rule_not_real_credit_outcome
2025-07-01,farmer:440001:013,440001,0,0,2.0,0.0,simulator_rule_not_real_credit_outcome
2025-07-01,farmer:440001:014,440001,0,0,2.0,0.0,simulator_rule_not_real_credit_outcome
2025-07-01,farmer:440001:015,440001,0,0,2.0,0.0,simulator_rule_not_real_credit_outcome
2025-07-01,farmer:440001:016,440001,0,0,1.3001,0.0,simulator_rule_not_real_credit_outcome
2025-07-01,farmer:440001:017,440001,0,0,2.0,0.0,simulator_rule_not_real_credit_outcome
2025-07-01,farmer:440001:018,440001,0,0,2.0,0.0,simulator_rule_not_real_credit_outcome
2025-07-01,farmer:440001:019,440001,0,0,2.0,0.0,simulator_rule_not_real_credit_outcome
2025-07-01,farmer:440001:020,440001,0,0,2.0,0.0,simulator_rule_not_real_credit_outcome
2025-07-01,farmer:440001:021,440001,0,0,2.0,0.0,simulator_rule_not_real_credit_outcome
2025-07-01,farmer:440001:022,440001,0,0,0.9867,0.0,simulator_rule_not_real_credit_outcome
2025-07-01,farmer:440001:023,440001,0,0,2.0,0.0,simulator_rule_not_real_credit_outcome
2025-07-01,farmer:440001:024,440001,0,0,2.0,0.0,simulator_rule_not_real_credit_outcome
2025-07-01,farmer:440001:025,440001,0,0,2.0,0.0,simulator_rule_not_real_credit_outcome
2025-07-01,farmer:440001:026,440001,0,0,2.0,0.0,simulator_rule_not_real_credit_outcome
2025-07-01,farmer:440001:027,440001,0,0,0.9776,0.0,simulator_rule_not_real_credit_outcome
2025-07-01,farmer:440001:028,440001,0,0,2.0,0.0,simulator_rule_not_real_credit_outcome
2025-07-01,farmer:440001:029,440001,0,0,2.0,0.0,simulator_rule_not_real_credit_outcome
2025-07-01,farmer:440001:030,440001,0,0,2.0,0.0,simulator_rule_not_real_credit_outcome
2025-07-01,farmer:440001:031,440001,0,0,2.0,0.0,simulator_rule_not_real_credit_outcome
2025-07-01,farmer:440001:032,440001,0,0,1.5317,0.0,simulator_rule_not_real_credit_outcome
2025-07-01,farmer:440001:033,440001,0,0,2.0,0.0,simulator_rule_not_real_credit_outcome
2025-07-01,farmer:440001:034,440001,0,0,2.0,0.0,simulator_rule_not_real_credit_outcome
2025-07-01,farmer:440001:035,440001,0,0,2.0,0.0,simulator_rule_not_real_credit_outcome
2025-08-01,farmer:413001:001,413001,1,0,0.0,0.0,simulator_rule_not_real_credit_outcome
2025-08-01,farmer:413001:002,413001,0,0,2.0,0.0,simulator_rule_not_real_credit_outcome
2025-08-01,farmer:413001:003,413001,0,0,2.0,0.0,simulator_rule_not_real_credit_outcome
2025-08-01,farmer:413001:004,413001,0,0,2.0,0.0,simulator_rule_not_real_credit_outcome
2025-08-01,farmer:413001:005,413001,0,0,2.0,0.0,simulator_rule_not_real_credit_outcome
2025-08-01,farmer:413001:006,413001,0,0,2.0,0.0,simulator_rule_not_real_credit_outcome
2025-08-01,farmer:413001:007,413001,0,0,2.0,0.0,simulator_rule_not_real_credit_outcome
2025-08-01,farmer:413001:008,413001,0,0,1.0664,0.0,simulator_rule_not_real_credit_outcome
2025-08-01,farmer:413001:009,413001,0,0,2.0,0.0,simulator_rule_not_real_credit_outcome
2025-08-01,farmer:413001:010,413001,0,0,2.0,0.0,simulator_rule_not_real_credit_outcome
2025-08-01,farmer:413001:011,413001,0,0,2.0,0.0,simulator_rule_not_real_credit_outcome
2025-08-01,farmer:413001:012,413001,0,0,2.0,0.0,simulator_rule_not_real_credit_outcome
2025-08-01,farmer:413001:013,413001,0,0,2.0,0.0,simulator_rule_not_real_credit_outcome
2025-08-01,farmer:413001:014,413001,0,0,2.0,0.0,simulator_rule_not_real_credit_outcome
2025-08-01,farmer:413001:015,413001,1,0,0.0,0.0,simulator_rule_not_real_credit_outcome
2025-08-01,farmer:413001:016,413001,0,0,2.0,0.0,simulator_rule_not_real_credit_outcome
2025-08-01,farmer:413001:017,413001,0,0,2.0,0.0,simulator_rule_not_real_credit_outcome
2025-08-01,farmer:413001:018,413001,0,0,2.0,0.0,simulator_rule_not_real_credit_outcome
2025-08-01,farmer:413001:019,413001,0,0,2.0,0.0,simulator_rule_not_real_credit_outcome
2025-08-01,farmer:413001:020,413001,0,0,2.0,0.0,simulator_rule_not_real_credit_outcome
2025-08-01,farmer:413001:021,413001,0,0,2.0,0.0,simulator_rule_not_real_credit_outcome
2025-08-01,farmer:413001:022,413001,0,0,2.0,0.0,simulator_rule_not_real_credit_outcome
2025-08-01,farmer:413001:023,413001,1,0,0.0,0.0,simulator_rule_not_real_credit_outcome
2025-08-01,farmer:413001:024,413001,0,0,2.0,0.0,simulator_rule_not_real_credit_outcome
2025-08-01,farmer:413001:025,413001,0,0,2.0,0.0,simulator_rule_not_real_credit_outcome
2025-08-01,farmer:413001:026,413001,0,0,2.0,0.0,simulator_rule_not_real_credit_outcome
2025-08-01,farmer:413001:027,413001,0,0,2.0,0.0,simulator_rule_not_real_credit_outcome
2025-08-01,farmer:413001:028,413001,0,0,2.0,0.0,simulator_rule_not_real_credit_outcome
2025-08-01,farmer:413001:029,413001,0,0,2.0,0.0,simulator_rule_not_real_credit_outcome
2025-08-01,farmer:413001:030,413001,1,1,0.0,0.0,simulator_rule_not_real_credit_outcome
2025-08-01,farmer:413001:031,413001,0,0,2.0,0.0,simulator_rule_not_real_credit_outcome
2025-08-01,farmer:413001:032,413001,0,0,2.0,0.0,simulator_rule_not_real_credit_outcome
2025-08-01,farmer:413001:033,413001,0,0,2.0,0.0,simulator_rule_not_real_credit_outcome
2025-08-01,farmer:413001:034,413001,0,0,2.0,0.0,simulator_rule_not_real_credit_outcome
2025-08-01,farmer:413001:035,413001,0,0,2.0,0.0,simulator_rule_not_real_credit_outcome
2025-08-01,farmer:431001:001,431001,0,0,2.0,0.0,simulator_rule_not_real_credit_outcome
2025-08-01,farmer:431001:002,431001,0,0,2.0,0.0,simulator_rule_not_real_credit_outcome
2025-08-01,farmer:431001:003,431001,0,0,2.0,0.0,simulator_rule_not_real_credit_outcome
2025-08-01,farmer:431001:004,431001,0,0,2.0,0.0,simulator_rule_not_real_credit_outcome
2025-08-01,farmer:431001:005,431001,0,0,2.0,0.0,simulator_rule_not_real_credit_outcome
2025-08-01,farmer:431001:006,431001,0,0,2.0,0.0,simulator_rule_not_real_credit_outcome
2025-08-01,farmer:431001:007,431001,0,0,0.303,0.0,simulator_rule_not_real_credit_outcome
2025-08-01,farmer:431001:008,431001,0,0,2.0,0.0,simulator_rule_not_real_credit_outcome
2025-08-01,farmer:431001:009,431001,0,0,1.1896,0.0,simulator_rule_not_real_credit_outcome
2025-08-01,farmer:431001:010,431001,0,0,2.0,0.0,simulator_rule_not_real_credit_outcome
2025-08-01,farmer:431001:011,431001,0,0,2.0,0.0,simulator_rule_not_real_credit_outcome
2025-08-01,farmer:431001:012,431001,0,0,2.0,0.0,simulator_rule_not_real_credit_outcome
2025-08-01,farmer:431001:013,431001,0,0,2.0,0.0,simulator_rule_not_real_credit_outcome
2025-08-01,farmer:431001:014,431001,0,0,2.0,0.0,simulator_rule_not_real_credit_outcome
2025-08-01,farmer:431001:015,431001,0,0,2.0,0.0,simulator_rule_not_real_credit_outcome
2025-08-01,farmer:431001:016,431001,0,0,2.0,0.0,simulator_rule_not_real_credit_outcome
2025-08-01,farmer:431001:017,431001,0,0,0.6539,0.0,simulator_rule_not_real_credit_outcome
2025-08-01,farmer:431001:018,431001,0,0,2.0,0.0,simulator_rule_not_real_credit_outcome
2025-08-01,farmer:431001:019,431001,0,0,2.0,0.0,simulator_rule_not_real_credit_outcome
2025-08-01,farmer:431001:020,431001,0,0,2.0,0.0,simulator_rule_not_real_credit_outcome
2025-08-01,farmer:431001:021,431001,0,0,2.0,0.0,simulator_rule_not_real_credit_outcome
2025-08-01,farmer:431001:022,431001,0,0,2.0,0.0,simulator_rule_not_real_credit_outcome
2025-08-01,farmer:431001:023,431001,0,0,2.0,0.0,simulator_rule_not_real_credit_outcome
2025-08-01,farmer:431001:024,431001,1,0,0.0,0.0,simulator_rule_not_real_credit_outcome
2025-08-01,farmer:431001:025,431001,0,0,2.0,0.0,simulator_rule_not_real_credit_outcome
2025-08-01,farmer:431001:026,431001,0,0,2.0,0.0,simulator_rule_not_real_credit_outcome
2025-08-01,farmer:431001:027,431001,0,0,2.0,0.0,simulator_rule_not_real_credit_outcome
2025-08-01,farmer:431001:028,431001,0,0,1.9438,0.0,simulator_rule_not_real_credit_outcome
2025-08-01,farmer:431001:029,431001,0,0,2.0,0.0,simulator_rule_not_real_credit_outcome
2025-08-01,farmer:431001:030,431001,0,0,2.0,0.0,simulator_rule_not_real_credit_outcome
2025-08-01,farmer:431001:031,431001,0,0,2.0,0.0,simulator_rule_not_real_credit_outcome
2025-08-01,farmer:431001:032,431001,0,0,2.0,0.0,simulator_rule_not_real_credit_outcome
2025-08-01,farmer:431001:033,431001,0,0,2.0,0.0,simulator_rule_not_real_credit_outcome
2025-08-01,farmer:431001:034,431001,0,0,2.0,0.0,simulator_rule_not_real_credit_outcome
2025-08-01,farmer:431001:035,431001,0,0,2.0,0.0,simulator_rule_not_real_credit_outcome
2025-08-01,farmer:440001:001,440001,0,0,2.0,0.0,simulator_rule_not_real_credit_outcome
2025-08-01,farmer:440001:002,440001,0,0,2.0,0.0,simulator_rule_not_real_credit_outcome
2025-08-01,farmer:440001:003,440001,0,0,2.0,0.0,simulator_rule_not_real_credit_outcome
2025-08-01,farmer:440001:004,440001,0,0,2.0,0.0,simulator_rule_not_real_credit_outcome
2025-08-01,farmer:440001:005,440001,0,0,2.0,0.0,simulator_rule_not_real_credit_outcome
2025-08-01,farmer:440001:006,440001,0,0,2.0,0.0,simulator_rule_not_real_credit_outcome
2025-08-01,farmer:440001:007,440001,0,0,2.0,0.0,simulator_rule_not_real_credit_outcome
2025-08-01,farmer:440001:008,440001,0,0,2.0,0.0,simulator_rule_not_real_credit_outcome
2025-08-01,farmer:440001:009,440001,0,0,2.0,0.0,simulator_rule_not_real_credit_outcome
2025-08-01,farmer:440001:010,440001,0,0,2.0,0.0,simulator_rule_not_real_credit_outcome
2025-08-01,farmer:440001:011,440001,0,0,2.0,0.0,simulator_rule_not_real_credit_outcome
2025-08-01,farmer:440001:012,440001,0,0,2.0,0.0,simulator_rule_not_real_credit_outcome
2025-08-01,farmer:440001:013,440001,0,0,2.0,0.0,simulator_rule_not_real_credit_outcome
2025-08-01,farmer:440001:014,440001,0,0,2.0,0.0,simulator_rule_not_real_credit_outcome
2025-08-01,farmer:440001:015,440001,0,0,2.0,0.0,simulator_rule_not_real_credit_outcome
2025-08-01,farmer:440001:016,440001,1,0,0.0,0.0,simulator_rule_not_real_credit_outcome
2025-08-01,farmer:440001:017,440001,0,0,2.0,0.0,simulator_rule_not_real_credit_outcome
2025-08-01,farmer:440001:018,440001,0,0,2.0,0.0,simulator_rule_not_real_credit_outcome
2025-08-01,farmer:440001:019,440001,0,0,2.0,0.0,simulator_rule_not_real_credit_outcome
2025-08-01,farmer:440001:020,440001,0,0,2.0,0.0,simulator_rule_not_real_credit_outcome
2025-08-01,farmer:440001:021,440001,0,0,2.0,0.0,simulator_rule_not_real_credit_outcome
2025-08-01,farmer:440001:022,440001,1,0,0.0,0.0,simulator_rule_not_real_credit_outcome
2025-08-01,farmer:440001:023,440001,0,0,2.0,0.0,simulator_rule_not_real_credit_outcome
2025-08-01,farmer:440001:024,440001,0,0,2.0,0.0,simulator_rule_not_real_credit_outcome
2025-08-01,farmer:440001:025,440001,0,0,2.0,0.0,simulator_rule_not_real_credit_outcome
2025-08-01,farmer:440001:026,440001,0,0,2.0,0.0,simulator_rule_not_real_credit_outcome
2025-08-01,farmer:440001:027,440001,1,0,0.0,0.0,simulator_rule_not_real_credit_outcome
2025-08-01,farmer:440001:028,440001,0,0,2.0,0.0,simulator_rule_not_real_credit_outcome
2025-08-01,farmer:440001:029,440001,0,0,2.0,0.0,simulator_rule_not_real_credit_outcome
2025-08-01,farmer:440001:030,440001,0,0,2.0,0.0,simulator_rule_not_real_credit_outcome
2025-08-01,farmer:440001:031,440001,0,0,2.0,0.0,simulator_rule_not_real_credit_outcome
2025-08-01,farmer:440001:032,440001,1,0,0.0,0.0,simulator_rule_not_real_credit_outcome
2025-08-01,farmer:440001:033,440001,0,0,2.0,0.0,simulator_rule_not_real_credit_outcome
2025-08-01,farmer:440001:034,440001,0,0,2.0,0.0,simulator_rule_not_real_credit_outcome
2025-08-01,farmer:440001:035,440001,0,0,2.0,0.0,simulator_rule_not_real_credit_outcome
2025-09-01,farmer:413001:001,413001,1,1,0.0,0.0,simulator_rule_not_real_credit_outcome
2025-09-01,farmer:413001:002,413001,0,0,2.0,0.0,simulator_rule_not_real_credit_outcome
2025-09-01,farmer:413001:003,413001,0,0,2.0,0.0,simulator_rule_not_real_credit_outcome
2025-09-01,farmer:413001:004,413001,0,0,2.0,0.0,simulator_rule_not_real_credit_outcome
2025-09-01,farmer:413001:005,413001,0,0,2.0,0.0,simulator_rule_not_real_credit_outcome
2025-09-01,farmer:413001:006,413001,0,0,2.0,0.0,simulator_rule_not_real_credit_outcome
2025-09-01,farmer:413001:007,413001,0,0,2.0,0.0,simulator_rule_not_real_credit_outcome
2025-09-01,farmer:413001:008,413001,1,0,0.0,0.0,simulator_rule_not_real_credit_outcome
2025-09-01,farmer:413001:009,413001,1,0,0.0,0.0,simulator_rule_not_real_credit_outcome
2025-09-01,farmer:413001:010,413001,0,0,2.0,0.0,simulator_rule_not_real_credit_outcome
2025-09-01,farmer:413001:011,413001,0,0,2.0,0.0,simulator_rule_not_real_credit_outcome
2025-09-01,farmer:413001:012,413001,0,0,2.0,0.0,simulator_rule_not_real_credit_outcome
2025-09-01,farmer:413001:013,413001,0,0,2.0,0.0,simulator_rule_not_real_credit_outcome
2025-09-01,farmer:413001:014,413001,0,0,2.0,0.0,simulator_rule_not_real_credit_outcome
2025-09-01,farmer:413001:015,413001,1,1,0.0,0.0,simulator_rule_not_real_credit_outcome
2025-09-01,farmer:413001:016,413001,1,0,0.0,0.0,simulator_rule_not_real_credit_outcome
2025-09-01,farmer:413001:017,413001,0,0,2.0,0.0,simulator_rule_not_real_credit_outcome
2025-09-01,farmer:413001:018,413001,0,0,2.0,0.0,simulator_rule_not_real_credit_outcome
2025-09-01,farmer:413001:019,413001,0,0,2.0,0.0,simulator_rule_not_real_credit_outcome
2025-09-01,farmer:413001:020,413001,0,0,0.94,0.0,simulator_rule_not_real_credit_outcome
2025-09-01,farmer:413001:021,413001,0,0,2.0,0.0,simulator_rule_not_real_credit_outcome
2025-09-01,farmer:413001:022,413001,0,0,2.0,0.0,simulator_rule_not_real_credit_outcome
2025-09-01,farmer:413001:023,413001,1,1,0.0,0.0,simulator_rule_not_real_credit_outcome
2025-09-01,farmer:413001:024,413001,0,0,2.0,0.0,simulator_rule_not_real_credit_outcome
2025-09-01,farmer:413001:025,413001,0,0,2.0,0.0,simulator_rule_not_real_credit_outcome
2025-09-01,farmer:413001:026,413001,0,0,2.0,0.0,simulator_rule_not_real_credit_outcome
2025-09-01,farmer:413001:027,413001,0,0,2.0,0.0,simulator_rule_not_real_credit_outcome
2025-09-01,farmer:413001:028,413001,0,0,2.0,0.0,simulator_rule_not_real_credit_outcome
2025-09-01,farmer:413001:029,413001,0,0,2.0,0.0,simulator_rule_not_real_credit_outcome
2025-09-01,farmer:413001:030,413001,1,1,0.0,0.0,simulator_rule_not_real_credit_outcome
2025-09-01,farmer:413001:031,413001,0,0,2.0,0.0,simulator_rule_not_real_credit_outcome
2025-09-01,farmer:413001:032,413001,0,0,1.4433,0.0,simulator_rule_not_real_credit_outcome
2025-09-01,farmer:413001:033,413001,0,0,2.0,0.0,simulator_rule_not_real_credit_outcome
2025-09-01,farmer:413001:034,413001,0,0,2.0,0.0,simulator_rule_not_real_credit_outcome
2025-09-01,farmer:413001:035,413001,0,0,2.0,0.0,simulator_rule_not_real_credit_outcome
2025-09-01,farmer:431001:001,431001,0,0,1.1949,0.0,simulator_rule_not_real_credit_outcome
2025-09-01,farmer:431001:002,431001,0,0,2.0,0.0,simulator_rule_not_real_credit_outcome
2025-09-01,farmer:431001:003,431001,0,0,2.0,0.0,simulator_rule_not_real_credit_outcome
2025-09-01,farmer:431001:004,431001,0,0,2.0,0.0,simulator_rule_not_real_credit_outcome
2025-09-01,farmer:431001:005,431001,0,0,2.0,0.0,simulator_rule_not_real_credit_outcome
2025-09-01,farmer:431001:006,431001,0,0,2.0,0.0,simulator_rule_not_real_credit_outcome
2025-09-01,farmer:431001:007,431001,1,0,0.0,0.0,simulator_rule_not_real_credit_outcome
2025-09-01,farmer:431001:008,431001,0,0,2.0,0.0,simulator_rule_not_real_credit_outcome
2025-09-01,farmer:431001:009,431001,1,0,0.0,0.0,simulator_rule_not_real_credit_outcome
2025-09-01,farmer:431001:010,431001,0,0,2.0,0.0,simulator_rule_not_real_credit_outcome
2025-09-01,farmer:431001:011,431001,0,0,2.0,0.0,simulator_rule_not_real_credit_outcome
2025-09-01,farmer:431001:012,431001,0,0,2.0,0.0,simulator_rule_not_real_credit_outcome
2025-09-01,farmer:431001:013,431001,0,0,2.0,0.0,simulator_rule_not_real_credit_outcome
2025-09-01,farmer:431001:014,431001,0,0,2.0,0.0,simulator_rule_not_real_credit_outcome
2025-09-01,farmer:431001:015,431001,1,0,0.0,0.0,simulator_rule_not_real_credit_outcome
2025-09-01,farmer:431001:016,431001,0,0,2.0,0.0,simulator_rule_not_real_credit_outcome
2025-09-01,farmer:431001:017,431001,1,0,0.0,0.0,simulator_rule_not_real_credit_outcome
2025-09-01,farmer:431001:018,431001,0,0,2.0,0.0,simulator_rule_not_real_credit_outcome
2025-09-01,farmer:431001:019,431001,0,0,2.0,0.0,simulator_rule_not_real_credit_outcome
2025-09-01,farmer:431001:020,431001,0,0,2.0,0.0,simulator_rule_not_real_credit_outcome
2025-09-01,farmer:431001:021,431001,0,0,2.0,0.0,simulator_rule_not_real_credit_outcome
2025-09-01,farmer:431001:022,431001,0,0,2.0,0.0,simulator_rule_not_real_credit_outcome
2025-09-01,farmer:431001:023,431001,0,0,2.0,0.0,simulator_rule_not_real_credit_outcome
2025-09-01,farmer:431001:024,431001,1,1,0.0,0.0,simulator_rule_not_real_credit_outcome
2025-09-01,farmer:431001:025,431001,0,0,2.0,0.0,simulator_rule_not_real_credit_outcome
2025-09-01,farmer:431001:026,431001,0,0,2.0,0.0,simulator_rule_not_real_credit_outcome
2025-09-01,farmer:431001:027,431001,0,0,2.0,0.0,simulator_rule_not_real_credit_outcome
2025-09-01,farmer:431001:028,431001,1,0,0.0,0.0,simulator_rule_not_real_credit_outcome
2025-09-01,farmer:431001:029,431001,0,0,2.0,0.0,simulator_rule_not_real_credit_outcome
2025-09-01,farmer:431001:030,431001,0,0,2.0,0.0,simulator_rule_not_real_credit_outcome
2025-09-01,farmer:431001:031,431001,0,0,2.0,0.0,simulator_rule_not_real_credit_outcome
2025-09-01,farmer:431001:032,431001,0,0,2.0,0.0,simulator_rule_not_real_credit_outcome
2025-09-01,farmer:431001:033,431001,0,0,2.0,0.0,simulator_rule_not_real_credit_outcome
2025-09-01,farmer:431001:034,431001,0,0,2.0,0.0,simulator_rule_not_real_credit_outcome
2025-09-01,farmer:431001:035,431001,0,0,2.0,0.0,simulator_rule_not_real_credit_outcome
2025-09-01,farmer:440001:001,440001,0,0,2.0,0.0,simulator_rule_not_real_credit_outcome
2025-09-01,farmer:440001:002,440001,0,0,2.0,0.0,simulator_rule_not_real_credit_outcome
2025-09-01,farmer:440001:003,440001,0,0,2.0,0.0,simulator_rule_not_real_credit_outcome
2025-09-01,farmer:440001:004,440001,0,0,2.0,0.0,simulator_rule_not_real_credit_outcome
2025-09-01,farmer:440001:005,440001,0,0,2.0,0.0,simulator_rule_not_real_credit_outcome
2025-09-01,farmer:440001:006,440001,0,0,2.0,0.0,simulator_rule_not_real_credit_outcome
2025-09-01,farmer:440001:007,440001,0,0,2.0,0.0,simulator_rule_not_real_credit_outcome
2025-09-01,farmer:440001:008,440001,0,0,2.0,0.0,simulator_rule_not_real_credit_outcome
2025-09-01,farmer:440001:009,440001,0,0,2.0,0.0,simulator_rule_not_real_credit_outcome
2025-09-01,farmer:440001:010,440001,0,0,2.0,0.0,simulator_rule_not_real_credit_outcome
2025-09-01,farmer:440001:011,440001,0,0,2.0,0.0,simulator_rule_not_real_credit_outcome
2025-09-01,farmer:440001:012,440001,0,0,2.0,0.0,simulator_rule_not_real_credit_outcome
2025-09-01,farmer:440001:013,440001,0,0,2.0,0.0,simulator_rule_not_real_credit_outcome
2025-09-01,farmer:440001:014,440001,0,0,2.0,0.0,simulator_rule_not_real_credit_outcome
2025-09-01,farmer:440001:015,440001,0,0,2.0,0.0,simulator_rule_not_real_credit_outcome
2025-09-01,farmer:440001:016,440001,1,1,0.0,0.0,simulator_rule_not_real_credit_outcome
2025-09-01,farmer:440001:017,440001,0,0,2.0,0.0,simulator_rule_not_real_credit_outcome
2025-09-01,farmer:440001:018,440001,1,0,0.0,0.0,simulator_rule_not_real_credit_outcome
2025-09-01,farmer:440001:019,440001,0,0,2.0,0.0,simulator_rule_not_real_credit_outcome
2025-09-01,farmer:440001:020,440001,1,0,0.0,0.0,simulator_rule_not_real_credit_outcome
2025-09-01,farmer:440001:021,440001,0,0,2.0,0.0,simulator_rule_not_real_credit_outcome
2025-09-01,farmer:440001:022,440001,1,1,0.0,0.0,simulator_rule_not_real_credit_outcome
2025-09-01,farmer:440001:023,440001,0,0,2.0,0.0,simulator_rule_not_real_credit_outcome
2025-09-01,farmer:440001:024,440001,0,0,2.0,0.0,simulator_rule_not_real_credit_outcome
2025-09-01,farmer:440001:025,440001,0,0,2.0,0.0,simulator_rule_not_real_credit_outcome
2025-09-01,farmer:440001:026,440001,0,0,2.0,0.0,simulator_rule_not_real_credit_outcome
2025-09-01,farmer:440001:027,440001,1,1,0.0,0.0,simulator_rule_not_real_credit_outcome
2025-09-01,farmer:440001:028,440001,0,0,2.0,0.0,simulator_rule_not_real_credit_outcome
2025-09-01,farmer:440001:029,440001,0,0,2.0,0.0,simulator_rule_not_real_credit_outcome
2025-09-01,farmer:440001:030,440001,0,0,2.0,0.0,simulator_rule_not_real_credit_outcome
2025-09-01,farmer:440001:031,440001,0,0,2.0,0.0,simulator_rule_not_real_credit_outcome
2025-09-01,farmer:440001:032,440001,1,1,0.0,0.0,simulator_rule_not_real_credit_outcome
2025-09-01,farmer:440001:033,440001,0,0,2.0,0.0,simulator_rule_not_real_credit_outcome
2025-09-01,farmer:440001:034,440001,0,0,2.0,0.0,simulator_rule_not_real_credit_outcome
2025-09-01,farmer:440001:035,440001,0,0,2.0,0.0,simulator_rule_not_real_credit_outcome
2025-10-01,farmer:413001:001,413001,1,1,0.0,0.0,simulator_rule_not_real_credit_outcome
2025-10-01,farmer:413001:002,413001,0,0,2.0,0.0,simulator_rule_not_real_credit_outcome
2025-10-01,farmer:413001:003,413001,0,0,2.0,0.0,simulator_rule_not_real_credit_outcome
2025-10-01,farmer:413001:004,413001,0,0,2.0,0.0,simulator_rule_not_real_credit_outcome
2025-10-01,farmer:413001:005,413001,0,0,2.0,0.0,simulator_rule_not_real_credit_outcome
2025-10-01,farmer:413001:006,413001,0,0,2.0,0.0,simulator_rule_not_real_credit_outcome
2025-10-01,farmer:413001:007,413001,0,0,2.0,0.0,simulator_rule_not_real_credit_outcome
2025-10-01,farmer:413001:008,413001,0,0,2.0,0.0,simulator_rule_not_real_credit_outcome
2025-10-01,farmer:413001:009,413001,0,0,2.0,0.0,simulator_rule_not_real_credit_outcome
2025-10-01,farmer:413001:010,413001,0,0,2.0,0.0,simulator_rule_not_real_credit_outcome
2025-10-01,farmer:413001:011,413001,0,0,2.0,0.0,simulator_rule_not_real_credit_outcome
2025-10-01,farmer:413001:012,413001,0,0,2.0,0.0,simulator_rule_not_real_credit_outcome
2025-10-01,farmer:413001:013,413001,0,0,2.0,0.0,simulator_rule_not_real_credit_outcome
2025-10-01,farmer:413001:014,413001,0,0,2.0,0.0,simulator_rule_not_real_credit_outcome
2025-10-01,farmer:413001:015,413001,1,0,2.0,0.0,simulator_rule_not_real_credit_outcome
2025-10-01,farmer:413001:016,413001,0,0,0.0663,0.0,simulator_rule_not_real_credit_outcome
2025-10-01,farmer:413001:017,413001,0,0,2.0,0.0,simulator_rule_not_real_credit_outcome
2025-10-01,farmer:413001:018,413001,0,0,2.0,0.0,simulator_rule_not_real_credit_outcome
2025-10-01,farmer:413001:019,413001,0,0,2.0,0.0,simulator_rule_not_real_credit_outcome
2025-10-01,farmer:413001:020,413001,0,0,2.0,0.0,simulator_rule_not_real_credit_outcome
2025-10-01,farmer:413001:021,413001,0,0,2.0,0.0,simulator_rule_not_real_credit_outcome
2025-10-01,farmer:413001:022,413001,0,0,2.0,0.0,simulator_rule_not_real_credit_outcome
2025-10-01,farmer:413001:023,413001,1,1,0.0,0.0,simulator_rule_not_real_credit_outcome
2025-10-01,farmer:413001:024,413001,0,0,2.0,0.0,simulator_rule_not_real_credit_outcome
2025-10-01,farmer:413001:025,413001,0,0,2.0,0.0,simulator_rule_not_real_credit_outcome
2025-10-01,farmer:413001:026,413001,0,0,2.0,0.0,simulator_rule_not_real_credit_outcome
2025-10-01,farmer:413001:027,413001,0,0,2.0,0.0,simulator_rule_not_real_credit_outcome
2025-10-01,farmer:413001:028,413001,0,0,2.0,0.0,simulator_rule_not_real_credit_outcome
2025-10-01,farmer:413001:029,413001,0,0,2.0,0.0,simulator_rule_not_real_credit_outcome
2025-10-01,farmer:413001:030,413001,1,1,0.1647,0.0,simulator_rule_not_real_credit_outcome
2025-10-01,farmer:413001:031,413001,0,0,2.0,0.0,simulator_rule_not_real_credit_outcome
2025-10-01,farmer:413001:032,413001,0,0,2.0,0.0,simulator_rule_not_real_credit_outcome
2025-10-01,farmer:413001:033,413001,0,0,2.0,0.0,simulator_rule_not_real_credit_outcome
2025-10-01,farmer:413001:034,413001,0,0,2.0,0.0,simulator_rule_not_real_credit_outcome
2025-10-01,farmer:413001:035,413001,0,0,2.0,0.0,simulator_rule_not_real_credit_outcome
2025-10-01,farmer:431001:001,431001,0,0,2.0,0.0,simulator_rule_not_real_credit_outcome
2025-10-01,farmer:431001:002,431001,0,0,2.0,0.0,simulator_rule_not_real_credit_outcome
2025-10-01,farmer:431001:003,431001,0,0,2.0,0.0,simulator_rule_not_real_credit_outcome
2025-10-01,farmer:431001:004,431001,0,0,2.0,0.0,simulator_rule_not_real_credit_outcome
2025-10-01,farmer:431001:005,431001,0,0,2.0,0.0,simulator_rule_not_real_credit_outcome
2025-10-01,farmer:431001:006,431001,0,0,2.0,0.0,simulator_rule_not_real_credit_outcome
2025-10-01,farmer:431001:007,431001,1,1,0.0,0.0,simulator_rule_not_real_credit_outcome
2025-10-01,farmer:431001:008,431001,0,0,2.0,0.0,simulator_rule_not_real_credit_outcome
2025-10-01,farmer:431001:009,431001,0,0,2.0,0.0,simulator_rule_not_real_credit_outcome
2025-10-01,farmer:431001:010,431001,0,0,2.0,0.0,simulator_rule_not_real_credit_outcome
2025-10-01,farmer:431001:011,431001,0,0,2.0,0.0,simulator_rule_not_real_credit_outcome
2025-10-01,farmer:431001:012,431001,0,0,2.0,0.0,simulator_rule_not_real_credit_outcome
2025-10-01,farmer:431001:013,431001,0,0,2.0,0.0,simulator_rule_not_real_credit_outcome
2025-10-01,farmer:431001:014,431001,0,0,2.0,0.0,simulator_rule_not_real_credit_outcome
2025-10-01,farmer:431001:015,431001,0,0,2.0,0.0,simulator_rule_not_real_credit_outcome
2025-10-01,farmer:431001:016,431001,0,0,2.0,0.0,simulator_rule_not_real_credit_outcome
2025-10-01,farmer:431001:017,431001,0,0,0.984,0.0,simulator_rule_not_real_credit_outcome
2025-10-01,farmer:431001:018,431001,0,0,2.0,0.0,simulator_rule_not_real_credit_outcome
2025-10-01,farmer:431001:019,431001,0,0,2.0,0.0,simulator_rule_not_real_credit_outcome
2025-10-01,farmer:431001:020,431001,0,0,2.0,0.0,simulator_rule_not_real_credit_outcome
2025-10-01,farmer:431001:021,431001,0,0,2.0,0.0,simulator_rule_not_real_credit_outcome
2025-10-01,farmer:431001:022,431001,0,0,2.0,0.0,simulator_rule_not_real_credit_outcome
2025-10-01,farmer:431001:023,431001,0,0,2.0,0.0,simulator_rule_not_real_credit_outcome
2025-10-01,farmer:431001:024,431001,1,0,1.0212,0.0,simulator_rule_not_real_credit_outcome
2025-10-01,farmer:431001:025,431001,0,0,2.0,0.0,simulator_rule_not_real_credit_outcome
2025-10-01,farmer:431001:026,431001,0,0,2.0,0.0,simulator_rule_not_real_credit_outcome
2025-10-01,farmer:431001:027,431001,0,0,2.0,0.0,simulator_rule_not_real_credit_outcome
2025-10-01,farmer:431001:028,431001,0,0,2.0,0.0,simulator_rule_not_real_credit_outcome
2025-10-01,farmer:431001:029,431001,0,0,2.0,0.0,simulator_rule_not_real_credit_outcome
2025-10-01,farmer:431001:030,431001,0,0,2.0,0.0,simulator_rule_not_real_credit_outcome
2025-10-01,farmer:431001:031,431001,0,0,2.0,0.0,simulator_rule_not_real_credit_outcome
2025-10-01,farmer:431001:032,431001,0,0,2.0,0.0,simulator_rule_not_real_credit_outcome
2025-10-01,farmer:431001:033,431001,0,0,2.0,0.0,simulator_rule_not_real_credit_outcome
2025-10-01,farmer:431001:034,431001,0,0,2.0,0.0,simulator_rule_not_real_credit_outcome
2025-10-01,farmer:431001:035,431001,0,0,2.0,0.0,simulator_rule_not_real_credit_outcome
2025-10-01,farmer:440001:001,440001,0,0,2.0,0.0,simulator_rule_not_real_credit_outcome
2025-10-01,farmer:440001:002,440001,0,0,2.0,0.0,simulator_rule_not_real_credit_outcome
2025-10-01,farmer:440001:003,440001,0,0,2.0,0.0,simulator_rule_not_real_credit_outcome
2025-10-01,farmer:440001:004,440001,0,0,2.0,0.0,simulator_rule_not_real_credit_outcome
2025-10-01,farmer:440001:005,440001,0,0,2.0,0.0,simulator_rule_not_real_credit_outcome
2025-10-01,farmer:440001:006,440001,0,0,2.0,0.0,simulator_rule_not_real_credit_outcome
2025-10-01,farmer:440001:007,440001,0,0,2.0,0.0,simulator_rule_not_real_credit_outcome
2025-10-01,farmer:440001:008,440001,0,0,2.0,0.0,simulator_rule_not_real_credit_outcome
2025-10-01,farmer:440001:009,440001,0,0,2.0,0.0,simulator_rule_not_real_credit_outcome
2025-10-01,farmer:440001:010,440001,0,0,2.0,0.0,simulator_rule_not_real_credit_outcome
2025-10-01,farmer:440001:011,440001,0,0,2.0,0.0,simulator_rule_not_real_credit_outcome
2025-10-01,farmer:440001:012,440001,0,0,2.0,0.0,simulator_rule_not_real_credit_outcome
2025-10-01,farmer:440001:013,440001,0,0,2.0,0.0,simulator_rule_not_real_credit_outcome
2025-10-01,farmer:440001:014,440001,0,0,2.0,0.0,simulator_rule_not_real_credit_outcome
2025-10-01,farmer:440001:015,440001,0,0,2.0,0.0,simulator_rule_not_real_credit_outcome
2025-10-01,farmer:440001:016,440001,1,1,0.0,0.0,simulator_rule_not_real_credit_outcome
2025-10-01,farmer:440001:017,440001,0,0,2.0,0.0,simulator_rule_not_real_credit_outcome
2025-10-01,farmer:440001:018,440001,0,0,2.0,0.0,simulator_rule_not_real_credit_outcome
2025-10-01,farmer:440001:019,440001,0,0,2.0,0.0,simulator_rule_not_real_credit_outcome
2025-10-01,farmer:440001:020,440001,0,0,2.0,0.0,simulator_rule_not_real_credit_outcome
2025-10-01,farmer:440001:021,440001,0,0,2.0,0.0,simulator_rule_not_real_credit_outcome
2025-10-01,farmer:440001:022,440001,1,1,0.0,0.0,simulator_rule_not_real_credit_outcome
2025-10-01,farmer:440001:023,440001,0,0,2.0,0.0,simulator_rule_not_real_credit_outcome
2025-10-01,farmer:440001:024,440001,0,0,2.0,0.0,simulator_rule_not_real_credit_outcome
2025-10-01,farmer:440001:025,440001,0,0,2.0,0.0,simulator_rule_not_real_credit_outcome
2025-10-01,farmer:440001:026,440001,0,0,2.0,0.0,simulator_rule_not_real_credit_outcome
2025-10-01,farmer:440001:027,440001,1,0,2.0,0.0,simulator_rule_not_real_credit_outcome
2025-10-01,farmer:440001:028,440001,0,0,2.0,0.0,simulator_rule_not_real_credit_outcome
2025-10-01,farmer:440001:029,440001,0,0,2.0,0.0,simulator_rule_not_real_credit_outcome
2025-10-01,farmer:440001:030,440001,0,0,2.0,0.0,simulator_rule_not_real_credit_outcome
2025-10-01,farmer:440001:031,440001,0,0,2.0,0.0,simulator_rule_not_real_credit_outcome
2025-10-01,farmer:440001:032,440001,1,0,1.91,0.0,simulator_rule_not_real_credit_outcome
2025-10-01,farmer:440001:033,440001,0,0,2.0,0.0,simulator_rule_not_real_credit_outcome
2025-10-01,farmer:440001:034,440001,0,0,2.0,0.0,simulator_rule_not_real_credit_outcome
2025-10-01,farmer:440001:035,440001,0,0,2.0,0.0,simulator_rule_not_real_credit_outcome
2025-11-01,farmer:413001:001,413001,1,1,0.0,0.0,simulator_rule_not_real_credit_outcome
2025-11-01,farmer:413001:002,413001,0,0,2.0,0.0,simulator_rule_not_real_credit_outcome
2025-11-01,farmer:413001:003,413001,0,0,2.0,0.0,simulator_rule_not_real_credit_outcome
2025-11-01,farmer:413001:004,413001,0,0,2.0,0.0,simulator_rule_not_real_credit_outcome
2025-11-01,farmer:413001:005,413001,0,0,2.0,0.0,simulator_rule_not_real_credit_outcome
2025-11-01,farmer:413001:006,413001,0,0,2.0,0.0,simulator_rule_not_real_credit_outcome
2025-11-01,farmer:413001:007,413001,0,0,2.0,0.0,simulator_rule_not_real_credit_outcome
2025-11-01,farmer:413001:008,413001,0,0,2.0,0.0,simulator_rule_not_real_credit_outcome
2025-11-01,farmer:413001:009,413001,0,0,2.0,0.0,simulator_rule_not_real_credit_outcome
2025-11-01,farmer:413001:010,413001,0,0,2.0,0.0,simulator_rule_not_real_credit_outcome
2025-11-01,farmer:413001:011,413001,0,0,2.0,0.0,simulator_rule_not_real_credit_outcome
2025-11-01,farmer:413001:012,413001,0,0,2.0,0.0,simulator_rule_not_real_credit_outcome
2025-11-01,farmer:413001:013,413001,0,0,2.0,0.0,simulator_rule_not_real_credit_outcome
2025-11-01,farmer:413001:014,413001,0,0,2.0,0.0,simulator_rule_not_real_credit_outcome
2025-11-01,farmer:413001:015,413001,0,0,2.0,0.0,simulator_rule_not_real_credit_outcome
2025-11-01,farmer:413001:016,413001,0,0,0.0302,0.0,simulator_rule_not_real_credit_outcome
2025-11-01,farmer:413001:017,413001,0,0,2.0,0.0,simulator_rule_not_real_credit_outcome
2025-11-01,farmer:413001:018,413001,0,0,2.0,0.0,simulator_rule_not_real_credit_outcome
2025-11-01,farmer:413001:019,413001,0,0,2.0,0.0,simulator_rule_not_real_credit_outcome
2025-11-01,farmer:413001:020,413001,0,0,2.0,0.0,simulator_rule_not_real_credit_outcome
2025-11-01,farmer:413001:021,413001,0,0,2.0,0.0,simulator_rule_not_real_credit_outcome
2025-11-01,farmer:413001:022,413001,0,0,2.0,0.0,simulator_rule_not_real_credit_outcome
2025-11-01,farmer:413001:023,413001,1,1,0.0,0.0,simulator_rule_not_real_credit_outcome
2025-11-01,farmer:413001:024,413001,0,0,2.0,0.0,simulator_rule_not_real_credit_outcome
2025-11-01,farmer:413001:025,413001,0,0,2.0,0.0,simulator_rule_not_real_credit_outcome
2025-11-01,farmer:413001:026,413001,0,0,2.0,0.0,simulator_rule_not_real_credit_outcome
2025-11-01,farmer:413001:027,413001,0,0,2.0,0.0,simulator_rule_not_real_credit_outcome
2025-11-01,farmer:413001:028,413001,0,0,2.0,0.0,simulator_rule_not_real_credit_outcome
2025-11-01,farmer:413001:029,413001,0,0,2.0,0.0,simulator_rule_not_real_credit_outcome
2025-11-01,farmer:413001:030,413001,1,1,0.0,0.0,simulator_rule_not_real_credit_outcome
2025-11-01,farmer:413001:031,413001,0,0,2.0,0.0,simulator_rule_not_real_credit_outcome
2025-11-01,farmer:413001:032,413001,0,0,1.2719,0.0,simulator_rule_not_real_credit_outcome
2025-11-01,farmer:413001:033,413001,0,0,2.0,0.0,simulator_rule_not_real_credit_outcome
2025-11-01,farmer:413001:034,413001,0,0,2.0,0.0,simulator_rule_not_real_credit_outcome
2025-11-01,farmer:413001:035,413001,0,0,2.0,0.0,simulator_rule_not_real_credit_outcome
2025-11-01,farmer:431001:001,431001,0,0,2.0,0.0,simulator_rule_not_real_credit_outcome
2025-11-01,farmer:431001:002,431001,0,0,2.0,0.0,simulator_rule_not_real_credit_outcome
2025-11-01,farmer:431001:003,431001,0,0,2.0,0.0,simulator_rule_not_real_credit_outcome
2025-11-01,farmer:431001:004,431001,0,0,2.0,0.0,simulator_rule_not_real_credit_outcome
2025-11-01,farmer:431001:005,431001,0,0,2.0,0.0,simulator_rule_not_real_credit_outcome
2025-11-01,farmer:431001:006,431001,0,0,2.0,0.0,simulator_rule_not_real_credit_outcome
2025-11-01,farmer:431001:007,431001,1,1,0.0,0.0,simulator_rule_not_real_credit_outcome
2025-11-01,farmer:431001:008,431001,0,0,2.0,0.0,simulator_rule_not_real_credit_outcome
2025-11-01,farmer:431001:009,431001,0,0,2.0,0.0,simulator_rule_not_real_credit_outcome
2025-11-01,farmer:431001:010,431001,0,0,2.0,0.0,simulator_rule_not_real_credit_outcome
2025-11-01,farmer:431001:011,431001,0,0,2.0,0.0,simulator_rule_not_real_credit_outcome
2025-11-01,farmer:431001:012,431001,0,0,2.0,0.0,simulator_rule_not_real_credit_outcome
2025-11-01,farmer:431001:013,431001,0,0,2.0,0.0,simulator_rule_not_real_credit_outcome
2025-11-01,farmer:431001:014,431001,0,0,2.0,0.0,simulator_rule_not_real_credit_outcome
2025-11-01,farmer:431001:015,431001,0,0,2.0,0.0,simulator_rule_not_real_credit_outcome
2025-11-01,farmer:431001:016,431001,0,0,2.0,0.0,simulator_rule_not_real_credit_outcome
2025-11-01,farmer:431001:017,431001,0,0,2.0,0.0,simulator_rule_not_real_credit_outcome
2025-11-01,farmer:431001:018,431001,0,0,2.0,0.0,simulator_rule_not_real_credit_outcome
2025-11-01,farmer:431001:019,431001,0,0,2.0,0.0,simulator_rule_not_real_credit_outcome
2025-11-01,farmer:431001:020,431001,0,0,2.0,0.0,simulator_rule_not_real_credit_outcome
2025-11-01,farmer:431001:021,431001,0,0,2.0,0.0,simulator_rule_not_real_credit_outcome
2025-11-01,farmer:431001:022,431001,0,0,2.0,0.0,simulator_rule_not_real_credit_outcome
2025-11-01,farmer:431001:023,431001,0,0,2.0,0.0,simulator_rule_not_real_credit_outcome
2025-11-01,farmer:431001:024,431001,0,0,2.0,0.0,simulator_rule_not_real_credit_outcome
2025-11-01,farmer:431001:025,431001,0,0,2.0,0.0,simulator_rule_not_real_credit_outcome
2025-11-01,farmer:431001:026,431001,0,0,2.0,0.0,simulator_rule_not_real_credit_outcome
2025-11-01,farmer:431001:027,431001,0,0,2.0,0.0,simulator_rule_not_real_credit_outcome
2025-11-01,farmer:431001:028,431001,0,0,2.0,0.0,simulator_rule_not_real_credit_outcome
2025-11-01,farmer:431001:029,431001,0,0,2.0,0.0,simulator_rule_not_real_credit_outcome
2025-11-01,farmer:431001:030,431001,0,0,2.0,0.0,simulator_rule_not_real_credit_outcome
2025-11-01,farmer:431001:031,431001,0,0,2.0,0.0,simulator_rule_not_real_credit_outcome
2025-11-01,farmer:431001:032,431001,0,0,2.0,0.0,simulator_rule_not_real_credit_outcome
2025-11-01,farmer:431001:033,431001,0,0,2.0,0.0,simulator_rule_not_real_credit_outcome
2025-11-01,farmer:431001:034,431001,0,0,2.0,0.0,simulator_rule_not_real_credit_outcome
2025-11-01,farmer:431001:035,431001,0,0,2.0,0.0,simulator_rule_not_real_credit_outcome
2025-11-01,farmer:440001:001,440001,0,0,2.0,0.0,simulator_rule_not_real_credit_outcome
2025-11-01,farmer:440001:002,440001,0,0,2.0,0.0,simulator_rule_not_real_credit_outcome
2025-11-01,farmer:440001:003,440001,0,0,2.0,0.0,simulator_rule_not_real_credit_outcome
2025-11-01,farmer:440001:004,440001,0,0,2.0,0.0,simulator_rule_not_real_credit_outcome
2025-11-01,farmer:440001:005,440001,0,0,2.0,0.0,simulator_rule_not_real_credit_outcome
2025-11-01,farmer:440001:006,440001,0,0,2.0,0.0,simulator_rule_not_real_credit_outcome
2025-11-01,farmer:440001:007,440001,0,0,2.0,0.0,simulator_rule_not_real_credit_outcome
2025-11-01,farmer:440001:008,440001,0,0,2.0,0.0,simulator_rule_not_real_credit_outcome
2025-11-01,farmer:440001:009,440001,0,0,2.0,0.0,simulator_rule_not_real_credit_outcome
2025-11-01,farmer:440001:010,440001,0,0,2.0,0.0,simulator_rule_not_real_credit_outcome
2025-11-01,farmer:440001:011,440001,0,0,2.0,0.0,simulator_rule_not_real_credit_outcome
2025-11-01,farmer:440001:012,440001,0,0,2.0,0.0,simulator_rule_not_real_credit_outcome
2025-11-01,farmer:440001:013,440001,0,0,2.0,0.0,simulator_rule_not_real_credit_outcome
2025-11-01,farmer:440001:014,440001,0,0,2.0,0.0,simulator_rule_not_real_credit_outcome
2025-11-01,farmer:440001:015,440001,0,0,2.0,0.0,simulator_rule_not_real_credit_outcome
2025-11-01,farmer:440001:016,440001,1,1,1.6087,0.0,simulator_rule_not_real_credit_outcome
2025-11-01,farmer:440001:017,440001,0,0,2.0,0.0,simulator_rule_not_real_credit_outcome
2025-11-01,farmer:440001:018,440001,0,0,2.0,0.0,simulator_rule_not_real_credit_outcome
2025-11-01,farmer:440001:019,440001,0,0,2.0,0.0,simulator_rule_not_real_credit_outcome
2025-11-01,farmer:440001:020,440001,0,0,2.0,0.0,simulator_rule_not_real_credit_outcome
2025-11-01,farmer:440001:021,440001,0,0,2.0,0.0,simulator_rule_not_real_credit_outcome
2025-11-01,farmer:440001:022,440001,1,1,1.3116,0.0,simulator_rule_not_real_credit_outcome
2025-11-01,farmer:440001:023,440001,0,0,2.0,0.0,simulator_rule_not_real_credit_outcome
2025-11-01,farmer:440001:024,440001,0,0,2.0,0.0,simulator_rule_not_real_credit_outcome
2025-11-01,farmer:440001:025,440001,0,0,2.0,0.0,simulator_rule_not_real_credit_outcome
2025-11-01,farmer:440001:026,440001,0,0,2.0,0.0,simulator_rule_not_real_credit_outcome
2025-11-01,farmer:440001:027,440001,0,0,2.0,0.0,simulator_rule_not_real_credit_outcome
2025-11-01,farmer:440001:028,440001,0,0,2.0,0.0,simulator_rule_not_real_credit_outcome
2025-11-01,farmer:440001:029,440001,0,0,2.0,0.0,simulator_rule_not_real_credit_outcome
2025-11-01,farmer:440001:030,440001,0,0,2.0,0.0,simulator_rule_not_real_credit_outcome
2025-11-01,farmer:440001:031,440001,0,0,2.0,0.0,simulator_rule_not_real_credit_outcome
2025-11-01,farmer:440001:032,440001,0,0,1.769,0.0,simulator_rule_not_real_credit_outcome
2025-11-01,farmer:440001:033,440001,0,0,2.0,0.0,simulator_rule_not_real_credit_outcome
2025-11-01,farmer:440001:034,440001,0,0,2.0,0.0,simulator_rule_not_real_credit_outcome
2025-11-01,farmer:440001:035,440001,0,0,2.0,0.0,simulator_rule_not_real_credit_outcome
2025-12-01,farmer:413001:001,413001,1,1,0.0,0.0,simulator_rule_not_real_credit_outcome
2025-12-01,farmer:413001:002,413001,0,0,2.0,0.0,simulator_rule_not_real_credit_outcome
2025-12-01,farmer:413001:003,413001,1,0,0.0,0.0,simulator_rule_not_real_credit_outcome
2025-12-01,farmer:413001:004,413001,0,0,2.0,0.0,simulator_rule_not_real_credit_outcome
2025-12-01,farmer:413001:005,413001,0,0,2.0,0.0,simulator_rule_not_real_credit_outcome
2025-12-01,farmer:413001:006,413001,0,0,2.0,0.0,simulator_rule_not_real_credit_outcome
2025-12-01,farmer:413001:007,413001,0,0,2.0,0.0,simulator_rule_not_real_credit_outcome
2025-12-01,farmer:413001:008,413001,0,0,1.3312,0.0,simulator_rule_not_real_credit_outcome
2025-12-01,farmer:413001:009,413001,0,0,2.0,0.0,simulator_rule_not_real_credit_outcome
2025-12-01,farmer:413001:010,413001,0,0,2.0,0.0,simulator_rule_not_real_credit_outcome
2025-12-01,farmer:413001:011,413001,0,0,2.0,0.0,simulator_rule_not_real_credit_outcome
2025-12-01,farmer:413001:012,413001,0,0,2.0,0.0,simulator_rule_not_real_credit_outcome
2025-12-01,farmer:413001:013,413001,0,0,2.0,0.0,simulator_rule_not_real_credit_outcome
2025-12-01,farmer:413001:014,413001,0,0,2.0,0.0,simulator_rule_not_real_credit_outcome
2025-12-01,farmer:413001:015,413001,0,0,1.5543,0.0,simulator_rule_not_real_credit_outcome
2025-12-01,farmer:413001:016,413001,1,0,0.0,0.0,simulator_rule_not_real_credit_outcome
2025-12-01,farmer:413001:017,413001,0,0,2.0,0.0,simulator_rule_not_real_credit_outcome
2025-12-01,farmer:413001:018,413001,0,0,2.0,0.0,simulator_rule_not_real_credit_outcome
2025-12-01,farmer:413001:019,413001,0,0,2.0,0.0,simulator_rule_not_real_credit_outcome
2025-12-01,farmer:413001:020,413001,1,0,0.0,0.0,simulator_rule_not_real_credit_outcome
2025-12-01,farmer:413001:021,413001,0,0,2.0,0.0,simulator_rule_not_real_credit_outcome
2025-12-01,farmer:413001:022,413001,0,0,2.0,0.0,simulator_rule_not_real_credit_outcome
2025-12-01,farmer:413001:023,413001,1,1,0.0,0.0,simulator_rule_not_real_credit_outcome
2025-12-01,farmer:413001:024,413001,0,0,2.0,0.0,simulator_rule_not_real_credit_outcome
2025-12-01,farmer:413001:025,413001,0,0,2.0,0.0,simulator_rule_not_real_credit_outcome
2025-12-01,farmer:413001:026,413001,0,0,2.0,0.0,simulator_rule_not_real_credit_outcome
2025-12-01,farmer:413001:027,413001,0,0,2.0,0.0,simulator_rule_not_real_credit_outcome
2025-12-01,farmer:413001:028,413001,0,0,2.0,0.0,simulator_rule_not_real_credit_outcome
2025-12-01,farmer:413001:029,413001,0,0,2.0,0.0,simulator_rule_not_real_credit_outcome
2025-12-01,farmer:413001:030,413001,1,1,0.0,0.0,simulator_rule_not_real_credit_outcome
2025-12-01,farmer:413001:031,413001,0,0,2.0,0.0,simulator_rule_not_real_credit_outcome
2025-12-01,farmer:413001:032,413001,1,0,0.0,0.0,simulator_rule_not_real_credit_outcome
2025-12-01,farmer:413001:033,413001,0,0,2.0,0.0,simulator_rule_not_real_credit_outcome
2025-12-01,farmer:413001:034,413001,0,0,2.0,0.0,simulator_rule_not_real_credit_outcome
2025-12-01,farmer:413001:035,413001,0,0,2.0,0.0,simulator_rule_not_real_credit_outcome
2025-12-01,farmer:431001:001,431001,1,0,0.0,0.0,simulator_rule_not_real_credit_outcome
2025-12-01,farmer:431001:002,431001,0,0,2.0,0.0,simulator_rule_not_real_credit_outcome
2025-12-01,farmer:431001:003,431001,0,0,2.0,0.0,simulator_rule_not_real_credit_outcome
2025-12-01,farmer:431001:004,431001,0,0,2.0,0.0,simulator_rule_not_real_credit_outcome
2025-12-01,farmer:431001:005,431001,0,0,2.0,0.0,simulator_rule_not_real_credit_outcome
2025-12-01,farmer:431001:006,431001,0,0,2.0,0.0,simulator_rule_not_real_credit_outcome
2025-12-01,farmer:431001:007,431001,1,1,0.0,0.0,simulator_rule_not_real_credit_outcome
2025-12-01,farmer:431001:008,431001,0,0,2.0,0.0,simulator_rule_not_real_credit_outcome
2025-12-01,farmer:431001:009,431001,0,0,2.0,0.0,simulator_rule_not_real_credit_outcome
2025-12-01,farmer:431001:010,431001,0,0,2.0,0.0,simulator_rule_not_real_credit_outcome
2025-12-01,farmer:431001:011,431001,0,0,2.0,0.0,simulator_rule_not_real_credit_outcome
2025-12-01,farmer:431001:012,431001,0,0,2.0,0.0,simulator_rule_not_real_credit_outcome
2025-12-01,farmer:431001:013,431001,0,0,2.0,0.0,simulator_rule_not_real_credit_outcome
2025-12-01,farmer:431001:014,431001,0,0,2.0,0.0,simulator_rule_not_real_credit_outcome
2025-12-01,farmer:431001:015,431001,1,0,0.0,0.0,simulator_rule_not_real_credit_outcome
2025-12-01,farmer:431001:016,431001,0,0,2.0,0.0,simulator_rule_not_real_credit_outcome
2025-12-01,farmer:431001:017,431001,1,0,0.0,0.0,simulator_rule_not_real_credit_outcome
2025-12-01,farmer:431001:018,431001,0,0,2.0,0.0,simulator_rule_not_real_credit_outcome
2025-12-01,farmer:431001:019,431001,0,0,2.0,0.0,simulator_rule_not_real_credit_outcome
2025-12-01,farmer:431001:020,431001,0,0,2.0,0.0,simulator_rule_not_real_credit_outcome
2025-12-01,farmer:431001:021,431001,0,0,2.0,0.0,simulator_rule_not_real_credit_outcome
2025-12-01,farmer:431001:022,431001,0,0,2.0,0.0,simulator_rule_not_real_credit_outcome
2025-12-01,farmer:431001:023,431001,0,0,2.0,0.0,simulator_rule_not_real_credit_outcome
2025-12-01,farmer:431001:024,431001,1,0,0.0,0.0,simulator_rule_not_real_credit_outcome
2025-12-01,farmer:431001:025,431001,0,0,2.0,0.0,simulator_rule_not_real_credit_outcome
2025-12-01,farmer:431001:026,431001,0,0,2.0,0.0,simulator_rule_not_real_credit_outcome
2025-12-01,farmer:431001:027,431001,0,0,2.0,0.0,simulator_rule_not_real_credit_outcome
2025-12-01,farmer:431001:028,431001,0,0,1.3534,0.0,simulator_rule_not_real_credit_outcome
2025-12-01,farmer:431001:029,431001,0,0,2.0,0.0,simulator_rule_not_real_credit_outcome
2025-12-01,farmer:431001:030,431001,0,0,2.0,0.0,simulator_rule_not_real_credit_outcome
2025-12-01,farmer:431001:031,431001,0,0,2.0,0.0,simulator_rule_not_real_credit_outcome
2025-12-01,farmer:431001:032,431001,0,0,2.0,0.0,simulator_rule_not_real_credit_outcome
2025-12-01,farmer:431001:033,431001,0,0,2.0,0.0,simulator_rule_not_real_credit_outcome
2025-12-01,farmer:431001:034,431001,0,0,2.0,0.0,simulator_rule_not_real_credit_outcome
2025-12-01,farmer:431001:035,431001,0,0,2.0,0.0,simulator_rule_not_real_credit_outcome
2025-12-01,farmer:440001:001,440001,0,0,2.0,0.0,simulator_rule_not_real_credit_outcome
2025-12-01,farmer:440001:002,440001,0,0,2.0,0.0,simulator_rule_not_real_credit_outcome
2025-12-01,farmer:440001:003,440001,0,0,2.0,0.0,simulator_rule_not_real_credit_outcome
2025-12-01,farmer:440001:004,440001,0,0,2.0,0.0,simulator_rule_not_real_credit_outcome
2025-12-01,farmer:440001:005,440001,0,0,2.0,0.0,simulator_rule_not_real_credit_outcome
2025-12-01,farmer:440001:006,440001,0,0,2.0,0.0,simulator_rule_not_real_credit_outcome
2025-12-01,farmer:440001:007,440001,0,0,2.0,0.0,simulator_rule_not_real_credit_outcome
2025-12-01,farmer:440001:008,440001,0,0,2.0,0.0,simulator_rule_not_real_credit_outcome
2025-12-01,farmer:440001:009,440001,0,0,2.0,0.0,simulator_rule_not_real_credit_outcome
2025-12-01,farmer:440001:010,440001,0,0,2.0,0.0,simulator_rule_not_real_credit_outcome
2025-12-01,farmer:440001:011,440001,0,0,2.0,0.0,simulator_rule_not_real_credit_outcome
2025-12-01,farmer:440001:012,440001,0,0,2.0,0.0,simulator_rule_not_real_credit_outcome
2025-12-01,farmer:440001:013,440001,0,0,2.0,0.0,simulator_rule_not_real_credit_outcome
2025-12-01,farmer:440001:014,440001,0,0,2.0,0.0,simulator_rule_not_real_credit_outcome
2025-12-01,farmer:440001:015,440001,0,0,2.0,0.0,simulator_rule_not_real_credit_outcome
2025-12-01,farmer:440001:016,440001,1,1,0.0,0.0,simulator_rule_not_real_credit_outcome
2025-12-01,farmer:440001:017,440001,0,0,2.0,0.0,simulator_rule_not_real_credit_outcome
2025-12-01,farmer:440001:018,440001,0,0,2.0,0.0,simulator_rule_not_real_credit_outcome
2025-12-01,farmer:440001:019,440001,0,0,2.0,0.0,simulator_rule_not_real_credit_outcome
2025-12-01,farmer:440001:020,440001,0,0,2.0,0.0,simulator_rule_not_real_credit_outcome
2025-12-01,farmer:440001:021,440001,0,0,2.0,0.0,simulator_rule_not_real_credit_outcome
2025-12-01,farmer:440001:022,440001,1,1,0.0,0.0,simulator_rule_not_real_credit_outcome
2025-12-01,farmer:440001:023,440001,0,0,2.0,0.0,simulator_rule_not_real_credit_outcome
2025-12-01,farmer:440001:024,440001,0,0,2.0,0.0,simulator_rule_not_real_credit_outcome
2025-12-01,farmer:440001:025,440001,0,0,2.0,0.0,simulator_rule_not_real_credit_outcome
2025-12-01,farmer:440001:026,440001,0,0,2.0,0.0,simulator_rule_not_real_credit_outcome
2025-12-01,farmer:440001:027,440001,0,0,2.0,0.0,simulator_rule_not_real_credit_outcome
2025-12-01,farmer:440001:028,440001,0,0,2.0,0.0,simulator_rule_not_real_credit_outcome
2025-12-01,farmer:440001:029,440001,0,0,2.0,0.0,simulator_rule_not_real_credit_outcome
2025-12-01,farmer:440001:030,440001,0,0,2.0,0.0,simulator_rule_not_real_credit_outcome
2025-12-01,farmer:440001:031,440001,0,0,2.0,0.0,simulator_rule_not_real_credit_outcome
2025-12-01,farmer:440001:032,440001,1,0,0.0,0.0,simulator_rule_not_real_credit_outcome
2025-12-01,farmer:440001:033,440001,0,0,2.0,0.0,simulator_rule_not_real_credit_outcome
2025-12-01,farmer:440001:034,440001,0,0,2.0,0.0,simulator_rule_not_real_credit_outcome
2025-12-01,farmer:440001:035,440001,0,0,2.0,0.0,simulator_rule_not_real_credit_outcome
2026-01-01,farmer:413001:001,413001,1,1,0.0,0.0,simulator_rule_not_real_credit_outcome
2026-01-01,farmer:413001:002,413001,0,0,2.0,0.0,simulator_rule_not_real_credit_outcome
2026-01-01,farmer:413001:003,413001,1,1,0.0,0.0,simulator_rule_not_real_credit_outcome
2026-01-01,farmer:413001:004,413001,0,0,2.0,0.0,simulator_rule_not_real_credit_outcome
2026-01-01,farmer:413001:005,413001,0,0,2.0,0.0,simulator_rule_not_real_credit_outcome
2026-01-01,farmer:413001:006,413001,0,0,2.0,0.0,simulator_rule_not_real_credit_outcome
2026-01-01,farmer:413001:007,413001,0,0,2.0,0.0,simulator_rule_not_real_credit_outcome
2026-01-01,farmer:413001:008,413001,1,0,0.0,0.0,simulator_rule_not_real_credit_outcome
2026-01-01,farmer:413001:009,413001,0,0,0.685,0.0,simulator_rule_not_real_credit_outcome
2026-01-01,farmer:413001:010,413001,0,0,2.0,0.0,simulator_rule_not_real_credit_outcome
2026-01-01,farmer:413001:011,413001,0,0,2.0,0.0,simulator_rule_not_real_credit_outcome
2026-01-01,farmer:413001:012,413001,0,0,2.0,0.0,simulator_rule_not_real_credit_outcome
2026-01-01,farmer:413001:013,413001,0,0,2.0,0.0,simulator_rule_not_real_credit_outcome
2026-01-01,farmer:413001:014,413001,0,0,2.0,0.0,simulator_rule_not_real_credit_outcome
2026-01-01,farmer:413001:015,413001,1,0,0.0,0.0,simulator_rule_not_real_credit_outcome
2026-01-01,farmer:413001:016,413001,1,1,0.0,0.0,simulator_rule_not_real_credit_outcome
2026-01-01,farmer:413001:017,413001,0,0,2.0,0.0,simulator_rule_not_real_credit_outcome
2026-01-01,farmer:413001:018,413001,0,0,2.0,0.0,simulator_rule_not_real_credit_outcome
2026-01-01,farmer:413001:019,413001,0,0,2.0,0.0,simulator_rule_not_real_credit_outcome
2026-01-01,farmer:413001:020,413001,1,1,0.0,0.0,simulator_rule_not_real_credit_outcome
2026-01-01,farmer:413001:021,413001,0,0,2.0,0.0,simulator_rule_not_real_credit_outcome
2026-01-01,farmer:413001:022,413001,0,0,2.0,0.0,simulator_rule_not_real_credit_outcome
2026-01-01,farmer:413001:023,413001,1,1,0.0,0.0,simulator_rule_not_real_credit_outcome
2026-01-01,farmer:413001:024,413001,0,0,2.0,0.0,simulator_rule_not_real_credit_outcome
2026-01-01,farmer:413001:025,413001,0,0,2.0,0.0,simulator_rule_not_real_credit_outcome
2026-01-01,farmer:413001:026,413001,0,0,2.0,0.0,simulator_rule_not_real_credit_outcome
2026-01-01,farmer:413001:027,413001,0,0,2.0,0.0,simulator_rule_not_real_credit_outcome
2026-01-01,farmer:413001:028,413001,0,0,2.0,0.0,simulator_rule_not_real_credit_outcome
2026-01-01,farmer:413001:029,413001,0,0,2.0,0.0,simulator_rule_not_real_credit_outcome
2026-01-01,farmer:413001:030,413001,1,1,0.0,0.0,simulator_rule_not_real_credit_outcome
2026-01-01,farmer:413001:031,413001,0,0,2.0,0.0,simulator_rule_not_real_credit_outcome
2026-01-01,farmer:413001:032,413001,1,1,0.0,0.0,simulator_rule_not_real_credit_outcome
2026-01-01,farmer:413001:033,413001,0,0,2.0,0.0,simulator_rule_not_real_credit_outcome
2026-01-01,farmer:413001:034,413001,1,0,0.0,0.0,simulator_rule_not_real_credit_outcome
2026-01-01,farmer:413001:035,413001,0,0,2.0,0.0,simulator_rule_not_real_credit_outcome
2026-01-01,farmer:431001:001,431001,1,1,0.0,0.0,simulator_rule_not_real_credit_outcome
2026-01-01,farmer:431001:002,431001,0,0,2.0,0.0,simulator_rule_not_real_credit_outcome
2026-01-01,farmer:431001:003,431001,0,0,2.0,0.0,simulator_rule_not_real_credit_outcome
2026-01-01,farmer:431001:004,431001,0,0,2.0,0.0,simulator_rule_not_real_credit_outcome
2026-01-01,farmer:431001:005,431001,0,0,2.0,0.0,simulator_rule_not_real_credit_outcome
2026-01-01,farmer:431001:006,431001,0,0,2.0,0.0,simulator_rule_not_real_credit_outcome
2026-01-01,farmer:431001:007,431001,1,1,0.0,0.0,simulator_rule_not_real_credit_outcome
2026-01-01,farmer:431001:008,431001,0,0,2.0,0.0,simulator_rule_not_real_credit_outcome
2026-01-01,farmer:431001:009,431001,1,0,0.0,0.0,simulator_rule_not_real_credit_outcome
2026-01-01,farmer:431001:010,431001,0,0,2.0,0.0,simulator_rule_not_real_credit_outcome
2026-01-01,farmer:431001:011,431001,0,0,2.0,0.0,simulator_rule_not_real_credit_outcome
2026-01-01,farmer:431001:012,431001,0,0,1.91,0.0,simulator_rule_not_real_credit_outcome
2026-01-01,farmer:431001:013,431001,0,0,2.0,0.0,simulator_rule_not_real_credit_outcome
2026-01-01,farmer:431001:014,431001,0,0,2.0,0.0,simulator_rule_not_real_credit_outcome
2026-01-01,farmer:431001:015,431001,1,1,0.0,0.0,simulator_rule_not_real_credit_outcome
2026-01-01,farmer:431001:016,431001,0,0,2.0,0.0,simulator_rule_not_real_credit_outcome
2026-01-01,farmer:431001:017,431001,1,1,0.0,0.0,simulator_rule_not_real_credit_outcome
2026-01-01,farmer:431001:018,431001,0,0,2.0,0.0,simulator_rule_not_real_credit_outcome
2026-01-01,farmer:431001:019,431001,0,0,0.0053,0.0,simulator_rule_not_real_credit_outcome
2026-01-01,farmer:431001:020,431001,0,0,2.0,0.0,simulator_rule_not_real_credit_outcome
2026-01-01,farmer:431001:021,431001,0,0,2.0,0.0,simulator_rule_not_real_credit_outcome
2026-01-01,farmer:431001:022,431001,0,0,2.0,0.0,simulator_rule_not_real_credit_outcome
2026-01-01,farmer:431001:023,431001,0,0,2.0,0.0,simulator_rule_not_real_credit_outcome
2026-01-01,farmer:431001:024,431001,1,1,0.0,0.0,simulator_rule_not_real_credit_outcome
2026-01-01,farmer:431001:025,431001,0,0,2.0,0.0,simulator_rule_not_real_credit_outcome
2026-01-01,farmer:431001:026,431001,0,0,2.0,0.0,simulator_rule_not_real_credit_outcome
2026-01-01,farmer:431001:027,431001,0,0,2.0,0.0,simulator_rule_not_real_credit_outcome
2026-01-01,farmer:431001:028,431001,1,0,0.0,0.0,simulator_rule_not_real_credit_outcome
2026-01-01,farmer:431001:029,431001,0,0,2.0,0.0,simulator_rule_not_real_credit_outcome
2026-01-01,farmer:431001:030,431001,0,0,2.0,0.0,simulator_rule_not_real_credit_outcome
2026-01-01,farmer:431001:031,431001,0,0,2.0,0.0,simulator_rule_not_real_credit_outcome
2026-01-01,farmer:431001:032,431001,0,0,2.0,0.0,simulator_rule_not_real_credit_outcome
2026-01-01,farmer:431001:033,431001,0,0,2.0,0.0,simulator_rule_not_real_credit_outcome
2026-01-01,farmer:431001:034,431001,0,0,1.7901,0.0,simulator_rule_not_real_credit_outcome
2026-01-01,farmer:431001:035,431001,0,0,2.0,0.0,simulator_rule_not_real_credit_outcome
2026-01-01,farmer:440001:001,440001,0,0,2.0,0.0,simulator_rule_not_real_credit_outcome
2026-01-01,farmer:440001:002,440001,0,0,2.0,0.0,simulator_rule_not_real_credit_outcome
2026-01-01,farmer:440001:003,440001,0,0,2.0,0.0,simulator_rule_not_real_credit_outcome
2026-01-01,farmer:440001:004,440001,0,0,2.0,0.0,simulator_rule_not_real_credit_outcome
2026-01-01,farmer:440001:005,440001,0,0,2.0,0.0,simulator_rule_not_real_credit_outcome
2026-01-01,farmer:440001:006,440001,0,0,2.0,0.0,simulator_rule_not_real_credit_outcome
2026-01-01,farmer:440001:007,440001,0,0,2.0,0.0,simulator_rule_not_real_credit_outcome
2026-01-01,farmer:440001:008,440001,0,0,2.0,0.0,simulator_rule_not_real_credit_outcome
2026-01-01,farmer:440001:009,440001,0,0,2.0,0.0,simulator_rule_not_real_credit_outcome
2026-01-01,farmer:440001:010,440001,0,0,2.0,0.0,simulator_rule_not_real_credit_outcome
2026-01-01,farmer:440001:011,440001,0,0,2.0,0.0,simulator_rule_not_real_credit_outcome
2026-01-01,farmer:440001:012,440001,0,0,2.0,0.0,simulator_rule_not_real_credit_outcome
2026-01-01,farmer:440001:013,440001,0,0,2.0,0.0,simulator_rule_not_real_credit_outcome
2026-01-01,farmer:440001:014,440001,0,0,2.0,0.0,simulator_rule_not_real_credit_outcome
2026-01-01,farmer:440001:015,440001,0,0,2.0,0.0,simulator_rule_not_real_credit_outcome
2026-01-01,farmer:440001:016,440001,1,1,0.0,0.0,simulator_rule_not_real_credit_outcome
2026-01-01,farmer:440001:017,440001,0,0,2.0,0.0,simulator_rule_not_real_credit_outcome
2026-01-01,farmer:440001:018,440001,1,0,0.0,0.0,simulator_rule_not_real_credit_outcome
2026-01-01,farmer:440001:019,440001,0,0,2.0,0.0,simulator_rule_not_real_credit_outcome
2026-01-01,farmer:440001:020,440001,0,0,2.0,0.0,simulator_rule_not_real_credit_outcome
2026-01-01,farmer:440001:021,440001,0,0,2.0,0.0,simulator_rule_not_real_credit_outcome
2026-01-01,farmer:440001:022,440001,1,1,0.0,0.0,simulator_rule_not_real_credit_outcome
2026-01-01,farmer:440001:023,440001,0,0,2.0,0.0,simulator_rule_not_real_credit_outcome
2026-01-01,farmer:440001:024,440001,0,0,2.0,0.0,simulator_rule_not_real_credit_outcome
2026-01-01,farmer:440001:025,440001,0,0,2.0,0.0,simulator_rule_not_real_credit_outcome
2026-01-01,farmer:440001:026,440001,0,0,2.0,0.0,simulator_rule_not_real_credit_outcome
2026-01-01,farmer:440001:027,440001,1,0,0.0,0.0,simulator_rule_not_real_credit_outcome
2026-01-01,farmer:440001:028,440001,0,0,2.0,0.0,simulator_rule_not_real_credit_outcome
2026-01-01,farmer:440001:029,440001,0,0,2.0,0.0,simulator_rule_not_real_credit_outcome
2026-01-01,farmer:440001:030,440001,0,0,2.0,0.0,simulator_rule_not_real_credit_outcome
2026-01-01,farmer:440001:031,440001,0,0,2.0,0.0,simulator_rule_not_real_credit_outcome
2026-01-01,farmer:440001:032,440001,1,1,0.0,0.0,simulator_rule_not_real_credit_outcome
2026-01-01,farmer:440001:033,440001,0,0,2.0,0.0,simulator_rule_not_real_credit_outcome
2026-01-01,farmer:440001:034,440001,0,0,2.0,0.0,simulator_rule_not_real_credit_outcome
2026-01-01,farmer:440001:035,440001,0,0,2.0,0.0,simulator_rule_not_real_credit_outcome
2026-02-01,farmer:413001:001,413001,1,1,0.0,0.0,simulator_rule_not_real_credit_outcome
2026-02-01,farmer:413001:002,413001,0,0,2.0,0.0,simulator_rule_not_real_credit_outcome
2026-02-01,farmer:413001:003,413001,1,1,0.0,0.0,simulator_rule_not_real_credit_outcome
2026-02-01,farmer:413001:004,413001,0,0,0.9495,0.0,simulator_rule_not_real_credit_outcome
2026-02-01,farmer:413001:005,413001,0,0,2.0,0.0,simulator_rule_not_real_credit_outcome
2026-02-01,farmer:413001:006,413001,0,0,1.1049,0.0,simulator_rule_not_real_credit_outcome
2026-02-01,farmer:413001:007,413001,1,0,0.0,0.0,simulator_rule_not_real_credit_outcome
2026-02-01,farmer:413001:008,413001,1,1,0.0,0.0,simulator_rule_not_real_credit_outcome
2026-02-01,farmer:413001:009,413001,1,0,0.0,0.0,simulator_rule_not_real_credit_outcome
2026-02-01,farmer:413001:010,413001,0,0,2.0,0.0,simulator_rule_not_real_credit_outcome
2026-02-01,farmer:413001:011,413001,0,0,2.0,0.0,simulator_rule_not_real_credit_outcome
2026-02-01,farmer:413001:012,413001,0,0,2.0,0.0,simulator_rule_not_real_credit_outcome
2026-02-01,farmer:413001:013,413001,0,0,2.0,0.0,simulator_rule_not_real_credit_outcome
2026-02-01,farmer:413001:014,413001,0,0,2.0,0.0,simulator_rule_not_real_credit_outcome
2026-02-01,farmer:413001:015,413001,1,1,0.0,0.0,simulator_rule_not_real_credit_outcome
2026-02-01,farmer:413001:016,413001,1,1,0.0,0.0,simulator_rule_not_real_credit_outcome
2026-02-01,farmer:413001:017,413001,0,0,2.0,0.0,simulator_rule_not_real_credit_outcome
2026-02-01,farmer:413001:018,413001,0,0,2.0,0.0,simulator_rule_not_real_credit_outcome
2026-02-01,farmer:413001:019,413001,0,0,2.0,0.0,simulator_rule_not_real_credit_outcome
2026-02-01,farmer:413001:020,413001,1,1,0.0,0.0,simulator_rule_not_real_credit_outcome
2026-02-01,farmer:413001:021,413001,0,0,2.0,0.0,simulator_rule_not_real_credit_outcome
2026-02-01,farmer:413001:022,413001,0,0,2.0,0.0,simulator_rule_not_real_credit_outcome
2026-02-01,farmer:413001:023,413001,1,1,0.0,0.0,simulator_rule_not_real_credit_outcome
2026-02-01,farmer:413001:024,413001,0,0,2.0,0.0,simulator_rule_not_real_credit_outcome
2026-02-01,farmer:413001:025,413001,0,0,2.0,0.0,simulator_rule_not_real_credit_outcome
2026-02-01,farmer:413001:026,413001,0,0,2.0,0.0,simulator_rule_not_real_credit_outcome
2026-02-01,farmer:413001:027,413001,0,0,2.0,0.0,simulator_rule_not_real_credit_outcome
2026-02-01,farmer:413001:028,413001,0,0,2.0,0.0,simulator_rule_not_real_credit_outcome
2026-02-01,farmer:413001:029,413001,0,0,2.0,0.0,simulator_rule_not_real_credit_outcome
2026-02-01,farmer:413001:030,413001,1,1,0.0,0.0,simulator_rule_not_real_credit_outcome
2026-02-01,farmer:413001:031,413001,0,0,2.0,0.0,simulator_rule_not_real_credit_outcome
2026-02-01,farmer:413001:032,413001,1,1,0.0,0.0,simulator_rule_not_real_credit_outcome
2026-02-01,farmer:413001:033,413001,0,0,2.0,0.0,simulator_rule_not_real_credit_outcome
2026-02-01,farmer:413001:034,413001,1,1,0.0,0.0,simulator_rule_not_real_credit_outcome
2026-02-01,farmer:413001:035,413001,0,0,2.0,0.0,simulator_rule_not_real_credit_outcome
2026-02-01,farmer:431001:001,431001,1,1,0.0,0.0,simulator_rule_not_real_credit_outcome
2026-02-01,farmer:431001:002,431001,0,0,2.0,0.0,simulator_rule_not_real_credit_outcome
2026-02-01,farmer:431001:003,431001,0,0,2.0,0.0,simulator_rule_not_real_credit_outcome
2026-02-01,farmer:431001:004,431001,0,0,2.0,0.0,simulator_rule_not_real_credit_outcome
2026-02-01,farmer:431001:005,431001,0,0,2.0,0.0,simulator_rule_not_real_credit_outcome
2026-02-01,farmer:431001:006,431001,0,0,2.0,0.0,simulator_rule_not_real_credit_outcome
2026-02-01,farmer:431001:007,431001,1,1,0.0,0.0,simulator_rule_not_real_credit_outcome
2026-02-01,farmer:431001:008,431001,0,0,2.0,0.0,simulator_rule_not_real_credit_outcome
2026-02-01,farmer:431001:009,431001,1,1,0.0,0.0,simulator_rule_not_real_credit_outcome
2026-02-01,farmer:431001:010,431001,0,0,2.0,0.0,simulator_rule_not_real_credit_outcome
2026-02-01,farmer:431001:011,431001,0,0,2.0,0.0,simulator_rule_not_real_credit_outcome
2026-02-01,farmer:431001:012,431001,1,0,0.0,0.0,simulator_rule_not_real_credit_outcome
2026-02-01,farmer:431001:013,431001,0,0,2.0,0.0,simulator_rule_not_real_credit_outcome
2026-02-01,farmer:431001:014,431001,0,0,2.0,0.0,simulator_rule_not_real_credit_outcome
2026-02-01,farmer:431001:015,431001,1,1,0.0,0.0,simulator_rule_not_real_credit_outcome
2026-02-01,farmer:431001:016,431001,0,0,2.0,0.0,simulator_rule_not_real_credit_outcome
2026-02-01,farmer:431001:017,431001,1,1,0.0,0.0,simulator_rule_not_real_credit_outcome
2026-02-01,farmer:431001:018,431001,0,0,2.0,0.0,simulator_rule_not_real_credit_outcome
2026-02-01,farmer:431001:019,431001,1,0,0.0,0.0,simulator_rule_not_real_credit_outcome
2026-02-01,farmer:431001:020,431001,0,0,2.0,0.0,simulator_rule_not_real_credit_outcome
2026-02-01,farmer:431001:021,431001,0,0,2.0,0.0,simulator_rule_not_real_credit_outcome
2026-02-01,farmer:431001:022,431001,0,0,2.0,0.0,simulator_rule_not_real_credit_outcome
2026-02-01,farmer:431001:023,431001,0,0,2.0,0.0,simulator_rule_not_real_credit_outcome
2026-02-01,farmer:431001:024,431001,1,1,0.0,0.0,simulator_rule_not_real_credit_outcome
2026-02-01,farmer:431001:025,431001,0,0,2.0,0.0,simulator_rule_not_real_credit_outcome
2026-02-01,farmer:431001:026,431001,0,0,2.0,0.0,simulator_rule_not_real_credit_outcome
2026-02-01,farmer:431001:027,431001,0,0,2.0,0.0,simulator_rule_not_real_credit_outcome
2026-02-01,farmer:431001:028,431001,1,1,0.0,0.0,simulator_rule_not_real_credit_outcome
2026-02-01,farmer:431001:029,431001,0,0,2.0,0.0,simulator_rule_not_real_credit_outcome
2026-02-01,farmer:431001:030,431001,0,0,2.0,0.0,simulator_rule_not_real_credit_outcome
2026-02-01,farmer:431001:031,431001,0,0,2.0,0.0,simulator_rule_not_real_credit_outcome
2026-02-01,farmer:431001:032,431001,0,0,2.0,0.0,simulator_rule_not_real_credit_outcome
2026-02-01,farmer:431001:033,431001,0,0,2.0,0.0,simulator_rule_not_real_credit_outcome
2026-02-01,farmer:431001:034,431001,1,0,0.0,0.0,simulator_rule_not_real_credit_outcome
2026-02-01,farmer:431001:035,431001,0,0,2.0,0.0,simulator_rule_not_real_credit_outcome
2026-02-01,farmer:440001:001,440001,0,0,2.0,0.0,simulator_rule_not_real_credit_outcome
2026-02-01,farmer:440001:002,440001,0,0,2.0,0.0,simulator_rule_not_real_credit_outcome
2026-02-01,farmer:440001:003,440001,0,0,2.0,0.0,simulator_rule_not_real_credit_outcome
2026-02-01,farmer:440001:004,440001,0,0,2.0,0.0,simulator_rule_not_real_credit_outcome
2026-02-01,farmer:440001:005,440001,0,0,2.0,0.0,simulator_rule_not_real_credit_outcome
2026-02-01,farmer:440001:006,440001,0,0,2.0,0.0,simulator_rule_not_real_credit_outcome
2026-02-01,farmer:440001:007,440001,0,0,2.0,0.0,simulator_rule_not_real_credit_outcome
2026-02-01,farmer:440001:008,440001,0,0,2.0,0.0,simulator_rule_not_real_credit_outcome
2026-02-01,farmer:440001:009,440001,0,0,2.0,0.0,simulator_rule_not_real_credit_outcome
2026-02-01,farmer:440001:010,440001,0,0,2.0,0.0,simulator_rule_not_real_credit_outcome
2026-02-01,farmer:440001:011,440001,0,0,2.0,0.0,simulator_rule_not_real_credit_outcome
2026-02-01,farmer:440001:012,440001,0,0,2.0,0.0,simulator_rule_not_real_credit_outcome
2026-02-01,farmer:440001:013,440001,0,0,2.0,0.0,simulator_rule_not_real_credit_outcome
2026-02-01,farmer:440001:014,440001,0,0,2.0,0.0,simulator_rule_not_real_credit_outcome
2026-02-01,farmer:440001:015,440001,0,0,2.0,0.0,simulator_rule_not_real_credit_outcome
2026-02-01,farmer:440001:016,440001,1,1,0.0,0.0,simulator_rule_not_real_credit_outcome
2026-02-01,farmer:440001:017,440001,0,0,2.0,0.0,simulator_rule_not_real_credit_outcome
2026-02-01,farmer:440001:018,440001,1,1,0.0,0.0,simulator_rule_not_real_credit_outcome
2026-02-01,farmer:440001:019,440001,0,0,2.0,0.0,simulator_rule_not_real_credit_outcome
2026-02-01,farmer:440001:020,440001,0,0,2.0,0.0,simulator_rule_not_real_credit_outcome
2026-02-01,farmer:440001:021,440001,0,0,2.0,0.0,simulator_rule_not_real_credit_outcome
2026-02-01,farmer:440001:022,440001,1,1,0.0,0.0,simulator_rule_not_real_credit_outcome
2026-02-01,farmer:440001:023,440001,0,0,2.0,0.0,simulator_rule_not_real_credit_outcome
2026-02-01,farmer:440001:024,440001,0,0,2.0,0.0,simulator_rule_not_real_credit_outcome
2026-02-01,farmer:440001:025,440001,0,0,2.0,0.0,simulator_rule_not_real_credit_outcome
2026-02-01,farmer:440001:026,440001,0,0,2.0,0.0,simulator_rule_not_real_credit_outcome
2026-02-01,farmer:440001:027,440001,1,1,0.0,0.0,simulator_rule_not_real_credit_outcome
2026-02-01,farmer:440001:028,440001,0,0,2.0,0.0,simulator_rule_not_real_credit_outcome
2026-02-01,farmer:440001:029,440001,0,0,2.0,0.0,simulator_rule_not_real_credit_outcome
2026-02-01,farmer:440001:030,440001,0,0,2.0,0.0,simulator_rule_not_real_credit_outcome
2026-02-01,farmer:440001:031,440001,0,0,2.0,0.0,simulator_rule_not_real_credit_outcome
2026-02-01,farmer:440001:032,440001,1,1,0.0,0.0,simulator_rule_not_real_credit_outcome
2026-02-01,farmer:440001:033,440001,0,0,2.0,0.0,simulator_rule_not_real_credit_outcome
2026-02-01,farmer:440001:034,440001,0,0,2.0,0.0,simulator_rule_not_real_credit_outcome
2026-02-01,farmer:440001:035,440001,0,0,2.0,0.0,simulator_rule_not_real_credit_outcome
2026-03-01,farmer:413001:001,413001,1,1,0.0132,0.0,simulator_rule_not_real_credit_outcome
2026-03-01,farmer:413001:002,413001,0,0,2.0,0.0,simulator_rule_not_real_credit_outcome
2026-03-01,farmer:413001:003,413001,1,1,1.1262,0.0,simulator_rule_not_real_credit_outcome
2026-03-01,farmer:413001:004,413001,0,0,2.0,0.0,simulator_rule_not_real_credit_outcome
2026-03-01,farmer:413001:005,413001,0,0,2.0,0.0,simulator_rule_not_real_credit_outcome
2026-03-01,farmer:413001:006,413001,0,0,2.0,0.0,simulator_rule_not_real_credit_outcome
2026-03-01,farmer:413001:007,413001,1,1,0.0,0.0,simulator_rule_not_real_credit_outcome
2026-03-01,farmer:413001:008,413001,1,0,2.0,0.0,simulator_rule_not_real_credit_outcome
2026-03-01,farmer:413001:009,413001,0,0,2.0,0.0,simulator_rule_not_real_credit_outcome
2026-03-01,farmer:413001:010,413001,0,0,2.0,0.0,simulator_rule_not_real_credit_outcome
2026-03-01,farmer:413001:011,413001,0,0,2.0,0.0,simulator_rule_not_real_credit_outcome
2026-03-01,farmer:413001:012,413001,0,0,2.0,0.0,simulator_rule_not_real_credit_outcome
2026-03-01,farmer:413001:013,413001,0,0,2.0,0.0,simulator_rule_not_real_credit_outcome
2026-03-01,farmer:413001:014,413001,0,0,2.0,0.0,simulator_rule_not_real_credit_outcome
2026-03-01,farmer:413001:015,413001,1,0,2.0,0.0,simulator_rule_not_real_credit_outcome
2026-03-01,farmer:413001:016,413001,1,1,1.0391,0.0,simulator_rule_not_real_credit_outcome
2026-03-01,farmer:413001:017,413001,0,0,2.0,0.0,simulator_rule_not_real_credit_outcome
2026-03-01,farmer:413001:018,413001,0,0,2.0,0.0,simulator_rule_not_real_credit_outcome
2026-03-01,farmer:413001:019,413001,0,0,2.0,0.0,simulator_rule_not_real_credit_outcome
2026-03-01,farmer:413001:020,413001,1,1,2.0,0.0,simulator_rule_not_real_credit_outcome
2026-03-01,farmer:413001:021,413001,0,0,2.0,0.0,simulator_rule_not_real_credit_outcome
2026-03-01,farmer:413001:022,413001,0,0,2.0,0.0,simulator_rule_not_real_credit_outcome
2026-03-01,farmer:413001:023,413001,1,1,0.0,0.0,simulator_rule_not_real_credit_outcome
2026-03-01,farmer:413001:024,413001,0,0,2.0,0.0,simulator_rule_not_real_credit_outcome
2026-03-01,farmer:413001:025,413001,0,0,2.0,0.0,simulator_rule_not_real_credit_outcome
2026-03-01,farmer:413001:026,413001,0,0,2.0,0.0,simulator_rule_not_real_credit_outcome
2026-03-01,farmer:413001:027,413001,0,0,2.0,0.0,simulator_rule_not_real_credit_outcome
2026-03-01,farmer:413001:028,413001,0,0,2.0,0.0,simulator_rule_not_real_credit_outcome
2026-03-01,farmer:413001:029,413001,0,0,2.0,0.0,simulator_rule_not_real_credit_outcome
2026-03-01,farmer:413001:030,413001,1,1,1.2315,0.0,simulator_rule_not_real_credit_outcome
2026-03-01,farmer:413001:031,413001,0,0,2.0,0.0,simulator_rule_not_real_credit_outcome
2026-03-01,farmer:413001:032,413001,1,1,1.9104,0.0,simulator_rule_not_real_credit_outcome
2026-03-01,farmer:413001:033,413001,0,0,2.0,0.0,simulator_rule_not_real_credit_outcome
2026-03-01,farmer:413001:034,413001,1,0,0.4735,0.0,simulator_rule_not_real_credit_outcome
2026-03-01,farmer:413001:035,413001,0,0,2.0,0.0,simulator_rule_not_real_credit_outcome
2026-03-01,farmer:431001:001,431001,1,1,0.4456,0.0,simulator_rule_not_real_credit_outcome
2026-03-01,farmer:431001:002,431001,0,0,2.0,0.0,simulator_rule_not_real_credit_outcome
2026-03-01,farmer:431001:003,431001,0,0,2.0,0.0,simulator_rule_not_real_credit_outcome
2026-03-01,farmer:431001:004,431001,0,0,2.0,0.0,simulator_rule_not_real_credit_outcome
2026-03-01,farmer:431001:005,431001,0,0,2.0,0.0,simulator_rule_not_real_credit_outcome
2026-03-01,farmer:431001:006,431001,0,0,2.0,0.0,simulator_rule_not_real_credit_outcome
2026-03-01,farmer:431001:007,431001,1,1,0.0,0.0,simulator_rule_not_real_credit_outcome
2026-03-01,farmer:431001:008,431001,0,0,2.0,0.0,simulator_rule_not_real_credit_outcome
2026-03-01,farmer:431001:009,431001,1,0,2.0,0.0,simulator_rule_not_real_credit_outcome
2026-03-01,farmer:431001:010,431001,0,0,2.0,0.0,simulator_rule_not_real_credit_outcome
2026-03-01,farmer:431001:011,431001,0,0,2.0,0.0,simulator_rule_not_real_credit_outcome
2026-03-01,farmer:431001:012,431001,0,0,1.3516,0.0,simulator_rule_not_real_credit_outcome
2026-03-01,farmer:431001:013,431001,0,0,2.0,0.0,simulator_rule_not_real_credit_outcome
2026-03-01,farmer:431001:014,431001,0,0,2.0,0.0,simulator_rule_not_real_credit_outcome
2026-03-01,farmer:431001:015,431001,1,1,2.0,0.0,simulator_rule_not_real_credit_outcome
2026-03-01,farmer:431001:016,431001,0,0,2.0,0.0,simulator_rule_not_real_credit_outcome
2026-03-01,farmer:431001:017,431001,1,1,2.0,0.0,simulator_rule_not_real_credit_outcome
2026-03-01,farmer:431001:018,431001,0,0,2.0,0.0,simulator_rule_not_real_credit_outcome
2026-03-01,farmer:431001:019,431001,0,0,0.218,0.0,simulator_rule_not_real_credit_outcome
2026-03-01,farmer:431001:020,431001,0,0,2.0,0.0,simulator_rule_not_real_credit_outcome
2026-03-01,farmer:431001:021,431001,0,0,2.0,0.0,simulator_rule_not_real_credit_outcome
2026-03-01,farmer:431001:022,431001,0,0,2.0,0.0,simulator_rule_not_real_credit_outcome
2026-03-01,farmer:431001:023,431001,0,0,2.0,0.0,simulator_rule_not_real_credit_outcome
2026-03-01,farmer:431001:024,431001,1,1,2.0,0.0,simulator_rule_not_real_credit_outcome
2026-03-01,farmer:431001:025,431001,0,0,2.0,0.0,simulator_rule_not_real_credit_outcome
2026-03-01,farmer:431001:026,431001,0,0,2.0,0.0,simulator_rule_not_real_credit_outcome
2026-03-01,farmer:431001:027,431001,0,0,2.0,0.0,simulator_rule_not_real_credit_outcome
2026-03-01,farmer:431001:028,431001,1,0,2.0,0.0,simulator_rule_not_real_credit_outcome
2026-03-01,farmer:431001:029,431001,0,0,2.0,0.0,simulator_rule_not_real_credit_outcome
2026-03-01,farmer:431001:030,431001,0,0,2.0,0.0,simulator_rule_not_real_credit_outcome
2026-03-01,farmer:431001:031,431001,0,0,2.0,0.0,simulator_rule_not_real_credit_outcome
2026-03-01,farmer:431001:032,431001,0,0,2.0,0.0,simulator_rule_not_real_credit_outcome
2026-03-01,farmer:431001:033,431001,0,0,2.0,0.0,simulator_rule_not_real_credit_outcome
2026-03-01,farmer:431001:034,431001,0,0,2.0,0.0,simulator_rule_not_real_credit_outcome
2026-03-01,farmer:431001:035,431001,0,0,2.0,0.0,simulator_rule_not_real_credit_outcome
2026-03-01,farmer:440001:001,440001,0,0,2.0,0.0,simulator_rule_not_real_credit_outcome
2026-03-01,farmer:440001:002,440001,0,0,2.0,0.0,simulator_rule_not_real_credit_outcome
2026-03-01,farmer:440001:003,440001,0,0,2.0,0.0,simulator_rule_not_real_credit_outcome
2026-03-01,farmer:440001:004,440001,0,0,2.0,0.0,simulator_rule_not_real_credit_outcome
2026-03-01,farmer:440001:005,440001,0,0,2.0,0.0,simulator_rule_not_real_credit_outcome
2026-03-01,farmer:440001:006,440001,0,0,2.0,0.0,simulator_rule_not_real_credit_outcome
2026-03-01,farmer:440001:007,440001,0,0,2.0,0.0,simulator_rule_not_real_credit_outcome
2026-03-01,farmer:440001:008,440001,0,0,2.0,0.0,simulator_rule_not_real_credit_outcome
2026-03-01,farmer:440001:009,440001,0,0,2.0,0.0,simulator_rule_not_real_credit_outcome
2026-03-01,farmer:440001:010,440001,0,0,2.0,0.0,simulator_rule_not_real_credit_outcome
2026-03-01,farmer:440001:011,440001,0,0,2.0,0.0,simulator_rule_not_real_credit_outcome
2026-03-01,farmer:440001:012,440001,0,0,2.0,0.0,simulator_rule_not_real_credit_outcome
2026-03-01,farmer:440001:013,440001,0,0,2.0,0.0,simulator_rule_not_real_credit_outcome
2026-03-01,farmer:440001:014,440001,0,0,2.0,0.0,simulator_rule_not_real_credit_outcome
2026-03-01,farmer:440001:015,440001,0,0,2.0,0.0,simulator_rule_not_real_credit_outcome
2026-03-01,farmer:440001:016,440001,1,1,1.3493,0.0,simulator_rule_not_real_credit_outcome
2026-03-01,farmer:440001:017,440001,0,0,2.0,0.0,simulator_rule_not_real_credit_outcome
2026-03-01,farmer:440001:018,440001,1,0,2.0,0.0,simulator_rule_not_real_credit_outcome
2026-03-01,farmer:440001:019,440001,0,0,2.0,0.0,simulator_rule_not_real_credit_outcome
2026-03-01,farmer:440001:020,440001,0,0,2.0,0.0,simulator_rule_not_real_credit_outcome
2026-03-01,farmer:440001:021,440001,0,0,2.0,0.0,simulator_rule_not_real_credit_outcome
2026-03-01,farmer:440001:022,440001,1,1,1.5008,0.0,simulator_rule_not_real_credit_outcome
2026-03-01,farmer:440001:023,440001,0,0,2.0,0.0,simulator_rule_not_real_credit_outcome
2026-03-01,farmer:440001:024,440001,0,0,2.0,0.0,simulator_rule_not_real_credit_outcome
2026-03-01,farmer:440001:025,440001,0,0,2.0,0.0,simulator_rule_not_real_credit_outcome
2026-03-01,farmer:440001:026,440001,0,0,2.0,0.0,simulator_rule_not_real_credit_outcome
2026-03-01,farmer:440001:027,440001,1,0,2.0,0.0,simulator_rule_not_real_credit_outcome
2026-03-01,farmer:440001:028,440001,0,0,2.0,0.0,simulator_rule_not_real_credit_outcome
2026-03-01,farmer:440001:029,440001,0,0,2.0,0.0,simulator_rule_not_real_credit_outcome
2026-03-01,farmer:440001:030,440001,0,0,2.0,0.0,simulator_rule_not_real_credit_outcome
2026-03-01,farmer:440001:031,440001,0,0,2.0,0.0,simulator_rule_not_real_credit_outcome
2026-03-01,farmer:440001:032,440001,1,1,0.8119,0.0,simulator_rule_not_real_credit_outcome
2026-03-01,farmer:440001:033,440001,0,0,2.0,0.0,simulator_rule_not_real_credit_outcome
2026-03-01,farmer:440001:034,440001,0,0,2.0,0.0,simulator_rule_not_real_credit_outcome
2026-03-01,farmer:440001:035,440001,0,0,2.0,0.0,simulator_rule_not_real_credit_outcome
2026-04-01,farmer:413001:001,413001,1,1,0.0,0.0,simulator_rule_not_real_credit_outcome
2026-04-01,farmer:413001:002,413001,0,0,2.0,0.0,simulator_rule_not_real_credit_outcome
2026-04-01,farmer:413001:003,413001,1,0,1.222,0.0,simulator_rule_not_real_credit_outcome
2026-04-01,farmer:413001:004,413001,0,0,2.0,0.0,simulator_rule_not_real_credit_outcome
2026-04-01,farmer:413001:005,413001,0,0,2.0,0.0,simulator_rule_not_real_credit_outcome
2026-04-01,farmer:413001:006,413001,0,0,2.0,0.0,simulator_rule_not_real_credit_outcome
2026-04-01,farmer:413001:007,413001,1,1,0.0,0.0,simulator_rule_not_real_credit_outcome
2026-04-01,farmer:413001:008,413001,0,0,2.0,0.0,simulator_rule_not_real_credit_outcome
2026-04-01,farmer:413001:009,413001,0,0,2.0,0.0,simulator_rule_not_real_credit_outcome
2026-04-01,farmer:413001:010,413001,0,0,2.0,0.0,simulator_rule_not_real_credit_outcome
2026-04-01,farmer:413001:011,413001,0,0,2.0,0.0,simulator_rule_not_real_credit_outcome
2026-04-01,farmer:413001:012,413001,0,0,2.0,0.0,simulator_rule_not_real_credit_outcome
2026-04-01,farmer:413001:013,413001,0,0,2.0,0.0,simulator_rule_not_real_credit_outcome
2026-04-01,farmer:413001:014,413001,0,0,2.0,0.0,simulator_rule_not_real_credit_outcome
2026-04-01,farmer:413001:015,413001,0,0,2.0,0.0,simulator_rule_not_real_credit_outcome
2026-04-01,farmer:413001:016,413001,1,0,0.2785,0.0,simulator_rule_not_real_credit_outcome
2026-04-01,farmer:413001:017,413001,0,0,2.0,0.0,simulator_rule_not_real_credit_outcome
2026-04-01,farmer:413001:018,413001,0,0,2.0,0.0,simulator_rule_not_real_credit_outcome
2026-04-01,farmer:413001:019,413001,0,0,2.0,0.0,simulator_rule_not_real_credit_outcome
2026-04-01,farmer:413001:020,413001,1,0,2.0,0.0,simulator_rule_not_real_credit_outcome
2026-04-01,farmer:413001:021,413001,0,0,2.0,0.0,simulator_rule_not_real_credit_outcome
2026-04-01,farmer:413001:022,413001,0,0,2.0,0.0,simulator_rule_not_real_credit_outcome
2026-04-01,farmer:413001:023,413001,1,1,0.0,0.0,simulator_rule_not_real_credit_outcome
2026-04-01,farmer:413001:024,413001,0,0,2.0,0.0,simulator_rule_not_real_credit_outcome
2026-04-01,farmer:413001:025,413001,0,0,2.0,0.0,simulator_rule_not_real_credit_outcome
2026-04-01,farmer:413001:026,413001,0,0,2.0,0.0,simulator_rule_not_real_credit_outcome
2026-04-01,farmer:413001:027,413001,0,0,2.0,0.0,simulator_rule_not_real_credit_outcome
2026-04-01,farmer:413001:028,413001,0,0,2.0,0.0,simulator_rule_not_real_credit_outcome
2026-04-01,farmer:413001:029,413001,0,0,2.0,0.0,simulator_rule_not_real_credit_outcome
2026-04-01,farmer:413001:030,413001,1,1,0.3279,0.0,simulator_rule_not_real_credit_outcome
2026-04-01,farmer:413001:031,413001,0,0,2.0,0.0,simulator_rule_not_real_credit_outcome
2026-04-01,farmer:413001:032,413001,1,0,2.0,0.0,simulator_rule_not_real_credit_outcome
2026-04-01,farmer:413001:033,413001,0,0,2.0,0.0,simulator_rule_not_real_credit_outcome
2026-04-01,farmer:413001:034,413001,0,0,0.523,0.0,simulator_rule_not_real_credit_outcome
2026-04-01,farmer:413001:035,413001,0,0,2.0,0.0,simulator_rule_not_real_credit_outcome
2026-04-01,farmer:431001:001,431001,1,0,2.0,0.0,simulator_rule_not_real_credit_outcome
2026-04-01,farmer:431001:002,431001,0,0,2.0,0.0,simulator_rule_not_real_credit_outcome
2026-04-01,farmer:431001:003,431001,0,0,2.0,0.0,simulator_rule_not_real_credit_outcome
2026-04-01,farmer:431001:004,431001,0,0,2.0,0.0,simulator_rule_not_real_credit_outcome
2026-04-01,farmer:431001:005,431001,0,0,2.0,0.0,simulator_rule_not_real_credit_outcome
2026-04-01,farmer:431001:006,431001,0,0,2.0,0.0,simulator_rule_not_real_credit_outcome
2026-04-01,farmer:431001:007,431001,1,1,0.0,0.0,simulator_rule_not_real_credit_outcome
2026-04-01,farmer:431001:008,431001,0,0,2.0,0.0,simulator_rule_not_real_credit_outcome
2026-04-01,farmer:431001:009,431001,0,0,2.0,0.0,simulator_rule_not_real_credit_outcome
2026-04-01,farmer:431001:010,431001,0,0,2.0,0.0,simulator_rule_not_real_credit_outcome
2026-04-01,farmer:431001:011,431001,0,0,2.0,0.0,simulator_rule_not_real_credit_outcome
2026-04-01,farmer:431001:012,431001,0,0,2.0,0.0,simulator_rule_not_real_credit_outcome
2026-04-01,farmer:431001:013,431001,0,0,2.0,0.0,simulator_rule_not_real_credit_outcome
2026-04-01,farmer:431001:014,431001,0,0,2.0,0.0,simulator_rule_not_real_credit_outcome
2026-04-01,farmer:431001:015,431001,1,0,2.0,0.0,simulator_rule_not_real_credit_outcome
2026-04-01,farmer:431001:016,431001,0,0,2.0,0.0,simulator_rule_not_real_credit_outcome
2026-04-01,farmer:431001:017,431001,1,0,1.0531,0.0,simulator_rule_not_real_credit_outcome
2026-04-01,farmer:431001:018,431001,0,0,2.0,0.0,simulator_rule_not_real_credit_outcome
2026-04-01,farmer:431001:019,431001,1,0,0.0,0.0,simulator_rule_not_real_credit_outcome
2026-04-01,farmer:431001:020,431001,0,0,2.0,0.0,simulator_rule_not_real_credit_outcome
2026-04-01,farmer:431001:021,431001,0,0,2.0,0.0,simulator_rule_not_real_credit_outcome
2026-04-01,farmer:431001:022,431001,0,0,2.0,0.0,simulator_rule_not_real_credit_outcome
2026-04-01,farmer:431001:023,431001,0,0,2.0,0.0,simulator_rule_not_real_credit_outcome
2026-04-01,farmer:431001:024,431001,1,0,2.0,0.0,simulator_rule_not_real_credit_outcome
2026-04-01,farmer:431001:025,431001,0,0,2.0,0.0,simulator_rule_not_real_credit_outcome
2026-04-01,farmer:431001:026,431001,0,0,2.0,0.0,simulator_rule_not_real_credit_outcome
2026-04-01,farmer:431001:027,431001,0,0,2.0,0.0,simulator_rule_not_real_credit_outcome
2026-04-01,farmer:431001:028,431001,0,0,2.0,0.0,simulator_rule_not_real_credit_outcome
2026-04-01,farmer:431001:029,431001,0,0,2.0,0.0,simulator_rule_not_real_credit_outcome
2026-04-01,farmer:431001:030,431001,0,0,2.0,0.0,simulator_rule_not_real_credit_outcome
2026-04-01,farmer:431001:031,431001,0,0,2.0,0.0,simulator_rule_not_real_credit_outcome
2026-04-01,farmer:431001:032,431001,0,0,2.0,0.0,simulator_rule_not_real_credit_outcome
2026-04-01,farmer:431001:033,431001,0,0,2.0,0.0,simulator_rule_not_real_credit_outcome
2026-04-01,farmer:431001:034,431001,0,0,2.0,0.0,simulator_rule_not_real_credit_outcome
2026-04-01,farmer:431001:035,431001,0,0,2.0,0.0,simulator_rule_not_real_credit_outcome
2026-04-01,farmer:440001:001,440001,0,0,2.0,0.0,simulator_rule_not_real_credit_outcome
2026-04-01,farmer:440001:002,440001,0,0,2.0,0.0,simulator_rule_not_real_credit_outcome
2026-04-01,farmer:440001:003,440001,0,0,2.0,0.0,simulator_rule_not_real_credit_outcome
2026-04-01,farmer:440001:004,440001,0,0,2.0,0.0,simulator_rule_not_real_credit_outcome
2026-04-01,farmer:440001:005,440001,0,0,2.0,0.0,simulator_rule_not_real_credit_outcome
2026-04-01,farmer:440001:006,440001,0,0,2.0,0.0,simulator_rule_not_real_credit_outcome
2026-04-01,farmer:440001:007,440001,0,0,2.0,0.0,simulator_rule_not_real_credit_outcome
2026-04-01,farmer:440001:008,440001,0,0,2.0,0.0,simulator_rule_not_real_credit_outcome
2026-04-01,farmer:440001:009,440001,0,0,2.0,0.0,simulator_rule_not_real_credit_outcome
2026-04-01,farmer:440001:010,440001,0,0,2.0,0.0,simulator_rule_not_real_credit_outcome
2026-04-01,farmer:440001:011,440001,0,0,2.0,0.0,simulator_rule_not_real_credit_outcome
2026-04-01,farmer:440001:012,440001,0,0,2.0,0.0,simulator_rule_not_real_credit_outcome
2026-04-01,farmer:440001:013,440001,0,0,2.0,0.0,simulator_rule_not_real_credit_outcome
2026-04-01,farmer:440001:014,440001,0,0,2.0,0.0,simulator_rule_not_real_credit_outcome
2026-04-01,farmer:440001:015,440001,0,0,2.0,0.0,simulator_rule_not_real_credit_outcome
2026-04-01,farmer:440001:016,440001,1,1,0.4208,0.0,simulator_rule_not_real_credit_outcome
2026-04-01,farmer:440001:017,440001,0,0,2.0,0.0,simulator_rule_not_real_credit_outcome
2026-04-01,farmer:440001:018,440001,0,0,2.0,0.0,simulator_rule_not_real_credit_outcome
2026-04-01,farmer:440001:019,440001,0,0,2.0,0.0,simulator_rule_not_real_credit_outcome
2026-04-01,farmer:440001:020,440001,0,0,2.0,0.0,simulator_rule_not_real_credit_outcome
2026-04-01,farmer:440001:021,440001,0,0,2.0,0.0,simulator_rule_not_real_credit_outcome
2026-04-01,farmer:440001:022,440001,1,1,2.0,0.0,simulator_rule_not_real_credit_outcome
2026-04-01,farmer:440001:023,440001,0,0,2.0,0.0,simulator_rule_not_real_credit_outcome
2026-04-01,farmer:440001:024,440001,0,0,2.0,0.0,simulator_rule_not_real_credit_outcome
2026-04-01,farmer:440001:025,440001,0,0,2.0,0.0,simulator_rule_not_real_credit_outcome
2026-04-01,farmer:440001:026,440001,0,0,2.0,0.0,simulator_rule_not_real_credit_outcome
2026-04-01,farmer:440001:027,440001,0,0,2.0,0.0,simulator_rule_not_real_credit_outcome
2026-04-01,farmer:440001:028,440001,0,0,2.0,0.0,simulator_rule_not_real_credit_outcome
2026-04-01,farmer:440001:029,440001,0,0,2.0,0.0,simulator_rule_not_real_credit_outcome
2026-04-01,farmer:440001:030,440001,0,0,2.0,0.0,simulator_rule_not_real_credit_outcome
2026-04-01,farmer:440001:031,440001,0,0,2.0,0.0,simulator_rule_not_real_credit_outcome
2026-04-01,farmer:440001:032,440001,1,0,1.0135,0.0,simulator_rule_not_real_credit_outcome
2026-04-01,farmer:440001:033,440001,0,0,2.0,0.0,simulator_rule_not_real_credit_outcome
2026-04-01,farmer:440001:034,440001,0,0,2.0,0.0,simulator_rule_not_real_credit_outcome
2026-04-01,farmer:440001:035,440001,0,0,2.0,0.0,simulator_rule_not_real_credit_outcome
2026-05-01,farmer:413001:001,413001,1,1,0.0,0.0,simulator_rule_not_real_credit_outcome
2026-05-01,farmer:413001:002,413001,0,0,2.0,0.0,simulator_rule_not_real_credit_outcome
2026-05-01,farmer:413001:003,413001,1,1,0.0,0.0,simulator_rule_not_real_credit_outcome
2026-05-01,farmer:413001:004,413001,0,0,1.72,0.0,simulator_rule_not_real_credit_outcome
2026-05-01,farmer:413001:005,413001,0,0,2.0,0.0,simulator_rule_not_real_credit_outcome
2026-05-01,farmer:413001:006,413001,0,0,1.2656,0.0,simulator_rule_not_real_credit_outcome
2026-05-01,farmer:413001:007,413001,1,1,0.0,0.0,simulator_rule_not_real_credit_outcome
2026-05-01,farmer:413001:008,413001,0,0,2.0,0.0,simulator_rule_not_real_credit_outcome
2026-05-01,farmer:413001:009,413001,0,0,1.7584,0.0,simulator_rule_not_real_credit_outcome
2026-05-01,farmer:413001:010,413001,0,0,2.0,0.0,simulator_rule_not_real_credit_outcome
2026-05-01,farmer:413001:011,413001,0,0,2.0,0.0,simulator_rule_not_real_credit_outcome
2026-05-01,farmer:413001:012,413001,0,0,2.0,0.0,simulator_rule_not_real_credit_outcome
2026-05-01,farmer:413001:013,413001,0,0,2.0,0.0,simulator_rule_not_real_credit_outcome
2026-05-01,farmer:413001:014,413001,0,0,2.0,0.0,simulator_rule_not_real_credit_outcome
2026-05-01,farmer:413001:015,413001,0,0,2.0,0.0,simulator_rule_not_real_credit_outcome
2026-05-01,farmer:413001:016,413001,1,1,0.0,0.0,simulator_rule_not_real_credit_outcome
2026-05-01,farmer:413001:017,413001,0,0,2.0,0.0,simulator_rule_not_real_credit_outcome
2026-05-01,farmer:413001:018,413001,0,0,2.0,0.0,simulator_rule_not_real_credit_outcome
2026-05-01,farmer:413001:019,413001,0,0,2.0,0.0,simulator_rule_not_real_credit_outcome
2026-05-01,farmer:413001:020,413001,1,1,0.0,0.0,simulator_rule_not_real_credit_outcome
2026-05-01,farmer:413001:021,413001,0,0,2.0,0.0,simulator_rule_not_real_credit_outcome
2026-05-01,farmer:413001:022,413001,0,0,2.0,0.0,simulator_rule_not_real_credit_outcome
2026-05-01,farmer:413001:023,413001,1,1,0.0,0.0,simulator_rule_not_real_credit_outcome
2026-05-01,farmer:413001:024,413001,0,0,2.0,0.0,simulator_rule_not_real_credit_outcome
2026-05-01,farmer:413001:025,413001,0,0,2.0,0.0,simulator_rule_not_real_credit_outcome
2026-05-01,farmer:413001:026,413001,0,0,2.0,0.0,simulator_rule_not_real_credit_outcome
2026-05-01,farmer:413001:027,413001,0,0,2.0,0.0,simulator_rule_not_real_credit_outcome
2026-05-01,farmer:413001:028,413001,0,0,2.0,0.0,simulator_rule_not_real_credit_outcome
2026-05-01,farmer:413001:029,413001,0,0,2.0,0.0,simulator_rule_not_real_credit_outcome
2026-05-01,farmer:413001:030,413001,1,1,0.0,0.0,simulator_rule_not_real_credit_outcome
2026-05-01,farmer:413001:031,413001,0,0,2.0,0.0,simulator_rule_not_real_credit_outcome
2026-05-01,farmer:413001:032,413001,1,1,0.0,0.0,simulator_rule_not_real_credit_outcome
2026-05-01,farmer:413001:033,413001,0,0,2.0,0.0,simulator_rule_not_real_credit_outcome
2026-05-01,farmer:413001:034,413001,1,0,0.0,0.0,simulator_rule_not_real_credit_outcome
2026-05-01,farmer:413001:035,413001,0,0,2.0,0.0,simulator_rule_not_real_credit_outcome
2026-05-01,farmer:431001:001,431001,1,1,0.0,0.0,simulator_rule_not_real_credit_outcome
2026-05-01,farmer:431001:002,431001,0,0,2.0,0.0,simulator_rule_not_real_credit_outcome
2026-05-01,farmer:431001:003,431001,0,0,2.0,0.0,simulator_rule_not_real_credit_outcome
2026-05-01,farmer:431001:004,431001,0,0,2.0,0.0,simulator_rule_not_real_credit_outcome
2026-05-01,farmer:431001:005,431001,0,0,2.0,0.0,simulator_rule_not_real_credit_outcome
2026-05-01,farmer:431001:006,431001,0,0,2.0,0.0,simulator_rule_not_real_credit_outcome
2026-05-01,farmer:431001:007,431001,1,1,0.0,0.0,simulator_rule_not_real_credit_outcome
2026-05-01,farmer:431001:008,431001,0,0,2.0,0.0,simulator_rule_not_real_credit_outcome
2026-05-01,farmer:431001:009,431001,0,0,1.6247,0.0,simulator_rule_not_real_credit_outcome
2026-05-01,farmer:431001:010,431001,0,0,2.0,0.0,simulator_rule_not_real_credit_outcome
2026-05-01,farmer:431001:011,431001,0,0,1.1003,0.0,simulator_rule_not_real_credit_outcome
2026-05-01,farmer:431001:012,431001,1,0,0.0,0.0,simulator_rule_not_real_credit_outcome
2026-05-01,farmer:431001:013,431001,0,0,2.0,0.0,simulator_rule_not_real_credit_outcome
2026-05-01,farmer:431001:014,431001,0,0,2.0,0.0,simulator_rule_not_real_credit_outcome
2026-05-01,farmer:431001:015,431001,1,1,0.0,0.0,simulator_rule_not_real_credit_outcome
2026-05-01,farmer:431001:016,431001,0,0,2.0,0.0,simulator_rule_not_real_credit_outcome
2026-05-01,farmer:431001:017,431001,1,1,0.0,0.0,simulator_rule_not_real_credit_outcome
2026-05-01,farmer:431001:018,431001,0,0,2.0,0.0,simulator_rule_not_real_credit_outcome
2026-05-01,farmer:431001:019,431001,1,1,0.0,0.0,simulator_rule_not_real_credit_outcome
2026-05-01,farmer:431001:020,431001,0,0,2.0,0.0,simulator_rule_not_real_credit_outcome
2026-05-01,farmer:431001:021,431001,0,0,2.0,0.0,simulator_rule_not_real_credit_outcome
2026-05-01,farmer:431001:022,431001,0,0,2.0,0.0,simulator_rule_not_real_credit_outcome
2026-05-01,farmer:431001:023,431001,0,0,2.0,0.0,simulator_rule_not_real_credit_outcome
2026-05-01,farmer:431001:024,431001,1,1,0.0,0.0,simulator_rule_not_real_credit_outcome
2026-05-01,farmer:431001:025,431001,0,0,2.0,0.0,simulator_rule_not_real_credit_outcome
2026-05-01,farmer:431001:026,431001,0,0,2.0,0.0,simulator_rule_not_real_credit_outcome
2026-05-01,farmer:431001:027,431001,0,0,2.0,0.0,simulator_rule_not_real_credit_outcome
2026-05-01,farmer:431001:028,431001,0,0,1.7559,0.0,simulator_rule_not_real_credit_outcome
2026-05-01,farmer:431001:029,431001,0,0,2.0,0.0,simulator_rule_not_real_credit_outcome
2026-05-01,farmer:431001:030,431001,0,0,2.0,0.0,simulator_rule_not_real_credit_outcome
2026-05-01,farmer:431001:031,431001,0,0,2.0,0.0,simulator_rule_not_real_credit_outcome
2026-05-01,farmer:431001:032,431001,0,0,2.0,0.0,simulator_rule_not_real_credit_outcome
2026-05-01,farmer:431001:033,431001,0,0,2.0,0.0,simulator_rule_not_real_credit_outcome
2026-05-01,farmer:431001:034,431001,0,0,0.6034,0.0,simulator_rule_not_real_credit_outcome
2026-05-01,farmer:431001:035,431001,0,0,2.0,0.0,simulator_rule_not_real_credit_outcome
2026-05-01,farmer:440001:001,440001,0,0,2.0,0.0,simulator_rule_not_real_credit_outcome
2026-05-01,farmer:440001:002,440001,0,0,2.0,0.0,simulator_rule_not_real_credit_outcome
2026-05-01,farmer:440001:003,440001,0,0,2.0,0.0,simulator_rule_not_real_credit_outcome
2026-05-01,farmer:440001:004,440001,0,0,2.0,0.0,simulator_rule_not_real_credit_outcome
2026-05-01,farmer:440001:005,440001,0,0,2.0,0.0,simulator_rule_not_real_credit_outcome
2026-05-01,farmer:440001:006,440001,0,0,2.0,0.0,simulator_rule_not_real_credit_outcome
2026-05-01,farmer:440001:007,440001,0,0,2.0,0.0,simulator_rule_not_real_credit_outcome
2026-05-01,farmer:440001:008,440001,0,0,2.0,0.0,simulator_rule_not_real_credit_outcome
2026-05-01,farmer:440001:009,440001,0,0,2.0,0.0,simulator_rule_not_real_credit_outcome
2026-05-01,farmer:440001:010,440001,0,0,2.0,0.0,simulator_rule_not_real_credit_outcome
2026-05-01,farmer:440001:011,440001,0,0,2.0,0.0,simulator_rule_not_real_credit_outcome
2026-05-01,farmer:440001:012,440001,0,0,2.0,0.0,simulator_rule_not_real_credit_outcome
2026-05-01,farmer:440001:013,440001,0,0,2.0,0.0,simulator_rule_not_real_credit_outcome
2026-05-01,farmer:440001:014,440001,0,0,2.0,0.0,simulator_rule_not_real_credit_outcome
2026-05-01,farmer:440001:015,440001,0,0,2.0,0.0,simulator_rule_not_real_credit_outcome
2026-05-01,farmer:440001:016,440001,1,1,0.0,0.0,simulator_rule_not_real_credit_outcome
2026-05-01,farmer:440001:017,440001,0,0,2.0,0.0,simulator_rule_not_real_credit_outcome
2026-05-01,farmer:440001:018,440001,0,0,2.0,0.0,simulator_rule_not_real_credit_outcome
2026-05-01,farmer:440001:019,440001,0,0,2.0,0.0,simulator_rule_not_real_credit_outcome
2026-05-01,farmer:440001:020,440001,0,0,2.0,0.0,simulator_rule_not_real_credit_outcome
2026-05-01,farmer:440001:021,440001,0,0,2.0,0.0,simulator_rule_not_real_credit_outcome
2026-05-01,farmer:440001:022,440001,1,1,0.0,0.0,simulator_rule_not_real_credit_outcome
2026-05-01,farmer:440001:023,440001,0,0,2.0,0.0,simulator_rule_not_real_credit_outcome
2026-05-01,farmer:440001:024,440001,0,0,2.0,0.0,simulator_rule_not_real_credit_outcome
2026-05-01,farmer:440001:025,440001,0,0,2.0,0.0,simulator_rule_not_real_credit_outcome
2026-05-01,farmer:440001:026,440001,0,0,2.0,0.0,simulator_rule_not_real_credit_outcome
2026-05-01,farmer:440001:027,440001,0,0,1.7455,0.0,simulator_rule_not_real_credit_outcome
2026-05-01,farmer:440001:028,440001,0,0,2.0,0.0,simulator_rule_not_real_credit_outcome
2026-05-01,farmer:440001:029,440001,0,0,2.0,0.0,simulator_rule_not_real_credit_outcome
2026-05-01,farmer:440001:030,440001,0,0,2.0,0.0,simulator_rule_not_real_credit_outcome
2026-05-01,farmer:440001:031,440001,0,0,2.0,0.0,simulator_rule_not_real_credit_outcome
2026-05-01,farmer:440001:032,440001,1,1,0.0,0.0,simulator_rule_not_real_credit_outcome
2026-05-01,farmer:440001:033,440001,0,0,2.0,0.0,simulator_rule_not_real_credit_outcome
2026-05-01,farmer:440001:034,440001,0,0,2.0,0.0,simulator_rule_not_real_credit_outcome
2026-05-01,farmer:440001:035,440001,1,0,0.0,0.0,simulator_rule_not_real_credit_outcome
2026-06-01,farmer:413001:001,413001,1,1,0.0,0.0,simulator_rule_not_real_credit_outcome
2026-06-01,farmer:413001:002,413001,0,0,2.0,0.0,simulator_rule_not_real_credit_outcome
2026-06-01,farmer:413001:003,413001,1,1,0.0,0.0,simulator_rule_not_real_credit_outcome
2026-06-01,farmer:413001:004,413001,1,0,0.0,0.0,simulator_rule_not_real_credit_outcome
2026-06-01,farmer:413001:005,413001,0,0,2.0,0.0,simulator_rule_not_real_credit_outcome
2026-06-01,farmer:413001:006,413001,1,0,0.0,0.0,simulator_rule_not_real_credit_outcome
2026-06-01,farmer:413001:007,413001,1,1,0.0,0.0,simulator_rule_not_real_credit_outcome
2026-06-01,farmer:413001:008,413001,0,0,0.3185,0.0,simulator_rule_not_real_credit_outcome
2026-06-01,farmer:413001:009,413001,1,0,0.0,0.0,simulator_rule_not_real_credit_outcome
2026-06-01,farmer:413001:010,413001,0,0,2.0,0.0,simulator_rule_not_real_credit_outcome
2026-06-01,farmer:413001:011,413001,0,0,2.0,0.0,simulator_rule_not_real_credit_outcome
2026-06-01,farmer:413001:012,413001,0,0,2.0,0.0,simulator_rule_not_real_credit_outcome
2026-06-01,farmer:413001:013,413001,0,0,2.0,0.0,simulator_rule_not_real_credit_outcome
2026-06-01,farmer:413001:014,413001,0,0,2.0,0.0,simulator_rule_not_real_credit_outcome
2026-06-01,farmer:413001:015,413001,0,0,0.9588,0.0,simulator_rule_not_real_credit_outcome
2026-06-01,farmer:413001:016,413001,1,1,0.0,0.0,simulator_rule_not_real_credit_outcome
2026-06-01,farmer:413001:017,413001,0,0,2.0,0.0,simulator_rule_not_real_credit_outcome
2026-06-01,farmer:413001:018,413001,0,0,2.0,0.0,simulator_rule_not_real_credit_outcome
2026-06-01,farmer:413001:019,413001,0,0,2.0,0.0,simulator_rule_not_real_credit_outcome
2026-06-01,farmer:413001:020,413001,1,1,0.0,0.0,simulator_rule_not_real_credit_outcome
2026-06-01,farmer:413001:021,413001,0,0,2.0,0.0,simulator_rule_not_real_credit_outcome
2026-06-01,farmer:413001:022,413001,0,0,2.0,0.0,simulator_rule_not_real_credit_outcome
2026-06-01,farmer:413001:023,413001,1,1,0.0,0.0,simulator_rule_not_real_credit_outcome
2026-06-01,farmer:413001:024,413001,0,0,2.0,0.0,simulator_rule_not_real_credit_outcome
2026-06-01,farmer:413001:025,413001,0,0,2.0,0.0,simulator_rule_not_real_credit_outcome
2026-06-01,farmer:413001:026,413001,0,0,2.0,0.0,simulator_rule_not_real_credit_outcome
2026-06-01,farmer:413001:027,413001,0,0,1.6313,0.0,simulator_rule_not_real_credit_outcome
2026-06-01,farmer:413001:028,413001,0,0,2.0,0.0,simulator_rule_not_real_credit_outcome
2026-06-01,farmer:413001:029,413001,0,0,2.0,0.0,simulator_rule_not_real_credit_outcome
2026-06-01,farmer:413001:030,413001,1,1,0.0,0.0,simulator_rule_not_real_credit_outcome
2026-06-01,farmer:413001:031,413001,0,0,2.0,0.0,simulator_rule_not_real_credit_outcome
2026-06-01,farmer:413001:032,413001,1,1,0.0,0.0,simulator_rule_not_real_credit_outcome
2026-06-01,farmer:413001:033,413001,0,0,2.0,0.0,simulator_rule_not_real_credit_outcome
2026-06-01,farmer:413001:034,413001,1,1,0.0,0.0,simulator_rule_not_real_credit_outcome
2026-06-01,farmer:413001:035,413001,0,0,2.0,0.0,simulator_rule_not_real_credit_outcome
2026-06-01,farmer:431001:001,431001,1,1,0.0,0.0,simulator_rule_not_real_credit_outcome
2026-06-01,farmer:431001:002,431001,0,0,2.0,0.0,simulator_rule_not_real_credit_outcome
2026-06-01,farmer:431001:003,431001,0,0,2.0,0.0,simulator_rule_not_real_credit_outcome
2026-06-01,farmer:431001:004,431001,0,0,2.0,0.0,simulator_rule_not_real_credit_outcome
2026-06-01,farmer:431001:005,431001,0,0,2.0,0.0,simulator_rule_not_real_credit_outcome
2026-06-01,farmer:431001:006,431001,0,0,2.0,0.0,simulator_rule_not_real_credit_outcome
2026-06-01,farmer:431001:007,431001,1,1,0.0,0.0,simulator_rule_not_real_credit_outcome
2026-06-01,farmer:431001:008,431001,0,0,2.0,0.0,simulator_rule_not_real_credit_outcome
2026-06-01,farmer:431001:009,431001,1,0,0.0,0.0,simulator_rule_not_real_credit_outcome
2026-06-01,farmer:431001:010,431001,0,0,2.0,0.0,simulator_rule_not_real_credit_outcome
2026-06-01,farmer:431001:011,431001,1,0,0.0,0.0,simulator_rule_not_real_credit_outcome
2026-06-01,farmer:431001:012,431001,1,1,0.0,0.0,simulator_rule_not_real_credit_outcome
2026-06-01,farmer:431001:013,431001,0,0,2.0,0.0,simulator_rule_not_real_credit_outcome
2026-06-01,farmer:431001:014,431001,0,0,0.1797,0.0,simulator_rule_not_real_credit_outcome
2026-06-01,farmer:431001:015,431001,1,1,0.0,0.0,simulator_rule_not_real_credit_outcome
2026-06-01,farmer:431001:016,431001,0,0,2.0,0.0,simulator_rule_not_real_credit_outcome
2026-06-01,farmer:431001:017,431001,1,1,0.0,0.0,simulator_rule_not_real_credit_outcome
2026-06-01,farmer:431001:018,431001,0,0,2.0,0.0,simulator_rule_not_real_credit_outcome
2026-06-01,farmer:431001:019,431001,1,1,0.0,0.0,simulator_rule_not_real_credit_outcome
2026-06-01,farmer:431001:020,431001,0,0,2.0,0.0,simulator_rule_not_real_credit_outcome
2026-06-01,farmer:431001:021,431001,0,0,2.0,0.0,simulator_rule_not_real_credit_outcome
2026-06-01,farmer:431001:022,431001,0,0,2.0,0.0,simulator_rule_not_real_credit_outcome
2026-06-01,farmer:431001:023,431001,0,0,2.0,0.0,simulator_rule_not_real_credit_outcome
2026-06-01,farmer:431001:024,431001,1,1,0.0,0.0,simulator_rule_not_real_credit_outcome
2026-06-01,farmer:431001:025,431001,0,0,2.0,0.0,simulator_rule_not_real_credit_outcome
2026-06-01,farmer:431001:026,431001,0,0,2.0,0.0,simulator_rule_not_real_credit_outcome
2026-06-01,farmer:431001:027,431001,0,0,2.0,0.0,simulator_rule_not_real_credit_outcome
2026-06-01,farmer:431001:028,431001,1,0,0.0,0.0,simulator_rule_not_real_credit_outcome
2026-06-01,farmer:431001:029,431001,0,0,2.0,0.0,simulator_rule_not_real_credit_outcome
2026-06-01,farmer:431001:030,431001,0,0,2.0,0.0,simulator_rule_not_real_credit_outcome
2026-06-01,farmer:431001:031,431001,0,0,2.0,0.0,simulator_rule_not_real_credit_outcome
2026-06-01,farmer:431001:032,431001,0,0,2.0,0.0,simulator_rule_not_real_credit_outcome
2026-06-01,farmer:431001:033,431001,0,0,2.0,0.0,simulator_rule_not_real_credit_outcome
2026-06-01,farmer:431001:034,431001,1,0,0.0,0.0,simulator_rule_not_real_credit_outcome
2026-06-01,farmer:431001:035,431001,0,0,2.0,0.0,simulator_rule_not_real_credit_outcome
2026-06-01,farmer:440001:001,440001,0,0,2.0,0.0,simulator_rule_not_real_credit_outcome
2026-06-01,farmer:440001:002,440001,0,0,2.0,0.0,simulator_rule_not_real_credit_outcome
2026-06-01,farmer:440001:003,440001,0,0,2.0,0.0,simulator_rule_not_real_credit_outcome
2026-06-01,farmer:440001:004,440001,0,0,2.0,0.0,simulator_rule_not_real_credit_outcome
2026-06-01,farmer:440001:005,440001,0,0,2.0,0.0,simulator_rule_not_real_credit_outcome
2026-06-01,farmer:440001:006,440001,0,0,2.0,0.0,simulator_rule_not_real_credit_outcome
2026-06-01,farmer:440001:007,440001,0,0,2.0,0.0,simulator_rule_not_real_credit_outcome
2026-06-01,farmer:440001:008,440001,0,0,2.0,0.0,simulator_rule_not_real_credit_outcome
2026-06-01,farmer:440001:009,440001,0,0,2.0,0.0,simulator_rule_not_real_credit_outcome
2026-06-01,farmer:440001:010,440001,0,0,2.0,0.0,simulator_rule_not_real_credit_outcome
2026-06-01,farmer:440001:011,440001,0,0,2.0,0.0,simulator_rule_not_real_credit_outcome
2026-06-01,farmer:440001:012,440001,0,0,0.9097,0.0,simulator_rule_not_real_credit_outcome
2026-06-01,farmer:440001:013,440001,0,0,2.0,0.0,simulator_rule_not_real_credit_outcome
2026-06-01,farmer:440001:014,440001,0,0,2.0,0.0,simulator_rule_not_real_credit_outcome
2026-06-01,farmer:440001:015,440001,0,0,2.0,0.0,simulator_rule_not_real_credit_outcome
2026-06-01,farmer:440001:016,440001,1,1,0.0,0.0,simulator_rule_not_real_credit_outcome
2026-06-01,farmer:440001:017,440001,0,0,2.0,0.0,simulator_rule_not_real_credit_outcome
2026-06-01,farmer:440001:018,440001,1,0,0.0,0.0,simulator_rule_not_real_credit_outcome
2026-06-01,farmer:440001:019,440001,0,0,2.0,0.0,simulator_rule_not_real_credit_outcome
2026-06-01,farmer:440001:020,440001,0,0,2.0,0.0,simulator_rule_not_real_credit_outcome
2026-06-01,farmer:440001:021,440001,0,0,2.0,0.0,simulator_rule_not_real_credit_outcome
2026-06-01,farmer:440001:022,440001,1,1,0.0,0.0,simulator_rule_not_real_credit_outcome
2026-06-01,farmer:440001:023,440001,0,0,2.0,0.0,simulator_rule_not_real_credit_outcome
2026-06-01,farmer:440001:024,440001,0,0,2.0,0.0,simulator_rule_not_real_credit_outcome
2026-06-01,farmer:440001:025,440001,1,0,0.0,0.0,simulator_rule_not_real_credit_outcome
2026-06-01,farmer:440001:026,440001,0,0,2.0,0.0,simulator_rule_not_real_credit_outcome
2026-06-01,farmer:440001:027,440001,1,0,0.0,0.0,simulator_rule_not_real_credit_outcome
2026-06-01,farmer:440001:028,440001,0,0,2.0,0.0,simulator_rule_not_real_credit_outcome
2026-06-01,farmer:440001:029,440001,0,0,2.0,0.0,simulator_rule_not_real_credit_outcome
2026-06-01,farmer:440001:030,440001,1,0,0.0,0.0,simulator_rule_not_real_credit_outcome
2026-06-01,farmer:440001:031,440001,0,0,2.0,0.0,simulator_rule_not_real_credit_outcome
2026-06-01,farmer:440001:032,440001,1,1,0.0,0.0,simulator_rule_not_real_credit_outcome
2026-06-01,farmer:440001:033,440001,0,0,2.0,0.0,simulator_rule_not_real_credit_outcome
2026-06-01,farmer:440001:034,440001,0,0,2.0,0.0,simulator_rule_not_real_credit_outcome
2026-06-01,farmer:440001:035,440001,1,1,0.0,0.0,simulator_rule_not_real_credit_outcome
2026-07-01,farmer:413001:001,413001,1,1,0.0,0.0,simulator_rule_not_real_credit_outcome
2026-07-01,farmer:413001:002,413001,0,0,2.0,0.0,simulator_rule_not_real_credit_outcome
2026-07-01,farmer:413001:003,413001,1,1,0.0,0.0,simulator_rule_not_real_credit_outcome
2026-07-01,farmer:413001:004,413001,1,1,0.0,0.0,simulator_rule_not_real_credit_outcome
2026-07-01,farmer:413001:005,413001,1,0,0.0,0.0,simulator_rule_not_real_credit_outcome
2026-07-01,farmer:413001:006,413001,1,1,0.0,0.0,simulator_rule_not_real_credit_outcome
2026-07-01,farmer:413001:007,413001,1,1,0.0,0.0,simulator_rule_not_real_credit_outcome
2026-07-01,farmer:413001:008,413001,1,0,0.0,0.0,simulator_rule_not_real_credit_outcome
2026-07-01,farmer:413001:009,413001,1,1,0.0,0.0,simulator_rule_not_real_credit_outcome
2026-07-01,farmer:413001:010,413001,0,0,2.0,0.0,simulator_rule_not_real_credit_outcome
2026-07-01,farmer:413001:011,413001,0,0,2.0,0.0,simulator_rule_not_real_credit_outcome
2026-07-01,farmer:413001:012,413001,0,0,1.5542,0.0,simulator_rule_not_real_credit_outcome
2026-07-01,farmer:413001:013,413001,0,0,2.0,0.0,simulator_rule_not_real_credit_outcome
2026-07-01,farmer:413001:014,413001,0,0,2.0,0.0,simulator_rule_not_real_credit_outcome
2026-07-01,farmer:413001:015,413001,1,0,0.0,0.0,simulator_rule_not_real_credit_outcome
2026-07-01,farmer:413001:016,413001,1,1,0.0,0.0,simulator_rule_not_real_credit_outcome
2026-07-01,farmer:413001:017,413001,0,0,1.0937,0.0,simulator_rule_not_real_credit_outcome
2026-07-01,farmer:413001:018,413001,0,0,2.0,0.0,simulator_rule_not_real_credit_outcome
2026-07-01,farmer:413001:019,413001,0,0,2.0,0.0,simulator_rule_not_real_credit_outcome
2026-07-01,farmer:413001:020,413001,1,1,0.0,0.0,simulator_rule_not_real_credit_outcome
2026-07-01,farmer:413001:021,413001,0,0,2.0,0.0,simulator_rule_not_real_credit_outcome
2026-07-01,farmer:413001:022,413001,0,0,2.0,0.0,simulator_rule_not_real_credit_outcome
2026-07-01,farmer:413001:023,413001,1,1,0.0,0.0,simulator_rule_not_real_credit_outcome
2026-07-01,farmer:413001:024,413001,0,0,2.0,0.0,simulator_rule_not_real_credit_outcome
2026-07-01,farmer:413001:025,413001,0,0,0.5094,0.0,simulator_rule_not_real_credit_outcome
2026-07-01,farmer:413001:026,413001,0,0,2.0,0.0,simulator_rule_not_real_credit_outcome
2026-07-01,farmer:413001:027,413001,1,0,0.0,0.0,simulator_rule_not_real_credit_outcome
2026-07-01,farmer:413001:028,413001,0,0,2.0,0.0,simulator_rule_not_real_credit_outcome
2026-07-01,farmer:413001:029,413001,0,0,2.0,0.0,simulator_rule_not_real_credit_outcome
2026-07-01,farmer:413001:030,413001,1,1,0.0,0.0,simulator_rule_not_real_credit_outcome
2026-07-01,farmer:413001:031,413001,0,0,2.0,0.0,simulator_rule_not_real_credit_outcome
2026-07-01,farmer:413001:032,413001,1,1,0.0,0.0,simulator_rule_not_real_credit_outcome
2026-07-01,farmer:413001:033,413001,0,0,2.0,0.0,simulator_rule_not_real_credit_outcome
2026-07-01,farmer:413001:034,413001,1,1,0.0,0.0,simulator_rule_not_real_credit_outcome
2026-07-01,farmer:413001:035,413001,0,0,2.0,0.0,simulator_rule_not_real_credit_outcome
2026-07-01,farmer:431001:001,431001,1,1,0.0,0.0,simulator_rule_not_real_credit_outcome
2026-07-01,farmer:431001:002,431001,0,0,2.0,0.0,simulator_rule_not_real_credit_outcome
2026-07-01,farmer:431001:003,431001,0,0,2.0,0.0,simulator_rule_not_real_credit_outcome
2026-07-01,farmer:431001:004,431001,0,0,2.0,0.0,simulator_rule_not_real_credit_outcome
2026-07-01,farmer:431001:005,431001,0,0,2.0,0.0,simulator_rule_not_real_credit_outcome
2026-07-01,farmer:431001:006,431001,0,0,2.0,0.0,simulator_rule_not_real_credit_outcome
2026-07-01,farmer:431001:007,431001,1,1,0.0,0.0,simulator_rule_not_real_credit_outcome
2026-07-01,farmer:431001:008,431001,0,0,2.0,0.0,simulator_rule_not_real_credit_outcome
2026-07-01,farmer:431001:009,431001,1,1,0.0,0.0,simulator_rule_not_real_credit_outcome
2026-07-01,farmer:431001:010,431001,0,0,2.0,0.0,simulator_rule_not_real_credit_outcome
2026-07-01,farmer:431001:011,431001,1,1,0.0,0.0,simulator_rule_not_real_credit_outcome
2026-07-01,farmer:431001:012,431001,1,1,0.0,0.0,simulator_rule_not_real_credit_outcome
2026-07-01,farmer:431001:013,431001,0,0,2.0,0.0,simulator_rule_not_real_credit_outcome
2026-07-01,farmer:431001:014,431001,1,0,0.0,0.0,simulator_rule_not_real_credit_outcome
2026-07-01,farmer:431001:015,431001,1,1,0.0,0.0,simulator_rule_not_real_credit_outcome
2026-07-01,farmer:431001:016,431001,0,0,2.0,0.0,simulator_rule_not_real_credit_outcome
2026-07-01,farmer:431001:017,431001,1,1,0.0,0.0,simulator_rule_not_real_credit_outcome
2026-07-01,farmer:431001:018,431001,0,0,2.0,0.0,simulator_rule_not_real_credit_outcome
2026-07-01,farmer:431001:019,431001,1,1,0.0,0.0,simulator_rule_not_real_credit_outcome
2026-07-01,farmer:431001:020,431001,0,0,2.0,0.0,simulator_rule_not_real_credit_outcome
2026-07-01,farmer:431001:021,431001,0,0,2.0,0.0,simulator_rule_not_real_credit_outcome
2026-07-01,farmer:431001:022,431001,0,0,0.0,0.0,simulator_rule_not_real_credit_outcome
2026-07-01,farmer:431001:023,431001,0,0,2.0,0.0,simulator_rule_not_real_credit_outcome
2026-07-01,farmer:431001:024,431001,1,1,0.0,0.0,simulator_rule_not_real_credit_outcome
2026-07-01,farmer:431001:025,431001,0,0,2.0,0.0,simulator_rule_not_real_credit_outcome
2026-07-01,farmer:431001:026,431001,0,0,2.0,0.0,simulator_rule_not_real_credit_outcome
2026-07-01,farmer:431001:027,431001,0,0,1.593,0.0,simulator_rule_not_real_credit_outcome
2026-07-01,farmer:431001:028,431001,1,1,0.0,0.0,simulator_rule_not_real_credit_outcome
2026-07-01,farmer:431001:029,431001,1,0,0.0,0.0,simulator_rule_not_real_credit_outcome
2026-07-01,farmer:431001:030,431001,0,0,2.0,0.0,simulator_rule_not_real_credit_outcome
2026-07-01,farmer:431001:031,431001,0,0,2.0,0.0,simulator_rule_not_real_credit_outcome
2026-07-01,farmer:431001:032,431001,0,0,2.0,0.0,simulator_rule_not_real_credit_outcome
2026-07-01,farmer:431001:033,431001,0,0,2.0,0.0,simulator_rule_not_real_credit_outcome
2026-07-01,farmer:431001:034,431001,1,1,0.0,0.0,simulator_rule_not_real_credit_outcome
2026-07-01,farmer:431001:035,431001,0,0,2.0,0.0,simulator_rule_not_real_credit_outcome
2026-07-01,farmer:440001:001,440001,0,0,2.0,0.0,simulator_rule_not_real_credit_outcome
2026-07-01,farmer:440001:002,440001,0,0,2.0,0.0,simulator_rule_not_real_credit_outcome
2026-07-01,farmer:440001:003,440001,0,0,2.0,0.0,simulator_rule_not_real_credit_outcome
2026-07-01,farmer:440001:004,440001,0,0,2.0,0.0,simulator_rule_not_real_credit_outcome
2026-07-01,farmer:440001:005,440001,0,0,2.0,0.0,simulator_rule_not_real_credit_outcome
2026-07-01,farmer:440001:006,440001,0,0,2.0,0.0,simulator_rule_not_real_credit_outcome
2026-07-01,farmer:440001:007,440001,0,0,2.0,0.0,simulator_rule_not_real_credit_outcome
2026-07-01,farmer:440001:008,440001,0,0,2.0,0.0,simulator_rule_not_real_credit_outcome
2026-07-01,farmer:440001:009,440001,1,0,0.0,0.0,simulator_rule_not_real_credit_outcome
2026-07-01,farmer:440001:010,440001,0,0,2.0,0.0,simulator_rule_not_real_credit_outcome
2026-07-01,farmer:440001:011,440001,0,0,2.0,0.0,simulator_rule_not_real_credit_outcome
2026-07-01,farmer:440001:012,440001,1,0,0.0,0.0,simulator_rule_not_real_credit_outcome
2026-07-01,farmer:440001:013,440001,0,0,2.0,0.0,simulator_rule_not_real_credit_outcome
2026-07-01,farmer:440001:014,440001,0,0,2.0,0.0,simulator_rule_not_real_credit_outcome
2026-07-01,farmer:440001:015,440001,0,0,2.0,0.0,simulator_rule_not_real_credit_outcome
2026-07-01,farmer:440001:016,440001,1,1,0.0,0.0,simulator_rule_not_real_credit_outcome
2026-07-01,farmer:440001:017,440001,0,0,2.0,0.0,simulator_rule_not_real_credit_outcome
2026-07-01,farmer:440001:018,440001,1,1,0.0,0.0,simulator_rule_not_real_credit_outcome
2026-07-01,farmer:440001:019,440001,0,0,2.0,0.0,simulator_rule_not_real_credit_outcome
2026-07-01,farmer:440001:020,440001,0,0,2.0,0.0,simulator_rule_not_real_credit_outcome
2026-07-01,farmer:440001:021,440001,0,0,1.7527,0.0,simulator_rule_not_real_credit_outcome
2026-07-01,farmer:440001:022,440001,1,1,0.0,0.0,simulator_rule_not_real_credit_outcome
2026-07-01,farmer:440001:023,440001,0,0,2.0,0.0,simulator_rule_not_real_credit_outcome
2026-07-01,farmer:440001:024,440001,0,0,2.0,0.0,simulator_rule_not_real_credit_outcome
2026-07-01,farmer:440001:025,440001,1,1,0.0,0.0,simulator_rule_not_real_credit_outcome
2026-07-01,farmer:440001:026,440001,0,0,2.0,0.0,simulator_rule_not_real_credit_outcome
2026-07-01,farmer:440001:027,440001,1,1,0.0,0.0,simulator_rule_not_real_credit_outcome
2026-07-01,farmer:440001:028,440001,0,0,2.0,0.0,simulator_rule_not_real_credit_outcome
2026-07-01,farmer:440001:029,440001,0,0,2.0,0.0,simulator_rule_not_real_credit_outcome
2026-07-01,farmer:440001:030,440001,1,1,0.0,0.0,simulator_rule_not_real_credit_outcome
2026-07-01,farmer:440001:031,440001,0,0,2.0,0.0,simulator_rule_not_real_credit_outcome
2026-07-01,farmer:440001:032,440001,1,1,0.0,0.0,simulator_rule_not_real_credit_outcome
2026-07-01,farmer:440001:033,440001,0,0,2.0,0.0,simulator_rule_not_real_credit_outcome
2026-07-01,farmer:440001:034,440001,0,0,2.0,0.0,simulator_rule_not_real_credit_outcome
2026-07-01,farmer:440001:035,440001,1,1,0.0,0.0,simulator_rule_not_real_credit_outcome
2026-08-01,farmer:413001:001,413001,1,1,0.0,0.0,simulator_rule_not_real_credit_outcome
2026-08-01,farmer:413001:002,413001,0,0,2.0,0.0,simulator_rule_not_real_credit_outcome
2026-08-01,farmer:413001:003,413001,1,1,0.0,0.0,simulator_rule_not_real_credit_outcome
2026-08-01,farmer:413001:004,413001,1,1,0.0,0.0,simulator_rule_not_real_credit_outcome
2026-08-01,farmer:413001:005,413001,1,1,0.0,0.0,simulator_rule_not_real_credit_outcome
2026-08-01,farmer:413001:006,413001,1,1,0.0,0.0,simulator_rule_not_real_credit_outcome
2026-08-01,farmer:413001:007,413001,1,1,0.0,0.0,simulator_rule_not_real_credit_outcome
2026-08-01,farmer:413001:008,413001,1,1,0.0,0.0,simulator_rule_not_real_credit_outcome
2026-08-01,farmer:413001:009,413001,1,1,0.0,0.0,simulator_rule_not_real_credit_outcome
2026-08-01,farmer:413001:010,413001,0,0,2.0,0.0,simulator_rule_not_real_credit_outcome
2026-08-01,farmer:413001:011,413001,0,0,2.0,0.0,simulator_rule_not_real_credit_outcome
2026-08-01,farmer:413001:012,413001,1,0,0.0,0.0,simulator_rule_not_real_credit_outcome
2026-08-01,farmer:413001:013,413001,0,0,2.0,0.0,simulator_rule_not_real_credit_outcome
2026-08-01,farmer:413001:014,413001,0,0,2.0,0.0,simulator_rule_not_real_credit_outcome
2026-08-01,farmer:413001:015,413001,1,1,0.0,0.0,simulator_rule_not_real_credit_outcome
2026-08-01,farmer:413001:016,413001,1,1,0.0,0.0,simulator_rule_not_real_credit_outcome
2026-08-01,farmer:413001:017,413001,1,0,0.0,0.0,simulator_rule_not_real_credit_outcome
2026-08-01,farmer:413001:018,413001,0,0,2.0,0.0,simulator_rule_not_real_credit_outcome
2026-08-01,farmer:413001:019,413001,0,0,2.0,0.0,simulator_rule_not_real_credit_outcome
2026-08-01,farmer:413001:020,413001,1,1,0.0,0.0,simulator_rule_not_real_credit_outcome
2026-08-01,farmer:413001:021,413001,0,0,2.0,0.0,simulator_rule_not_real_credit_outcome
2026-08-01,farmer:413001:022,413001,0,0,2.0,0.0,simulator_rule_not_real_credit_outcome
2026-08-01,farmer:413001:023,413001,1,1,0.0,0.0,simulator_rule_not_real_credit_outcome
2026-08-01,farmer:413001:024,413001,0,0,2.0,0.0,simulator_rule_not_real_credit_outcome
2026-08-01,farmer:413001:025,413001,1,0,0.0,0.0,simulator_rule_not_real_credit_outcome
2026-08-01,farmer:413001:026,413001,0,0,2.0,0.0,simulator_rule_not_real_credit_outcome
2026-08-01,farmer:413001:027,413001,1,1,0.0,0.0,simulator_rule_not_real_credit_outcome
2026-08-01,farmer:413001:028,413001,0,0,2.0,0.0,simulator_rule_not_real_credit_outcome
2026-08-01,farmer:413001:029,413001,0,0,2.0,0.0,simulator_rule_not_real_credit_outcome
2026-08-01,farmer:413001:030,413001,1,1,0.0,0.0,simulator_rule_not_real_credit_outcome
2026-08-01,farmer:413001:031,413001,0,0,2.0,0.0,simulator_rule_not_real_credit_outcome
2026-08-01,farmer:413001:032,413001,1,1,0.0,0.0,simulator_rule_not_real_credit_outcome
2026-08-01,farmer:413001:033,413001,0,0,2.0,0.0,simulator_rule_not_real_credit_outcome
2026-08-01,farmer:413001:034,413001,1,1,0.0,0.0,simulator_rule_not_real_credit_outcome
2026-08-01,farmer:413001:035,413001,0,0,2.0,0.0,simulator_rule_not_real_credit_outcome
2026-08-01,farmer:431001:001,431001,1,1,0.0,0.0,simulator_rule_not_real_credit_outcome
2026-08-01,farmer:431001:002,431001,0,0,2.0,0.0,simulator_rule_not_real_credit_outcome
2026-08-01,farmer:431001:003,431001,0,0,2.0,0.0,simulator_rule_not_real_credit_outcome
2026-08-01,farmer:431001:004,431001,0,0,2.0,0.0,simulator_rule_not_real_credit_outcome
2026-08-01,farmer:431001:005,431001,0,0,2.0,0.0,simulator_rule_not_real_credit_outcome
2026-08-01,farmer:431001:006,431001,0,0,2.0,0.0,simulator_rule_not_real_credit_outcome
2026-08-01,farmer:431001:007,431001,1,1,0.0,0.0,simulator_rule_not_real_credit_outcome
2026-08-01,farmer:431001:008,431001,0,0,2.0,0.0,simulator_rule_not_real_credit_outcome
2026-08-01,farmer:431001:009,431001,1,1,0.0,0.0,simulator_rule_not_real_credit_outcome
2026-08-01,farmer:431001:010,431001,0,0,2.0,0.0,simulator_rule_not_real_credit_outcome
2026-08-01,farmer:431001:011,431001,1,1,0.0,0.0,simulator_rule_not_real_credit_outcome
2026-08-01,farmer:431001:012,431001,1,1,0.0,0.0,simulator_rule_not_real_credit_outcome
2026-08-01,farmer:431001:013,431001,0,0,2.0,0.0,simulator_rule_not_real_credit_outcome
2026-08-01,farmer:431001:014,431001,1,1,0.0,0.0,simulator_rule_not_real_credit_outcome
2026-08-01,farmer:431001:015,431001,1,1,0.0,0.0,simulator_rule_not_real_credit_outcome
2026-08-01,farmer:431001:016,431001,0,0,2.0,0.0,simulator_rule_not_real_credit_outcome
2026-08-01,farmer:431001:017,431001,1,1,0.0,0.0,simulator_rule_not_real_credit_outcome
2026-08-01,farmer:431001:018,431001,0,0,2.0,0.0,simulator_rule_not_real_credit_outcome
2026-08-01,farmer:431001:019,431001,1,1,0.0,0.0,simulator_rule_not_real_credit_outcome
2026-08-01,farmer:431001:020,431001,0,0,2.0,0.0,simulator_rule_not_real_credit_outcome
2026-08-01,farmer:431001:021,431001,1,0,0.0,0.0,simulator_rule_not_real_credit_outcome
2026-08-01,farmer:431001:022,431001,1,0,0.0,0.0,simulator_rule_not_real_credit_outcome
2026-08-01,farmer:431001:023,431001,0,0,2.0,0.0,simulator_rule_not_real_credit_outcome
2026-08-01,farmer:431001:024,431001,1,1,0.0,0.0,simulator_rule_not_real_credit_outcome
2026-08-01,farmer:431001:025,431001,0,0,2.0,0.0,simulator_rule_not_real_credit_outcome
2026-08-01,farmer:431001:026,431001,0,0,2.0,0.0,simulator_rule_not_real_credit_outcome
2026-08-01,farmer:431001:027,431001,1,0,0.0,0.0,simulator_rule_not_real_credit_outcome
2026-08-01,farmer:431001:028,431001,1,1,0.0,0.0,simulator_rule_not_real_credit_outcome
2026-08-01,farmer:431001:029,431001,1,1,0.0,0.0,simulator_rule_not_real_credit_outcome
2026-08-01,farmer:431001:030,431001,0,0,2.0,0.0,simulator_rule_not_real_credit_outcome
2026-08-01,farmer:431001:031,431001,0,0,0.0399,0.0,simulator_rule_not_real_credit_outcome
2026-08-01,farmer:431001:032,431001,0,0,2.0,0.0,simulator_rule_not_real_credit_outcome
2026-08-01,farmer:431001:033,431001,0,0,2.0,0.0,simulator_rule_not_real_credit_outcome
2026-08-01,farmer:431001:034,431001,1,1,0.0,0.0,simulator_rule_not_real_credit_outcome
2026-08-01,farmer:431001:035,431001,0,0,2.0,0.0,simulator_rule_not_real_credit_outcome
2026-08-01,farmer:440001:001,440001,0,0,2.0,0.0,simulator_rule_not_real_credit_outcome
2026-08-01,farmer:440001:002,440001,0,0,2.0,0.0,simulator_rule_not_real_credit_outcome
2026-08-01,farmer:440001:003,440001,0,0,2.0,0.0,simulator_rule_not_real_credit_outcome
2026-08-01,farmer:440001:004,440001,0,0,2.0,0.0,simulator_rule_not_real_credit_outcome
2026-08-01,farmer:440001:005,440001,0,0,2.0,0.0,simulator_rule_not_real_credit_outcome
2026-08-01,farmer:440001:006,440001,0,0,2.0,0.0,simulator_rule_not_real_credit_outcome
2026-08-01,farmer:440001:007,440001,0,0,2.0,0.0,simulator_rule_not_real_credit_outcome
2026-08-01,farmer:440001:008,440001,0,0,2.0,0.0,simulator_rule_not_real_credit_outcome
2026-08-01,farmer:440001:009,440001,1,1,0.0,0.0,simulator_rule_not_real_credit_outcome
2026-08-01,farmer:440001:010,440001,0,0,2.0,0.0,simulator_rule_not_real_credit_outcome
2026-08-01,farmer:440001:011,440001,0,0,2.0,0.0,simulator_rule_not_real_credit_outcome
2026-08-01,farmer:440001:012,440001,1,1,0.0,0.0,simulator_rule_not_real_credit_outcome
2026-08-01,farmer:440001:013,440001,0,0,2.0,0.0,simulator_rule_not_real_credit_outcome
2026-08-01,farmer:440001:014,440001,0,0,1.573,0.0,simulator_rule_not_real_credit_outcome
2026-08-01,farmer:440001:015,440001,0,0,2.0,0.0,simulator_rule_not_real_credit_outcome
2026-08-01,farmer:440001:016,440001,1,1,0.0,0.0,simulator_rule_not_real_credit_outcome
2026-08-01,farmer:440001:017,440001,0,0,2.0,0.0,simulator_rule_not_real_credit_outcome
2026-08-01,farmer:440001:018,440001,1,1,0.0,0.0,simulator_rule_not_real_credit_outcome
2026-08-01,farmer:440001:019,440001,0,0,2.0,0.0,simulator_rule_not_real_credit_outcome
2026-08-01,farmer:440001:020,440001,0,0,1.0861,0.0,simulator_rule_not_real_credit_outcome
2026-08-01,farmer:440001:021,440001,1,0,0.0,0.0,simulator_rule_not_real_credit_outcome
2026-08-01,farmer:440001:022,440001,1,1,0.0,0.0,simulator_rule_not_real_credit_outcome
2026-08-01,farmer:440001:023,440001,0,0,2.0,0.0,simulator_rule_not_real_credit_outcome
2026-08-01,farmer:440001:024,440001,0,0,2.0,0.0,simulator_rule_not_real_credit_outcome
2026-08-01,farmer:440001:025,440001,1,1,0.0,0.0,simulator_rule_not_real_credit_outcome
2026-08-01,farmer:440001:026,440001,0,0,2.0,0.0,simulator_rule_not_real_credit_outcome
2026-08-01,farmer:440001:027,440001,1,1,0.0,0.0,simulator_rule_not_real_credit_outcome
2026-08-01,farmer:440001:028,440001,0,0,2.0,0.0,simulator_rule_not_real_credit_outcome
2026-08-01,farmer:440001:029,440001,0,0,2.0,0.0,simulator_rule_not_real_credit_outcome
2026-08-01,farmer:440001:030,440001,1,1,0.0,0.0,simulator_rule_not_real_credit_outcome
2026-08-01,farmer:440001:031,440001,0,0,2.0,0.0,simulator_rule_not_real_credit_outcome
2026-08-01,farmer:440001:032,440001,1,1,0.0,0.0,simulator_rule_not_real_credit_outcome
2026-08-01,farmer:440001:033,440001,0,0,2.0,0.0,simulator_rule_not_real_credit_outcome
2026-08-01,farmer:440001:034,440001,0,0,2.0,0.0,simulator_rule_not_real_credit_outcome
2026-08-01,farmer:440001:035,440001,1,1,0.0,0.0,simulator_rule_not_real_credit_outcome
2026-09-01,farmer:413001:001,413001,1,1,0.0,0.0,simulator_rule_not_real_credit_outcome
2026-09-01,farmer:413001:002,413001,0,0,2.0,0.0,simulator_rule_not_real_credit_outcome
2026-09-01,farmer:413001:003,413001,1,1,0.0,0.0,simulator_rule_not_real_credit_outcome
2026-09-01,farmer:413001:004,413001,1,1,0.0,0.0,simulator_rule_not_real_credit_outcome
2026-09-01,farmer:413001:005,413001,1,1,0.0,0.0,simulator_rule_not_real_credit_outcome
2026-09-01,farmer:413001:006,413001,1,1,0.0,0.0,simulator_rule_not_real_credit_outcome
2026-09-01,farmer:413001:007,413001,1,1,0.0,0.0,simulator_rule_not_real_credit_outcome
2026-09-01,farmer:413001:008,413001,1,1,0.0,0.0,simulator_rule_not_real_credit_outcome
2026-09-01,farmer:413001:009,413001,1,1,0.0,0.0,simulator_rule_not_real_credit_outcome
2026-09-01,farmer:413001:010,413001,0,0,2.0,0.0,simulator_rule_not_real_credit_outcome
2026-09-01,farmer:413001:011,413001,0,0,2.0,0.0,simulator_rule_not_real_credit_outcome
2026-09-01,farmer:413001:012,413001,1,1,0.0,0.0,simulator_rule_not_real_credit_outcome
2026-09-01,farmer:413001:013,413001,0,0,2.0,0.0,simulator_rule_not_real_credit_outcome
2026-09-01,farmer:413001:014,413001,0,0,2.0,0.0,simulator_rule_not_real_credit_outcome
2026-09-01,farmer:413001:015,413001,1,1,0.0,0.0,simulator_rule_not_real_credit_outcome
2026-09-01,farmer:413001:016,413001,1,1,0.0,0.0,simulator_rule_not_real_credit_outcome
2026-09-01,farmer:413001:017,413001,1,1,0.0,0.0,simulator_rule_not_real_credit_outcome
2026-09-01,farmer:413001:018,413001,0,0,2.0,0.0,simulator_rule_not_real_credit_outcome
2026-09-01,farmer:413001:019,413001,0,0,1.8945,0.0,simulator_rule_not_real_credit_outcome
2026-09-01,farmer:413001:020,413001,1,1,0.0,0.0,simulator_rule_not_real_credit_outcome
2026-09-01,farmer:413001:021,413001,0,0,2.0,0.0,simulator_rule_not_real_credit_outcome
2026-09-01,farmer:413001:022,413001,0,0,2.0,0.0,simulator_rule_not_real_credit_outcome
2026-09-01,farmer:413001:023,413001,1,1,0.0,0.0,simulator_rule_not_real_credit_outcome
2026-09-01,farmer:413001:024,413001,0,0,0.0,0.0,simulator_rule_not_real_credit_outcome
2026-09-01,farmer:413001:025,413001,1,1,0.0,0.0,simulator_rule_not_real_credit_outcome
2026-09-01,farmer:413001:026,413001,0,0,2.0,0.0,simulator_rule_not_real_credit_outcome
2026-09-01,farmer:413001:027,413001,1,1,0.0,0.0,simulator_rule_not_real_credit_outcome
2026-09-01,farmer:413001:028,413001,0,0,2.0,0.0,simulator_rule_not_real_credit_outcome
2026-09-01,farmer:413001:029,413001,0,0,2.0,0.0,simulator_rule_not_real_credit_outcome
2026-09-01,farmer:413001:030,413001,1,1,0.0,0.0,simulator_rule_not_real_credit_outcome
2026-09-01,farmer:413001:031,413001,0,0,2.0,0.0,simulator_rule_not_real_credit_outcome
2026-09-01,farmer:413001:032,413001,1,1,0.0,0.0,simulator_rule_not_real_credit_outcome
2026-09-01,farmer:413001:033,413001,0,0,2.0,0.0,simulator_rule_not_real_credit_outcome
2026-09-01,farmer:413001:034,413001,1,1,0.0,0.0,simulator_rule_not_real_credit_outcome
2026-09-01,farmer:413001:035,413001,0,0,2.0,0.0,simulator_rule_not_real_credit_outcome
2026-09-01,farmer:431001:001,431001,1,1,0.0,0.0,simulator_rule_not_real_credit_outcome
2026-09-01,farmer:431001:002,431001,0,0,2.0,0.0,simulator_rule_not_real_credit_outcome
2026-09-01,farmer:431001:003,431001,0,0,2.0,0.0,simulator_rule_not_real_credit_outcome
2026-09-01,farmer:431001:004,431001,0,0,2.0,0.0,simulator_rule_not_real_credit_outcome
2026-09-01,farmer:431001:005,431001,0,0,2.0,0.0,simulator_rule_not_real_credit_outcome
2026-09-01,farmer:431001:006,431001,0,0,2.0,0.0,simulator_rule_not_real_credit_outcome
2026-09-01,farmer:431001:007,431001,1,1,0.0,0.0,simulator_rule_not_real_credit_outcome
2026-09-01,farmer:431001:008,431001,0,0,2.0,0.0,simulator_rule_not_real_credit_outcome
2026-09-01,farmer:431001:009,431001,1,1,0.0,0.0,simulator_rule_not_real_credit_outcome
2026-09-01,farmer:431001:010,431001,0,0,2.0,0.0,simulator_rule_not_real_credit_outcome
2026-09-01,farmer:431001:011,431001,1,1,0.0,0.0,simulator_rule_not_real_credit_outcome
2026-09-01,farmer:431001:012,431001,1,1,0.0,0.0,simulator_rule_not_real_credit_outcome
2026-09-01,farmer:431001:013,431001,1,0,0.0,0.0,simulator_rule_not_real_credit_outcome
2026-09-01,farmer:431001:014,431001,1,1,0.0,0.0,simulator_rule_not_real_credit_outcome
2026-09-01,farmer:431001:015,431001,1,1,0.0,0.0,simulator_rule_not_real_credit_outcome
2026-09-01,farmer:431001:016,431001,0,0,2.0,0.0,simulator_rule_not_real_credit_outcome
2026-09-01,farmer:431001:017,431001,1,1,0.0,0.0,simulator_rule_not_real_credit_outcome
2026-09-01,farmer:431001:018,431001,0,0,2.0,0.0,simulator_rule_not_real_credit_outcome
2026-09-01,farmer:431001:019,431001,1,1,0.0,0.0,simulator_rule_not_real_credit_outcome
2026-09-01,farmer:431001:020,431001,0,0,2.0,0.0,simulator_rule_not_real_credit_outcome
2026-09-01,farmer:431001:021,431001,1,1,0.0,0.0,simulator_rule_not_real_credit_outcome
2026-09-01,farmer:431001:022,431001,1,1,0.0,0.0,simulator_rule_not_real_credit_outcome
2026-09-01,farmer:431001:023,431001,0,0,2.0,0.0,simulator_rule_not_real_credit_outcome
2026-09-01,farmer:431001:024,431001,1,1,0.0,0.0,simulator_rule_not_real_credit_outcome
2026-09-01,farmer:431001:025,431001,0,0,0.5365,0.0,simulator_rule_not_real_credit_outcome
2026-09-01,farmer:431001:026,431001,0,0,2.0,0.0,simulator_rule_not_real_credit_outcome
2026-09-01,farmer:431001:027,431001,1,1,0.0,0.0,simulator_rule_not_real_credit_outcome
2026-09-01,farmer:431001:028,431001,1,1,0.0,0.0,simulator_rule_not_real_credit_outcome
2026-09-01,farmer:431001:029,431001,1,1,0.0,0.0,simulator_rule_not_real_credit_outcome
2026-09-01,farmer:431001:030,431001,0,0,2.0,0.0,simulator_rule_not_real_credit_outcome
2026-09-01,farmer:431001:031,431001,1,0,0.0,0.0,simulator_rule_not_real_credit_outcome
2026-09-01,farmer:431001:032,431001,0,0,2.0,0.0,simulator_rule_not_real_credit_outcome
2026-09-01,farmer:431001:033,431001,0,0,2.0,0.0,simulator_rule_not_real_credit_outcome
2026-09-01,farmer:431001:034,431001,1,1,0.0,0.0,simulator_rule_not_real_credit_outcome
2026-09-01,farmer:431001:035,431001,0,0,2.0,0.0,simulator_rule_not_real_credit_outcome
2026-09-01,farmer:440001:001,440001,0,0,2.0,0.0,simulator_rule_not_real_credit_outcome
2026-09-01,farmer:440001:002,440001,0,0,2.0,0.0,simulator_rule_not_real_credit_outcome
2026-09-01,farmer:440001:003,440001,0,0,2.0,0.0,simulator_rule_not_real_credit_outcome
2026-09-01,farmer:440001:004,440001,0,0,2.0,0.0,simulator_rule_not_real_credit_outcome
2026-09-01,farmer:440001:005,440001,0,0,2.0,0.0,simulator_rule_not_real_credit_outcome
2026-09-01,farmer:440001:006,440001,0,0,2.0,0.0,simulator_rule_not_real_credit_outcome
2026-09-01,farmer:440001:007,440001,0,0,2.0,0.0,simulator_rule_not_real_credit_outcome
2026-09-01,farmer:440001:008,440001,0,0,2.0,0.0,simulator_rule_not_real_credit_outcome
2026-09-01,farmer:440001:009,440001,1,1,0.0,0.0,simulator_rule_not_real_credit_outcome
2026-09-01,farmer:440001:010,440001,0,0,2.0,0.0,simulator_rule_not_real_credit_outcome
2026-09-01,farmer:440001:011,440001,0,0,2.0,0.0,simulator_rule_not_real_credit_outcome
2026-09-01,farmer:440001:012,440001,1,1,0.0,0.0,simulator_rule_not_real_credit_outcome
2026-09-01,farmer:440001:013,440001,0,0,1.3212,0.0,simulator_rule_not_real_credit_outcome
2026-09-01,farmer:440001:014,440001,1,0,0.0,0.0,simulator_rule_not_real_credit_outcome
2026-09-01,farmer:440001:015,440001,0,0,2.0,0.0,simulator_rule_not_real_credit_outcome
2026-09-01,farmer:440001:016,440001,1,1,0.0,0.0,simulator_rule_not_real_credit_outcome
2026-09-01,farmer:440001:017,440001,0,0,2.0,0.0,simulator_rule_not_real_credit_outcome
2026-09-01,farmer:440001:018,440001,1,1,0.0,0.0,simulator_rule_not_real_credit_outcome
2026-09-01,farmer:440001:019,440001,0,0,2.0,0.0,simulator_rule_not_real_credit_outcome
2026-09-01,farmer:440001:020,440001,1,0,0.0,0.0,simulator_rule_not_real_credit_outcome
2026-09-01,farmer:440001:021,440001,1,1,0.0,0.0,simulator_rule_not_real_credit_outcome
2026-09-01,farmer:440001:022,440001,1,1,0.0,0.0,simulator_rule_not_real_credit_outcome
2026-09-01,farmer:440001:023,440001,0,0,2.0,0.0,simulator_rule_not_real_credit_outcome
2026-09-01,farmer:440001:024,440001,0,0,2.0,0.0,simulator_rule_not_real_credit_outcome
2026-09-01,farmer:440001:025,440001,1,1,0.0,0.0,simulator_rule_not_real_credit_outcome
2026-09-01,farmer:440001:026,440001,0,0,2.0,0.0,simulator_rule_not_real_credit_outcome
2026-09-01,farmer:440001:027,440001,1,1,0.0,0.0,simulator_rule_not_real_credit_outcome
2026-09-01,farmer:440001:028,440001,0,0,2.0,0.0,simulator_rule_not_real_credit_outcome
2026-09-01,farmer:440001:029,440001,0,0,2.0,0.0,simulator_rule_not_real_credit_outcome
2026-09-01,farmer:440001:030,440001,1,1,0.0,0.0,simulator_rule_not_real_credit_outcome
2026-09-01,farmer:440001:031,440001,0,0,2.0,0.0,simulator_rule_not_real_credit_outcome
2026-09-01,farmer:440001:032,440001,1,1,0.0,0.0,simulator_rule_not_real_credit_outcome
2026-09-01,farmer:440001:033,440001,0,0,2.0,0.0,simulator_rule_not_real_credit_outcome
2026-09-01,farmer:440001:034,440001,0,0,2.0,0.0,simulator_rule_not_real_credit_outcome
2026-09-01,farmer:440001:035,440001,1,1,0.0,0.0,simulator_rule_not_real_credit_outcome
2026-10-01,farmer:413001:001,413001,1,1,0.0,0.0,simulator_rule_not_real_credit_outcome
2026-10-01,farmer:413001:002,413001,0,0,2.0,0.0,simulator_rule_not_real_credit_outcome
2026-10-01,farmer:413001:003,413001,1,1,0.8108,0.0,simulator_rule_not_real_credit_outcome
2026-10-01,farmer:413001:004,413001,1,1,2.0,0.0,simulator_rule_not_real_credit_outcome
2026-10-01,farmer:413001:005,413001,1,1,2.0,0.0,simulator_rule_not_real_credit_outcome
2026-10-01,farmer:413001:006,413001,1,1,2.0,0.0,simulator_rule_not_real_credit_outcome
2026-10-01,farmer:413001:007,413001,1,1,0.0,0.0,simulator_rule_not_real_credit_outcome
2026-10-01,farmer:413001:008,413001,1,1,2.0,0.0,simulator_rule_not_real_credit_outcome
2026-10-01,farmer:413001:009,413001,1,1,2.0,0.0,simulator_rule_not_real_credit_outcome
2026-10-01,farmer:413001:010,413001,0,0,2.0,0.0,simulator_rule_not_real_credit_outcome
2026-10-01,farmer:413001:011,413001,0,0,2.0,0.0,simulator_rule_not_real_credit_outcome
2026-10-01,farmer:413001:012,413001,1,0,2.0,0.0,simulator_rule_not_real_credit_outcome
2026-10-01,farmer:413001:013,413001,0,0,2.0,0.0,simulator_rule_not_real_credit_outcome
2026-10-01,farmer:413001:014,413001,0,0,2.0,0.0,simulator_rule_not_real_credit_outcome
2026-10-01,farmer:413001:015,413001,1,1,2.0,0.0,simulator_rule_not_real_credit_outcome
2026-10-01,farmer:413001:016,413001,1,1,0.9173,0.0,simulator_rule_not_real_credit_outcome
2026-10-01,farmer:413001:017,413001,1,0,2.0,0.0,simulator_rule_not_real_credit_outcome
2026-10-01,farmer:413001:018,413001,0,0,2.0,0.0,simulator_rule_not_real_credit_outcome
2026-10-01,farmer:413001:019,413001,0,0,2.0,0.0,simulator_rule_not_real_credit_outcome
2026-10-01,farmer:413001:020,413001,1,1,2.0,0.0,simulator_rule_not_real_credit_outcome
2026-10-01,farmer:413001:021,413001,0,0,2.0,0.0,simulator_rule_not_real_credit_outcome
2026-10-01,farmer:413001:022,413001,0,0,2.0,0.0,simulator_rule_not_real_credit_outcome
2026-10-01,farmer:413001:023,413001,1,1,0.0,0.0,simulator_rule_not_real_credit_outcome
2026-10-01,farmer:413001:024,413001,0,0,2.0,0.0,simulator_rule_not_real_credit_outcome
2026-10-01,farmer:413001:025,413001,1,0,2.0,0.0,simulator_rule_not_real_credit_outcome
2026-10-01,farmer:413001:026,413001,0,0,2.0,0.0,simulator_rule_not_real_credit_outcome
2026-10-01,farmer:413001:027,413001,1,1,2.0,0.0,simulator_rule_not_real_credit_outcome
2026-10-01,farmer:413001:028,413001,0,0,2.0,0.0,simulator_rule_not_real_credit_outcome
2026-10-01,farmer:413001:029,413001,0,0,2.0,0.0,simulator_rule_not_real_credit_outcome
2026-10-01,farmer:413001:030,413001,1,1,1.4264,0.0,simulator_rule_not_real_credit_outcome
2026-10-01,farmer:413001:031,413001,0,0,2.0,0.0,simulator_rule_not_real_credit_outcome
2026-10-01,farmer:413001:032,413001,1,1,0.0408,0.0,simulator_rule_not_real_credit_outcome
2026-10-01,farmer:413001:033,413001,0,0,2.0,0.0,simulator_rule_not_real_credit_outcome
2026-10-01,farmer:413001:034,413001,1,1,0.0,0.0,simulator_rule_not_real_credit_outcome
2026-10-01,farmer:413001:035,413001,0,0,2.0,0.0,simulator_rule_not_real_credit_outcome
2026-10-01,farmer:431001:001,431001,1,1,0.0,0.0,simulator_rule_not_real_credit_outcome
2026-10-01,farmer:431001:002,431001,0,0,2.0,0.0,simulator_rule_not_real_credit_outcome
2026-10-01,farmer:431001:003,431001,0,0,2.0,0.0,simulator_rule_not_real_credit_outcome
2026-10-01,farmer:431001:004,431001,0,0,2.0,0.0,simulator_rule_not_real_credit_outcome
2026-10-01,farmer:431001:005,431001,0,0,2.0,0.0,simulator_rule_not_real_credit_outcome
2026-10-01,farmer:431001:006,431001,0,0,2.0,0.0,simulator_rule_not_real_credit_outcome
2026-10-01,farmer:431001:007,431001,1,1,0.0,0.0,simulator_rule_not_real_credit_outcome
2026-10-01,farmer:431001:008,431001,0,0,2.0,0.0,simulator_rule_not_real_credit_outcome
2026-10-01,farmer:431001:009,431001,1,1,2.0,0.0,simulator_rule_not_real_credit_outcome
2026-10-01,farmer:431001:010,431001,0,0,2.0,0.0,simulator_rule_not_real_credit_outcome
2026-10-01,farmer:431001:011,431001,1,1,0.0,0.0,simulator_rule_not_real_credit_outcome
2026-10-01,farmer:431001:012,431001,1,1,1.1216,0.0,simulator_rule_not_real_credit_outcome
2026-10-01,farmer:431001:013,431001,0,0,2.0,0.0,simulator_rule_not_real_credit_outcome
2026-10-01,farmer:431001:014,431001,1,1,2.0,0.0,simulator_rule_not_real_credit_outcome
2026-10-01,farmer:431001:015,431001,1,1,2.0,0.0,simulator_rule_not_real_credit_outcome
2026-10-01,farmer:431001:016,431001,0,0,2.0,0.0,simulator_rule_not_real_credit_outcome
2026-10-01,farmer:431001:017,431001,1,1,1.9024,0.0,simulator_rule_not_real_credit_outcome
2026-10-01,farmer:431001:018,431001,0,0,2.0,0.0,simulator_rule_not_real_credit_outcome
2026-10-01,farmer:431001:019,431001,1,1,1.6851,0.0,simulator_rule_not_real_credit_outcome
2026-10-01,farmer:431001:020,431001,0,0,2.0,0.0,simulator_rule_not_real_credit_outcome
2026-10-01,farmer:431001:021,431001,1,0,2.0,0.0,simulator_rule_not_real_credit_outcome
2026-10-01,farmer:431001:022,431001,1,0,1.9466,0.0,simulator_rule_not_real_credit_outcome
2026-10-01,farmer:431001:023,431001,0,0,2.0,0.0,simulator_rule_not_real_credit_outcome
2026-10-01,farmer:431001:024,431001,1,1,2.0,0.0,simulator_rule_not_real_credit_outcome
2026-10-01,farmer:431001:025,431001,0,0,2.0,0.0,simulator_rule_not_real_credit_outcome
2026-10-01,farmer:431001:026,431001,0,0,2.0,0.0,simulator_rule_not_real_credit_outcome
2026-10-01,farmer:431001:027,431001,1,0,2.0,0.0,simulator_rule_not_real_credit_outcome
2026-10-01,farmer:431001:028,431001,1,1,2.0,0.0,simulator_rule_not_real_credit_outcome
2026-10-01,farmer:431001:029,431001,1,1,2.0,0.0,simulator_rule_not_real_credit_outcome
2026-10-01,farmer:431001:030,431001,0,0,2.0,0.0,simulator_rule_not_real_credit_outcome
2026-10-01,farmer:431001:031,431001,0,0,2.0,0.0,simulator_rule_not_real_credit_outcome
2026-10-01,farmer:431001:032,431001,0,0,2.0,0.0,simulator_rule_not_real_credit_outcome
2026-10-01,farmer:431001:033,431001,0,0,2.0,0.0,simulator_rule_not_real_credit_outcome
2026-10-01,farmer:431001:034,431001,1,1,2.0,0.0,simulator_rule_not_real_credit_outcome
2026-10-01,farmer:431001:035,431001,0,0,2.0,0.0,simulator_rule_not_real_credit_outcome
2026-10-01,farmer:440001:001,440001,0,0,2.0,0.0,simulator_rule_not_real_credit_outcome
2026-10-01,farmer:440001:002,440001,0,0,2.0,0.0,simulator_rule_not_real_credit_outcome
2026-10-01,farmer:440001:003,440001,0,0,2.0,0.0,simulator_rule_not_real_credit_outcome
2026-10-01,farmer:440001:004,440001,0,0,2.0,0.0,simulator_rule_not_real_credit_outcome
2026-10-01,farmer:440001:005,440001,0,0,2.0,0.0,simulator_rule_not_real_credit_outcome
2026-10-01,farmer:440001:006,440001,0,0,2.0,0.0,simulator_rule_not_real_credit_outcome
2026-10-01,farmer:440001:007,440001,0,0,2.0,0.0,simulator_rule_not_real_credit_outcome
2026-10-01,farmer:440001:008,440001,0,0,2.0,0.0,simulator_rule_not_real_credit_outcome
2026-10-01,farmer:440001:009,440001,1,1,0.1957,0.0,simulator_rule_not_real_credit_outcome
2026-10-01,farmer:440001:010,440001,0,0,2.0,0.0,simulator_rule_not_real_credit_outcome
2026-10-01,farmer:440001:011,440001,0,0,2.0,0.0,simulator_rule_not_real_credit_outcome
2026-10-01,farmer:440001:012,440001,1,1,1.5381,0.0,simulator_rule_not_real_credit_outcome
2026-10-01,farmer:440001:013,440001,0,0,2.0,0.0,simulator_rule_not_real_credit_outcome
2026-10-01,farmer:440001:014,440001,0,0,2.0,0.0,simulator_rule_not_real_credit_outcome
2026-10-01,farmer:440001:015,440001,0,0,2.0,0.0,simulator_rule_not_real_credit_outcome
2026-10-01,farmer:440001:016,440001,1,1,0.6375,0.0,simulator_rule_not_real_credit_outcome
2026-10-01,farmer:440001:017,440001,0,0,2.0,0.0,simulator_rule_not_real_credit_outcome
2026-10-01,farmer:440001:018,440001,1,1,2.0,0.0,simulator_rule_not_real_credit_outcome
2026-10-01,farmer:440001:019,440001,0,0,2.0,0.0,simulator_rule_not_real_credit_outcome
2026-10-01,farmer:440001:020,440001,0,0,2.0,0.0,simulator_rule_not_real_credit_outcome
2026-10-01,farmer:440001:021,440001,1,0,2.0,0.0,simulator_rule_not_real_credit_outcome
2026-10-01,farmer:440001:022,440001,1,1,2.0,0.0,simulator_rule_not_real_credit_outcome
2026-10-01,farmer:440001:023,440001,0,0,2.0,0.0,simulator_rule_not_real_credit_outcome
2026-10-01,farmer:440001:024,440001,0,0,2.0,0.0,simulator_rule_not_real_credit_outcome
2026-10-01,farmer:440001:025,440001,1,1,2.0,0.0,simulator_rule_not_real_credit_outcome
2026-10-01,farmer:440001:026,440001,0,0,2.0,0.0,simulator_rule_not_real_credit_outcome
2026-10-01,farmer:440001:027,440001,1,1,2.0,0.0,simulator_rule_not_real_credit_outcome
2026-10-01,farmer:440001:028,440001,0,0,2.0,0.0,simulator_rule_not_real_credit_outcome
2026-10-01,farmer:440001:029,440001,0,0,2.0,0.0,simulator_rule_not_real_credit_outcome
2026-10-01,farmer:440001:030,440001,1,1,0.0,0.0,simulator_rule_not_real_credit_outcome
2026-10-01,farmer:440001:031,440001,0,0,2.0,0.0,simulator_rule_not_real_credit_outcome
2026-10-01,farmer:440001:032,440001,1,1,1.4894,0.0,simulator_rule_not_real_credit_outcome
2026-10-01,farmer:440001:033,440001,0,0,2.0,0.0,simulator_rule_not_real_credit_outcome
2026-10-01,farmer:440001:034,440001,0,0,2.0,0.0,simulator_rule_not_real_credit_outcome
2026-10-01,farmer:440001:035,440001,1,1,0.0,0.0,simulator_rule_not_real_credit_outcome
2026-11-01,farmer:413001:001,413001,1,1,0.0,0.0,simulator_rule_not_real_credit_outcome
2026-11-01,farmer:413001:002,413001,0,0,2.0,0.0,simulator_rule_not_real_credit_outcome
2026-11-01,farmer:413001:003,413001,1,1,0.3443,0.0,simulator_rule_not_real_credit_outcome
2026-11-01,farmer:413001:004,413001,1,1,2.0,0.0,simulator_rule_not_real_credit_outcome
2026-11-01,farmer:413001:005,413001,1,0,2.0,0.0,simulator_rule_not_real_credit_outcome
2026-11-01,farmer:413001:006,413001,1,1,2.0,0.0,simulator_rule_not_real_credit_outcome
2026-11-01,farmer:413001:007,413001,1,1,0.0,0.0,simulator_rule_not_real_credit_outcome
2026-11-01,farmer:413001:008,413001,1,0,2.0,0.0,simulator_rule_not_real_credit_outcome
2026-11-01,farmer:413001:009,413001,1,1,2.0,0.0,simulator_rule_not_real_credit_outcome
2026-11-01,farmer:413001:010,413001,0,0,2.0,0.0,simulator_rule_not_real_credit_outcome
2026-11-01,farmer:413001:011,413001,0,0,2.0,0.0,simulator_rule_not_real_credit_outcome
2026-11-01,farmer:413001:012,413001,0,0,2.0,0.0,simulator_rule_not_real_credit_outcome
2026-11-01,farmer:413001:013,413001,0,0,2.0,0.0,simulator_rule_not_real_credit_outcome
2026-11-01,farmer:413001:014,413001,0,0,2.0,0.0,simulator_rule_not_real_credit_outcome
2026-11-01,farmer:413001:015,413001,1,0,2.0,0.0,simulator_rule_not_real_credit_outcome
2026-11-01,farmer:413001:016,413001,1,1,0.8302,0.0,simulator_rule_not_real_credit_outcome
2026-11-01,farmer:413001:017,413001,0,0,2.0,0.0,simulator_rule_not_real_credit_outcome
2026-11-01,farmer:413001:018,413001,0,0,2.0,0.0,simulator_rule_not_real_credit_outcome
2026-11-01,farmer:413001:019,413001,0,0,2.0,0.0,simulator_rule_not_real_credit_outcome
2026-11-01,farmer:413001:020,413001,1,1,2.0,0.0,simulator_rule_not_real_credit_outcome
2026-11-01,farmer:413001:021,413001,0,0,2.0,0.0,simulator_rule_not_real_credit_outcome
2026-11-01,farmer:413001:022,413001,0,0,2.0,0.0,simulator_rule_not_real_credit_outcome
2026-11-01,farmer:413001:023,413001,1,1,0.3184,0.0,simulator_rule_not_real_credit_outcome
2026-11-01,farmer:413001:024,413001,0,0,2.0,0.0,simulator_rule_not_real_credit_outcome
2026-11-01,farmer:413001:025,413001,0,0,2.0,0.0,simulator_rule_not_real_credit_outcome
2026-11-01,farmer:413001:026,413001,0,0,2.0,0.0,simulator_rule_not_real_credit_outcome
2026-11-01,farmer:413001:027,413001,1,0,2.0,0.0,simulator_rule_not_real_credit_outcome
2026-11-01,farmer:413001:028,413001,0,0,2.0,0.0,simulator_rule_not_real_credit_outcome
2026-11-01,farmer:413001:029,413001,0,0,2.0,0.0,simulator_rule_not_real_credit_outcome
2026-11-01,farmer:413001:030,413001,1,1,0.9833,0.0,simulator_rule_not_real_credit_outcome
2026-11-01,farmer:413001:031,413001,0,0,2.0,0.0,simulator_rule_not_real_credit_outcome
2026-11-01,farmer:413001:032,413001,1,1,0.0,0.0,simulator_rule_not_real_credit_outcome
2026-11-01,farmer:413001:033,413001,0,0,2.0,0.0,simulator_rule_not_real_credit_outcome
2026-11-01,farmer:413001:034,413001,1,1,0.0,0.0,simulator_rule_not_real_credit_outcome
2026-11-01,farmer:413001:035,413001,0,0,2.0,0.0,simulator_rule_not_real_credit_outcome
2026-11-01,farmer:431001:001,431001,1,1,1.3851,0.0,simulator_rule_not_real_credit_outcome
2026-11-01,farmer:431001:002,431001,0,0,2.0,0.0,simulator_rule_not_real_credit_outcome
2026-11-01,farmer:431001:003,431001,0,0,2.0,0.0,simulator_rule_not_real_credit_outcome
2026-11-01,farmer:431001:004,431001,0,0,2.0,0.0,simulator_rule_not_real_credit_outcome
2026-11-01,farmer:431001:005,431001,0,0,2.0,0.0,simulator_rule_not_real_credit_outcome
2026-11-01,farmer:431001:006,431001,0,0,2.0,0.0,simulator_rule_not_real_credit_outcome
2026-11-01,farmer:431001:007,431001,1,1,0.0,0.0,simulator_rule_not_real_credit_outcome
2026-11-01,farmer:431001:008,431001,0,0,2.0,0.0,simulator_rule_not_real_credit_outcome
2026-11-01,farmer:431001:009,431001,1,1,2.0,0.0,simulator_rule_not_real_credit_outcome
2026-11-01,farmer:431001:010,431001,0,0,2.0,0.0,simulator_rule_not_real_credit_outcome
2026-11-01,farmer:431001:011,431001,1,1,0.6011,0.0,simulator_rule_not_real_credit_outcome
2026-11-01,farmer:431001:012,431001,1,1,2.0,0.0,simulator_rule_not_real_credit_outcome
2026-11-01,farmer:431001:013,431001,0,0,2.0,0.0,simulator_rule_not_real_credit_outcome
2026-11-01,farmer:431001:014,431001,1,0,2.0,0.0,simulator_rule_not_real_credit_outcome
2026-11-01,farmer:431001:015,431001,1,1,2.0,0.0,simulator_rule_not_real_credit_outcome
2026-11-01,farmer:431001:016,431001,0,0,2.0,0.0,simulator_rule_not_real_credit_outcome
2026-11-01,farmer:431001:017,431001,1,1,1.374,0.0,simulator_rule_not_real_credit_outcome
2026-11-01,farmer:431001:018,431001,0,0,2.0,0.0,simulator_rule_not_real_credit_outcome
2026-11-01,farmer:431001:019,431001,1,1,1.5674,0.0,simulator_rule_not_real_credit_outcome
2026-11-01,farmer:431001:020,431001,0,0,2.0,0.0,simulator_rule_not_real_credit_outcome
2026-11-01,farmer:431001:021,431001,0,0,2.0,0.0,simulator_rule_not_real_credit_outcome
2026-11-01,farmer:431001:022,431001,0,0,2.0,0.0,simulator_rule_not_real_credit_outcome
2026-11-01,farmer:431001:023,431001,0,0,2.0,0.0,simulator_rule_not_real_credit_outcome
2026-11-01,farmer:431001:024,431001,1,1,2.0,0.0,simulator_rule_not_real_credit_outcome
2026-11-01,farmer:431001:025,431001,0,0,2.0,0.0,simulator_rule_not_real_credit_outcome
2026-11-01,farmer:431001:026,431001,0,0,2.0,0.0,simulator_rule_not_real_credit_outcome
2026-11-01,farmer:431001:027,431001,0,0,2.0,0.0,simulator_rule_not_real_credit_outcome
2026-11-01,farmer:431001:028,431001,1,1,2.0,0.0,simulator_rule_not_real_credit_outcome
2026-11-01,farmer:431001:029,431001,1,0,2.0,0.0,simulator_rule_not_real_credit_outcome
2026-11-01,farmer:431001:030,431001,0,0,2.0,0.0,simulator_rule_not_real_credit_outcome
2026-11-01,farmer:431001:031,431001,0,0,2.0,0.0,simulator_rule_not_real_credit_outcome
2026-11-01,farmer:431001:032,431001,0,0,2.0,0.0,simulator_rule_not_real_credit_outcome
2026-11-01,farmer:431001:033,431001,0,0,2.0,0.0,simulator_rule_not_real_credit_outcome
2026-11-01,farmer:431001:034,431001,1,1,2.0,0.0,simulator_rule_not_real_credit_outcome
2026-11-01,farmer:431001:035,431001,0,0,2.0,0.0,simulator_rule_not_real_credit_outcome
2026-11-01,farmer:440001:001,440001,0,0,2.0,0.0,simulator_rule_not_real_credit_outcome
2026-11-01,farmer:440001:002,440001,0,0,2.0,0.0,simulator_rule_not_real_credit_outcome
2026-11-01,farmer:440001:003,440001,0,0,2.0,0.0,simulator_rule_not_real_credit_outcome
2026-11-01,farmer:440001:004,440001,0,0,2.0,0.0,simulator_rule_not_real_credit_outcome
2026-11-01,farmer:440001:005,440001,0,0,2.0,0.0,simulator_rule_not_real_credit_outcome
2026-11-01,farmer:440001:006,440001,0,0,2.0,0.0,simulator_rule_not_real_credit_outcome
2026-11-01,farmer:440001:007,440001,0,0,2.0,0.0,simulator_rule_not_real_credit_outcome
2026-11-01,farmer:440001:008,440001,0,0,2.0,0.0,simulator_rule_not_real_credit_outcome
2026-11-01,farmer:440001:009,440001,1,0,2.0,0.0,simulator_rule_not_real_credit_outcome
2026-11-01,farmer:440001:010,440001,0,0,2.0,0.0,simulator_rule_not_real_credit_outcome
2026-11-01,farmer:440001:011,440001,0,0,2.0,0.0,simulator_rule_not_real_credit_outcome
2026-11-01,farmer:440001:012,440001,1,0,2.0,0.0,simulator_rule_not_real_credit_outcome
2026-11-01,farmer:440001:013,440001,0,0,2.0,0.0,simulator_rule_not_real_credit_outcome
2026-11-01,farmer:440001:014,440001,0,0,2.0,0.0,simulator_rule_not_real_credit_outcome
2026-11-01,farmer:440001:015,440001,0,0,2.0,0.0,simulator_rule_not_real_credit_outcome
2026-11-01,farmer:440001:016,440001,1,1,0.3518,0.0,simulator_rule_not_real_credit_outcome
2026-11-01,farmer:440001:017,440001,0,0,2.0,0.0,simulator_rule_not_real_credit_outcome
2026-11-01,farmer:440001:018,440001,1,1,2.0,0.0,simulator_rule_not_real_credit_outcome
2026-11-01,farmer:440001:019,440001,0,0,2.0,0.0,simulator_rule_not_real_credit_outcome
2026-11-01,farmer:440001:020,440001,0,0,2.0,0.0,simulator_rule_not_real_credit_outcome
2026-11-01,farmer:440001:021,440001,0,0,2.0,0.0,simulator_rule_not_real_credit_outcome
2026-11-01,farmer:440001:022,440001,1,1,2.0,0.0,simulator_rule_not_real_credit_outcome
2026-11-01,farmer:440001:023,440001,0,0,2.0,0.0,simulator_rule_not_real_credit_outcome
2026-11-01,farmer:440001:024,440001,0,0,2.0,0.0,simulator_rule_not_real_credit_outcome
2026-11-01,farmer:440001:025,440001,1,1,0.0,0.0,simulator_rule_not_real_credit_outcome
2026-11-01,farmer:440001:026,440001,0,0,2.0,0.0,simulator_rule_not_real_credit_outcome
2026-11-01,farmer:440001:027,440001,1,1,0.0,0.0,simulator_rule_not_real_credit_outcome
2026-11-01,farmer:440001:028,440001,0,0,2.0,0.0,simulator_rule_not_real_credit_outcome
2026-11-01,farmer:440001:029,440001,0,0,2.0,0.0,simulator_rule_not_real_credit_outcome
2026-11-01,farmer:440001:030,440001,1,1,0.0,0.0,simulator_rule_not_real_credit_outcome
2026-11-01,farmer:440001:031,440001,0,0,2.0,0.0,simulator_rule_not_real_credit_outcome
2026-11-01,farmer:440001:032,440001,1,1,0.0,0.0,simulator_rule_not_real_credit_outcome
2026-11-01,farmer:440001:033,440001,0,0,2.0,0.0,simulator_rule_not_real_credit_outcome
2026-11-01,farmer:440001:034,440001,0,0,2.0,0.0,simulator_rule_not_real_credit_outcome
2026-11-01,farmer:440001:035,440001,1,1,0.0,0.0,simulator_rule_not_real_credit_outcome
2026-12-01,farmer:413001:001,413001,1,1,0.0,0.0,simulator_rule_not_real_credit_outcome
2026-12-01,farmer:413001:002,413001,0,0,2.0,0.0,simulator_rule_not_real_credit_outcome
2026-12-01,farmer:413001:003,413001,1,1,0.0,0.0,simulator_rule_not_real_credit_outcome
2026-12-01,farmer:413001:004,413001,1,0,0.4184,0.0,simulator_rule_not_real_credit_outcome
2026-12-01,farmer:413001:005,413001,1,1,0.0,0.0,simulator_rule_not_real_credit_outcome
2026-12-01,farmer:413001:006,413001,1,0,0.7296,0.0,simulator_rule_not_real_credit_outcome
2026-12-01,farmer:413001:007,413001,1,1,0.0,0.0,simulator_rule_not_real_credit_outcome
2026-12-01,farmer:413001:008,413001,0,0,2.0,0.0,simulator_rule_not_real_credit_outcome
2026-12-01,farmer:413001:009,413001,1,0,1.5151,0.0,simulator_rule_not_real_credit_outcome
2026-12-01,farmer:413001:010,413001,0,0,2.0,0.0,simulator_rule_not_real_credit_outcome
2026-12-01,farmer:413001:011,413001,0,0,2.0,0.0,simulator_rule_not_real_credit_outcome
2026-12-01,farmer:413001:012,413001,0,0,1.6938,0.0,simulator_rule_not_real_credit_outcome
2026-12-01,farmer:413001:013,413001,0,0,2.0,0.0,simulator_rule_not_real_credit_outcome
2026-12-01,farmer:413001:014,413001,0,0,2.0,0.0,simulator_rule_not_real_credit_outcome
2026-12-01,farmer:413001:015,413001,0,0,2.0,0.0,simulator_rule_not_real_credit_outcome
2026-12-01,farmer:413001:016,413001,1,1,0.0,0.0,simulator_rule_not_real_credit_outcome
2026-12-01,farmer:413001:017,413001,0,0,2.0,0.0,simulator_rule_not_real_credit_outcome
2026-12-01,farmer:413001:018,413001,0,0,2.0,0.0,simulator_rule_not_real_credit_outcome
2026-12-01,farmer:413001:019,413001,0,0,2.0,0.0,simulator_rule_not_real_credit_outcome
2026-12-01,farmer:413001:020,413001,1,1,0.0,0.0,simulator_rule_not_real_credit_outcome
2026-12-01,farmer:413001:021,413001,0,0,2.0,0.0,simulator_rule_not_real_credit_outcome
2026-12-01,farmer:413001:022,413001,0,0,2.0,0.0,simulator_rule_not_real_credit_outcome
2026-12-01,farmer:413001:023,413001,1,1,0.0,0.0,simulator_rule_not_real_credit_outcome
2026-12-01,farmer:413001:024,413001,0,0,0.7488,0.0,simulator_rule_not_real_credit_outcome
2026-12-01,farmer:413001:025,413001,0,0,2.0,0.0,simulator_rule_not_real_credit_outcome
2026-12-01,farmer:413001:026,413001,0,0,2.0,0.0,simulator_rule_not_real_credit_outcome
2026-12-01,farmer:413001:027,413001,0,0,1.8063,0.0,simulator_rule_not_real_credit_outcome
2026-12-01,farmer:413001:028,413001,0,0,2.0,0.0,simulator_rule_not_real_credit_outcome
2026-12-01,farmer:413001:029,413001,0,0,2.0,0.0,simulator_rule_not_real_credit_outcome
2026-12-01,farmer:413001:030,413001,1,1,0.0,0.0,simulator_rule_not_real_credit_outcome
2026-12-01,farmer:413001:031,413001,0,0,2.0,0.0,simulator_rule_not_real_credit_outcome
2026-12-01,farmer:413001:032,413001,1,1,0.0,0.0,simulator_rule_not_real_credit_outcome
2026-12-01,farmer:413001:033,413001,0,0,2.0,0.0,simulator_rule_not_real_credit_outcome
2026-12-01,farmer:413001:034,413001,1,1,0.0,0.0,simulator_rule_not_real_credit_outcome
2026-12-01,farmer:413001:035,413001,0,0,2.0,0.0,simulator_rule_not_real_credit_outcome
2026-12-01,farmer:431001:001,431001,1,1,0.0,0.0,simulator_rule_not_real_credit_outcome
2026-12-01,farmer:431001:002,431001,0,0,2.0,0.0,simulator_rule_not_real_credit_outcome
2026-12-01,farmer:431001:003,431001,0,0,2.0,0.0,simulator_rule_not_real_credit_outcome
2026-12-01,farmer:431001:004,431001,0,0,2.0,0.0,simulator_rule_not_real_credit_outcome
2026-12-01,farmer:431001:005,431001,0,0,2.0,0.0,simulator_rule_not_real_credit_outcome
2026-12-01,farmer:431001:006,431001,0,0,2.0,0.0,simulator_rule_not_real_credit_outcome
2026-12-01,farmer:431001:007,431001,1,1,0.0,0.0,simulator_rule_not_real_credit_outcome
2026-12-01,farmer:431001:008,431001,0,0,2.0,0.0,simulator_rule_not_real_credit_outcome
2026-12-01,farmer:431001:009,431001,1,0,2.0,0.0,simulator_rule_not_real_credit_outcome
2026-12-01,farmer:431001:010,431001,0,0,2.0,0.0,simulator_rule_not_real_credit_outcome
2026-12-01,farmer:431001:011,431001,1,1,0.0,0.0,simulator_rule_not_real_credit_outcome
2026-12-01,farmer:431001:012,431001,1,1,0.0,0.0,simulator_rule_not_real_credit_outcome
2026-12-01,farmer:431001:013,431001,0,0,1.9043,0.0,simulator_rule_not_real_credit_outcome
2026-12-01,farmer:431001:014,431001,1,1,0.0,0.0,simulator_rule_not_real_credit_outcome
2026-12-01,farmer:431001:015,431001,1,1,0.0,0.0,simulator_rule_not_real_credit_outcome
2026-12-01,farmer:431001:016,431001,0,0,2.0,0.0,simulator_rule_not_real_credit_outcome
2026-12-01,farmer:431001:017,431001,1,1,0.0,0.0,simulator_rule_not_real_credit_outcome
2026-12-01,farmer:431001:018,431001,0,0,2.0,0.0,simulator_rule_not_real_credit_outcome
2026-12-01,farmer:431001:019,431001,1,1,0.0,0.0,simulator_rule_not_real_credit_outcome
2026-12-01,farmer:431001:020,431001,0,0,2.0,0.0,simulator_rule_not_real_credit_outcome
2026-12-01,farmer:431001:021,431001,0,0,0.7491,0.0,simulator_rule_not_real_credit_outcome
2026-12-01,farmer:431001:022,431001,1,0,0.0,0.0,simulator_rule_not_real_credit_outcome
2026-12-01,farmer:431001:023,431001,0,0,2.0,0.0,simulator_rule_not_real_credit_outcome
2026-12-01,farmer:431001:024,431001,1,1,0.0,0.0,simulator_rule_not_real_credit_outcome
2026-12-01,farmer:431001:025,431001,0,0,2.0,0.0,simulator_rule_not_real_credit_outcome
2026-12-01,farmer:431001:026,431001,0,0,2.0,0.0,simulator_rule_not_real_credit_outcome
2026-12-01,farmer:431001:027,431001,0,0,2.0,0.0,simulator_rule_not_real_credit_outcome
2026-12-01,farmer:431001:028,431001,1,0,1.3609,0.0,simulator_rule_not_real_credit_outcome
2026-12-01,farmer:431001:029,431001,0,0,2.0,0.0,simulator_rule_not_real_credit_outcome
2026-12-01,farmer:431001:030,431001,0,0,2.0,0.0,simulator_rule_not_real_credit_outcome
2026-12-01,farmer:431001:031,431001,0,0,2.0,0.0,simulator_rule_not_real_credit_outcome
2026-12-01,farmer:431001:032,431001,0,0,2.0,0.0,simulator_rule_not_real_credit_outcome
2026-12-01,farmer:431001:033,431001,0,0,2.0,0.0,simulator_rule_not_real_credit_outcome
2026-12-01,farmer:431001:034,431001,1,0,1.5858,0.0,simulator_rule_not_real_credit_outcome
2026-12-01,farmer:431001:035,431001,0,0,2.0,0.0,simulator_rule_not_real_credit_outcome
2026-12-01,farmer:440001:001,440001,0,0,2.0,0.0,simulator_rule_not_real_credit_outcome
2026-12-01,farmer:440001:002,440001,0,0,2.0,0.0,simulator_rule_not_real_credit_outcome
2026-12-01,farmer:440001:003,440001,0,0,2.0,0.0,simulator_rule_not_real_credit_outcome
2026-12-01,farmer:440001:004,440001,0,0,2.0,0.0,simulator_rule_not_real_credit_outcome
2026-12-01,farmer:440001:005,440001,0,0,2.0,0.0,simulator_rule_not_real_credit_outcome
2026-12-01,farmer:440001:006,440001,0,0,2.0,0.0,simulator_rule_not_real_credit_outcome
2026-12-01,farmer:440001:007,440001,0,0,2.0,0.0,simulator_rule_not_real_credit_outcome
2026-12-01,farmer:440001:008,440001,0,0,2.0,0.0,simulator_rule_not_real_credit_outcome
2026-12-01,farmer:440001:009,440001,1,1,0.0,0.0,simulator_rule_not_real_credit_outcome
2026-12-01,farmer:440001:010,440001,0,0,2.0,0.0,simulator_rule_not_real_credit_outcome
2026-12-01,farmer:440001:011,440001,0,0,2.0,0.0,simulator_rule_not_real_credit_outcome
2026-12-01,farmer:440001:012,440001,1,1,0.0,0.0,simulator_rule_not_real_credit_outcome
2026-12-01,farmer:440001:013,440001,0,0,2.0,0.0,simulator_rule_not_real_credit_outcome
2026-12-01,farmer:440001:014,440001,0,0,2.0,0.0,simulator_rule_not_real_credit_outcome
2026-12-01,farmer:440001:015,440001,0,0,2.0,0.0,simulator_rule_not_real_credit_outcome
2026-12-01,farmer:440001:016,440001,1,1,0.0,0.0,simulator_rule_not_real_credit_outcome
2026-12-01,farmer:440001:017,440001,0,0,2.0,0.0,simulator_rule_not_real_credit_outcome
2026-12-01,farmer:440001:018,440001,1,0,2.0,0.0,simulator_rule_not_real_credit_outcome
2026-12-01,farmer:440001:019,440001,0,0,2.0,0.0,simulator_rule_not_real_credit_outcome
2026-12-01,farmer:440001:020,440001,0,0,2.0,0.0,simulator_rule_not_real_credit_outcome
2026-12-01,farmer:440001:021,440001,0,0,1.2812,0.0,simulator_rule_not_real_credit_outcome
2026-12-01,farmer:440001:022,440001,1,1,0.0,0.0,simulator_rule_not_real_credit_outcome
2026-12-01,farmer:440001:023,440001,0,0,2.0,0.0,simulator_rule_not_real_credit_outcome
2026-12-01,farmer:440001:024,440001,0,0,2.0,0.0,simulator_rule_not_real_credit_outcome
2026-12-01,farmer:440001:025,440001,1,1,0.0,0.0,simulator_rule_not_real_credit_outcome
2026-12-01,farmer:440001:026,440001,0,0,2.0,0.0,simulator_rule_not_real_credit_outcome
2026-12-01,farmer:440001:027,440001,1,1,0.0,0.0,simulator_rule_not_real_credit_outcome
2026-12-01,farmer:440001:028,440001,0,0,2.0,0.0,simulator_rule_not_real_credit_outcome
2026-12-01,farmer:440001:029,440001,0,0,2.0,0.0,simulator_rule_not_real_credit_outcome
2026-12-01,farmer:440001:030,440001,1,1,0.0,0.0,simulator_rule_not_real_credit_outcome
2026-12-01,farmer:440001:031,440001,0,0,2.0,0.0,simulator_rule_not_real_credit_outcome
2026-12-01,farmer:440001:032,440001,1,1,0.0,0.0,simulator_rule_not_real_credit_outcome
2026-12-01,farmer:440001:033,440001,0,0,2.0,0.0,simulator_rule_not_real_credit_outcome
2026-12-01,farmer:440001:034,440001,0,0,2.0,0.0,simulator_rule_not_real_credit_outcome
2026-12-01,farmer:440001:035,440001,1,1,0.0,0.0,simulator_rule_not_real_credit_outcome
