event_id,timestamp,source_id,target_id,amount_inr,transaction_type,channel,pincode,drought_severity,synthetic
tx-202501-00000001,2025-01-01T00:00:00Z,farmer:413001:001,retailer:413001:02,3023.8,kirana_purchase,upi,413001,0.0,True
tx-202501-00000002,2025-01-01T00:00:00Z,farmer:413001:001,utility:413001,630.0,utility_payment,upi,413001,0.0,True
tx-202501-00000003,2025-01-01T00:00:00Z,farmer:413001:001,lender:vridhi,1350.0,loan_repayment,upi,413001,0.0,True
tx-202501-00000004,2025-01-01T00:00:00Z,farmer:413001:002,retailer:413001:02,2948.41,kirana_purchase,upi,413001,0.0,True
tx-202501-00000005,2025-01-01T00:00:00Z,farmer:413001:002,lender:vridhi,1350.0,loan_repayment,upi,413001,0.0,True
tx-202501-00000006,2025-01-01T00:00:00Z,farmer:413001:003,lender:vridhi,1350.0,loan_repayment,upi,413001,0.0,True
tx-202501-00000007,2025-01-01T00:00:00Z,farmer:413001:004,retailer:413001:01,2100.32,kirana_purchase,upi,413001,0.0,True
tx-202501-00000008,2025-01-01T00:00:00Z,farmer:413001:004,utility:413001,505.0,utility_payment,upi,413001,0.0,True
tx-202501-00000009,2025-01-01T00:00:00Z,farmer:413001:004,lender:vridhi,1350.0,loan_repayment,upi,413001,0.0,True
tx-202501-00000010,2025-01-01T00:00:00Z,farmer:413001:005,lender:vridhi,1350.0,loan_repayment,upi,413001,0.0,True
tx-202501-00000011,2025-01-01T00:00:00Z,farmer:413001:006,retailer:413001:02,2127.39,kirana_purchase,upi,413001,0.0,True
tx-202501-00000012,2025-01-01T00:00:00Z,farmer:413001:006,utility:413001,630.0,utility_payment,upi,413001,0.0,True
tx-202501-00000013,2025-01-01T00:00:00Z,farmer:413001:006,lender:vridhi,1350.0,loan_repayment,upi,413001,0.0,True
tx-202501-00000014,2025-01-01T00:00:00Z,farmer:413001:007,retailer:413001:03,2540.52,kirana_purchase,upi,413001,0.0,True
tx-202501-00000015,2025-01-01T00:00:00Z,farmer:413001:007,lender:vridhi,1350.0,loan_repayment,upi,413001,0.0,True
tx-202501-00000016,2025-01-01T00:00:00Z,farmer:413001:008,utility:413001,630.0,utility_payment,upi,413001,0.0,True
tx-202501-00000017,2025-01-01T00:00:00Z,farmer:413001:009,retailer:413001:03,1515.04,kirana_purchase,upi,413001,0.0,True
tx-202501-00000018,2025-01-01T00:00:00Z,farmer:413001:009,utility:413001,630.0,utility_payment,upi,413001,0.0,True
tx-202501-00000019,2025-01-01T00:00:00Z,farmer:413001:009,lender:vridhi,1350.0,loan_repayment,upi,413001,0.0,True
tx-202501-00000020,2025-01-01T00:00:00Z,farmer:413001:010,retailer:413001:04,2480.56,kirana_purchase,upi,413001,0.0,True
tx-202501-00000021,2025-01-01T00:00:00Z,farmer:413001:010,utility:413001,505.0,utility_payment,upi,413001,0.0,True
tx-202501-00000022,2025-01-01T00:00:00Z,farmer:413001:010,lender:vridhi,1350.0,loan_repayment,upi,413001,0.0,True
tx-202501-00000023,2025-01-01T00:00:00Z,farmer:413001:011,retailer:413001:03,1525.46,kirana_purchase,upi,413001,0.0,True
tx-202501-00000024,2025-01-01T00:00:00Z,farmer:413001:011,utility:413001,630.0,utility_payment,upi,413001,0.0,True
tx-202501-00000025,2025-01-01T00:00:00Z,farmer:413001:011,lender:vridhi,1350.0,loan_repayment,upi,413001,0.0,True
tx-202501-00000026,2025-01-01T00:00:00Z,farmer:413001:012,retailer:413001:02,2069.18,kirana_purchase,upi,413001,0.0,True
tx-202501-00000027,2025-01-01T00:00:00Z,farmer:413001:012,utility:413001,630.0,utility_payment,upi,413001,0.0,True
tx-202501-00000028,2025-01-01T00:00:00Z,farmer:413001:012,lender:vridhi,1350.0,loan_repayment,upi,413001,0.0,True
tx-202501-00000029,2025-01-01T00:00:00Z,farmer:413001:013,retailer:413001:03,2577.76,kirana_purchase,upi,413001,0.0,True
tx-202501-00000030,2025-01-01T00:00:00Z,farmer:413001:013,lender:vridhi,1350.0,loan_repayment,upi,413001,0.0,True
tx-202501-00000031,2025-01-01T00:00:00Z,farmer:413001:014,utility:413001,630.0,utility_payment,upi,413001,0.0,True
tx-202501-00000032,2025-01-01T00:00:00Z,farmer:413001:014,lender:vridhi,1350.0,loan_repayment,upi,413001,0.0,True
tx-202501-00000033,2025-01-01T00:00:00Z,farmer:413001:015,utility:413001,505.0,utility_payment,upi,413001,0.0,True
tx-202501-00000034,2025-01-01T00:00:00Z,farmer:413001:015,lender:vridhi,1350.0,loan_repayment,upi,413001,0.0,True
tx-202501-00000035,2025-01-01T00:00:00Z,farmer:413001:016,retailer:413001:01,1966.59,kirana_purchase,upi,413001,0.0,True
tx-202501-00000036,2025-01-01T00:00:00Z,farmer:413001:016,lender:vridhi,1350.0,loan_repayment,upi,413001,0.0,True
tx-202501-00000037,2025-01-01T00:00:00Z,farmer:413001:017,retailer:413001:03,2240.48,kirana_purchase,upi,413001,0.0,True
tx-202501-00000038,2025-01-01T00:00:00Z,farmer:413001:017,utility:413001,630.0,utility_payment,upi,413001,0.0,True
tx-202501-00000039,2025-01-01T00:00:00Z,farmer:413001:017,lender:vridhi,1350.0,loan_repayment,upi,413001,0.0,True
tx-202501-00000040,2025-01-01T00:00:00Z,farmer:413001:018,retailer:413001:02,2570.05,kirana_purchase,upi,413001,0.0,True
tx-202501-00000041,2025-01-01T00:00:00Z,farmer:413001:018,utility:413001,505.0,utility_payment,upi,413001,0.0,True
tx-202501-00000042,2025-01-01T00:00:00Z,farmer:413001:018,lender:vridhi,1350.0,loan_repayment,upi,413001,0.0,True
tx-202501-00000043,2025-01-01T00:00:00Z,farmer:413001:019,utility:413001,630.0,utility_payment,upi,413001,0.0,True
tx-202501-00000044,2025-01-01T00:00:00Z,farmer:413001:019,lender:vridhi,1350.0,loan_repayment,upi,413001,0.0,True
tx-202501-00000045,2025-01-01T00:00:00Z,farmer:413001:020,retailer:413001:02,1700.5,kirana_purchase,upi,413001,0.0,True
tx-202501-00000046,2025-01-01T00:00:00Z,farmer:413001:020,lender:vridhi,1350.0,loan_repayment,upi,413001,0.0,True
tx-202501-00000047,2025-01-01T00:00:00Z,farmer:413001:021,utility:413001,630.0,utility_payment,upi,413001,0.0,True
tx-202501-00000048,2025-01-01T00:00:00Z,farmer:413001:021,lender:vridhi,1350.0,loan_repayment,upi,413001,0.0,True
tx-202501-00000049,2025-01-01T00:00:00Z,farmer:413001:022,retailer:413001:04,2290.44,kirana_purchase,upi,413001,0.0,True
tx-202501-00000050,2025-01-01T00:00:00Z,farmer:413001:022,utility:413001,630.0,utility_payment,upi,413001,0.0,True
tx-202501-00000051,2025-01-01T00:00:00Z,farmer:413001:022,lender:vridhi,1350.0,loan_repayment,upi,413001,0.0,True
tx-202501-00000052,2025-01-01T00:00:00Z,farmer:413001:023,retailer:413001:01,2773.31,kirana_purchase,upi,413001,0.0,True
tx-202501-00000053,2025-01-01T00:00:00Z,farmer:413001:023,lender:vridhi,1350.0,loan_repayment,upi,413001,0.0,True
tx-202501-00000054,2025-01-01T00:00:00Z,farmer:413001:024,retailer:413001:04,1535.37,kirana_purchase,upi,413001,0.0,True
tx-202501-00000055,2025-01-01T00:00:00Z,farmer:413001:024,lender:vridhi,1350.0,loan_repayment,upi,413001,0.0,True
tx-202501-00000056,2025-01-01T00:00:00Z,farmer:413001:025,utility:413001,630.0,utility_payment,upi,413001,0.0,True
tx-202501-00000057,2025-01-01T00:00:00Z,farmer:413001:026,utility:413001,505.0,utility_payment,upi,413001,0.0,True
tx-202501-00000058,2025-01-01T00:00:00Z,farmer:413001:027,utility:413001,505.0,utility_payment,upi,413001,0.0,True
tx-202501-00000059,2025-01-01T00:00:00Z,farmer:413001:027,lender:vridhi,1350.0,loan_repayment,upi,413001,0.0,True
tx-202501-00000060,2025-01-01T00:00:00Z,farmer:413001:028,retailer:413001:02,2877.77,kirana_purchase,upi,413001,0.0,True
tx-202501-00000061,2025-01-01T00:00:00Z,farmer:413001:028,lender:vridhi,1350.0,loan_repayment,upi,413001,0.0,True
tx-202501-00000062,2025-01-01T00:00:00Z,farmer:413001:029,retailer:413001:02,1916.82,kirana_purchase,upi,413001,0.0,True
tx-202501-00000063,2025-01-01T00:00:00Z,farmer:413001:029,utility:413001,505.0,utility_payment,upi,413001,0.0,True
tx-202501-00000064,2025-01-01T00:00:00Z,farmer:413001:029,lender:vridhi,1350.0,loan_repayment,upi,413001,0.0,True
tx-202501-00000065,2025-01-01T00:00:00Z,farmer:413001:030,retailer:413001:03,2968.15,kirana_purchase,upi,413001,0.0,True
tx-202501-00000066,2025-01-01T00:00:00Z,farmer:413001:030,utility:413001,630.0,utility_payment,upi,413001,0.0,True
tx-202501-00000067,2025-01-01T00:00:00Z,farmer:413001:030,lender:vridhi,1350.0,loan_repayment,upi,413001,0.0,True
tx-202501-00000068,2025-01-01T00:00:00Z,farmer:413001:031,retailer:413001:02,2650.91,kirana_purchase,upi,413001,0.0,True
tx-202501-00000069,2025-01-01T00:00:00Z,farmer:413001:031,utility:413001,505.0,utility_payment,upi,413001,0.0,True
tx-202501-00000070,2025-01-01T00:00:00Z,farmer:413001:031,lender:vridhi,1350.0,loan_repayment,upi,413001,0.0,True
tx-202501-00000071,2025-01-01T00:00:00Z,farmer:413001:032,utility:413001,505.0,utility_payment,upi,413001,0.0,True
tx-202501-00000072,2025-01-01T00:00:00Z,farmer:413001:032,lender:vridhi,1350.0,loan_repayment,upi,413001,0.0,True
tx-202501-00000073,2025-01-01T00:00:00Z,farmer:413001:033,utility:413001,630.0,utility_payment,upi,413001,0.0,True
tx-202501-00000074,2025-01-01T00:00:00Z,farmer:413001:033,lender:vridhi,1350.0,loan_repayment,upi,413001,0.0,True
tx-202501-00000075,2025-01-01T00:00:00Z,farmer:413001:034,retailer:413001:03,1957.64,kirana_purchase,upi,413001,0.0,True
tx-202501-00000076,2025-01-01T00:00:00Z,farmer:413001:035,retailer:413001:02,2279.99,kirana_purchase,upi,413001,0.0,True
tx-202501-00000077,2025-01-01T00:00:00Z,farmer:413001:035,utility:413001,630.0,utility_payment,upi,413001,0.0,True
tx-202501-00000078,2025-01-01T00:00:00Z,farmer:413001:035,lender:vridhi,1350.0,loan_repayment,upi,413001,0.0,True
tx-202501-00000079,2025-01-01T00:00:00Z,retailer:413001:01,utility:413001,1050.0,utility_payment,upi,413001,0.0,True
tx-202501-00000080,2025-01-01T00:00:00Z,retailer:413001:03,utility:413001,1050.0,utility_payment,upi,413001,0.0,True
tx-202501-00000081,2025-01-01T00:00:00Z,retailer:413001:04,wholesaler:413001:01,16054.14,retailer_restock,upi,413001,0.0,True
tx-202501-00000082,2025-01-01T00:00:00Z,retailer:413001:04,utility:413001,1050.0,utility_payment,upi,413001,0.0,True
tx-202501-00000083,2025-01-01T00:00:00Z,farmer:431001:001,retailer:431001:01,1892.27,kirana_purchase,upi,431001,0.0,True
tx-202501-00000084,2025-01-01T00:00:00Z,farmer:431001:001,utility:431001,630.0,utility_payment,upi,431001,0.0,True
tx-202501-00000085,2025-01-01T00:00:00Z,farmer:431001:001,lender:vridhi,1350.0,loan_repayment,upi,431001,0.0,True
tx-202501-00000086,2025-01-01T00:00:00Z,farmer:431001:002,utility:431001,505.0,utility_payment,upi,431001,0.0,True
tx-202501-00000087,2025-01-01T00:00:00Z,farmer:431001:003,retailer:431001:04,1482.95,kirana_purchase,upi,431001,0.0,True
tx-202501-00000088,2025-01-01T00:00:00Z,farmer:431001:003,lender:vridhi,1350.0,loan_repayment,upi,431001,0.0,True
tx-202501-00000089,2025-01-01T00:00:00Z,farmer:431001:004,retailer:431001:01,2778.1,kirana_purchase,upi,431001,0.0,True
tx-202501-00000090,2025-01-01T00:00:00Z,farmer:431001:005,retailer:431001:02,2876.69,kirana_purchase,upi,431001,0.0,True
tx-202501-00000091,2025-01-01T00:00:00Z,farmer:431001:005,utility:431001,630.0,utility_payment,upi,431001,0.0,True
tx-202501-00000092,2025-01-01T00:00:00Z,farmer:431001:005,lender:vridhi,1350.0,loan_repayment,upi,431001,0.0,True
tx-202501-00000093,2025-01-01T00:00:00Z,farmer:431001:006,retailer:431001:01,2408.75,kirana_purchase,upi,431001,0.0,True
tx-202501-00000094,2025-01-01T00:00:00Z,farmer:431001:006,lender:vridhi,1350.0,loan_repayment,upi,431001,0.0,True
tx-202501-00000095,2025-01-01T00:00:00Z,farmer:431001:007,lender:vridhi,1350.0,loan_repayment,upi,431001,0.0,True
tx-202501-00000096,2025-01-01T00:00:00Z,farmer:431001:008,retailer:431001:02,3090.03,kirana_purchase,upi,431001,0.0,True
tx-202501-00000097,2025-01-01T00:00:00Z,farmer:431001:008,utility:431001,505.0,utility_payment,upi,431001,0.0,True
tx-202501-00000098,2025-01-01T00:00:00Z,farmer:431001:008,lender:vridhi,1350.0,loan_repayment,upi,431001,0.0,True
tx-202501-00000099,2025-01-01T00:00:00Z,farmer:431001:009,utility:431001,630.0,utility_payment,upi,431001,0.0,True
tx-202501-00000100,2025-01-01T00:00:00Z,farmer:431001:009,lender:vridhi,1350.0,loan_repayment,upi,431001,0.0,True
tx-202501-00000101,2025-01-01T00:00:00Z,farmer:431001:010,lender:vridhi,1350.0,loan_repayment,upi,431001,0.0,True
tx-202501-00000102,2025-01-01T00:00:00Z,farmer:431001:011,retailer:431001:01,2803.59,kirana_purchase,upi,431001,0.0,True
tx-202501-00000103,2025-01-01T00:00:00Z,farmer:431001:011,utility:431001,505.0,utility_payment,upi,431001,0.0,True
tx-202501-00000104,2025-01-01T00:00:00Z,farmer:431001:011,lender:vridhi,1350.0,loan_repayment,upi,431001,0.0,True
tx-202501-00000105,2025-01-01T00:00:00Z,farmer:431001:012,retailer:431001:03,1567.23,kirana_purchase,upi,431001,0.0,True
tx-202501-00000106,2025-01-01T00:00:00Z,farmer:431001:012,utility:431001,630.0,utility_payment,upi,431001,0.0,True
tx-202501-00000107,2025-01-01T00:00:00Z,farmer:431001:012,lender:vridhi,1350.0,loan_repayment,upi,431001,0.0,True
tx-202501-00000108,2025-01-01T00:00:00Z,farmer:431001:013,utility:431001,630.0,utility_payment,upi,431001,0.0,True
tx-202501-00000109,2025-01-01T00:00:00Z,farmer:431001:014,lender:vridhi,1350.0,loan_repayment,upi,431001,0.0,True
tx-202501-00000110,2025-01-01T00:00:00Z,farmer:431001:015,utility:431001,630.0,utility_payment,upi,431001,0.0,True
tx-202501-00000111,2025-01-01T00:00:00Z,farmer:431001:015,lender:vridhi,1350.0,loan_repayment,upi,431001,0.0,True
tx-202501-00000112,2025-01-01T00:00:00Z,farmer:431001:016,retailer:431001:02,2862.24,kirana_purchase,upi,431001,0.0,True
tx-202501-00000113,2025-01-01T00:00:00Z,farmer:431001:016,lender:vridhi,1350.0,loan_repayment,upi,431001,0.0,True
tx-202501-00000114,2025-01-01T00:00:00Z,farmer:431001:017,utility:431001,630.0,utility_payment,upi,431001,0.0,True
tx-202501-00000115,2025-01-01T00:00:00Z,farmer:431001:017,lender:vridhi,1350.0,loan_repayment,upi,431001,0.0,True
tx-202501-00000116,2025-01-01T00:00:00Z,farmer:431001:018,retailer:431001:03,1759.13,kirana_purchase,upi,431001,0.0,True
tx-202501-00000117,2025-01-01T00:00:00Z,farmer:431001:018,lender:vridhi,1350.0,loan_repayment,upi,431001,0.0,True
tx-202501-00000118,2025-01-01T00:00:00Z,farmer:431001:019,retailer:431001:03,2394.84,kirana_purchase,upi,431001,0.0,True
tx-202501-00000119,2025-01-01T00:00:00Z,farmer:431001:019,utility:431001,505.0,utility_payment,upi,431001,0.0,True
tx-202501-00000120,2025-01-01T00:00:00Z,farmer:431001:019,lender:vridhi,1350.0,loan_repayment,upi,431001,0.0,True
tx-202501-00000121,2025-01-01T00:00:00Z,farmer:431001:020,lender:vridhi,1350.0,loan_repayment,upi,431001,0.0,True
tx-202501-00000122,2025-01-01T00:00:00Z,farmer:431001:021,retailer:431001:04,2211.9,kirana_purchase,upi,431001,0.0,True
tx-202501-00000123,2025-01-01T00:00:00Z,farmer:431001:021,utility:431001,505.0,utility_payment,upi,431001,0.0,True
tx-202501-00000124,2025-01-01T00:00:00Z,farmer:431001:021,lender:vridhi,1350.0,loan_repayment,upi,431001,0.0,True
tx-202501-00000125,2025-01-01T00:00:00Z,farmer:431001:022,retailer:431001:02,1970.55,kirana_purchase,upi,431001,0.0,True
tx-202501-00000126,2025-01-01T00:00:00Z,farmer:431001:022,utility:431001,505.0,utility_payment,upi,431001,0.0,True
tx-202501-00000127,2025-01-01T00:00:00Z,farmer:431001:022,lender:vridhi,1350.0,loan_repayment,upi,431001,0.0,True
tx-202501-00000128,2025-01-01T00:00:00Z,farmer:431001:023,retailer:431001:04,3144.27,kirana_purchase,upi,431001,0.0,True
tx-202501-00000129,2025-01-01T00:00:00Z,farmer:431001:023,utility:431001,630.0,utility_payment,upi,431001,0.0,True
tx-202501-00000130,2025-01-01T00:00:00Z,farmer:431001:023,lender:vridhi,1350.0,loan_repayment,upi,431001,0.0,True
tx-202501-00000131,2025-01-01T00:00:00Z,farmer:431001:024,retailer:431001:03,1877.39,kirana_purchase,upi,431001,0.0,True
tx-202501-00000132,2025-01-01T00:00:00Z,farmer:431001:024,utility:431001,630.0,utility_payment,upi,431001,0.0,True
tx-202501-00000133,2025-01-01T00:00:00Z,farmer:431001:024,lender:vridhi,1350.0,loan_repayment,upi,431001,0.0,True
tx-202501-00000134,2025-01-01T00:00:00Z,farmer:431001:025,utility:431001,505.0,utility_payment,upi,431001,0.0,True
tx-202501-00000135,2025-01-01T00:00:00Z,farmer:431001:025,lender:vridhi,1350.0,loan_repayment,upi,431001,0.0,True
tx-202501-00000136,2025-01-01T00:00:00Z,farmer:431001:026,utility:431001,630.0,utility_payment,upi,431001,0.0,True
tx-202501-00000137,2025-01-01T00:00:00Z,farmer:431001:026,lender:vridhi,1350.0,loan_repayment,upi,431001,0.0,True
tx-202501-00000138,2025-01-01T00:00:00Z,farmer:431001:027,retailer:431001:03,1474.05,kirana_purchase,upi,431001,0.0,True
tx-202501-00000139,2025-01-01T00:00:00Z,farmer:431001:027,utility:431001,505.0,utility_payment,upi,431001,0.0,True
tx-202501-00000140,2025-01-01T00:00:00Z,farmer:431001:028,retailer:431001:03,2635.61,kirana_purchase,upi,431001,0.0,True
tx-202501-00000141,2025-01-01T00:00:00Z,farmer:431001:028,lender:vridhi,1350.0,loan_repayment,upi,431001,0.0,True
tx-202501-00000142,2025-01-01T00:00:00Z,farmer:431001:029,retailer:431001:01,2425.91,kirana_purchase,upi,431001,0.0,True
tx-202501-00000143,2025-01-01T00:00:00Z,farmer:431001:029,utility:431001,505.0,utility_payment,upi,431001,0.0,True
tx-202501-00000144,2025-01-01T00:00:00Z,farmer:431001:029,lender:vridhi,1350.0,loan_repayment,upi,431001,0.0,True
tx-202501-00000145,2025-01-01T00:00:00Z,farmer:431001:030,utility:431001,505.0,utility_payment,upi,431001,0.0,True
tx-202501-00000146,2025-01-01T00:00:00Z,farmer:431001:030,lender:vridhi,1350.0,loan_repayment,upi,431001,0.0,True
tx-202501-00000147,2025-01-01T00:00:00Z,farmer:431001:031,retailer:431001:04,1575.94,kirana_purchase,upi,431001,0.0,True
tx-202501-00000148,2025-01-01T00:00:00Z,farmer:431001:031,utility:431001,630.0,utility_payment,upi,431001,0.0,True
tx-202501-00000149,2025-01-01T00:00:00Z,farmer:431001:031,lender:vridhi,1350.0,loan_repayment,upi,431001,0.0,True
tx-202501-00000150,2025-01-01T00:00:00Z,farmer:431001:032,retailer:431001:03,1594.81,kirana_purchase,upi,431001,0.0,True
tx-202501-00000151,2025-01-01T00:00:00Z,farmer:431001:032,utility:431001,630.0,utility_payment,upi,431001,0.0,True
tx-202501-00000152,2025-01-01T00:00:00Z,farmer:431001:032,lender:vridhi,1350.0,loan_repayment,upi,431001,0.0,True
tx-202501-00000153,2025-01-01T00:00:00Z,farmer:431001:033,retailer:431001:02,2768.68,kirana_purchase,upi,431001,0.0,True
tx-202501-00000154,2025-01-01T00:00:00Z,farmer:431001:033,lender:vridhi,1350.0,loan_repayment,upi,431001,0.0,True
tx-202501-00000155,2025-01-01T00:00:00Z,farmer:431001:034,retailer:431001:04,1969.15,kirana_purchase,upi,431001,0.0,True
tx-202501-00000156,2025-01-01T00:00:00Z,farmer:431001:034,utility:431001,505.0,utility_payment,upi,431001,0.0,True
tx-202501-00000157,2025-01-01T00:00:00Z,farmer:431001:034,lender:vridhi,1350.0,loan_repayment,upi,431001,0.0,True
tx-202501-00000158,2025-01-01T00:00:00Z,farmer:431001:035,retailer:431001:02,2513.38,kirana_purchase,upi,431001,0.0,True
tx-202501-00000159,2025-01-01T00:00:00Z,farmer:431001:035,utility:431001,505.0,utility_payment,upi,431001,0.0,True
tx-202501-00000160,2025-01-01T00:00:00Z,farmer:431001:035,lender:vridhi,1350.0,loan_repayment,upi,431001,0.0,True
tx-202501-00000161,2025-01-01T00:00:00Z,retailer:431001:01,wholesaler:431001:01,8660.23,retailer_restock,upi,431001,0.0,True
tx-202501-00000162,2025-01-01T00:00:00Z,retailer:431001:01,utility:431001,1050.0,utility_payment,upi,431001,0.0,True
tx-202501-00000163,2025-01-01T00:00:00Z,retailer:431001:02,wholesaler:431001:01,15405.15,retailer_restock,upi,431001,0.0,True
tx-202501-00000164,2025-01-01T00:00:00Z,retailer:431001:02,utility:431001,1050.0,utility_payment,upi,431001,0.0,True
tx-202501-00000165,2025-01-01T00:00:00Z,retailer:431001:03,wholesaler:431001:01,9156.1,retailer_restock,upi,431001,0.0,True
tx-202501-00000166,2025-01-01T00:00:00Z,retailer:431001:04,wholesaler:431001:01,11827.73,retailer_restock,upi,431001,0.0,True
tx-202501-00000167,2025-01-01T00:00:00Z,retailer:431001:04,utility:431001,1050.0,utility_payment,upi,431001,0.0,True
tx-202501-00000168,2025-01-01T00:00:00Z,wholesaler:431001:01,utility:431001,2400.0,utility_payment,upi,431001,0.0,True
tx-202501-00000169,2025-01-01T00:00:00Z,farmer:440001:001,retailer:440001:04,1645.12,kirana_purchase,upi,440001,0.0,True
tx-202501-00000170,2025-01-01T00:00:00Z,farmer:440001:001,utility:440001,505.0,utility_payment,upi,440001,0.0,True
tx-202501-00000171,2025-01-01T00:00:00Z,farmer:440001:001,lender:vridhi,1350.0,loan_repayment,upi,440001,0.0,True
tx-202501-00000172,2025-01-01T00:00:00Z,farmer:440001:002,retailer:440001:02,1571.4,kirana_purchase,upi,440001,0.0,True
tx-202501-00000173,2025-01-01T00:00:00Z,farmer:440001:002,utility:440001,505.0,utility_payment,upi,440001,0.0,True
tx-202501-00000174,2025-01-01T00:00:00Z,farmer:440001:002,lender:vridhi,1350.0,loan_repayment,upi,440001,0.0,True
tx-202501-00000175,2025-01-01T00:00:00Z,farmer:440001:003,retailer:440001:03,2196.56,kirana_purchase,upi,440001,0.0,True
tx-202501-00000176,2025-01-01T00:00:00Z,farmer:440001:003,utility:440001,630.0,utility_payment,upi,440001,0.0,True
tx-202501-00000177,2025-01-01T00:00:00Z,farmer:440001:003,lender:vridhi,1350.0,loan_repayment,upi,440001,0.0,True
tx-202501-00000178,2025-01-01T00:00:00Z,farmer:440001:004,retailer:440001:03,2300.8,kirana_purchase,upi,440001,0.0,True
tx-202501-00000179,2025-01-01T00:00:00Z,farmer:440001:004,utility:440001,505.0,utility_payment,upi,440001,0.0,True
tx-202501-00000180,2025-01-01T00:00:00Z,farmer:440001:004,lender:vridhi,1350.0,loan_repayment,upi,440001,0.0,True
tx-202501-00000181,2025-01-01T00:00:00Z,farmer:440001:005,retailer:440001:04,2698.71,kirana_purchase,upi,440001,0.0,True
tx-202501-00000182,2025-01-01T00:00:00Z,farmer:440001:005,utility:440001,630.0,utility_payment,upi,440001,0.0,True
tx-202501-00000183,2025-01-01T00:00:00Z,farmer:440001:005,lender:vridhi,1350.0,loan_repayment,upi,440001,0.0,True
tx-202501-00000184,2025-01-01T00:00:00Z,farmer:440001:006,utility:440001,630.0,utility_payment,upi,440001,0.0,True
tx-202501-00000185,2025-01-01T00:00:00Z,farmer:440001:006,lender:vridhi,1350.0,loan_repayment,upi,440001,0.0,True
tx-202501-00000186,2025-01-01T00:00:00Z,farmer:440001:007,retailer:440001:02,2249.85,kirana_purchase,upi,440001,0.0,True
tx-202501-00000187,2025-01-01T00:00:00Z,farmer:440001:007,lender:vridhi,1350.0,loan_repayment,upi,440001,0.0,True
tx-202501-00000188,2025-01-01T00:00:00Z,farmer:440001:008,retailer:440001:04,2529.13,kirana_purchase,upi,440001,0.0,True
tx-202501-00000189,2025-01-01T00:00:00Z,farmer:440001:008,utility:440001,505.0,utility_payment,upi,440001,0.0,True
tx-202501-00000190,2025-01-01T00:00:00Z,farmer:440001:008,lender:vridhi,1350.0,loan_repayment,upi,440001,0.0,True
tx-202501-00000191,2025-01-01T00:00:00Z,farmer:440001:009,retailer:440001:03,1995.8,kirana_purchase,upi,440001,0.0,True
tx-202501-00000192,2025-01-01T00:00:00Z,farmer:440001:009,utility:440001,505.0,utility_payment,upi,440001,0.0,True
tx-202501-00000193,2025-01-01T00:00:00Z,farmer:440001:009,lender:vridhi,1350.0,loan_repayment,upi,440001,0.0,True
tx-202501-00000194,2025-01-01T00:00:00Z,farmer:440001:010,lender:vridhi,1350.0,loan_repayment,upi,440001,0.0,True
tx-202501-00000195,2025-01-01T00:00:00Z,farmer:440001:011,retailer:440001:04,1599.7,kirana_purchase,upi,440001,0.0,True
tx-202501-00000196,2025-01-01T00:00:00Z,farmer:440001:011,utility:440001,505.0,utility_payment,upi,440001,0.0,True
tx-202501-00000197,2025-01-01T00:00:00Z,farmer:440001:011,lender:vridhi,1350.0,loan_repayment,upi,440001,0.0,True
tx-202501-00000198,2025-01-01T00:00:00Z,farmer:440001:012,retailer:440001:01,2568.02,kirana_purchase,upi,440001,0.0,True
tx-202501-00000199,2025-01-01T00:00:00Z,farmer:440001:012,utility:440001,630.0,utility_payment,upi,440001,0.0,True
tx-202501-00000200,2025-01-01T00:00:00Z,farmer:440001:012,lender:vridhi,1350.0,loan_repayment,upi,440001,0.0,True
tx-202501-00000201,2025-01-01T00:00:00Z,farmer:440001:013,retailer:440001:03,2508.48,kirana_purchase,upi,440001,0.0,True
tx-202501-00000202,2025-01-01T00:00:00Z,farmer:440001:013,utility:440001,505.0,utility_payment,upi,440001,0.0,True
tx-202501-00000203,2025-01-01T00:00:00Z,farmer:440001:013,lender:vridhi,1350.0,loan_repayment,upi,440001,0.0,True
tx-202501-00000204,2025-01-01T00:00:00Z,farmer:440001:014,utility:440001,505.0,utility_payment,upi,440001,0.0,True
tx-202501-00000205,2025-01-01T00:00:00Z,farmer:440001:014,lender:vridhi,1350.0,loan_repayment,upi,440001,0.0,True
tx-202501-00000206,2025-01-01T00:00:00Z,farmer:440001:015,retailer:440001:01,1499.08,kirana_purchase,upi,440001,0.0,True
tx-202501-00000207,2025-01-01T00:00:00Z,farmer:440001:015,lender:vridhi,1350.0,loan_repayment,upi,440001,0.0,True
tx-202501-00000208,2025-01-01T00:00:00Z,farmer:440001:016,retailer:440001:03,2386.43,kirana_purchase,upi,440001,0.0,True
tx-202501-00000209,2025-01-01T00:00:00Z,farmer:440001:016,utility:440001,630.0,utility_payment,upi,440001,0.0,True
tx-202501-00000210,2025-01-01T00:00:00Z,farmer:440001:017,retailer:440001:01,2234.46,kirana_purchase,upi,440001,0.0,True
tx-202501-00000211,2025-01-01T00:00:00Z,farmer:440001:017,lender:vridhi,1350.0,loan_repayment,upi,440001,0.0,True
tx-202501-00000212,2025-01-01T00:00:00Z,farmer:440001:018,retailer:440001:03,2315.08,kirana_purchase,upi,440001,0.0,True
tx-202501-00000213,2025-01-01T00:00:00Z,farmer:440001:019,retailer:440001:02,2226.54,kirana_purchase,upi,440001,0.0,True
tx-202501-00000214,2025-01-01T00:00:00Z,farmer:440001:019,utility:440001,630.0,utility_payment,upi,440001,0.0,True
tx-202501-00000215,2025-01-01T00:00:00Z,farmer:440001:019,lender:vridhi,1350.0,loan_repayment,upi,440001,0.0,True
tx-202501-00000216,2025-01-01T00:00:00Z,farmer:440001:020,retailer:440001:02,2918.85,kirana_purchase,upi,440001,0.0,True
tx-202501-00000217,2025-01-01T00:00:00Z,farmer:440001:020,lender:vridhi,1350.0,loan_repayment,upi,440001,0.0,True
tx-202501-00000218,2025-01-01T00:00:00Z,farmer:440001:021,retailer:440001:03,2844.93,kirana_purchase,upi,440001,0.0,True
tx-202501-00000219,2025-01-01T00:00:00Z,farmer:440001:021,utility:440001,630.0,utility_payment,upi,440001,0.0,True
tx-202501-00000220,2025-01-01T00:00:00Z,farmer:440001:021,lender:vridhi,1350.0,loan_repayment,upi,440001,0.0,True
tx-202501-00000221,2025-01-01T00:00:00Z,farmer:440001:022,retailer:440001:04,2920.94,kirana_purchase,upi,440001,0.0,True
tx-202501-00000222,2025-01-01T00:00:00Z,farmer:440001:022,utility:440001,630.0,utility_payment,upi,440001,0.0,True
tx-202501-00000223,2025-01-01T00:00:00Z,farmer:440001:022,lender:vridhi,1350.0,loan_repayment,upi,440001,0.0,True
tx-202501-00000224,2025-01-01T00:00:00Z,farmer:440001:023,retailer:440001:04,2224.09,kirana_purchase,upi,440001,0.0,True
tx-202501-00000225,2025-01-01T00:00:00Z,farmer:440001:023,utility:440001,505.0,utility_payment,upi,440001,0.0,True
tx-202501-00000226,2025-01-01T00:00:00Z,farmer:440001:023,lender:vridhi,1350.0,loan_repayment,upi,440001,0.0,True
tx-202501-00000227,2025-01-01T00:00:00Z,farmer:440001:024,utility:440001,630.0,utility_payment,upi,440001,0.0,True
tx-202501-00000228,2025-01-01T00:00:00Z,farmer:440001:024,lender:vridhi,1350.0,loan_repayment,upi,440001,0.0,True
tx-202501-00000229,2025-01-01T00:00:00Z,farmer:440001:026,retailer:440001:04,3090.2,kirana_purchase,upi,440001,0.0,True
tx-202501-00000230,2025-01-01T00:00:00Z,farmer:440001:026,lender:vridhi,1350.0,loan_repayment,upi,440001,0.0,True
tx-202501-00000231,2025-01-01T00:00:00Z,farmer:440001:027,retailer:440001:01,2936.12,kirana_purchase,upi,440001,0.0,True
tx-202501-00000232,2025-01-01T00:00:00Z,farmer:440001:027,utility:440001,505.0,utility_payment,upi,440001,0.0,True
tx-202501-00000233,2025-01-01T00:00:00Z,farmer:440001:027,lender:vridhi,1350.0,loan_repayment,upi,440001,0.0,True
tx-202501-00000234,2025-01-01T00:00:00Z,farmer:440001:028,retailer:440001:02,2146.96,kirana_purchase,upi,440001,0.0,True
tx-202501-00000235,2025-01-01T00:00:00Z,farmer:440001:028,utility:440001,630.0,utility_payment,upi,440001,0.0,True
tx-202501-00000236,2025-01-01T00:00:00Z,farmer:440001:028,lender:vridhi,1350.0,loan_repayment,upi,440001,0.0,True
tx-202501-00000237,2025-01-01T00:00:00Z,farmer:440001:029,utility:440001,630.0,utility_payment,upi,440001,0.0,True
tx-202501-00000238,2025-01-01T00:00:00Z,farmer:440001:030,retailer:440001:04,3072.04,kirana_purchase,upi,440001,0.0,True
tx-202501-00000239,2025-01-01T00:00:00Z,farmer:440001:030,lender:vridhi,1350.0,loan_repayment,upi,440001,0.0,True
tx-202501-00000240,2025-01-01T00:00:00Z,farmer:440001:031,retailer:440001:01,2499.68,kirana_purchase,upi,440001,0.0,True
tx-202501-00000241,2025-01-01T00:00:00Z,farmer:440001:031,utility:440001,630.0,utility_payment,upi,440001,0.0,True
tx-202501-00000242,2025-01-01T00:00:00Z,farmer:440001:031,lender:vridhi,1350.0,loan_repayment,upi,440001,0.0,True
tx-202501-00000243,2025-01-01T00:00:00Z,farmer:440001:032,retailer:440001:02,2719.5,kirana_purchase,upi,440001,0.0,True
tx-202501-00000244,2025-01-01T00:00:00Z,farmer:440001:032,utility:440001,630.0,utility_payment,upi,440001,0.0,True
tx-202501-00000245,2025-01-01T00:00:00Z,farmer:440001:032,lender:vridhi,1350.0,loan_repayment,upi,440001,0.0,True
tx-202501-00000246,2025-01-01T00:00:00Z,farmer:440001:033,lender:vridhi,1350.0,loan_repayment,upi,440001,0.0,True
tx-202501-00000247,2025-01-01T00:00:00Z,farmer:440001:034,retailer:440001:01,1948.73,kirana_purchase,upi,440001,0.0,True
tx-202501-00000248,2025-01-01T00:00:00Z,farmer:440001:034,utility:440001,630.0,utility_payment,upi,440001,0.0,True
tx-202501-00000249,2025-01-01T00:00:00Z,farmer:440001:034,lender:vridhi,1350.0,loan_repayment,upi,440001,0.0,True
tx-202501-00000250,2025-01-01T00:00:00Z,farmer:440001:035,retailer:440001:02,1738.97,kirana_purchase,upi,440001,0.0,True
tx-202501-00000251,2025-01-01T00:00:00Z,farmer:440001:035,lender:vridhi,1350.0,loan_repayment,upi,440001,0.0,True
tx-202501-00000252,2025-01-01T00:00:00Z,retailer:440001:01,utility:440001,1050.0,utility_payment,upi,440001,0.0,True
tx-202501-00000253,2025-01-01T00:00:00Z,retailer:440001:02,wholesaler:440001:01,9222.25,retailer_restock,upi,440001,0.0,True
tx-202501-00000254,2025-01-01T00:00:00Z,retailer:440001:02,utility:440001,1050.0,utility_payment,upi,440001,0.0,True
tx-202501-00000255,2025-01-01T00:00:00Z,retailer:440001:04,wholesaler:440001:01,16315.95,retailer_restock,upi,440001,0.0,True
tx-202501-00000256,2025-01-01T00:00:00Z,retailer:440001:04,utility:440001,1050.0,utility_payment,upi,440001,0.0,True
tx-202501-00000257,2025-01-01T00:00:00Z,wholesaler:440001:01,utility:440001,2400.0,utility_payment,upi,440001,0.0,True
tx-202502-00000258,2025-02-01T00:00:00Z,farmer:413001:001,retailer:413001:04,2623.53,kirana_purchase,upi,413001,0.0,True
tx-202502-00000259,2025-02-01T00:00:00Z,farmer:413001:001,utility:413001,630.0,utility_payment,upi,413001,0.0,True
tx-202502-00000260,2025-02-01T00:00:00Z,farmer:413001:002,retailer:413001:04,1631.31,kirana_purchase,upi,413001,0.0,True
tx-202502-00000261,2025-02-01T00:00:00Z,farmer:413001:002,utility:413001,505.0,utility_payment,upi,413001,0.0,True
tx-202502-00000262,2025-02-01T00:00:00Z,farmer:413001:002,lender:vridhi,1350.0,loan_repayment,upi,413001,0.0,True
tx-202502-00000263,2025-02-01T00:00:00Z,farmer:413001:003,utility:413001,630.0,utility_payment,upi,413001,0.0,True
tx-202502-00000264,2025-02-01T00:00:00Z,farmer:413001:003,lender:vridhi,1350.0,loan_repayment,upi,413001,0.0,True
tx-202502-00000265,2025-02-01T00:00:00Z,farmer:413001:005,retailer:413001:02,2482.01,kirana_purchase,upi,413001,0.0,True
tx-202502-00000266,2025-02-01T00:00:00Z,farmer:413001:005,utility:413001,505.0,utility_payment,upi,413001,0.0,True
tx-202502-00000267,2025-02-01T00:00:00Z,farmer:413001:005,lender:vridhi,1350.0,loan_repayment,upi,413001,0.0,True
tx-202502-00000268,2025-02-01T00:00:00Z,farmer:413001:006,utility:413001,630.0,utility_payment,upi,413001,0.0,True
tx-202502-00000269,2025-02-01T00:00:00Z,farmer:413001:006,lender:vridhi,1350.0,loan_repayment,upi,413001,0.0,True
tx-202502-00000270,2025-02-01T00:00:00Z,farmer:413001:007,retailer:413001:04,1506.72,kirana_purchase,upi,413001,0.0,True
tx-202502-00000271,2025-02-01T00:00:00Z,farmer:413001:007,utility:413001,630.0,utility_payment,upi,413001,0.0,True
tx-202502-00000272,2025-02-01T00:00:00Z,farmer:413001:008,retailer:413001:03,2720.72,kirana_purchase,upi,413001,0.0,True
tx-202502-00000273,2025-02-01T00:00:00Z,farmer:413001:008,utility:413001,630.0,utility_payment,upi,413001,0.0,True
tx-202502-00000274,2025-02-01T00:00:00Z,farmer:413001:008,lender:vridhi,1350.0,loan_repayment,upi,413001,0.0,True
tx-202502-00000275,2025-02-01T00:00:00Z,farmer:413001:009,lender:vridhi,1350.0,loan_repayment,upi,413001,0.0,True
tx-202502-00000276,2025-02-01T00:00:00Z,farmer:413001:010,retailer:413001:04,3094.55,kirana_purchase,upi,413001,0.0,True
tx-202502-00000277,2025-02-01T00:00:00Z,farmer:413001:010,lender:vridhi,1350.0,loan_repayment,upi,413001,0.0,True
tx-202502-00000278,2025-02-01T00:00:00Z,farmer:413001:011,retailer:413001:04,3086.92,kirana_purchase,upi,413001,0.0,True
tx-202502-00000279,2025-02-01T00:00:00Z,farmer:413001:012,utility:413001,630.0,utility_payment,upi,413001,0.0,True
tx-202502-00000280,2025-02-01T00:00:00Z,farmer:413001:012,lender:vridhi,1350.0,loan_repayment,upi,413001,0.0,True
tx-202502-00000281,2025-02-01T00:00:00Z,farmer:413001:013,retailer:413001:01,1899.58,kirana_purchase,upi,413001,0.0,True
tx-202502-00000282,2025-02-01T00:00:00Z,farmer:413001:013,utility:413001,630.0,utility_payment,upi,413001,0.0,True
tx-202502-00000283,2025-02-01T00:00:00Z,farmer:413001:013,lender:vridhi,1350.0,loan_repayment,upi,413001,0.0,True
tx-202502-00000284,2025-02-01T00:00:00Z,farmer:413001:014,lender:vridhi,1350.0,loan_repayment,upi,413001,0.0,True
tx-202502-00000285,2025-02-01T00:00:00Z,farmer:413001:015,retailer:413001:02,2251.51,kirana_purchase,upi,413001,0.0,True
tx-202502-00000286,2025-02-01T00:00:00Z,farmer:413001:015,lender:vridhi,1350.0,loan_repayment,upi,413001,0.0,True
tx-202502-00000287,2025-02-01T00:00:00Z,farmer:413001:016,retailer:413001:02,2551.01,kirana_purchase,upi,413001,0.0,True
tx-202502-00000288,2025-02-01T00:00:00Z,farmer:413001:016,utility:413001,505.0,utility_payment,upi,413001,0.0,True
tx-202502-00000289,2025-02-01T00:00:00Z,farmer:413001:016,lender:vridhi,1350.0,loan_repayment,upi,413001,0.0,True
tx-202502-00000290,2025-02-01T00:00:00Z,farmer:413001:017,retailer:413001:04,1648.35,kirana_purchase,upi,413001,0.0,True
tx-202502-00000291,2025-02-01T00:00:00Z,farmer:413001:017,utility:413001,630.0,utility_payment,upi,413001,0.0,True
tx-202502-00000292,2025-02-01T00:00:00Z,farmer:413001:018,utility:413001,505.0,utility_payment,upi,413001,0.0,True
tx-202502-00000293,2025-02-01T00:00:00Z,farmer:413001:018,lender:vridhi,1350.0,loan_repayment,upi,413001,0.0,True
tx-202502-00000294,2025-02-01T00:00:00Z,farmer:413001:019,lender:vridhi,1350.0,loan_repayment,upi,413001,0.0,True
tx-202502-00000295,2025-02-01T00:00:00Z,farmer:413001:020,utility:413001,630.0,utility_payment,upi,413001,0.0,True
tx-202502-00000296,2025-02-01T00:00:00Z,farmer:413001:020,lender:vridhi,1350.0,loan_repayment,upi,413001,0.0,True
tx-202502-00000297,2025-02-01T00:00:00Z,farmer:413001:021,lender:vridhi,1350.0,loan_repayment,upi,413001,0.0,True
tx-202502-00000298,2025-02-01T00:00:00Z,farmer:413001:022,utility:413001,630.0,utility_payment,upi,413001,0.0,True
tx-202502-00000299,2025-02-01T00:00:00Z,farmer:413001:022,lender:vridhi,1350.0,loan_repayment,upi,413001,0.0,True
tx-202502-00000300,2025-02-01T00:00:00Z,farmer:413001:023,lender:vridhi,1350.0,loan_repayment,upi,413001,0.0,True
tx-202502-00000301,2025-02-01T00:00:00Z,farmer:413001:024,retailer:413001:02,2540.9,kirana_purchase,upi,413001,0.0,True
tx-202502-00000302,2025-02-01T00:00:00Z,farmer:413001:024,utility:413001,505.0,utility_payment,upi,413001,0.0,True
tx-202502-00000303,2025-02-01T00:00:00Z,farmer:413001:024,lender:vridhi,1350.0,loan_repayment,upi,413001,0.0,True
tx-202502-00000304,2025-02-01T00:00:00Z,farmer:413001:025,utility:413001,630.0,utility_payment,upi,413001,0.0,True
tx-202502-00000305,2025-02-01T00:00:00Z,farmer:413001:026,utility:413001,505.0,utility_payment,upi,413001,0.0,True
tx-202502-00000306,2025-02-01T00:00:00Z,farmer:413001:026,lender:vridhi,1350.0,loan_repayment,upi,413001,0.0,True
tx-202502-00000307,2025-02-01T00:00:00Z,farmer:413001:027,lender:vridhi,1350.0,loan_repayment,upi,413001,0.0,True
tx-202502-00000308,2025-02-01T00:00:00Z,farmer:413001:028,utility:413001,505.0,utility_payment,upi,413001,0.0,True
tx-202502-00000309,2025-02-01T00:00:00Z,farmer:413001:028,lender:vridhi,1350.0,loan_repayment,upi,413001,0.0,True
tx-202502-00000310,2025-02-01T00:00:00Z,farmer:413001:029,retailer:413001:02,2451.05,kirana_purchase,upi,413001,0.0,True
tx-202502-00000311,2025-02-01T00:00:00Z,farmer:413001:029,utility:413001,505.0,utility_payment,upi,413001,0.0,True
tx-202502-00000312,2025-02-01T00:00:00Z,farmer:413001:029,lender:vridhi,1350.0,loan_repayment,upi,413001,0.0,True
tx-202502-00000313,2025-02-01T00:00:00Z,farmer:413001:030,utility:413001,630.0,utility_payment,upi,413001,0.0,True
tx-202502-00000314,2025-02-01T00:00:00Z,farmer:413001:030,lender:vridhi,1350.0,loan_repayment,upi,413001,0.0,True
tx-202502-00000315,2025-02-01T00:00:00Z,farmer:413001:031,retailer:413001:01,2218.41,kirana_purchase,upi,413001,0.0,True
tx-202502-00000316,2025-02-01T00:00:00Z,farmer:413001:031,utility:413001,505.0,utility_payment,upi,413001,0.0,True
tx-202502-00000317,2025-02-01T00:00:00Z,farmer:413001:031,lender:vridhi,1350.0,loan_repayment,upi,413001,0.0,True
tx-202502-00000318,2025-02-01T00:00:00Z,farmer:413001:032,utility:413001,505.0,utility_payment,upi,413001,0.0,True
tx-202502-00000319,2025-02-01T00:00:00Z,farmer:413001:032,lender:vridhi,1350.0,loan_repayment,upi,413001,0.0,True
tx-202502-00000320,2025-02-01T00:00:00Z,farmer:413001:033,retailer:413001:04,2174.67,kirana_purchase,upi,413001,0.0,True
tx-202502-00000321,2025-02-01T00:00:00Z,farmer:413001:033,lender:vridhi,1350.0,loan_repayment,upi,413001,0.0,True
tx-202502-00000322,2025-02-01T00:00:00Z,farmer:413001:034,retailer:413001:01,1997.59,kirana_purchase,upi,413001,0.0,True
tx-202502-00000323,2025-02-01T00:00:00Z,farmer:413001:034,utility:413001,630.0,utility_payment,upi,413001,0.0,True
tx-202502-00000324,2025-02-01T00:00:00Z,farmer:413001:034,lender:vridhi,1350.0,loan_repayment,upi,413001,0.0,True
tx-202502-00000325,2025-02-01T00:00:00Z,farmer:413001:035,retailer:413001:03,2097.54,kirana_purchase,upi,413001,0.0,True
tx-202502-00000326,2025-02-01T00:00:00Z,farmer:413001:035,utility:413001,630.0,utility_payment,upi,413001,0.0,True
tx-202502-00000327,2025-02-01T00:00:00Z,farmer:413001:035,lender:vridhi,1350.0,loan_repayment,upi,413001,0.0,True
tx-202502-00000328,2025-02-01T00:00:00Z,retailer:413001:01,utility:413001,1050.0,utility_payment,upi,413001,0.0,True
tx-202502-00000329,2025-02-01T00:00:00Z,retailer:413001:02,utility:413001,1050.0,utility_payment,upi,413001,0.0,True
tx-202502-00000330,2025-02-01T00:00:00Z,retailer:413001:03,wholesaler:413001:01,10571.7,retailer_restock,upi,413001,0.0,True
tx-202502-00000331,2025-02-01T00:00:00Z,retailer:413001:04,utility:413001,1050.0,utility_payment,upi,413001,0.0,True
tx-202502-00000332,2025-02-01T00:00:00Z,wholesaler:413001:01,utility:413001,2400.0,utility_payment,upi,413001,0.0,True
tx-202502-00000333,2025-02-01T00:00:00Z,farmer:431001:001,retailer:431001:04,1981.29,kirana_purchase,upi,431001,0.0,True
tx-202502-00000334,2025-02-01T00:00:00Z,farmer:431001:001,lender:vridhi,1350.0,loan_repayment,upi,431001,0.0,True
tx-202502-00000335,2025-02-01T00:00:00Z,farmer:431001:002,utility:431001,505.0,utility_payment,upi,431001,0.0,True
tx-202502-00000336,2025-02-01T00:00:00Z,farmer:431001:002,lender:vridhi,1350.0,loan_repayment,upi,431001,0.0,True
tx-202502-00000337,2025-02-01T00:00:00Z,farmer:431001:003,retailer:431001:03,2830.01,kirana_purchase,upi,431001,0.0,True
tx-202502-00000338,2025-02-01T00:00:00Z,farmer:431001:003,utility:431001,505.0,utility_payment,upi,431001,0.0,True
tx-202502-00000339,2025-02-01T00:00:00Z,farmer:431001:003,lender:vridhi,1350.0,loan_repayment,upi,431001,0.0,True
tx-202502-00000340,2025-02-01T00:00:00Z,farmer:431001:004,retailer:431001:03,2589.02,kirana_purchase,upi,431001,0.0,True
tx-202502-00000341,2025-02-01T00:00:00Z,farmer:431001:005,lender:vridhi,1350.0,loan_repayment,upi,431001,0.0,True
tx-202502-00000342,2025-02-01T00:00:00Z,farmer:431001:006,retailer:431001:03,1626.12,kirana_purchase,upi,431001,0.0,True
tx-202502-00000343,2025-02-01T00:00:00Z,farmer:431001:006,utility:431001,630.0,utility_payment,upi,431001,0.0,True
tx-202502-00000344,2025-02-01T00:00:00Z,farmer:431001:006,lender:vridhi,1350.0,loan_repayment,upi,431001,0.0,True
tx-202502-00000345,2025-02-01T00:00:00Z,farmer:431001:007,retailer:431001:01,2045.19,kirana_purchase,upi,431001,0.0,True
tx-202502-00000346,2025-02-01T00:00:00Z,farmer:431001:007,utility:431001,630.0,utility_payment,upi,431001,0.0,True
tx-202502-00000347,2025-02-01T00:00:00Z,farmer:431001:007,lender:vridhi,1350.0,loan_repayment,upi,431001,0.0,True
tx-202502-00000348,2025-02-01T00:00:00Z,farmer:431001:008,lender:vridhi,1350.0,loan_repayment,upi,431001,0.0,True
tx-202502-00000349,2025-02-01T00:00:00Z,farmer:431001:009,retailer:431001:01,2485.29,kirana_purchase,upi,431001,0.0,True
tx-202502-00000350,2025-02-01T00:00:00Z,farmer:431001:009,lender:vridhi,1350.0,loan_repayment,upi,431001,0.0,True
tx-202502-00000351,2025-02-01T00:00:00Z,farmer:431001:010,retailer:431001:03,2644.59,kirana_purchase,upi,431001,0.0,True
tx-202502-00000352,2025-02-01T00:00:00Z,farmer:431001:010,utility:431001,630.0,utility_payment,upi,431001,0.0,True
tx-202502-00000353,2025-02-01T00:00:00Z,farmer:431001:010,lender:vridhi,1350.0,loan_repayment,upi,431001,0.0,True
tx-202502-00000354,2025-02-01T00:00:00Z,farmer:431001:011,retailer:431001:02,2412.75,kirana_purchase,upi,431001,0.0,True
tx-202502-00000355,2025-02-01T00:00:00Z,farmer:431001:011,utility:431001,505.0,utility_payment,upi,431001,0.0,True
tx-202502-00000356,2025-02-01T00:00:00Z,farmer:431001:011,lender:vridhi,1350.0,loan_repayment,upi,431001,0.0,True
tx-202502-00000357,2025-02-01T00:00:00Z,farmer:431001:012,retailer:431001:01,1605.99,kirana_purchase,upi,431001,0.0,True
tx-202502-00000358,2025-02-01T00:00:00Z,farmer:431001:012,utility:431001,630.0,utility_payment,upi,431001,0.0,True
tx-202502-00000359,2025-02-01T00:00:00Z,farmer:431001:012,lender:vridhi,1350.0,loan_repayment,upi,431001,0.0,True
tx-202502-00000360,2025-02-01T00:00:00Z,farmer:431001:013,lender:vridhi,1350.0,loan_repayment,upi,431001,0.0,True
tx-202502-00000361,2025-02-01T00:00:00Z,farmer:431001:014,retailer:431001:01,2951.68,kirana_purchase,upi,431001,0.0,True
tx-202502-00000362,2025-02-01T00:00:00Z,farmer:431001:014,lender:vridhi,1350.0,loan_repayment,upi,431001,0.0,True
tx-202502-00000363,2025-02-01T00:00:00Z,farmer:431001:015,utility:431001,630.0,utility_payment,upi,431001,0.0,True
tx-202502-00000364,2025-02-01T00:00:00Z,farmer:431001:015,lender:vridhi,1350.0,loan_repayment,upi,431001,0.0,True
tx-202502-00000365,2025-02-01T00:00:00Z,farmer:431001:016,retailer:431001:03,1816.47,kirana_purchase,upi,431001,0.0,True
tx-202502-00000366,2025-02-01T00:00:00Z,farmer:431001:016,utility:431001,630.0,utility_payment,upi,431001,0.0,True
tx-202502-00000367,2025-02-01T00:00:00Z,farmer:431001:016,lender:vridhi,1350.0,loan_repayment,upi,431001,0.0,True
tx-202502-00000368,2025-02-01T00:00:00Z,farmer:431001:017,retailer:431001:04,2345.79,kirana_purchase,upi,431001,0.0,True
tx-202502-00000369,2025-02-01T00:00:00Z,farmer:431001:017,utility:431001,630.0,utility_payment,upi,431001,0.0,True
tx-202502-00000370,2025-02-01T00:00:00Z,farmer:431001:018,retailer:431001:01,1463.07,kirana_purchase,upi,431001,0.0,True
tx-202502-00000371,2025-02-01T00:00:00Z,farmer:431001:018,utility:431001,505.0,utility_payment,upi,431001,0.0,True
tx-202502-00000372,2025-02-01T00:00:00Z,farmer:431001:018,lender:vridhi,1350.0,loan_repayment,upi,431001,0.0,True
tx-202502-00000373,2025-02-01T00:00:00Z,farmer:431001:019,retailer:431001:03,1942.06,kirana_purchase,upi,431001,0.0,True
tx-202502-00000374,2025-02-01T00:00:00Z,farmer:431001:019,utility:431001,505.0,utility_payment,upi,431001,0.0,True
tx-202502-00000375,2025-02-01T00:00:00Z,farmer:431001:019,lender:vridhi,1350.0,loan_repayment,upi,431001,0.0,True
tx-202502-00000376,2025-02-01T00:00:00Z,farmer:431001:020,utility:431001,505.0,utility_payment,upi,431001,0.0,True
tx-202502-00000377,2025-02-01T00:00:00Z,farmer:431001:021,utility:431001,505.0,utility_payment,upi,431001,0.0,True
tx-202502-00000378,2025-02-01T00:00:00Z,farmer:431001:021,lender:vridhi,1350.0,loan_repayment,upi,431001,0.0,True
tx-202502-00000379,2025-02-01T00:00:00Z,farmer:431001:022,retailer:431001:01,2915.59,kirana_purchase,upi,431001,0.0,True
tx-202502-00000380,2025-02-01T00:00:00Z,farmer:431001:022,utility:431001,505.0,utility_payment,upi,431001,0.0,True
tx-202502-00000381,2025-02-01T00:00:00Z,farmer:431001:022,lender:vridhi,1350.0,loan_repayment,upi,431001,0.0,True
tx-202502-00000382,2025-02-01T00:00:00Z,farmer:431001:023,retailer:431001:04,1942.18,kirana_purchase,upi,431001,0.0,True
tx-202502-00000383,2025-02-01T00:00:00Z,farmer:431001:023,lender:vridhi,1350.0,loan_repayment,upi,431001,0.0,True
tx-202502-00000384,2025-02-01T00:00:00Z,farmer:431001:024,utility:431001,630.0,utility_payment,upi,431001,0.0,True
tx-202502-00000385,2025-02-01T00:00:00Z,farmer:431001:025,retailer:431001:02,2190.65,kirana_purchase,upi,431001,0.0,True
tx-202502-00000386,2025-02-01T00:00:00Z,farmer:431001:025,utility:431001,505.0,utility_payment,upi,431001,0.0,True
tx-202502-00000387,2025-02-01T00:00:00Z,farmer:431001:026,utility:431001,630.0,utility_payment,upi,431001,0.0,True
tx-202502-00000388,2025-02-01T00:00:00Z,farmer:431001:026,lender:vridhi,1350.0,loan_repayment,upi,431001,0.0,True
tx-202502-00000389,2025-02-01T00:00:00Z,farmer:431001:027,retailer:431001:02,2990.07,kirana_purchase,upi,431001,0.0,True
tx-202502-00000390,2025-02-01T00:00:00Z,farmer:431001:027,lender:vridhi,1350.0,loan_repayment,upi,431001,0.0,True
tx-202502-00000391,2025-02-01T00:00:00Z,farmer:431001:028,retailer:431001:02,1851.66,kirana_purchase,upi,431001,0.0,True
tx-202502-00000392,2025-02-01T00:00:00Z,farmer:431001:028,utility:431001,630.0,utility_payment,upi,431001,0.0,True
tx-202502-00000393,2025-02-01T00:00:00Z,farmer:431001:028,lender:vridhi,1350.0,loan_repayment,upi,431001,0.0,True
tx-202502-00000394,2025-02-01T00:00:00Z,farmer:431001:029,utility:431001,505.0,utility_payment,upi,431001,0.0,True
tx-202502-00000395,2025-02-01T00:00:00Z,farmer:431001:029,lender:vridhi,1350.0,loan_repayment,upi,431001,0.0,True
tx-202502-00000396,2025-02-01T00:00:00Z,farmer:431001:030,utility:431001,505.0,utility_payment,upi,431001,0.0,True
tx-202502-00000397,2025-02-01T00:00:00Z,farmer:431001:031,retailer:431001:03,2919.22,kirana_purchase,upi,431001,0.0,True
tx-202502-00000398,2025-02-01T00:00:00Z,farmer:431001:031,utility:431001,630.0,utility_payment,upi,431001,0.0,True
tx-202502-00000399,2025-02-01T00:00:00Z,farmer:431001:031,lender:vridhi,1350.0,loan_repayment,upi,431001,0.0,True
tx-202502-00000400,2025-02-01T00:00:00Z,farmer:431001:032,utility:431001,630.0,utility_payment,upi,431001,0.0,True
tx-202502-00000401,2025-02-01T00:00:00Z,farmer:431001:032,lender:vridhi,1350.0,loan_repayment,upi,431001,0.0,True
tx-202502-00000402,2025-02-01T00:00:00Z,farmer:431001:033,retailer:431001:01,1977.69,kirana_purchase,upi,431001,0.0,True
tx-202502-00000403,2025-02-01T00:00:00Z,farmer:431001:033,utility:431001,630.0,utility_payment,upi,431001,0.0,True
tx-202502-00000404,2025-02-01T00:00:00Z,farmer:431001:034,utility:431001,505.0,utility_payment,upi,431001,0.0,True
tx-202502-00000405,2025-02-01T00:00:00Z,farmer:431001:034,lender:vridhi,1350.0,loan_repayment,upi,431001,0.0,True
tx-202502-00000406,2025-02-01T00:00:00Z,farmer:431001:035,retailer:431001:04,2236.61,kirana_purchase,upi,431001,0.0,True
tx-202502-00000407,2025-02-01T00:00:00Z,retailer:431001:01,utility:431001,1050.0,utility_payment,upi,431001,0.0,True
tx-202502-00000408,2025-02-01T00:00:00Z,retailer:431001:02,wholesaler:431001:01,9278.79,retailer_restock,upi,431001,0.0,True
tx-202502-00000409,2025-02-01T00:00:00Z,retailer:431001:02,utility:431001,1050.0,utility_payment,upi,431001,0.0,True
tx-202502-00000410,2025-02-01T00:00:00Z,retailer:431001:03,wholesaler:431001:01,10127.95,retailer_restock,upi,431001,0.0,True
tx-202502-00000411,2025-02-01T00:00:00Z,retailer:431001:04,wholesaler:431001:01,11937.59,retailer_restock,upi,431001,0.0,True
tx-202502-00000412,2025-02-01T00:00:00Z,retailer:431001:04,utility:431001,1050.0,utility_payment,upi,431001,0.0,True
tx-202502-00000413,2025-02-01T00:00:00Z,wholesaler:431001:01,utility:431001,2400.0,utility_payment,upi,431001,0.0,True
tx-202502-00000414,2025-02-01T00:00:00Z,farmer:440001:001,retailer:440001:04,3134.68,kirana_purchase,upi,440001,0.0,True
tx-202502-00000415,2025-02-01T00:00:00Z,farmer:440001:001,utility:440001,505.0,utility_payment,upi,440001,0.0,True
tx-202502-00000416,2025-02-01T00:00:00Z,farmer:440001:001,lender:vridhi,1350.0,loan_repayment,upi,440001,0.0,True
tx-202502-00000417,2025-02-01T00:00:00Z,farmer:440001:002,utility:440001,505.0,utility_payment,upi,440001,0.0,True
tx-202502-00000418,2025-02-01T00:00:00Z,farmer:440001:002,lender:vridhi,1350.0,loan_repayment,upi,440001,0.0,True
tx-202502-00000419,2025-02-01T00:00:00Z,farmer:440001:003,retailer:440001:03,1562.05,kirana_purchase,upi,440001,0.0,True
tx-202502-00000420,2025-02-01T00:00:00Z,farmer:440001:003,utility:440001,630.0,utility_payment,upi,440001,0.0,True
tx-202502-00000421,2025-02-01T00:00:00Z,farmer:440001:003,lender:vridhi,1350.0,loan_repayment,upi,440001,0.0,True
tx-202502-00000422,2025-02-01T00:00:00Z,farmer:440001:004,retailer:440001:02,2016.72,kirana_purchase,upi,440001,0.0,True
tx-202502-00000423,2025-02-01T00:00:00Z,farmer:440001:004,utility:440001,505.0,utility_payment,upi,440001,0.0,True
tx-202502-00000424,2025-02-01T00:00:00Z,farmer:440001:004,lender:vridhi,1350.0,loan_repayment,upi,440001,0.0,True
tx-202502-00000425,2025-02-01T00:00:00Z,farmer:440001:005,utility:440001,630.0,utility_payment,upi,440001,0.0,True
tx-202502-00000426,2025-02-01T00:00:00Z,farmer:440001:005,lender:vridhi,1350.0,loan_repayment,upi,440001,0.0,True
tx-202502-00000427,2025-02-01T00:00:00Z,farmer:440001:006,lender:vridhi,1350.0,loan_repayment,upi,440001,0.0,True
tx-202502-00000428,2025-02-01T00:00:00Z,farmer:440001:007,retailer:440001:01,2548.24,kirana_purchase,upi,440001,0.0,True
tx-202502-00000429,2025-02-01T00:00:00Z,farmer:440001:007,utility:440001,505.0,utility_payment,upi,440001,0.0,True
tx-202502-00000430,2025-02-01T00:00:00Z,farmer:440001:007,lender:vridhi,1350.0,loan_repayment,upi,440001,0.0,True
tx-202502-00000431,2025-02-01T00:00:00Z,farmer:440001:008,retailer:440001:02,3066.99,kirana_purchase,upi,440001,0.0,True
tx-202502-00000432,2025-02-01T00:00:00Z,farmer:440001:008,lender:vridhi,1350.0,loan_repayment,upi,440001,0.0,True
tx-202502-00000433,2025-02-01T00:00:00Z,farmer:440001:009,retailer:440001:02,1713.41,kirana_purchase,upi,440001,0.0,True
tx-202502-00000434,2025-02-01T00:00:00Z,farmer:440001:009,lender:vridhi,1350.0,loan_repayment,upi,440001,0.0,True
tx-202502-00000435,2025-02-01T00:00:00Z,farmer:440001:010,utility:440001,505.0,utility_payment,upi,440001,0.0,True
tx-202502-00000436,2025-02-01T00:00:00Z,farmer:440001:010,lender:vridhi,1350.0,loan_repayment,upi,440001,0.0,True
tx-202502-00000437,2025-02-01T00:00:00Z,farmer:440001:011,lender:vridhi,1350.0,loan_repayment,upi,440001,0.0,True
tx-202502-00000438,2025-02-01T00:00:00Z,farmer:440001:012,retailer:440001:02,2676.01,kirana_purchase,upi,440001,0.0,True
tx-202502-00000439,2025-02-01T00:00:00Z,farmer:440001:012,utility:440001,630.0,utility_payment,upi,440001,0.0,True
tx-202502-00000440,2025-02-01T00:00:00Z,farmer:440001:012,lender:vridhi,1350.0,loan_repayment,upi,440001,0.0,True
tx-202502-00000441,2025-02-01T00:00:00Z,farmer:440001:013,lender:vridhi,1350.0,loan_repayment,upi,440001,0.0,True
tx-202502-00000442,2025-02-01T00:00:00Z,farmer:440001:014,utility:440001,505.0,utility_payment,upi,440001,0.0,True
tx-202502-00000443,2025-02-01T00:00:00Z,farmer:440001:015,retailer:440001:03,2603.12,kirana_purchase,upi,440001,0.0,True
tx-202502-00000444,2025-02-01T00:00:00Z,farmer:440001:015,utility:440001,505.0,utility_payment,upi,440001,0.0,True
tx-202502-00000445,2025-02-01T00:00:00Z,farmer:440001:015,lender:vridhi,1350.0,loan_repayment,upi,440001,0.0,True
tx-202502-00000446,2025-02-01T00:00:00Z,farmer:440001:016,retailer:440001:04,2304.94,kirana_purchase,upi,440001,0.0,True
tx-202502-00000447,2025-02-01T00:00:00Z,farmer:440001:016,utility:440001,630.0,utility_payment,upi,440001,0.0,True
tx-202502-00000448,2025-02-01T00:00:00Z,farmer:440001:016,lender:vridhi,1350.0,loan_repayment,upi,440001,0.0,True
tx-202502-00000449,2025-02-01T00:00:00Z,farmer:440001:017,retailer:440001:02,2934.1,kirana_purchase,upi,440001,0.0,True
tx-202502-00000450,2025-02-01T00:00:00Z,farmer:440001:017,utility:440001,505.0,utility_payment,upi,440001,0.0,True
tx-202502-00000451,2025-02-01T00:00:00Z,farmer:440001:017,lender:vridhi,1350.0,loan_repayment,upi,440001,0.0,True
tx-202502-00000452,2025-02-01T00:00:00Z,farmer:440001:018,retailer:440001:01,2659.38,kirana_purchase,upi,440001,0.0,True
tx-202502-00000453,2025-02-01T00:00:00Z,farmer:440001:018,utility:440001,630.0,utility_payment,upi,440001,0.0,True
tx-202502-00000454,2025-02-01T00:00:00Z,farmer:440001:018,lender:vridhi,1350.0,loan_repayment,upi,440001,0.0,True
tx-202502-00000455,2025-02-01T00:00:00Z,farmer:440001:019,utility:440001,630.0,utility_payment,upi,440001,0.0,True
tx-202502-00000456,2025-02-01T00:00:00Z,farmer:440001:019,lender:vridhi,1350.0,loan_repayment,upi,440001,0.0,True
tx-202502-00000457,2025-02-01T00:00:00Z,farmer:440001:020,lender:vridhi,1350.0,loan_repayment,upi,440001,0.0,True
tx-202502-00000458,2025-02-01T00:00:00Z,farmer:440001:021,retailer:440001:04,2303.41,kirana_purchase,upi,440001,0.0,True
tx-202502-00000459,2025-02-01T00:00:00Z,farmer:440001:021,lender:vridhi,1350.0,loan_repayment,upi,440001,0.0,True
tx-202502-00000460,2025-02-01T00:00:00Z,farmer:440001:022,retailer:440001:01,1991.76,kirana_purchase,upi,440001,0.0,True
tx-202502-00000461,2025-02-01T00:00:00Z,farmer:440001:022,lender:vridhi,1350.0,loan_repayment,upi,440001,0.0,True
tx-202502-00000462,2025-02-01T00:00:00Z,farmer:440001:023,retailer:440001:02,1683.92,kirana_purchase,upi,440001,0.0,True
tx-202502-00000463,2025-02-01T00:00:00Z,farmer:440001:023,lender:vridhi,1350.0,loan_repayment,upi,440001,0.0,True
tx-202502-00000464,2025-02-01T00:00:00Z,farmer:440001:024,retailer:440001:02,2740.03,kirana_purchase,upi,440001,0.0,True
tx-202502-00000465,2025-02-01T00:00:00Z,farmer:440001:024,utility:440001,630.0,utility_payment,upi,440001,0.0,True
tx-202502-00000466,2025-02-01T00:00:00Z,farmer:440001:025,utility:440001,630.0,utility_payment,upi,440001,0.0,True
tx-202502-00000467,2025-02-01T00:00:00Z,farmer:440001:025,lender:vridhi,1350.0,loan_repayment,upi,440001,0.0,True
tx-202502-00000468,2025-02-01T00:00:00Z,farmer:440001:026,retailer:440001:04,1639.02,kirana_purchase,upi,440001,0.0,True
tx-202502-00000469,2025-02-01T00:00:00Z,farmer:440001:026,utility:440001,630.0,utility_payment,upi,440001,0.0,True
tx-202502-00000470,2025-02-01T00:00:00Z,farmer:440001:026,lender:vridhi,1350.0,loan_repayment,upi,440001,0.0,True
tx-202502-00000471,2025-02-01T00:00:00Z,farmer:440001:027,retailer:440001:04,2536.22,kirana_purchase,upi,440001,0.0,True
tx-202502-00000472,2025-02-01T00:00:00Z,farmer:440001:027,utility:440001,505.0,utility_payment,upi,440001,0.0,True
tx-202502-00000473,2025-02-01T00:00:00Z,farmer:440001:028,retailer:440001:04,2464.46,kirana_purchase,upi,440001,0.0,True
tx-202502-00000474,2025-02-01T00:00:00Z,farmer:440001:028,utility:440001,630.0,utility_payment,upi,440001,0.0,True
tx-202502-00000475,2025-02-01T00:00:00Z,farmer:440001:028,lender:vridhi,1350.0,loan_repayment,upi,440001,0.0,True
tx-202502-00000476,2025-02-01T00:00:00Z,farmer:440001:029,retailer:440001:02,1945.16,kirana_purchase,upi,440001,0.0,True
tx-202502-00000477,2025-02-01T00:00:00Z,farmer:440001:029,utility:440001,630.0,utility_payment,upi,440001,0.0,True
tx-202502-00000478,2025-02-01T00:00:00Z,farmer:440001:029,lender:vridhi,1350.0,loan_repayment,upi,440001,0.0,True
tx-202502-00000479,2025-02-01T00:00:00Z,farmer:440001:030,retailer:440001:02,2579.43,kirana_purchase,upi,440001,0.0,True
tx-202502-00000480,2025-02-01T00:00:00Z,farmer:440001:030,lender:vridhi,1350.0,loan_repayment,upi,440001,0.0,True
tx-202502-00000481,2025-02-01T00:00:00Z,farmer:440001:031,retailer:440001:01,2113.77,kirana_purchase,upi,440001,0.0,True
tx-202502-00000482,2025-02-01T00:00:00Z,farmer:440001:031,utility:440001,630.0,utility_payment,upi,440001,0.0,True
tx-202502-00000483,2025-02-01T00:00:00Z,farmer:440001:032,retailer:440001:03,2720.44,kirana_purchase,upi,440001,0.0,True
tx-202502-00000484,2025-02-01T00:00:00Z,farmer:440001:032,utility:440001,630.0,utility_payment,upi,440001,0.0,True
tx-202502-00000485,2025-02-01T00:00:00Z,farmer:440001:032,lender:vridhi,1350.0,loan_repayment,upi,440001,0.0,True
tx-202502-00000486,2025-02-01T00:00:00Z,farmer:440001:033,utility:440001,505.0,utility_payment,upi,440001,0.0,True
tx-202502-00000487,2025-02-01T00:00:00Z,farmer:440001:033,lender:vridhi,1350.0,loan_repayment,upi,440001,0.0,True
tx-202502-00000488,2025-02-01T00:00:00Z,farmer:440001:034,retailer:440001:03,2832.97,kirana_purchase,upi,440001,0.0,True
tx-202502-00000489,2025-02-01T00:00:00Z,farmer:440001:034,lender:vridhi,1350.0,loan_repayment,upi,440001,0.0,True
tx-202502-00000490,2025-02-01T00:00:00Z,farmer:440001:035,utility:440001,505.0,utility_payment,upi,440001,0.0,True
tx-202502-00000491,2025-02-01T00:00:00Z,farmer:440001:035,lender:vridhi,1350.0,loan_repayment,upi,440001,0.0,True
tx-202502-00000492,2025-02-01T00:00:00Z,retailer:440001:01,wholesaler:440001:01,9781.08,retailer_restock,upi,440001,0.0,True
tx-202502-00000493,2025-02-01T00:00:00Z,retailer:440001:01,utility:440001,1050.0,utility_payment,upi,440001,0.0,True
tx-202502-00000494,2025-02-01T00:00:00Z,retailer:440001:02,wholesaler:440001:01,16094.15,retailer_restock,upi,440001,0.0,True
tx-202502-00000495,2025-02-01T00:00:00Z,retailer:440001:03,utility:440001,1050.0,utility_payment,upi,440001,0.0,True
tx-202502-00000496,2025-02-01T00:00:00Z,retailer:440001:04,utility:440001,1050.0,utility_payment,upi,440001,0.0,True
tx-202502-00000497,2025-02-01T00:00:00Z,wholesaler:440001:01,utility:440001,2400.0,utility_payment,upi,440001,0.0,True
tx-202503-00000498,2025-03-01T00:00:00Z,wholesaler:413001:01,farmer:413001:001,4062.43,crop_sale,upi,413001,0.0,True
tx-202503-00000499,2025-03-01T00:00:00Z,farmer:413001:001,retailer:413001:01,2808.88,kirana_purchase,upi,413001,0.0,True
tx-202503-00000500,2025-03-01T00:00:00Z,farmer:413001:001,utility:413001,630.0,utility_payment,upi,413001,0.0,True
tx-202503-00000501,2025-03-01T00:00:00Z,farmer:413001:001,lender:vridhi,1350.0,loan_repayment,upi,413001,0.0,True
tx-202503-00000502,2025-03-01T00:00:00Z,wholesaler:413001:01,farmer:413001:002,15569.47,crop_sale,upi,413001,0.0,True
tx-202503-00000503,2025-03-01T00:00:00Z,farmer:413001:002,retailer:413001:02,2293.55,kirana_purchase,upi,413001,0.0,True
tx-202503-00000504,2025-03-01T00:00:00Z,farmer:413001:002,lender:vridhi,1350.0,loan_repayment,upi,413001,0.0,True
tx-202503-00000505,2025-03-01T00:00:00Z,wholesaler:413001:01,farmer:413001:003,4949.93,crop_sale,upi,413001,0.0,True
tx-202503-00000506,2025-03-01T00:00:00Z,farmer:413001:003,utility:413001,630.0,utility_payment,upi,413001,0.0,True
tx-202503-00000507,2025-03-01T00:00:00Z,farmer:413001:003,lender:vridhi,1350.0,loan_repayment,upi,413001,0.0,True
tx-202503-00000508,2025-03-01T00:00:00Z,wholesaler:413001:01,farmer:413001:004,5718.96,crop_sale,upi,413001,0.0,True
tx-202503-00000509,2025-03-01T00:00:00Z,farmer:413001:004,retailer:413001:03,1971.04,kirana_purchase,upi,413001,0.0,True
tx-202503-00000510,2025-03-01T00:00:00Z,farmer:413001:004,utility:413001,505.0,utility_payment,upi,413001,0.0,True
tx-202503-00000511,2025-03-01T00:00:00Z,farmer:413001:004,lender:vridhi,1350.0,loan_repayment,upi,413001,0.0,True
tx-202503-00000512,2025-03-01T00:00:00Z,wholesaler:413001:01,farmer:413001:005,5903.95,crop_sale,upi,413001,0.0,True
tx-202503-00000513,2025-03-01T00:00:00Z,farmer:413001:005,retailer:413001:03,2495.25,kirana_purchase,upi,413001,0.0,True
tx-202503-00000514,2025-03-01T00:00:00Z,farmer:413001:005,utility:413001,505.0,utility_payment,upi,413001,0.0,True
tx-202503-00000515,2025-03-01T00:00:00Z,farmer:413001:005,lender:vridhi,1350.0,loan_repayment,upi,413001,0.0,True
tx-202503-00000516,2025-03-01T00:00:00Z,wholesaler:413001:01,farmer:413001:006,5637.45,crop_sale,upi,413001,0.0,True
tx-202503-00000517,2025-03-01T00:00:00Z,farmer:413001:006,utility:413001,630.0,utility_payment,upi,413001,0.0,True
tx-202503-00000518,2025-03-01T00:00:00Z,wholesaler:413001:01,farmer:413001:007,3068.93,crop_sale,upi,413001,0.0,True
tx-202503-00000519,2025-03-01T00:00:00Z,farmer:413001:007,retailer:413001:04,1509.16,kirana_purchase,upi,413001,0.0,True
tx-202503-00000520,2025-03-01T00:00:00Z,farmer:413001:007,lender:vridhi,1350.0,loan_repayment,upi,413001,0.0,True
tx-202503-00000521,2025-03-01T00:00:00Z,wholesaler:413001:01,farmer:413001:008,7873.0,crop_sale,upi,413001,0.0,True
tx-202503-00000522,2025-03-01T00:00:00Z,farmer:413001:008,utility:413001,630.0,utility_payment,upi,413001,0.0,True
tx-202503-00000523,2025-03-01T00:00:00Z,farmer:413001:008,lender:vridhi,1350.0,loan_repayment,upi,413001,0.0,True
tx-202503-00000524,2025-03-01T00:00:00Z,wholesaler:413001:01,farmer:413001:009,8308.48,crop_sale,upi,413001,0.0,True
tx-202503-00000525,2025-03-01T00:00:00Z,farmer:413001:009,retailer:413001:04,1984.46,kirana_purchase,upi,413001,0.0,True
tx-202503-00000526,2025-03-01T00:00:00Z,farmer:413001:009,lender:vridhi,1350.0,loan_repayment,upi,413001,0.0,True
tx-202503-00000527,2025-03-01T00:00:00Z,wholesaler:413001:01,farmer:413001:010,14046.24,crop_sale,upi,413001,0.0,True
tx-202503-00000528,2025-03-01T00:00:00Z,farmer:413001:010,retailer:413001:01,1895.02,kirana_purchase,upi,413001,0.0,True
tx-202503-00000529,2025-03-01T00:00:00Z,farmer:413001:010,utility:413001,505.0,utility_payment,upi,413001,0.0,True
tx-202503-00000530,2025-03-01T00:00:00Z,farmer:413001:011,retailer:413001:04,1790.3,kirana_purchase,upi,413001,0.0,True
tx-202503-00000531,2025-03-01T00:00:00Z,farmer:413001:011,utility:413001,630.0,utility_payment,upi,413001,0.0,True
tx-202503-00000532,2025-03-01T00:00:00Z,farmer:413001:011,lender:vridhi,1350.0,loan_repayment,upi,413001,0.0,True
tx-202503-00000533,2025-03-01T00:00:00Z,farmer:413001:012,utility:413001,630.0,utility_payment,upi,413001,0.0,True
tx-202503-00000534,2025-03-01T00:00:00Z,farmer:413001:012,lender:vridhi,1350.0,loan_repayment,upi,413001,0.0,True
tx-202503-00000535,2025-03-01T00:00:00Z,wholesaler:413001:01,farmer:413001:013,11474.17,crop_sale,upi,413001,0.0,True
tx-202503-00000536,2025-03-01T00:00:00Z,farmer:413001:013,retailer:413001:02,2799.28,kirana_purchase,upi,413001,0.0,True
tx-202503-00000537,2025-03-01T00:00:00Z,farmer:413001:013,utility:413001,630.0,utility_payment,upi,413001,0.0,True
tx-202503-00000538,2025-03-01T00:00:00Z,farmer:413001:013,lender:vridhi,1350.0,loan_repayment,upi,413001,0.0,True
tx-202503-00000539,2025-03-01T00:00:00Z,farmer:413001:014,retailer:413001:01,2063.52,kirana_purchase,upi,413001,0.0,True
tx-202503-00000540,2025-03-01T00:00:00Z,farmer:413001:014,utility:413001,630.0,utility_payment,upi,413001,0.0,True
tx-202503-00000541,2025-03-01T00:00:00Z,farmer:413001:015,lender:vridhi,1350.0,loan_repayment,upi,413001,0.0,True
tx-202503-00000542,2025-03-01T00:00:00Z,farmer:413001:016,retailer:413001:01,1663.06,kirana_purchase,upi,413001,0.0,True
tx-202503-00000543,2025-03-01T00:00:00Z,farmer:413001:016,utility:413001,505.0,utility_payment,upi,413001,0.0,True
tx-202503-00000544,2025-03-01T00:00:00Z,farmer:413001:016,lender:vridhi,1350.0,loan_repayment,upi,413001,0.0,True
tx-202503-00000545,2025-03-01T00:00:00Z,wholesaler:413001:01,farmer:413001:017,8566.44,crop_sale,upi,413001,0.0,True
tx-202503-00000546,2025-03-01T00:00:00Z,farmer:413001:017,retailer:413001:02,2755.23,kirana_purchase,upi,413001,0.0,True
tx-202503-00000547,2025-03-01T00:00:00Z,farmer:413001:017,utility:413001,630.0,utility_payment,upi,413001,0.0,True
tx-202503-00000548,2025-03-01T00:00:00Z,wholesaler:413001:01,farmer:413001:018,7753.34,crop_sale,upi,413001,0.0,True
tx-202503-00000549,2025-03-01T00:00:00Z,farmer:413001:018,retailer:413001:03,1729.92,kirana_purchase,upi,413001,0.0,True
tx-202503-00000550,2025-03-01T00:00:00Z,farmer:413001:018,lender:vridhi,1350.0,loan_repayment,upi,413001,0.0,True
tx-202503-00000551,2025-03-01T00:00:00Z,farmer:413001:019,retailer:413001:01,1876.03,kirana_purchase,upi,413001,0.0,True
tx-202503-00000552,2025-03-01T00:00:00Z,farmer:413001:019,utility:413001,630.0,utility_payment,upi,413001,0.0,True
tx-202503-00000553,2025-03-01T00:00:00Z,farmer:413001:019,lender:vridhi,1350.0,loan_repayment,upi,413001,0.0,True
tx-202503-00000554,2025-03-01T00:00:00Z,wholesaler:413001:01,farmer:413001:020,5300.28,crop_sale,upi,413001,0.0,True
tx-202503-00000555,2025-03-01T00:00:00Z,farmer:413001:020,retailer:413001:02,2456.07,kirana_purchase,upi,413001,0.0,True
tx-202503-00000556,2025-03-01T00:00:00Z,farmer:413001:020,utility:413001,630.0,utility_payment,upi,413001,0.0,True
tx-202503-00000557,2025-03-01T00:00:00Z,farmer:413001:020,lender:vridhi,1350.0,loan_repayment,upi,413001,0.0,True
tx-202503-00000558,2025-03-01T00:00:00Z,wholesaler:413001:01,farmer:413001:021,13829.12,crop_sale,upi,413001,0.0,True
tx-202503-00000559,2025-03-01T00:00:00Z,farmer:413001:021,retailer:413001:01,2852.9,kirana_purchase,upi,413001,0.0,True
tx-202503-00000560,2025-03-01T00:00:00Z,farmer:413001:021,utility:413001,630.0,utility_payment,upi,413001,0.0,True
tx-202503-00000561,2025-03-01T00:00:00Z,farmer:413001:021,lender:vridhi,1350.0,loan_repayment,upi,413001,0.0,True
tx-202503-00000562,2025-03-01T00:00:00Z,wholesaler:413001:01,farmer:413001:022,15674.86,crop_sale,upi,413001,0.0,True
tx-202503-00000563,2025-03-01T00:00:00Z,farmer:413001:022,retailer:413001:04,2500.78,kirana_purchase,upi,413001,0.0,True
tx-202503-00000564,2025-03-01T00:00:00Z,farmer:413001:022,lender:vridhi,1350.0,loan_repayment,upi,413001,0.0,True
tx-202503-00000565,2025-03-01T00:00:00Z,wholesaler:413001:01,farmer:413001:023,3888.61,crop_sale,upi,413001,0.0,True
tx-202503-00000566,2025-03-01T00:00:00Z,farmer:413001:023,utility:413001,505.0,utility_payment,upi,413001,0.0,True
tx-202503-00000567,2025-03-01T00:00:00Z,farmer:413001:023,lender:vridhi,1350.0,loan_repayment,upi,413001,0.0,True
tx-202503-00000568,2025-03-01T00:00:00Z,wholesaler:413001:01,farmer:413001:024,5545.61,crop_sale,upi,413001,0.0,True
tx-202503-00000569,2025-03-01T00:00:00Z,farmer:413001:024,retailer:413001:04,2239.55,kirana_purchase,upi,413001,0.0,True
tx-202503-00000570,2025-03-01T00:00:00Z,farmer:413001:024,utility:413001,505.0,utility_payment,upi,413001,0.0,True
tx-202503-00000571,2025-03-01T00:00:00Z,farmer:413001:025,retailer:413001:03,3108.14,kirana_purchase,upi,413001,0.0,True
tx-202503-00000572,2025-03-01T00:00:00Z,farmer:413001:025,utility:413001,630.0,utility_payment,upi,413001,0.0,True
tx-202503-00000573,2025-03-01T00:00:00Z,farmer:413001:025,lender:vridhi,1350.0,loan_repayment,upi,413001,0.0,True
tx-202503-00000574,2025-03-01T00:00:00Z,wholesaler:413001:01,farmer:413001:026,15559.89,crop_sale,upi,413001,0.0,True
tx-202503-00000575,2025-03-01T00:00:00Z,farmer:413001:026,retailer:413001:03,2214.31,kirana_purchase,upi,413001,0.0,True
tx-202503-00000576,2025-03-01T00:00:00Z,farmer:413001:026,utility:413001,505.0,utility_payment,upi,413001,0.0,True
tx-202503-00000577,2025-03-01T00:00:00Z,wholesaler:413001:01,farmer:413001:027,7515.41,crop_sale,upi,413001,0.0,True
tx-202503-00000578,2025-03-01T00:00:00Z,farmer:413001:027,lender:vridhi,1350.0,loan_repayment,upi,413001,0.0,True
tx-202503-00000579,2025-03-01T00:00:00Z,farmer:413001:028,retailer:413001:04,2297.89,kirana_purchase,upi,413001,0.0,True
tx-202503-00000580,2025-03-01T00:00:00Z,farmer:413001:028,utility:413001,505.0,utility_payment,upi,413001,0.0,True
tx-202503-00000581,2025-03-01T00:00:00Z,farmer:413001:029,retailer:413001:02,2441.68,kirana_purchase,upi,413001,0.0,True
tx-202503-00000582,2025-03-01T00:00:00Z,farmer:413001:029,utility:413001,505.0,utility_payment,upi,413001,0.0,True
tx-202503-00000583,2025-03-01T00:00:00Z,farmer:413001:029,lender:vridhi,1350.0,loan_repayment,upi,413001,0.0,True
tx-202503-00000584,2025-03-01T00:00:00Z,wholesaler:413001:01,farmer:413001:030,5063.51,crop_sale,upi,413001,0.0,True
tx-202503-00000585,2025-03-01T00:00:00Z,farmer:413001:030,utility:413001,630.0,utility_payment,upi,413001,0.0,True
tx-202503-00000586,2025-03-01T00:00:00Z,wholesaler:413001:01,farmer:413001:031,13046.31,crop_sale,upi,413001,0.0,True
tx-202503-00000587,2025-03-01T00:00:00Z,farmer:413001:031,retailer:413001:03,1526.91,kirana_purchase,upi,413001,0.0,True
tx-202503-00000588,2025-03-01T00:00:00Z,farmer:413001:031,utility:413001,505.0,utility_payment,upi,413001,0.0,True
tx-202503-00000589,2025-03-01T00:00:00Z,farmer:413001:031,lender:vridhi,1350.0,loan_repayment,upi,413001,0.0,True
tx-202503-00000590,2025-03-01T00:00:00Z,wholesaler:413001:01,farmer:413001:032,3984.32,crop_sale,upi,413001,0.0,True
tx-202503-00000591,2025-03-01T00:00:00Z,farmer:413001:032,retailer:413001:04,2749.49,kirana_purchase,upi,413001,0.0,True
tx-202503-00000592,2025-03-01T00:00:00Z,farmer:413001:032,lender:vridhi,1350.0,loan_repayment,upi,413001,0.0,True
tx-202503-00000593,2025-03-01T00:00:00Z,farmer:413001:033,utility:413001,630.0,utility_payment,upi,413001,0.0,True
tx-202503-00000594,2025-03-01T00:00:00Z,farmer:413001:033,lender:vridhi,1350.0,loan_repayment,upi,413001,0.0,True
tx-202503-00000595,2025-03-01T00:00:00Z,wholesaler:413001:01,farmer:413001:034,3119.87,crop_sale,upi,413001,0.0,True
tx-202503-00000596,2025-03-01T00:00:00Z,farmer:413001:034,retailer:413001:04,2300.13,kirana_purchase,upi,413001,0.0,True
tx-202503-00000597,2025-03-01T00:00:00Z,farmer:413001:034,utility:413001,630.0,utility_payment,upi,413001,0.0,True
tx-202503-00000598,2025-03-01T00:00:00Z,farmer:413001:034,lender:vridhi,1350.0,loan_repayment,upi,413001,0.0,True
tx-202503-00000599,2025-03-01T00:00:00Z,wholesaler:413001:01,farmer:413001:035,10919.13,crop_sale,upi,413001,0.0,True
tx-202503-00000600,2025-03-01T00:00:00Z,farmer:413001:035,retailer:413001:02,2007.54,kirana_purchase,upi,413001,0.0,True
tx-202503-00000601,2025-03-01T00:00:00Z,farmer:413001:035,utility:413001,630.0,utility_payment,upi,413001,0.0,True
tx-202503-00000602,2025-03-01T00:00:00Z,retailer:413001:01,wholesaler:413001:01,11219.21,retailer_restock,upi,413001,0.0,True
tx-202503-00000603,2025-03-01T00:00:00Z,retailer:413001:01,utility:413001,1050.0,utility_payment,upi,413001,0.0,True
tx-202503-00000604,2025-03-01T00:00:00Z,retailer:413001:02,wholesaler:413001:01,15315.88,retailer_restock,upi,413001,0.0,True
tx-202503-00000605,2025-03-01T00:00:00Z,retailer:413001:02,utility:413001,1050.0,utility_payment,upi,413001,0.0,True
tx-202503-00000606,2025-03-01T00:00:00Z,retailer:413001:03,utility:413001,1050.0,utility_payment,upi,413001,0.0,True
tx-202503-00000607,2025-03-01T00:00:00Z,retailer:413001:04,utility:413001,1050.0,utility_payment,upi,413001,0.0,True
tx-202503-00000608,2025-03-01T00:00:00Z,wholesaler:413001:01,utility:413001,2400.0,utility_payment,upi,413001,0.0,True
tx-202503-00000609,2025-03-01T00:00:00Z,wholesaler:431001:01,farmer:431001:001,5027.82,crop_sale,upi,431001,0.0,True
tx-202503-00000610,2025-03-01T00:00:00Z,farmer:431001:001,retailer:431001:02,2676.38,kirana_purchase,upi,431001,0.0,True
tx-202503-00000611,2025-03-01T00:00:00Z,farmer:431001:001,utility:431001,630.0,utility_payment,upi,431001,0.0,True
tx-202503-00000612,2025-03-01T00:00:00Z,farmer:431001:001,lender:vridhi,1350.0,loan_repayment,upi,431001,0.0,True
tx-202503-00000613,2025-03-01T00:00:00Z,farmer:431001:002,retailer:431001:02,2846.82,kirana_purchase,upi,431001,0.0,True
tx-202503-00000614,2025-03-01T00:00:00Z,farmer:431001:002,utility:431001,505.0,utility_payment,upi,431001,0.0,True
tx-202503-00000615,2025-03-01T00:00:00Z,farmer:431001:002,lender:vridhi,1350.0,loan_repayment,upi,431001,0.0,True
tx-202503-00000616,2025-03-01T00:00:00Z,wholesaler:431001:01,farmer:431001:003,9545.23,crop_sale,upi,431001,0.0,True
tx-202503-00000617,2025-03-01T00:00:00Z,farmer:431001:003,utility:431001,505.0,utility_payment,upi,431001,0.0,True
tx-202503-00000618,2025-03-01T00:00:00Z,farmer:431001:003,lender:vridhi,1350.0,loan_repayment,upi,431001,0.0,True
tx-202503-00000619,2025-03-01T00:00:00Z,farmer:431001:004,retailer:431001:01,2649.82,kirana_purchase,upi,431001,0.0,True
tx-202503-00000620,2025-03-01T00:00:00Z,farmer:431001:004,utility:431001,630.0,utility_payment,upi,431001,0.0,True
tx-202503-00000621,2025-03-01T00:00:00Z,wholesaler:431001:01,farmer:431001:005,11917.39,crop_sale,upi,431001,0.0,True
tx-202503-00000622,2025-03-01T00:00:00Z,farmer:431001:005,retailer:431001:02,2231.43,kirana_purchase,upi,431001,0.0,True
tx-202503-00000623,2025-03-01T00:00:00Z,farmer:431001:005,utility:431001,630.0,utility_payment,upi,431001,0.0,True
tx-202503-00000624,2025-03-01T00:00:00Z,farmer:431001:005,lender:vridhi,1350.0,loan_repayment,upi,431001,0.0,True
tx-202503-00000625,2025-03-01T00:00:00Z,wholesaler:431001:01,farmer:431001:006,12132.38,crop_sale,upi,431001,0.0,True
tx-202503-00000626,2025-03-01T00:00:00Z,farmer:431001:006,retailer:431001:03,2487.13,kirana_purchase,upi,431001,0.0,True
tx-202503-00000627,2025-03-01T00:00:00Z,farmer:431001:006,utility:431001,630.0,utility_payment,upi,431001,0.0,True
tx-202503-00000628,2025-03-01T00:00:00Z,farmer:431001:006,lender:vridhi,1350.0,loan_repayment,upi,431001,0.0,True
tx-202503-00000629,2025-03-01T00:00:00Z,farmer:431001:007,lender:vridhi,1350.0,loan_repayment,upi,431001,0.0,True
tx-202503-00000630,2025-03-01T00:00:00Z,wholesaler:431001:01,farmer:431001:008,16516.07,crop_sale,upi,431001,0.0,True
tx-202503-00000631,2025-03-01T00:00:00Z,farmer:431001:008,retailer:431001:03,1939.24,kirana_purchase,upi,431001,0.0,True
tx-202503-00000632,2025-03-01T00:00:00Z,farmer:431001:008,utility:431001,505.0,utility_payment,upi,431001,0.0,True
tx-202503-00000633,2025-03-01T00:00:00Z,wholesaler:431001:01,farmer:431001:009,7472.61,crop_sale,upi,431001,0.0,True
tx-202503-00000634,2025-03-01T00:00:00Z,farmer:431001:009,retailer:431001:02,1943.77,kirana_purchase,upi,431001,0.0,True
tx-202503-00000635,2025-03-01T00:00:00Z,farmer:431001:009,lender:vridhi,1350.0,loan_repayment,upi,431001,0.0,True
tx-202503-00000636,2025-03-01T00:00:00Z,wholesaler:431001:01,farmer:431001:010,16558.45,crop_sale,upi,431001,0.0,True
tx-202503-00000637,2025-03-01T00:00:00Z,farmer:431001:010,utility:431001,630.0,utility_payment,upi,431001,0.0,True
tx-202503-00000638,2025-03-01T00:00:00Z,farmer:431001:010,lender:vridhi,1350.0,loan_repayment,upi,431001,0.0,True
tx-202503-00000639,2025-03-01T00:00:00Z,wholesaler:431001:01,farmer:431001:011,4015.67,crop_sale,upi,431001,0.0,True
tx-202503-00000640,2025-03-01T00:00:00Z,farmer:431001:011,utility:431001,505.0,utility_payment,upi,431001,0.0,True
tx-202503-00000641,2025-03-01T00:00:00Z,farmer:431001:011,lender:vridhi,1350.0,loan_repayment,upi,431001,0.0,True
tx-202503-00000642,2025-03-01T00:00:00Z,wholesaler:431001:01,farmer:431001:012,4474.08,crop_sale,upi,431001,0.0,True
tx-202503-00000643,2025-03-01T00:00:00Z,farmer:431001:012,utility:431001,630.0,utility_payment,upi,431001,0.0,True
tx-202503-00000644,2025-03-01T00:00:00Z,farmer:431001:012,lender:vridhi,1350.0,loan_repayment,upi,431001,0.0,True
tx-202503-00000645,2025-03-01T00:00:00Z,wholesaler:431001:01,farmer:431001:013,7947.45,crop_sale,upi,431001,0.0,True
tx-202503-00000646,2025-03-01T00:00:00Z,farmer:431001:013,retailer:431001:04,2261.66,kirana_purchase,upi,431001,0.0,True
tx-202503-00000647,2025-03-01T00:00:00Z,farmer:431001:013,lender:vridhi,1350.0,loan_repayment,upi,431001,0.0,True
tx-202503-00000648,2025-03-01T00:00:00Z,farmer:431001:014,retailer:431001:01,2558.91,kirana_purchase,upi,431001,0.0,True
tx-202503-00000649,2025-03-01T00:00:00Z,farmer:431001:015,retailer:431001:04,2949.82,kirana_purchase,upi,431001,0.0,True
tx-202503-00000650,2025-03-01T00:00:00Z,wholesaler:431001:01,farmer:431001:016,12231.74,crop_sale,upi,431001,0.0,True
tx-202503-00000651,2025-03-01T00:00:00Z,farmer:431001:016,retailer:431001:03,2940.46,kirana_purchase,upi,431001,0.0,True
tx-202503-00000652,2025-03-01T00:00:00Z,farmer:431001:016,utility:431001,630.0,utility_payment,upi,431001,0.0,True
tx-202503-00000653,2025-03-01T00:00:00Z,farmer:431001:016,lender:vridhi,1350.0,loan_repayment,upi,431001,0.0,True
tx-202503-00000654,2025-03-01T00:00:00Z,wholesaler:431001:01,farmer:431001:017,5681.87,crop_sale,upi,431001,0.0,True
tx-202503-00000655,2025-03-01T00:00:00Z,farmer:431001:017,retailer:431001:04,2961.74,kirana_purchase,upi,431001,0.0,True
tx-202503-00000656,2025-03-01T00:00:00Z,farmer:431001:017,utility:431001,630.0,utility_payment,upi,431001,0.0,True
tx-202503-00000657,2025-03-01T00:00:00Z,farmer:431001:017,lender:vridhi,1350.0,loan_repayment,upi,431001,0.0,True
tx-202503-00000658,2025-03-01T00:00:00Z,wholesaler:431001:01,farmer:431001:018,12727.97,crop_sale,upi,431001,0.0,True
tx-202503-00000659,2025-03-01T00:00:00Z,farmer:431001:018,utility:431001,505.0,utility_payment,upi,431001,0.0,True
tx-202503-00000660,2025-03-01T00:00:00Z,farmer:431001:018,lender:vridhi,1350.0,loan_repayment,upi,431001,0.0,True
tx-202503-00000661,2025-03-01T00:00:00Z,wholesaler:431001:01,farmer:431001:019,4043.78,crop_sale,upi,431001,0.0,True
tx-202503-00000662,2025-03-01T00:00:00Z,wholesaler:431001:01,farmer:431001:020,16294.42,crop_sale,upi,431001,0.0,True
tx-202503-00000663,2025-03-01T00:00:00Z,farmer:431001:020,retailer:431001:01,1764.13,kirana_purchase,upi,431001,0.0,True
tx-202503-00000664,2025-03-01T00:00:00Z,farmer:431001:020,utility:431001,505.0,utility_payment,upi,431001,0.0,True
tx-202503-00000665,2025-03-01T00:00:00Z,farmer:431001:020,lender:vridhi,1350.0,loan_repayment,upi,431001,0.0,True
tx-202503-00000666,2025-03-01T00:00:00Z,wholesaler:431001:01,farmer:431001:021,6260.56,crop_sale,upi,431001,0.0,True
tx-202503-00000667,2025-03-01T00:00:00Z,farmer:431001:021,retailer:431001:03,3071.86,kirana_purchase,upi,431001,0.0,True
tx-202503-00000668,2025-03-01T00:00:00Z,farmer:431001:021,lender:vridhi,1350.0,loan_repayment,upi,431001,0.0,True
tx-202503-00000669,2025-03-01T00:00:00Z,wholesaler:431001:01,farmer:431001:022,5392.47,crop_sale,upi,431001,0.0,True
tx-202503-00000670,2025-03-01T00:00:00Z,farmer:431001:022,retailer:431001:01,2585.24,kirana_purchase,upi,431001,0.0,True
tx-202503-00000671,2025-03-01T00:00:00Z,farmer:431001:022,utility:431001,505.0,utility_payment,upi,431001,0.0,True
tx-202503-00000672,2025-03-01T00:00:00Z,farmer:431001:022,lender:vridhi,1350.0,loan_repayment,upi,431001,0.0,True
tx-202503-00000673,2025-03-01T00:00:00Z,farmer:431001:023,retailer:431001:03,2623.49,kirana_purchase,upi,431001,0.0,True
tx-202503-00000674,2025-03-01T00:00:00Z,farmer:431001:023,lender:vridhi,1350.0,loan_repayment,upi,431001,0.0,True
tx-202503-00000675,2025-03-01T00:00:00Z,farmer:431001:024,utility:431001,630.0,utility_payment,upi,431001,0.0,True
tx-202503-00000676,2025-03-01T00:00:00Z,farmer:431001:024,lender:vridhi,1350.0,loan_repayment,upi,431001,0.0,True
tx-202503-00000677,2025-03-01T00:00:00Z,wholesaler:431001:01,farmer:431001:025,9478.9,crop_sale,upi,431001,0.0,True
tx-202503-00000678,2025-03-01T00:00:00Z,farmer:431001:025,utility:431001,505.0,utility_payment,upi,431001,0.0,True
tx-202503-00000679,2025-03-01T00:00:00Z,farmer:431001:025,lender:vridhi,1350.0,loan_repayment,upi,431001,0.0,True
tx-202503-00000680,2025-03-01T00:00:00Z,wholesaler:431001:01,farmer:431001:026,13017.31,crop_sale,upi,431001,0.0,True
tx-202503-00000681,2025-03-01T00:00:00Z,farmer:431001:026,retailer:431001:03,1582.77,kirana_purchase,upi,431001,0.0,True
tx-202503-00000682,2025-03-01T00:00:00Z,farmer:431001:026,utility:431001,630.0,utility_payment,upi,431001,0.0,True
tx-202503-00000683,2025-03-01T00:00:00Z,farmer:431001:026,lender:vridhi,1350.0,loan_repayment,upi,431001,0.0,True
tx-202503-00000684,2025-03-01T00:00:00Z,wholesaler:431001:01,farmer:431001:027,9088.94,crop_sale,upi,431001,0.0,True
tx-202503-00000685,2025-03-01T00:00:00Z,farmer:431001:027,utility:431001,505.0,utility_payment,upi,431001,0.0,True
tx-202503-00000686,2025-03-01T00:00:00Z,farmer:431001:027,lender:vridhi,1350.0,loan_repayment,upi,431001,0.0,True
tx-202503-00000687,2025-03-01T00:00:00Z,wholesaler:431001:01,farmer:431001:028,7292.57,crop_sale,upi,431001,0.0,True
tx-202503-00000688,2025-03-01T00:00:00Z,farmer:431001:028,retailer:431001:04,2824.78,kirana_purchase,upi,431001,0.0,True
tx-202503-00000689,2025-03-01T00:00:00Z,farmer:431001:028,utility:431001,630.0,utility_payment,upi,431001,0.0,True
tx-202503-00000690,2025-03-01T00:00:00Z,farmer:431001:028,lender:vridhi,1350.0,loan_repayment,upi,431001,0.0,True
tx-202503-00000691,2025-03-01T00:00:00Z,wholesaler:431001:01,farmer:431001:029,8192.15,crop_sale,upi,431001,0.0,True
tx-202503-00000692,2025-03-01T00:00:00Z,farmer:431001:029,retailer:431001:03,2679.58,kirana_purchase,upi,431001,0.0,True
tx-202503-00000693,2025-03-01T00:00:00Z,farmer:431001:029,lender:vridhi,1350.0,loan_repayment,upi,431001,0.0,True
tx-202503-00000694,2025-03-01T00:00:00Z,wholesaler:431001:01,farmer:431001:030,16861.8,crop_sale,upi,431001,0.0,True
tx-202503-00000695,2025-03-01T00:00:00Z,farmer:431001:030,retailer:431001:03,2640.65,kirana_purchase,upi,431001,0.0,True
tx-202503-00000696,2025-03-01T00:00:00Z,farmer:431001:030,utility:431001,505.0,utility_payment,upi,431001,0.0,True
tx-202503-00000697,2025-03-01T00:00:00Z,wholesaler:431001:01,farmer:431001:031,12684.76,crop_sale,upi,431001,0.0,True
tx-202503-00000698,2025-03-01T00:00:00Z,wholesaler:431001:01,farmer:431001:032,15857.3,crop_sale,upi,431001,0.0,True
tx-202503-00000699,2025-03-01T00:00:00Z,farmer:431001:032,utility:431001,630.0,utility_payment,upi,431001,0.0,True
tx-202503-00000700,2025-03-01T00:00:00Z,farmer:431001:032,lender:vridhi,1350.0,loan_repayment,upi,431001,0.0,True
tx-202503-00000701,2025-03-01T00:00:00Z,farmer:431001:033,retailer:431001:02,2561.01,kirana_purchase,upi,431001,0.0,True
tx-202503-00000702,2025-03-01T00:00:00Z,farmer:431001:033,utility:431001,630.0,utility_payment,upi,431001,0.0,True
tx-202503-00000703,2025-03-01T00:00:00Z,farmer:431001:033,lender:vridhi,1350.0,loan_repayment,upi,431001,0.0,True
tx-202503-00000704,2025-03-01T00:00:00Z,wholesaler:431001:01,farmer:431001:034,6431.52,crop_sale,upi,431001,0.0,True
tx-202503-00000705,2025-03-01T00:00:00Z,farmer:431001:034,lender:vridhi,1350.0,loan_repayment,upi,431001,0.0,True
tx-202503-00000706,2025-03-01T00:00:00Z,wholesaler:431001:01,farmer:431001:035,9281.47,crop_sale,upi,431001,0.0,True
tx-202503-00000707,2025-03-01T00:00:00Z,farmer:431001:035,retailer:431001:04,2849.71,kirana_purchase,upi,431001,0.0,True
tx-202503-00000708,2025-03-01T00:00:00Z,farmer:431001:035,utility:431001,505.0,utility_payment,upi,431001,0.0,True
tx-202503-00000709,2025-03-01T00:00:00Z,farmer:431001:035,lender:vridhi,1350.0,loan_repayment,upi,431001,0.0,True
tx-202503-00000710,2025-03-01T00:00:00Z,retailer:431001:01,wholesaler:431001:01,6571.02,retailer_restock,upi,431001,0.0,True
tx-202503-00000711,2025-03-01T00:00:00Z,retailer:431001:01,utility:431001,1050.0,utility_payment,upi,431001,0.0,True
tx-202503-00000712,2025-03-01T00:00:00Z,retailer:431001:02,wholesaler:431001:01,15365.25,retailer_restock,upi,431001,0.0,True
tx-202503-00000713,2025-03-01T00:00:00Z,retailer:431001:02,utility:431001,1050.0,utility_payment,upi,431001,0.0,True
tx-202503-00000714,2025-03-01T00:00:00Z,retailer:431001:03,wholesaler:431001:01,16831.65,retailer_restock,upi,431001,0.0,True
tx-202503-00000715,2025-03-01T00:00:00Z,retailer:431001:03,utility:431001,1050.0,utility_payment,upi,431001,0.0,True
tx-202503-00000716,2025-03-01T00:00:00Z,retailer:431001:04,wholesaler:431001:01,13246.3,retailer_restock,upi,431001,0.0,True
tx-202503-00000717,2025-03-01T00:00:00Z,retailer:431001:04,utility:431001,1050.0,utility_payment,upi,431001,0.0,True
tx-202503-00000718,2025-03-01T00:00:00Z,wholesaler:431001:01,utility:431001,2400.0,utility_payment,upi,431001,0.0,True
tx-202503-00000719,2025-03-01T00:00:00Z,wholesaler:440001:01,farmer:440001:001,13482.19,crop_sale,upi,440001,0.0,True
tx-202503-00000720,2025-03-01T00:00:00Z,farmer:440001:001,retailer:440001:04,1848.38,kirana_purchase,upi,440001,0.0,True
tx-202503-00000721,2025-03-01T00:00:00Z,farmer:440001:001,lender:vridhi,1350.0,loan_repayment,upi,440001,0.0,True
tx-202503-00000722,2025-03-01T00:00:00Z,wholesaler:440001:01,farmer:440001:002,17013.54,crop_sale,upi,440001,0.0,True
tx-202503-00000723,2025-03-01T00:00:00Z,farmer:440001:002,lender:vridhi,1350.0,loan_repayment,upi,440001,0.0,True
tx-202503-00000724,2025-03-01T00:00:00Z,farmer:440001:003,retailer:440001:02,2153.05,kirana_purchase,upi,440001,0.0,True
tx-202503-00000725,2025-03-01T00:00:00Z,farmer:440001:003,utility:440001,630.0,utility_payment,upi,440001,0.0,True
tx-202503-00000726,2025-03-01T00:00:00Z,farmer:440001:003,lender:vridhi,1350.0,loan_repayment,upi,440001,0.0,True
tx-202503-00000727,2025-03-01T00:00:00Z,wholesaler:440001:01,farmer:440001:004,18290.15,crop_sale,upi,440001,0.0,True
tx-202503-00000728,2025-03-01T00:00:00Z,farmer:440001:004,retailer:440001:04,2394.95,kirana_purchase,upi,440001,0.0,True
tx-202503-00000729,2025-03-01T00:00:00Z,farmer:440001:004,utility:440001,505.0,utility_payment,upi,440001,0.0,True
tx-202503-00000730,2025-03-01T00:00:00Z,farmer:440001:004,lender:vridhi,1350.0,loan_repayment,upi,440001,0.0,True
tx-202503-00000731,2025-03-01T00:00:00Z,wholesaler:440001:01,farmer:440001:005,13505.12,crop_sale,upi,440001,0.0,True
tx-202503-00000732,2025-03-01T00:00:00Z,farmer:440001:005,retailer:440001:04,2144.04,kirana_purchase,upi,440001,0.0,True
tx-202503-00000733,2025-03-01T00:00:00Z,farmer:440001:005,utility:440001,630.0,utility_payment,upi,440001,0.0,True
tx-202503-00000734,2025-03-01T00:00:00Z,farmer:440001:005,lender:vridhi,1350.0,loan_repayment,upi,440001,0.0,True
tx-202503-00000735,2025-03-01T00:00:00Z,wholesaler:440001:01,farmer:440001:006,9743.08,crop_sale,upi,440001,0.0,True
tx-202503-00000736,2025-03-01T00:00:00Z,farmer:440001:006,utility:440001,630.0,utility_payment,upi,440001,0.0,True
tx-202503-00000737,2025-03-01T00:00:00Z,wholesaler:440001:01,farmer:440001:007,17323.49,crop_sale,upi,440001,0.0,True
tx-202503-00000738,2025-03-01T00:00:00Z,farmer:440001:007,retailer:440001:02,1883.49,kirana_purchase,upi,440001,0.0,True
tx-202503-00000739,2025-03-01T00:00:00Z,farmer:440001:007,utility:440001,505.0,utility_payment,upi,440001,0.0,True
tx-202503-00000740,2025-03-01T00:00:00Z,farmer:440001:007,lender:vridhi,1350.0,loan_repayment,upi,440001,0.0,True
tx-202503-00000741,2025-03-01T00:00:00Z,wholesaler:440001:01,farmer:440001:008,11398.14,crop_sale,upi,440001,0.0,True
tx-202503-00000742,2025-03-01T00:00:00Z,farmer:440001:008,retailer:440001:02,1537.61,kirana_purchase,upi,440001,0.0,True
tx-202503-00000743,2025-03-01T00:00:00Z,farmer:440001:008,utility:440001,505.0,utility_payment,upi,440001,0.0,True
tx-202503-00000744,2025-03-01T00:00:00Z,farmer:440001:008,lender:vridhi,1350.0,loan_repayment,upi,440001,0.0,True
tx-202503-00000745,2025-03-01T00:00:00Z,farmer:440001:009,utility:440001,505.0,utility_payment,upi,440001,0.0,True
tx-202503-00000746,2025-03-01T00:00:00Z,farmer:440001:010,lender:vridhi,1350.0,loan_repayment,upi,440001,0.0,True
tx-202503-00000747,2025-03-01T00:00:00Z,wholesaler:440001:01,farmer:440001:011,12325.26,crop_sale,upi,440001,0.0,True
tx-202503-00000748,2025-03-01T00:00:00Z,farmer:440001:011,utility:440001,505.0,utility_payment,upi,440001,0.0,True
tx-202503-00000749,2025-03-01T00:00:00Z,farmer:440001:011,lender:vridhi,1350.0,loan_repayment,upi,440001,0.0,True
tx-202503-00000750,2025-03-01T00:00:00Z,wholesaler:440001:01,farmer:440001:012,5970.08,crop_sale,upi,440001,0.0,True
tx-202503-00000751,2025-03-01T00:00:00Z,farmer:440001:012,lender:vridhi,1350.0,loan_repayment,upi,440001,0.0,True
tx-202503-00000752,2025-03-01T00:00:00Z,wholesaler:440001:01,farmer:440001:013,8513.75,crop_sale,upi,440001,0.0,True
tx-202503-00000753,2025-03-01T00:00:00Z,farmer:440001:013,retailer:440001:03,2153.68,kirana_purchase,upi,440001,0.0,True
tx-202503-00000754,2025-03-01T00:00:00Z,farmer:440001:013,utility:440001,505.0,utility_payment,upi,440001,0.0,True
tx-202503-00000755,2025-03-01T00:00:00Z,farmer:440001:013,lender:vridhi,1350.0,loan_repayment,upi,440001,0.0,True
tx-202503-00000756,2025-03-01T00:00:00Z,farmer:440001:014,retailer:440001:04,1951.83,kirana_purchase,upi,440001,0.0,True
tx-202503-00000757,2025-03-01T00:00:00Z,farmer:440001:014,utility:440001,505.0,utility_payment,upi,440001,0.0,True
tx-202503-00000758,2025-03-01T00:00:00Z,farmer:440001:014,lender:vridhi,1350.0,loan_repayment,upi,440001,0.0,True
tx-202503-00000759,2025-03-01T00:00:00Z,wholesaler:440001:01,farmer:440001:015,9144.08,crop_sale,upi,440001,0.0,True
tx-202503-00000760,2025-03-01T00:00:00Z,farmer:440001:015,lender:vridhi,1350.0,loan_repayment,upi,440001,0.0,True
tx-202503-00000761,2025-03-01T00:00:00Z,wholesaler:440001:01,farmer:440001:016,4333.56,crop_sale,upi,440001,0.0,True
tx-202503-00000762,2025-03-01T00:00:00Z,farmer:440001:016,utility:440001,630.0,utility_payment,upi,440001,0.0,True
tx-202503-00000763,2025-03-01T00:00:00Z,wholesaler:440001:01,farmer:440001:017,16861.62,crop_sale,upi,440001,0.0,True
tx-202503-00000764,2025-03-01T00:00:00Z,farmer:440001:017,utility:440001,505.0,utility_payment,upi,440001,0.0,True
tx-202503-00000765,2025-03-01T00:00:00Z,farmer:440001:017,lender:vridhi,1350.0,loan_repayment,upi,440001,0.0,True
tx-202503-00000766,2025-03-01T00:00:00Z,wholesaler:440001:01,farmer:440001:018,7495.35,crop_sale,upi,440001,0.0,True
tx-202503-00000767,2025-03-01T00:00:00Z,farmer:440001:018,retailer:440001:02,2882.33,kirana_purchase,upi,440001,0.0,True
tx-202503-00000768,2025-03-01T00:00:00Z,farmer:440001:018,lender:vridhi,1350.0,loan_repayment,upi,440001,0.0,True
tx-202503-00000769,2025-03-01T00:00:00Z,wholesaler:440001:01,farmer:440001:019,13386.45,crop_sale,upi,440001,0.0,True
tx-202503-00000770,2025-03-01T00:00:00Z,farmer:440001:019,retailer:440001:04,2570.78,kirana_purchase,upi,440001,0.0,True
tx-202503-00000771,2025-03-01T00:00:00Z,farmer:440001:019,utility:440001,630.0,utility_payment,upi,440001,0.0,True
tx-202503-00000772,2025-03-01T00:00:00Z,farmer:440001:019,lender:vridhi,1350.0,loan_repayment,upi,440001,0.0,True
tx-202503-00000773,2025-03-01T00:00:00Z,wholesaler:440001:01,farmer:440001:020,10938.24,crop_sale,upi,440001,0.0,True
tx-202503-00000774,2025-03-01T00:00:00Z,farmer:440001:020,utility:440001,630.0,utility_payment,upi,440001,0.0,True
tx-202503-00000775,2025-03-01T00:00:00Z,farmer:440001:020,lender:vridhi,1350.0,loan_repayment,upi,440001,0.0,True
tx-202503-00000776,2025-03-01T00:00:00Z,wholesaler:440001:01,farmer:440001:021,8460.85,crop_sale,upi,440001,0.0,True
tx-202503-00000777,2025-03-01T00:00:00Z,farmer:440001:021,retailer:440001:01,2341.46,kirana_purchase,upi,440001,0.0,True
tx-202503-00000778,2025-03-01T00:00:00Z,farmer:440001:021,utility:440001,630.0,utility_payment,upi,440001,0.0,True
tx-202503-00000779,2025-03-01T00:00:00Z,farmer:440001:021,lender:vridhi,1350.0,loan_repayment,upi,440001,0.0,True
tx-202503-00000780,2025-03-01T00:00:00Z,farmer:440001:022,retailer:440001:01,2084.19,kirana_purchase,upi,440001,0.0,True
tx-202503-00000781,2025-03-01T00:00:00Z,farmer:440001:022,utility:440001,630.0,utility_payment,upi,440001,0.0,True
tx-202503-00000782,2025-03-01T00:00:00Z,wholesaler:440001:01,farmer:440001:023,10358.75,crop_sale,upi,440001,0.0,True
tx-202503-00000783,2025-03-01T00:00:00Z,farmer:440001:023,lender:vridhi,1350.0,loan_repayment,upi,440001,0.0,True
tx-202503-00000784,2025-03-01T00:00:00Z,wholesaler:440001:01,farmer:440001:024,13125.74,crop_sale,upi,440001,0.0,True
tx-202503-00000785,2025-03-01T00:00:00Z,farmer:440001:024,utility:440001,630.0,utility_payment,upi,440001,0.0,True
tx-202503-00000786,2025-03-01T00:00:00Z,wholesaler:440001:01,farmer:440001:025,7382.87,crop_sale,upi,440001,0.0,True
tx-202503-00000787,2025-03-01T00:00:00Z,farmer:440001:025,utility:440001,630.0,utility_payment,upi,440001,0.0,True
tx-202503-00000788,2025-03-01T00:00:00Z,wholesaler:440001:01,farmer:440001:026,16229.14,crop_sale,upi,440001,0.0,True
tx-202503-00000789,2025-03-01T00:00:00Z,farmer:440001:026,retailer:440001:03,1529.16,kirana_purchase,upi,440001,0.0,True
tx-202503-00000790,2025-03-01T00:00:00Z,wholesaler:440001:01,farmer:440001:027,7389.1,crop_sale,upi,440001,0.0,True
tx-202503-00000791,2025-03-01T00:00:00Z,farmer:440001:027,retailer:440001:03,1476.62,kirana_purchase,upi,440001,0.0,True
tx-202503-00000792,2025-03-01T00:00:00Z,farmer:440001:027,utility:440001,505.0,utility_payment,upi,440001,0.0,True
tx-202503-00000793,2025-03-01T00:00:00Z,farmer:440001:028,retailer:440001:03,1726.17,kirana_purchase,upi,440001,0.0,True
tx-202503-00000794,2025-03-01T00:00:00Z,farmer:440001:028,lender:vridhi,1350.0,loan_repayment,upi,440001,0.0,True
tx-202503-00000795,2025-03-01T00:00:00Z,wholesaler:440001:01,farmer:440001:029,12404.62,crop_sale,upi,440001,0.0,True
tx-202503-00000796,2025-03-01T00:00:00Z,farmer:440001:029,utility:440001,630.0,utility_payment,upi,440001,0.0,True
tx-202503-00000797,2025-03-01T00:00:00Z,farmer:440001:029,lender:vridhi,1350.0,loan_repayment,upi,440001,0.0,True
tx-202503-00000798,2025-03-01T00:00:00Z,wholesaler:440001:01,farmer:440001:030,4210.1,crop_sale,upi,440001,0.0,True
tx-202503-00000799,2025-03-01T00:00:00Z,farmer:440001:030,retailer:440001:02,2875.75,kirana_purchase,upi,440001,0.0,True
tx-202503-00000800,2025-03-01T00:00:00Z,wholesaler:440001:01,farmer:440001:031,10788.66,crop_sale,upi,440001,0.0,True
tx-202503-00000801,2025-03-01T00:00:00Z,farmer:440001:031,utility:440001,630.0,utility_payment,upi,440001,0.0,True
tx-202503-00000802,2025-03-01T00:00:00Z,farmer:440001:031,lender:vridhi,1350.0,loan_repayment,upi,440001,0.0,True
tx-202503-00000803,2025-03-01T00:00:00Z,wholesaler:440001:01,farmer:440001:032,5525.86,crop_sale,upi,440001,0.0,True
tx-202503-00000804,2025-03-01T00:00:00Z,farmer:440001:032,utility:440001,630.0,utility_payment,upi,440001,0.0,True
tx-202503-00000805,2025-03-01T00:00:00Z,farmer:440001:032,lender:vridhi,1350.0,loan_repayment,upi,440001,0.0,True
tx-202503-00000806,2025-03-01T00:00:00Z,wholesaler:440001:01,farmer:440001:033,17519.47,crop_sale,upi,440001,0.0,True
tx-202503-00000807,2025-03-01T00:00:00Z,farmer:440001:033,retailer:440001:01,1905.55,kirana_purchase,upi,440001,0.0,True
tx-202503-00000808,2025-03-01T00:00:00Z,farmer:440001:033,lender:vridhi,1350.0,loan_repayment,upi,440001,0.0,True
tx-202503-00000809,2025-03-01T00:00:00Z,wholesaler:440001:01,farmer:440001:034,15670.25,crop_sale,upi,440001,0.0,True
tx-202503-00000810,2025-03-01T00:00:00Z,farmer:440001:034,retailer:440001:01,1458.83,kirana_purchase,upi,440001,0.0,True
tx-202503-00000811,2025-03-01T00:00:00Z,farmer:440001:034,utility:440001,630.0,utility_payment,upi,440001,0.0,True
tx-202503-00000812,2025-03-01T00:00:00Z,farmer:440001:034,lender:vridhi,1350.0,loan_repayment,upi,440001,0.0,True
tx-202503-00000813,2025-03-01T00:00:00Z,wholesaler:440001:01,farmer:440001:035,4292.63,crop_sale,upi,440001,0.0,True
tx-202503-00000814,2025-03-01T00:00:00Z,farmer:440001:035,retailer:440001:04,2396.87,kirana_purchase,upi,440001,0.0,True
tx-202503-00000815,2025-03-01T00:00:00Z,farmer:440001:035,utility:440001,505.0,utility_payment,upi,440001,0.0,True
tx-202503-00000816,2025-03-01T00:00:00Z,farmer:440001:035,lender:vridhi,1350.0,loan_repayment,upi,440001,0.0,True
tx-202503-00000817,2025-03-01T00:00:00Z,retailer:440001:01,wholesaler:440001:01,14320.27,retailer_restock,upi,440001,0.0,True
tx-202503-00000818,2025-03-01T00:00:00Z,retailer:440001:02,wholesaler:440001:01,16283.68,retailer_restock,upi,440001,0.0,True
tx-202503-00000819,2025-03-01T00:00:00Z,retailer:440001:02,utility:440001,1050.0,utility_payment,upi,440001,0.0,True
tx-202503-00000820,2025-03-01T00:00:00Z,retailer:440001:03,wholesaler:440001:01,9458.23,retailer_restock,upi,440001,0.0,True
tx-202503-00000821,2025-03-01T00:00:00Z,retailer:440001:03,utility:440001,1050.0,utility_payment,upi,440001,0.0,True
tx-202503-00000822,2025-03-01T00:00:00Z,retailer:440001:04,wholesaler:440001:01,10861.73,retailer_restock,upi,440001,0.0,True
tx-202503-00000823,2025-03-01T00:00:00Z,retailer:440001:04,utility:440001,1050.0,utility_payment,upi,440001,0.0,True
tx-202503-00000824,2025-03-01T00:00:00Z,wholesaler:440001:01,utility:440001,2400.0,utility_payment,upi,440001,0.0,True
tx-202504-00000825,2025-04-01T00:00:00Z,wholesaler:413001:01,farmer:413001:001,3312.36,crop_sale,upi,413001,0.0,True
tx-202504-00000826,2025-04-01T00:00:00Z,farmer:413001:001,retailer:413001:04,1698.09,kirana_purchase,upi,413001,0.0,True
tx-202504-00000827,2025-04-01T00:00:00Z,farmer:413001:001,utility:413001,630.0,utility_payment,upi,413001,0.0,True
tx-202504-00000828,2025-04-01T00:00:00Z,farmer:413001:001,lender:vridhi,1350.0,loan_repayment,upi,413001,0.0,True
tx-202504-00000829,2025-04-01T00:00:00Z,wholesaler:413001:01,farmer:413001:002,14897.62,crop_sale,upi,413001,0.0,True
tx-202504-00000830,2025-04-01T00:00:00Z,farmer:413001:002,retailer:413001:02,2675.53,kirana_purchase,upi,413001,0.0,True
tx-202504-00000831,2025-04-01T00:00:00Z,farmer:413001:002,utility:413001,505.0,utility_payment,upi,413001,0.0,True
tx-202504-00000832,2025-04-01T00:00:00Z,farmer:413001:002,lender:vridhi,1350.0,loan_repayment,upi,413001,0.0,True
tx-202504-00000833,2025-04-01T00:00:00Z,wholesaler:413001:01,farmer:413001:003,4099.08,crop_sale,upi,413001,0.0,True
tx-202504-00000834,2025-04-01T00:00:00Z,farmer:413001:003,retailer:413001:04,2014.77,kirana_purchase,upi,413001,0.0,True
tx-202504-00000835,2025-04-01T00:00:00Z,farmer:413001:003,lender:vridhi,1350.0,loan_repayment,upi,413001,0.0,True
tx-202504-00000836,2025-04-01T00:00:00Z,farmer:413001:004,retailer:413001:02,1960.74,kirana_purchase,upi,413001,0.0,True
tx-202504-00000837,2025-04-01T00:00:00Z,farmer:413001:004,lender:vridhi,1350.0,loan_repayment,upi,413001,0.0,True
tx-202504-00000838,2025-04-01T00:00:00Z,wholesaler:413001:01,farmer:413001:005,5603.99,crop_sale,upi,413001,0.0,True
tx-202504-00000839,2025-04-01T00:00:00Z,farmer:413001:005,utility:413001,505.0,utility_payment,upi,413001,0.0,True
tx-202504-00000840,2025-04-01T00:00:00Z,farmer:413001:005,lender:vridhi,1350.0,loan_repayment,upi,413001,0.0,True
tx-202504-00000841,2025-04-01T00:00:00Z,wholesaler:413001:01,farmer:413001:006,5970.9,crop_sale,upi,413001,0.0,True
tx-202504-00000842,2025-04-01T00:00:00Z,farmer:413001:006,utility:413001,630.0,utility_payment,upi,413001,0.0,True
tx-202504-00000843,2025-04-01T00:00:00Z,wholesaler:413001:01,farmer:413001:007,3104.39,crop_sale,upi,413001,0.0,True
tx-202504-00000844,2025-04-01T00:00:00Z,farmer:413001:007,retailer:413001:01,3070.11,kirana_purchase,upi,413001,0.0,True
tx-202504-00000845,2025-04-01T00:00:00Z,farmer:413001:007,lender:vridhi,1350.0,loan_repayment,upi,413001,0.0,True
tx-202504-00000846,2025-04-01T00:00:00Z,wholesaler:413001:01,farmer:413001:008,7664.4,crop_sale,upi,413001,0.0,True
tx-202504-00000847,2025-04-01T00:00:00Z,farmer:413001:008,retailer:413001:04,2594.06,kirana_purchase,upi,413001,0.0,True
tx-202504-00000848,2025-04-01T00:00:00Z,farmer:413001:008,utility:413001,630.0,utility_payment,upi,413001,0.0,True
tx-202504-00000849,2025-04-01T00:00:00Z,farmer:413001:008,lender:vridhi,1350.0,loan_repayment,upi,413001,0.0,True
tx-202504-00000850,2025-04-01T00:00:00Z,wholesaler:413001:01,farmer:413001:009,7351.72,crop_sale,upi,413001,0.0,True
tx-202504-00000851,2025-04-01T00:00:00Z,farmer:413001:009,utility:413001,630.0,utility_payment,upi,413001,0.0,True
tx-202504-00000852,2025-04-01T00:00:00Z,farmer:413001:009,lender:vridhi,1350.0,loan_repayment,upi,413001,0.0,True
tx-202504-00000853,2025-04-01T00:00:00Z,farmer:413001:010,utility:413001,505.0,utility_payment,upi,413001,0.0,True
tx-202504-00000854,2025-04-01T00:00:00Z,wholesaler:413001:01,farmer:413001:011,13892.09,crop_sale,upi,413001,0.0,True
tx-202504-00000855,2025-04-01T00:00:00Z,farmer:413001:011,retailer:413001:01,1635.93,kirana_purchase,upi,413001,0.0,True
tx-202504-00000856,2025-04-01T00:00:00Z,farmer:413001:011,utility:413001,630.0,utility_payment,upi,413001,0.0,True
tx-202504-00000857,2025-04-01T00:00:00Z,farmer:413001:011,lender:vridhi,1350.0,loan_repayment,upi,413001,0.0,True
tx-202504-00000858,2025-04-01T00:00:00Z,wholesaler:413001:01,farmer:413001:012,8964.17,crop_sale,upi,413001,0.0,True
tx-202504-00000859,2025-04-01T00:00:00Z,farmer:413001:012,retailer:413001:04,3093.58,kirana_purchase,upi,413001,0.0,True
tx-202504-00000860,2025-04-01T00:00:00Z,farmer:413001:012,lender:vridhi,1350.0,loan_repayment,upi,413001,0.0,True
tx-202504-00000861,2025-04-01T00:00:00Z,wholesaler:413001:01,farmer:413001:013,10788.9,crop_sale,upi,413001,0.0,True
tx-202504-00000862,2025-04-01T00:00:00Z,farmer:413001:013,retailer:413001:02,2207.82,kirana_purchase,upi,413001,0.0,True
tx-202504-00000863,2025-04-01T00:00:00Z,farmer:413001:013,lender:vridhi,1350.0,loan_repayment,upi,413001,0.0,True
tx-202504-00000864,2025-04-01T00:00:00Z,wholesaler:413001:01,farmer:413001:014,13366.74,crop_sale,upi,413001,0.0,True
tx-202504-00000865,2025-04-01T00:00:00Z,farmer:413001:014,retailer:413001:01,2270.71,kirana_purchase,upi,413001,0.0,True
tx-202504-00000866,2025-04-01T00:00:00Z,farmer:413001:014,lender:vridhi,1350.0,loan_repayment,upi,413001,0.0,True
tx-202504-00000867,2025-04-01T00:00:00Z,wholesaler:413001:01,farmer:413001:015,8113.81,crop_sale,upi,413001,0.0,True
tx-202504-00000868,2025-04-01T00:00:00Z,farmer:413001:015,retailer:413001:03,1980.21,kirana_purchase,upi,413001,0.0,True
tx-202504-00000869,2025-04-01T00:00:00Z,farmer:413001:015,utility:413001,505.0,utility_payment,upi,413001,0.0,True
tx-202504-00000870,2025-04-01T00:00:00Z,farmer:413001:015,lender:vridhi,1350.0,loan_repayment,upi,413001,0.0,True
tx-202504-00000871,2025-04-01T00:00:00Z,wholesaler:413001:01,farmer:413001:016,4698.43,crop_sale,upi,413001,0.0,True
tx-202504-00000872,2025-04-01T00:00:00Z,farmer:413001:016,retailer:413001:04,1992.15,kirana_purchase,upi,413001,0.0,True
tx-202504-00000873,2025-04-01T00:00:00Z,farmer:413001:016,lender:vridhi,1350.0,loan_repayment,upi,413001,0.0,True
tx-202504-00000874,2025-04-01T00:00:00Z,wholesaler:413001:01,farmer:413001:017,9358.49,crop_sale,upi,413001,0.0,True
tx-202504-00000875,2025-04-01T00:00:00Z,farmer:413001:017,utility:413001,630.0,utility_payment,upi,413001,0.0,True
tx-202504-00000876,2025-04-01T00:00:00Z,farmer:413001:017,lender:vridhi,1350.0,loan_repayment,upi,413001,0.0,True
tx-202504-00000877,2025-04-01T00:00:00Z,wholesaler:413001:01,farmer:413001:018,6759.24,crop_sale,upi,413001,0.0,True
tx-202504-00000878,2025-04-01T00:00:00Z,farmer:413001:018,retailer:413001:04,1844.15,kirana_purchase,upi,413001,0.0,True
tx-202504-00000879,2025-04-01T00:00:00Z,farmer:413001:018,utility:413001,505.0,utility_payment,upi,413001,0.0,True
tx-202504-00000880,2025-04-01T00:00:00Z,farmer:413001:018,lender:vridhi,1350.0,loan_repayment,upi,413001,0.0,True
tx-202504-00000881,2025-04-01T00:00:00Z,wholesaler:413001:01,farmer:413001:019,11762.16,crop_sale,upi,413001,0.0,True
tx-202504-00000882,2025-04-01T00:00:00Z,farmer:413001:019,retailer:413001:02,2214.28,kirana_purchase,upi,413001,0.0,True
tx-202504-00000883,2025-04-01T00:00:00Z,farmer:413001:019,utility:413001,630.0,utility_payment,upi,413001,0.0,True
tx-202504-00000884,2025-04-01T00:00:00Z,farmer:413001:019,lender:vridhi,1350.0,loan_repayment,upi,413001,0.0,True
tx-202504-00000885,2025-04-01T00:00:00Z,wholesaler:413001:01,farmer:413001:020,5261.82,crop_sale,upi,413001,0.0,True
tx-202504-00000886,2025-04-01T00:00:00Z,farmer:413001:020,utility:413001,630.0,utility_payment,upi,413001,0.0,True
tx-202504-00000887,2025-04-01T00:00:00Z,farmer:413001:020,lender:vridhi,1350.0,loan_repayment,upi,413001,0.0,True
tx-202504-00000888,2025-04-01T00:00:00Z,wholesaler:413001:01,farmer:413001:021,11375.7,crop_sale,upi,413001,0.0,True
tx-202504-00000889,2025-04-01T00:00:00Z,farmer:413001:021,retailer:413001:04,2347.12,kirana_purchase,upi,413001,0.0,True
tx-202504-00000890,2025-04-01T00:00:00Z,farmer:413001:021,utility:413001,630.0,utility_payment,upi,413001,0.0,True
tx-202504-00000891,2025-04-01T00:00:00Z,farmer:413001:021,lender:vridhi,1350.0,loan_repayment,upi,413001,0.0,True
tx-202504-00000892,2025-04-01T00:00:00Z,wholesaler:413001:01,farmer:413001:022,15718.82,crop_sale,upi,413001,0.0,True
tx-202504-00000893,2025-04-01T00:00:00Z,farmer:413001:022,lender:vridhi,1350.0,loan_repayment,upi,413001,0.0,True
tx-202504-00000894,2025-04-01T00:00:00Z,wholesaler:413001:01,farmer:413001:023,3859.89,crop_sale,upi,413001,0.0,True
tx-202504-00000895,2025-04-01T00:00:00Z,farmer:413001:023,retailer:413001:02,1982.42,kirana_purchase,upi,413001,0.0,True
tx-202504-00000896,2025-04-01T00:00:00Z,farmer:413001:023,utility:413001,505.0,utility_payment,upi,413001,0.0,True
tx-202504-00000897,2025-04-01T00:00:00Z,farmer:413001:023,lender:vridhi,1350.0,loan_repayment,upi,413001,0.0,True
tx-202504-00000898,2025-04-01T00:00:00Z,wholesaler:413001:01,farmer:413001:024,5689.85,crop_sale,upi,413001,0.0,True
tx-202504-00000899,2025-04-01T00:00:00Z,farmer:413001:024,retailer:413001:02,2427.17,kirana_purchase,upi,413001,0.0,True
tx-202504-00000900,2025-04-01T00:00:00Z,farmer:413001:024,utility:413001,505.0,utility_payment,upi,413001,0.0,True
tx-202504-00000901,2025-04-01T00:00:00Z,farmer:413001:024,lender:vridhi,1350.0,loan_repayment,upi,413001,0.0,True
tx-202504-00000902,2025-04-01T00:00:00Z,farmer:413001:025,retailer:413001:02,2393.35,kirana_purchase,upi,413001,0.0,True
tx-202504-00000903,2025-04-01T00:00:00Z,farmer:413001:025,utility:413001,630.0,utility_payment,upi,413001,0.0,True
tx-202504-00000904,2025-04-01T00:00:00Z,farmer:413001:025,lender:vridhi,1350.0,loan_repayment,upi,413001,0.0,True
tx-202504-00000905,2025-04-01T00:00:00Z,wholesaler:413001:01,farmer:413001:026,16165.13,crop_sale,upi,413001,0.0,True
tx-202504-00000906,2025-04-01T00:00:00Z,farmer:413001:026,retailer:413001:03,3068.13,kirana_purchase,upi,413001,0.0,True
tx-202504-00000907,2025-04-01T00:00:00Z,farmer:413001:026,utility:413001,505.0,utility_payment,upi,413001,0.0,True
tx-202504-00000908,2025-04-01T00:00:00Z,farmer:413001:026,lender:vridhi,1350.0,loan_repayment,upi,413001,0.0,True
tx-202504-00000909,2025-04-01T00:00:00Z,wholesaler:413001:01,farmer:413001:027,6937.6,crop_sale,upi,413001,0.0,True
tx-202504-00000910,2025-04-01T00:00:00Z,farmer:413001:027,retailer:413001:04,2613.98,kirana_purchase,upi,413001,0.0,True
tx-202504-00000911,2025-04-01T00:00:00Z,farmer:413001:027,lender:vridhi,1350.0,loan_repayment,upi,413001,0.0,True
tx-202504-00000912,2025-04-01T00:00:00Z,wholesaler:413001:01,farmer:413001:028,10297.5,crop_sale,upi,413001,0.0,True
tx-202504-00000913,2025-04-01T00:00:00Z,farmer:413001:028,retailer:413001:02,1946.55,kirana_purchase,upi,413001,0.0,True
tx-202504-00000914,2025-04-01T00:00:00Z,farmer:413001:028,utility:413001,505.0,utility_payment,upi,413001,0.0,True
tx-202504-00000915,2025-04-01T00:00:00Z,farmer:413001:028,lender:vridhi,1350.0,loan_repayment,upi,413001,0.0,True
tx-202504-00000916,2025-04-01T00:00:00Z,wholesaler:413001:01,farmer:413001:029,6358.1,crop_sale,upi,413001,0.0,True
tx-202504-00000917,2025-04-01T00:00:00Z,farmer:413001:029,retailer:413001:04,2384.53,kirana_purchase,upi,413001,0.0,True
tx-202504-00000918,2025-04-01T00:00:00Z,farmer:413001:029,utility:413001,505.0,utility_payment,upi,413001,0.0,True
tx-202504-00000919,2025-04-01T00:00:00Z,farmer:413001:029,lender:vridhi,1350.0,loan_repayment,upi,413001,0.0,True
tx-202504-00000920,2025-04-01T00:00:00Z,wholesaler:413001:01,farmer:413001:030,5038.2,crop_sale,upi,413001,0.0,True
tx-202504-00000921,2025-04-01T00:00:00Z,farmer:413001:030,retailer:413001:01,2742.01,kirana_purchase,upi,413001,0.0,True
tx-202504-00000922,2025-04-01T00:00:00Z,farmer:413001:030,utility:413001,630.0,utility_payment,upi,413001,0.0,True
tx-202504-00000923,2025-04-01T00:00:00Z,farmer:413001:030,lender:vridhi,1350.0,loan_repayment,upi,413001,0.0,True
tx-202504-00000924,2025-04-01T00:00:00Z,wholesaler:413001:01,farmer:413001:031,13075.43,crop_sale,upi,413001,0.0,True
tx-202504-00000925,2025-04-01T00:00:00Z,farmer:413001:031,utility:413001,505.0,utility_payment,upi,413001,0.0,True
tx-202504-00000926,2025-04-01T00:00:00Z,farmer:413001:031,lender:vridhi,1350.0,loan_repayment,upi,413001,0.0,True
tx-202504-00000927,2025-04-01T00:00:00Z,wholesaler:413001:01,farmer:413001:032,4610.58,crop_sale,upi,413001,0.0,True
tx-202504-00000928,2025-04-01T00:00:00Z,farmer:413001:032,retailer:413001:01,2768.57,kirana_purchase,upi,413001,0.0,True
tx-202504-00000929,2025-04-01T00:00:00Z,farmer:413001:032,lender:vridhi,1350.0,loan_repayment,upi,413001,0.0,True
tx-202504-00000930,2025-04-01T00:00:00Z,wholesaler:413001:01,farmer:413001:033,10434.54,crop_sale,upi,413001,0.0,True
tx-202504-00000931,2025-04-01T00:00:00Z,farmer:413001:033,retailer:413001:04,1732.17,kirana_purchase,upi,413001,0.0,True
tx-202504-00000932,2025-04-01T00:00:00Z,farmer:413001:033,utility:413001,630.0,utility_payment,upi,413001,0.0,True
tx-202504-00000933,2025-04-01T00:00:00Z,farmer:413001:033,lender:vridhi,1350.0,loan_repayment,upi,413001,0.0,True
tx-202504-00000934,2025-04-01T00:00:00Z,wholesaler:413001:01,farmer:413001:034,3037.49,crop_sale,upi,413001,0.0,True
tx-202504-00000935,2025-04-01T00:00:00Z,farmer:413001:034,retailer:413001:03,2464.66,kirana_purchase,upi,413001,0.0,True
tx-202504-00000936,2025-04-01T00:00:00Z,farmer:413001:034,lender:vridhi,1350.0,loan_repayment,upi,413001,0.0,True
tx-202504-00000937,2025-04-01T00:00:00Z,farmer:413001:035,utility:413001,630.0,utility_payment,upi,413001,0.0,True
tx-202504-00000938,2025-04-01T00:00:00Z,farmer:413001:035,lender:vridhi,1350.0,loan_repayment,upi,413001,0.0,True
tx-202504-00000939,2025-04-01T00:00:00Z,retailer:413001:01,wholesaler:413001:01,9220.34,retailer_restock,upi,413001,0.0,True
tx-202504-00000940,2025-04-01T00:00:00Z,retailer:413001:01,utility:413001,1050.0,utility_payment,upi,413001,0.0,True
tx-202504-00000941,2025-04-01T00:00:00Z,retailer:413001:02,wholesaler:413001:01,12002.35,retailer_restock,upi,413001,0.0,True
tx-202504-00000942,2025-04-01T00:00:00Z,retailer:413001:02,utility:413001,1050.0,utility_payment,upi,413001,0.0,True
tx-202504-00000943,2025-04-01T00:00:00Z,retailer:413001:03,utility:413001,1050.0,utility_payment,upi,413001,0.0,True
tx-202504-00000944,2025-04-01T00:00:00Z,retailer:413001:04,wholesaler:413001:01,16294.06,retailer_restock,upi,413001,0.0,True
tx-202504-00000945,2025-04-01T00:00:00Z,retailer:413001:04,utility:413001,1050.0,utility_payment,upi,413001,0.0,True
tx-202504-00000946,2025-04-01T00:00:00Z,wholesaler:413001:01,utility:413001,2400.0,utility_payment,upi,413001,0.0,True
tx-202504-00000947,2025-04-01T00:00:00Z,wholesaler:431001:01,farmer:431001:002,16725.11,crop_sale,upi,431001,0.0,True
tx-202504-00000948,2025-04-01T00:00:00Z,farmer:431001:002,utility:431001,505.0,utility_payment,upi,431001,0.0,True
tx-202504-00000949,2025-04-01T00:00:00Z,wholesaler:431001:01,farmer:431001:003,10844.54,crop_sale,upi,431001,0.0,True
tx-202504-00000950,2025-04-01T00:00:00Z,farmer:431001:003,retailer:431001:01,2802.65,kirana_purchase,upi,431001,0.0,True
tx-202504-00000951,2025-04-01T00:00:00Z,wholesaler:431001:01,farmer:431001:004,15706.72,crop_sale,upi,431001,0.0,True
tx-202504-00000952,2025-04-01T00:00:00Z,farmer:431001:004,retailer:431001:03,2024.18,kirana_purchase,upi,431001,0.0,True
tx-202504-00000953,2025-04-01T00:00:00Z,farmer:431001:004,utility:431001,630.0,utility_payment,upi,431001,0.0,True
tx-202504-00000954,2025-04-01T00:00:00Z,farmer:431001:004,lender:vridhi,1350.0,loan_repayment,upi,431001,0.0,True
tx-202504-00000955,2025-04-01T00:00:00Z,wholesaler:431001:01,farmer:431001:005,11465.4,crop_sale,upi,431001,0.0,True
tx-202504-00000956,2025-04-01T00:00:00Z,farmer:431001:005,retailer:431001:01,1528.1,kirana_purchase,upi,431001,0.0,True
tx-202504-00000957,2025-04-01T00:00:00Z,farmer:431001:005,lender:vridhi,1350.0,loan_repayment,upi,431001,0.0,True
tx-202504-00000958,2025-04-01T00:00:00Z,wholesaler:431001:01,farmer:431001:006,12322.65,crop_sale,upi,431001,0.0,True
tx-202504-00000959,2025-04-01T00:00:00Z,farmer:431001:006,utility:431001,630.0,utility_payment,upi,431001,0.0,True
tx-202504-00000960,2025-04-01T00:00:00Z,farmer:431001:006,lender:vridhi,1350.0,loan_repayment,upi,431001,0.0,True
tx-202504-00000961,2025-04-01T00:00:00Z,wholesaler:431001:01,farmer:431001:007,2959.89,crop_sale,upi,431001,0.0,True
tx-202504-00000962,2025-04-01T00:00:00Z,farmer:431001:007,utility:431001,630.0,utility_payment,upi,431001,0.0,True
tx-202504-00000963,2025-04-01T00:00:00Z,farmer:431001:007,lender:vridhi,1350.0,loan_repayment,upi,431001,0.0,True
tx-202504-00000964,2025-04-01T00:00:00Z,wholesaler:431001:01,farmer:431001:008,14667.92,crop_sale,upi,431001,0.0,True
tx-202504-00000965,2025-04-01T00:00:00Z,farmer:431001:008,retailer:431001:02,1538.04,kirana_purchase,upi,431001,0.0,True
tx-202504-00000966,2025-04-01T00:00:00Z,farmer:431001:008,lender:vridhi,1350.0,loan_repayment,upi,431001,0.0,True
tx-202504-00000967,2025-04-01T00:00:00Z,wholesaler:431001:01,farmer:431001:009,7547.42,crop_sale,upi,431001,0.0,True
tx-202504-00000968,2025-04-01T00:00:00Z,farmer:431001:009,retailer:431001:01,1451.85,kirana_purchase,upi,431001,0.0,True
tx-202504-00000969,2025-04-01T00:00:00Z,farmer:431001:009,utility:431001,630.0,utility_payment,upi,431001,0.0,True
tx-202504-00000970,2025-04-01T00:00:00Z,farmer:431001:009,lender:vridhi,1350.0,loan_repayment,upi,431001,0.0,True
tx-202504-00000971,2025-04-01T00:00:00Z,wholesaler:431001:01,farmer:431001:010,17678.15,crop_sale,upi,431001,0.0,True
tx-202504-00000972,2025-04-01T00:00:00Z,farmer:431001:010,utility:431001,630.0,utility_payment,upi,431001,0.0,True
tx-202504-00000973,2025-04-01T00:00:00Z,farmer:431001:010,lender:vridhi,1350.0,loan_repayment,upi,431001,0.0,True
tx-202504-00000974,2025-04-01T00:00:00Z,wholesaler:431001:01,farmer:431001:011,3774.48,crop_sale,upi,431001,0.0,True
tx-202504-00000975,2025-04-01T00:00:00Z,farmer:431001:011,retailer:431001:01,1625.44,kirana_purchase,upi,431001,0.0,True
tx-202504-00000976,2025-04-01T00:00:00Z,farmer:431001:011,utility:431001,505.0,utility_payment,upi,431001,0.0,True
tx-202504-00000977,2025-04-01T00:00:00Z,farmer:431001:011,lender:vridhi,1350.0,loan_repayment,upi,431001,0.0,True
tx-202504-00000978,2025-04-01T00:00:00Z,farmer:431001:012,retailer:431001:02,1566.3,kirana_purchase,upi,431001,0.0,True
tx-202504-00000979,2025-04-01T00:00:00Z,farmer:431001:012,utility:431001,630.0,utility_payment,upi,431001,0.0,True
tx-202504-00000980,2025-04-01T00:00:00Z,farmer:431001:012,lender:vridhi,1350.0,loan_repayment,upi,431001,0.0,True
tx-202504-00000981,2025-04-01T00:00:00Z,wholesaler:431001:01,farmer:431001:013,6799.37,crop_sale,upi,431001,0.0,True
tx-202504-00000982,2025-04-01T00:00:00Z,farmer:431001:013,retailer:431001:02,3013.82,kirana_purchase,upi,431001,0.0,True
tx-202504-00000983,2025-04-01T00:00:00Z,farmer:431001:013,utility:431001,630.0,utility_payment,upi,431001,0.0,True
tx-202504-00000984,2025-04-01T00:00:00Z,farmer:431001:013,lender:vridhi,1350.0,loan_repayment,upi,431001,0.0,True
tx-202504-00000985,2025-04-01T00:00:00Z,wholesaler:431001:01,farmer:431001:014,7027.37,crop_sale,upi,431001,0.0,True
tx-202504-00000986,2025-04-01T00:00:00Z,farmer:431001:014,retailer:431001:01,2452.28,kirana_purchase,upi,431001,0.0,True
tx-202504-00000987,2025-04-01T00:00:00Z,farmer:431001:014,lender:vridhi,1350.0,loan_repayment,upi,431001,0.0,True
tx-202504-00000988,2025-04-01T00:00:00Z,wholesaler:431001:01,farmer:431001:015,5538.78,crop_sale,upi,431001,0.0,True
tx-202504-00000989,2025-04-01T00:00:00Z,farmer:431001:015,retailer:431001:01,1871.88,kirana_purchase,upi,431001,0.0,True
tx-202504-00000990,2025-04-01T00:00:00Z,farmer:431001:015,lender:vridhi,1350.0,loan_repayment,upi,431001,0.0,True
tx-202504-00000991,2025-04-01T00:00:00Z,wholesaler:431001:01,farmer:431001:016,14151.22,crop_sale,upi,431001,0.0,True
tx-202504-00000992,2025-04-01T00:00:00Z,farmer:431001:016,retailer:431001:03,1799.26,kirana_purchase,upi,431001,0.0,True
tx-202504-00000993,2025-04-01T00:00:00Z,farmer:431001:016,utility:431001,630.0,utility_payment,upi,431001,0.0,True
tx-202504-00000994,2025-04-01T00:00:00Z,farmer:431001:016,lender:vridhi,1350.0,loan_repayment,upi,431001,0.0,True
tx-202504-00000995,2025-04-01T00:00:00Z,farmer:431001:017,retailer:431001:02,2291.31,kirana_purchase,upi,431001,0.0,True
tx-202504-00000996,2025-04-01T00:00:00Z,farmer:431001:017,utility:431001,630.0,utility_payment,upi,431001,0.0,True
tx-202504-00000997,2025-04-01T00:00:00Z,farmer:431001:017,lender:vridhi,1350.0,loan_repayment,upi,431001,0.0,True
tx-202504-00000998,2025-04-01T00:00:00Z,farmer:431001:018,retailer:431001:03,3037.67,kirana_purchase,upi,431001,0.0,True
tx-202504-00000999,2025-04-01T00:00:00Z,farmer:431001:018,lender:vridhi,1350.0,loan_repayment,upi,431001,0.0,True
tx-202504-00001000,2025-04-01T00:00:00Z,wholesaler:431001:01,farmer:431001:019,4128.33,crop_sale,upi,431001,0.0,True
tx-202504-00001001,2025-04-01T00:00:00Z,farmer:431001:019,utility:431001,505.0,utility_payment,upi,431001,0.0,True
tx-202504-00001002,2025-04-01T00:00:00Z,farmer:431001:019,lender:vridhi,1350.0,loan_repayment,upi,431001,0.0,True
tx-202504-00001003,2025-04-01T00:00:00Z,wholesaler:431001:01,farmer:431001:020,15144.61,crop_sale,upi,431001,0.0,True
tx-202504-00001004,2025-04-01T00:00:00Z,farmer:431001:020,retailer:431001:01,3062.76,kirana_purchase,upi,431001,0.0,True
tx-202504-00001005,2025-04-01T00:00:00Z,farmer:431001:020,utility:431001,505.0,utility_payment,upi,431001,0.0,True
tx-202504-00001006,2025-04-01T00:00:00Z,farmer:431001:020,lender:vridhi,1350.0,loan_repayment,upi,431001,0.0,True
tx-202504-00001007,2025-04-01T00:00:00Z,wholesaler:431001:01,farmer:431001:021,7211.85,crop_sale,upi,431001,0.0,True
tx-202504-00001008,2025-04-01T00:00:00Z,farmer:431001:021,retailer:431001:04,1590.13,kirana_purchase,upi,431001,0.0,True
tx-202504-00001009,2025-04-01T00:00:00Z,farmer:431001:021,utility:431001,505.0,utility_payment,upi,431001,0.0,True
tx-202504-00001010,2025-04-01T00:00:00Z,farmer:431001:021,lender:vridhi,1350.0,loan_repayment,upi,431001,0.0,True
tx-202504-00001011,2025-04-01T00:00:00Z,wholesaler:431001:01,farmer:431001:022,4894.82,crop_sale,upi,431001,0.0,True
tx-202504-00001012,2025-04-01T00:00:00Z,farmer:431001:022,retailer:431001:02,3106.33,kirana_purchase,upi,431001,0.0,True
tx-202504-00001013,2025-04-01T00:00:00Z,farmer:431001:022,utility:431001,505.0,utility_payment,upi,431001,0.0,True
tx-202504-00001014,2025-04-01T00:00:00Z,farmer:431001:022,lender:vridhi,1350.0,loan_repayment,upi,431001,0.0,True
tx-202504-00001015,2025-04-01T00:00:00Z,wholesaler:431001:01,farmer:431001:023,10806.82,crop_sale,upi,431001,0.0,True
tx-202504-00001016,2025-04-01T00:00:00Z,farmer:431001:023,retailer:431001:01,1977.29,kirana_purchase,upi,431001,0.0,True
tx-202504-00001017,2025-04-01T00:00:00Z,farmer:431001:023,lender:vridhi,1350.0,loan_repayment,upi,431001,0.0,True
tx-202504-00001018,2025-04-01T00:00:00Z,farmer:431001:024,retailer:431001:01,2220.73,kirana_purchase,upi,431001,0.0,True
tx-202504-00001019,2025-04-01T00:00:00Z,farmer:431001:024,utility:431001,630.0,utility_payment,upi,431001,0.0,True
tx-202504-00001020,2025-04-01T00:00:00Z,farmer:431001:024,lender:vridhi,1350.0,loan_repayment,upi,431001,0.0,True
tx-202504-00001021,2025-04-01T00:00:00Z,wholesaler:431001:01,farmer:431001:025,9980.04,crop_sale,upi,431001,0.0,True
tx-202504-00001022,2025-04-01T00:00:00Z,farmer:431001:025,retailer:431001:02,2642.55,kirana_purchase,upi,431001,0.0,True
tx-202504-00001023,2025-04-01T00:00:00Z,farmer:431001:025,lender:vridhi,1350.0,loan_repayment,upi,431001,0.0,True
tx-202504-00001024,2025-04-01T00:00:00Z,wholesaler:431001:01,farmer:431001:026,13949.13,crop_sale,upi,431001,0.0,True
tx-202504-00001025,2025-04-01T00:00:00Z,farmer:431001:026,lender:vridhi,1350.0,loan_repayment,upi,431001,0.0,True
tx-202504-00001026,2025-04-01T00:00:00Z,farmer:431001:027,retailer:431001:03,2822.08,kirana_purchase,upi,431001,0.0,True
tx-202504-00001027,2025-04-01T00:00:00Z,farmer:431001:027,utility:431001,505.0,utility_payment,upi,431001,0.0,True
tx-202504-00001028,2025-04-01T00:00:00Z,farmer:431001:027,lender:vridhi,1350.0,loan_repayment,upi,431001,0.0,True
tx-202504-00001029,2025-04-01T00:00:00Z,wholesaler:431001:01,farmer:431001:028,7022.55,crop_sale,upi,431001,0.0,True
tx-202504-00001030,2025-04-01T00:00:00Z,farmer:431001:028,retailer:431001:04,2318.33,kirana_purchase,upi,431001,0.0,True
tx-202504-00001031,2025-04-01T00:00:00Z,farmer:431001:028,lender:vridhi,1350.0,loan_repayment,upi,431001,0.0,True
tx-202504-00001032,2025-04-01T00:00:00Z,wholesaler:431001:01,farmer:431001:029,8452.84,crop_sale,upi,431001,0.0,True
tx-202504-00001033,2025-04-01T00:00:00Z,farmer:431001:029,retailer:431001:01,1838.29,kirana_purchase,upi,431001,0.0,True
tx-202504-00001034,2025-04-01T00:00:00Z,farmer:431001:029,utility:431001,505.0,utility_payment,upi,431001,0.0,True
tx-202504-00001035,2025-04-01T00:00:00Z,wholesaler:431001:01,farmer:431001:030,15319.83,crop_sale,upi,431001,0.0,True
tx-202504-00001036,2025-04-01T00:00:00Z,farmer:431001:030,retailer:431001:04,3014.39,kirana_purchase,upi,431001,0.0,True
tx-202504-00001037,2025-04-01T00:00:00Z,farmer:431001:030,lender:vridhi,1350.0,loan_repayment,upi,431001,0.0,True
tx-202504-00001038,2025-04-01T00:00:00Z,wholesaler:431001:01,farmer:431001:031,12112.6,crop_sale,upi,431001,0.0,True
tx-202504-00001039,2025-04-01T00:00:00Z,farmer:431001:031,retailer:431001:04,1831.68,kirana_purchase,upi,431001,0.0,True
tx-202504-00001040,2025-04-01T00:00:00Z,farmer:431001:031,lender:vridhi,1350.0,loan_repayment,upi,431001,0.0,True
tx-202504-00001041,2025-04-01T00:00:00Z,wholesaler:431001:01,farmer:431001:032,16625.64,crop_sale,upi,431001,0.0,True
tx-202504-00001042,2025-04-01T00:00:00Z,farmer:431001:032,utility:431001,630.0,utility_payment,upi,431001,0.0,True
tx-202504-00001043,2025-04-01T00:00:00Z,farmer:431001:032,lender:vridhi,1350.0,loan_repayment,upi,431001,0.0,True
tx-202504-00001044,2025-04-01T00:00:00Z,farmer:431001:033,lender:vridhi,1350.0,loan_repayment,upi,431001,0.0,True
tx-202504-00001045,2025-04-01T00:00:00Z,wholesaler:431001:01,farmer:431001:034,5641.12,crop_sale,upi,431001,0.0,True
tx-202504-00001046,2025-04-01T00:00:00Z,farmer:431001:034,retailer:431001:03,1791.14,kirana_purchase,upi,431001,0.0,True
tx-202504-00001047,2025-04-01T00:00:00Z,farmer:431001:034,utility:431001,505.0,utility_payment,upi,431001,0.0,True
tx-202504-00001048,2025-04-01T00:00:00Z,farmer:431001:034,lender:vridhi,1350.0,loan_repayment,upi,431001,0.0,True
tx-202504-00001049,2025-04-01T00:00:00Z,wholesaler:431001:01,farmer:431001:035,8656.67,crop_sale,upi,431001,0.0,True
tx-202504-00001050,2025-04-01T00:00:00Z,farmer:431001:035,lender:vridhi,1350.0,loan_repayment,upi,431001,0.0,True
tx-202504-00001051,2025-04-01T00:00:00Z,retailer:431001:01,wholesaler:431001:01,20525.75,retailer_restock,upi,431001,0.0,True
tx-202504-00001052,2025-04-01T00:00:00Z,retailer:431001:02,wholesaler:431001:01,9680.23,retailer_restock,upi,431001,0.0,True
tx-202504-00001053,2025-04-01T00:00:00Z,retailer:431001:02,utility:431001,1050.0,utility_payment,upi,431001,0.0,True
tx-202504-00001054,2025-04-01T00:00:00Z,retailer:431001:03,wholesaler:431001:01,9141.87,retailer_restock,upi,431001,0.0,True
tx-202504-00001055,2025-04-01T00:00:00Z,retailer:431001:03,utility:431001,1050.0,utility_payment,upi,431001,0.0,True
tx-202504-00001056,2025-04-01T00:00:00Z,retailer:431001:04,wholesaler:431001:01,10705.25,retailer_restock,upi,431001,0.0,True
tx-202504-00001057,2025-04-01T00:00:00Z,retailer:431001:04,utility:431001,1050.0,utility_payment,upi,431001,0.0,True
tx-202504-00001058,2025-04-01T00:00:00Z,wholesaler:431001:01,utility:431001,2400.0,utility_payment,upi,431001,0.0,True
tx-202504-00001059,2025-04-01T00:00:00Z,wholesaler:440001:01,farmer:440001:001,14641.21,crop_sale,upi,440001,0.0,True
tx-202504-00001060,2025-04-01T00:00:00Z,farmer:440001:001,utility:440001,505.0,utility_payment,upi,440001,0.0,True
tx-202504-00001061,2025-04-01T00:00:00Z,farmer:440001:001,lender:vridhi,1350.0,loan_repayment,upi,440001,0.0,True
tx-202504-00001062,2025-04-01T00:00:00Z,wholesaler:440001:01,farmer:440001:002,14824.6,crop_sale,upi,440001,0.0,True
tx-202504-00001063,2025-04-01T00:00:00Z,farmer:440001:002,retailer:440001:04,2641.44,kirana_purchase,upi,440001,0.0,True
tx-202504-00001064,2025-04-01T00:00:00Z,farmer:440001:002,lender:vridhi,1350.0,loan_repayment,upi,440001,0.0,True
tx-202504-00001065,2025-04-01T00:00:00Z,wholesaler:440001:01,farmer:440001:003,12046.66,crop_sale,upi,440001,0.0,True
tx-202504-00001066,2025-04-01T00:00:00Z,farmer:440001:003,retailer:440001:04,1577.21,kirana_purchase,upi,440001,0.0,True
tx-202504-00001067,2025-04-01T00:00:00Z,farmer:440001:003,utility:440001,630.0,utility_payment,upi,440001,0.0,True
tx-202504-00001068,2025-04-01T00:00:00Z,wholesaler:440001:01,farmer:440001:004,15895.24,crop_sale,upi,440001,0.0,True
tx-202504-00001069,2025-04-01T00:00:00Z,farmer:440001:004,retailer:440001:03,3024.27,kirana_purchase,upi,440001,0.0,True
tx-202504-00001070,2025-04-01T00:00:00Z,farmer:440001:004,lender:vridhi,1350.0,loan_repayment,upi,440001,0.0,True
tx-202504-00001071,2025-04-01T00:00:00Z,wholesaler:440001:01,farmer:440001:005,13785.21,crop_sale,upi,440001,0.0,True
tx-202504-00001072,2025-04-01T00:00:00Z,farmer:440001:005,utility:440001,630.0,utility_payment,upi,440001,0.0,True
tx-202504-00001073,2025-04-01T00:00:00Z,farmer:440001:005,lender:vridhi,1350.0,loan_repayment,upi,440001,0.0,True
tx-202504-00001074,2025-04-01T00:00:00Z,wholesaler:440001:01,farmer:440001:006,10356.66,crop_sale,upi,440001,0.0,True
tx-202504-00001075,2025-04-01T00:00:00Z,farmer:440001:006,utility:440001,630.0,utility_payment,upi,440001,0.0,True
tx-202504-00001076,2025-04-01T00:00:00Z,farmer:440001:006,lender:vridhi,1350.0,loan_repayment,upi,440001,0.0,True
tx-202504-00001077,2025-04-01T00:00:00Z,wholesaler:440001:01,farmer:440001:007,15928.15,crop_sale,upi,440001,0.0,True
tx-202504-00001078,2025-04-01T00:00:00Z,farmer:440001:007,retailer:440001:02,2822.91,kirana_purchase,upi,440001,0.0,True
tx-202504-00001079,2025-04-01T00:00:00Z,farmer:440001:007,lender:vridhi,1350.0,loan_repayment,upi,440001,0.0,True
tx-202504-00001080,2025-04-01T00:00:00Z,farmer:440001:008,retailer:440001:02,1605.06,kirana_purchase,upi,440001,0.0,True
tx-202504-00001081,2025-04-01T00:00:00Z,farmer:440001:008,utility:440001,505.0,utility_payment,upi,440001,0.0,True
tx-202504-00001082,2025-04-01T00:00:00Z,farmer:440001:008,lender:vridhi,1350.0,loan_repayment,upi,440001,0.0,True
tx-202504-00001083,2025-04-01T00:00:00Z,wholesaler:440001:01,farmer:440001:009,5253.3,crop_sale,upi,440001,0.0,True
tx-202504-00001084,2025-04-01T00:00:00Z,farmer:440001:009,retailer:440001:02,1502.84,kirana_purchase,upi,440001,0.0,True
tx-202504-00001085,2025-04-01T00:00:00Z,farmer:440001:009,utility:440001,505.0,utility_payment,upi,440001,0.0,True
tx-202504-00001086,2025-04-01T00:00:00Z,farmer:440001:009,lender:vridhi,1350.0,loan_repayment,upi,440001,0.0,True
tx-202504-00001087,2025-04-01T00:00:00Z,wholesaler:440001:01,farmer:440001:010,10996.76,crop_sale,upi,440001,0.0,True
tx-202504-00001088,2025-04-01T00:00:00Z,farmer:440001:010,retailer:440001:02,1656.47,kirana_purchase,upi,440001,0.0,True
tx-202504-00001089,2025-04-01T00:00:00Z,farmer:440001:010,lender:vridhi,1350.0,loan_repayment,upi,440001,0.0,True
tx-202504-00001090,2025-04-01T00:00:00Z,wholesaler:440001:01,farmer:440001:011,10674.46,crop_sale,upi,440001,0.0,True
tx-202504-00001091,2025-04-01T00:00:00Z,farmer:440001:011,retailer:440001:01,2439.95,kirana_purchase,upi,440001,0.0,True
tx-202504-00001092,2025-04-01T00:00:00Z,farmer:440001:011,lender:vridhi,1350.0,loan_repayment,upi,440001,0.0,True
tx-202504-00001093,2025-04-01T00:00:00Z,farmer:440001:012,retailer:440001:04,2825.81,kirana_purchase,upi,440001,0.0,True
tx-202504-00001094,2025-04-01T00:00:00Z,farmer:440001:012,lender:vridhi,1350.0,loan_repayment,upi,440001,0.0,True
tx-202504-00001095,2025-04-01T00:00:00Z,farmer:440001:013,retailer:440001:01,1735.58,kirana_purchase,upi,440001,0.0,True
tx-202504-00001096,2025-04-01T00:00:00Z,farmer:440001:013,lender:vridhi,1350.0,loan_repayment,upi,440001,0.0,True
tx-202504-00001097,2025-04-01T00:00:00Z,wholesaler:440001:01,farmer:440001:014,6781.07,crop_sale,upi,440001,0.0,True
tx-202504-00001098,2025-04-01T00:00:00Z,farmer:440001:014,utility:440001,505.0,utility_payment,upi,440001,0.0,True
tx-202504-00001099,2025-04-01T00:00:00Z,farmer:440001:014,lender:vridhi,1350.0,loan_repayment,upi,440001,0.0,True
tx-202504-00001100,2025-04-01T00:00:00Z,wholesaler:440001:01,farmer:440001:015,8876.42,crop_sale,upi,440001,0.0,True
tx-202504-00001101,2025-04-01T00:00:00Z,farmer:440001:015,retailer:440001:02,2550.37,kirana_purchase,upi,440001,0.0,True
tx-202504-00001102,2025-04-01T00:00:00Z,farmer:440001:015,lender:vridhi,1350.0,loan_repayment,upi,440001,0.0,True
tx-202504-00001103,2025-04-01T00:00:00Z,wholesaler:440001:01,farmer:440001:016,3843.42,crop_sale,upi,440001,0.0,True
tx-202504-00001104,2025-04-01T00:00:00Z,farmer:440001:016,utility:440001,630.0,utility_payment,upi,440001,0.0,True
tx-202504-00001105,2025-04-01T00:00:00Z,farmer:440001:016,lender:vridhi,1350.0,loan_repayment,upi,440001,0.0,True
tx-202504-00001106,2025-04-01T00:00:00Z,farmer:440001:017,retailer:440001:04,2779.26,kirana_purchase,upi,440001,0.0,True
tx-202504-00001107,2025-04-01T00:00:00Z,farmer:440001:017,utility:440001,505.0,utility_payment,upi,440001,0.0,True
tx-202504-00001108,2025-04-01T00:00:00Z,farmer:440001:017,lender:vridhi,1350.0,loan_repayment,upi,440001,0.0,True
tx-202504-00001109,2025-04-01T00:00:00Z,wholesaler:440001:01,farmer:440001:018,9571.42,crop_sale,upi,440001,0.0,True
tx-202504-00001110,2025-04-01T00:00:00Z,farmer:440001:018,retailer:440001:04,1909.74,kirana_purchase,upi,440001,0.0,True
tx-202504-00001111,2025-04-01T00:00:00Z,farmer:440001:018,utility:440001,630.0,utility_payment,upi,440001,0.0,True
tx-202504-00001112,2025-04-01T00:00:00Z,farmer:440001:018,lender:vridhi,1350.0,loan_repayment,upi,440001,0.0,True
tx-202504-00001113,2025-04-01T00:00:00Z,wholesaler:440001:01,farmer:440001:019,14527.66,crop_sale,upi,440001,0.0,True
tx-202504-00001114,2025-04-01T00:00:00Z,wholesaler:440001:01,farmer:440001:020,11233.68,crop_sale,upi,440001,0.0,True
tx-202504-00001115,2025-04-01T00:00:00Z,farmer:440001:020,lender:vridhi,1350.0,loan_repayment,upi,440001,0.0,True
tx-202504-00001116,2025-04-01T00:00:00Z,wholesaler:440001:01,farmer:440001:021,8541.67,crop_sale,upi,440001,0.0,True
tx-202504-00001117,2025-04-01T00:00:00Z,farmer:440001:021,lender:vridhi,1350.0,loan_repayment,upi,440001,0.0,True
tx-202504-00001118,2025-04-01T00:00:00Z,farmer:440001:022,retailer:440001:03,3003.77,kirana_purchase,upi,440001,0.0,True
tx-202504-00001119,2025-04-01T00:00:00Z,wholesaler:440001:01,farmer:440001:023,11419.83,crop_sale,upi,440001,0.0,True
tx-202504-00001120,2025-04-01T00:00:00Z,farmer:440001:023,lender:vridhi,1350.0,loan_repayment,upi,440001,0.0,True
tx-202504-00001121,2025-04-01T00:00:00Z,wholesaler:440001:01,farmer:440001:024,12350.88,crop_sale,upi,440001,0.0,True
tx-202504-00001122,2025-04-01T00:00:00Z,farmer:440001:024,retailer:440001:01,1845.46,kirana_purchase,upi,440001,0.0,True
tx-202504-00001123,2025-04-01T00:00:00Z,farmer:440001:024,utility:440001,630.0,utility_payment,upi,440001,0.0,True
tx-202504-00001124,2025-04-01T00:00:00Z,farmer:440001:024,lender:vridhi,1350.0,loan_repayment,upi,440001,0.0,True
tx-202504-00001125,2025-04-01T00:00:00Z,wholesaler:440001:01,farmer:440001:025,7925.19,crop_sale,upi,440001,0.0,True
tx-202504-00001126,2025-04-01T00:00:00Z,farmer:440001:025,retailer:440001:02,2029.29,kirana_purchase,upi,440001,0.0,True
tx-202504-00001127,2025-04-01T00:00:00Z,wholesaler:440001:01,farmer:440001:026,13500.81,crop_sale,upi,440001,0.0,True
tx-202504-00001128,2025-04-01T00:00:00Z,farmer:440001:027,retailer:440001:04,2446.23,kirana_purchase,upi,440001,0.0,True
tx-202504-00001129,2025-04-01T00:00:00Z,farmer:440001:027,utility:440001,505.0,utility_payment,upi,440001,0.0,True
tx-202504-00001130,2025-04-01T00:00:00Z,wholesaler:440001:01,farmer:440001:028,13238.68,crop_sale,upi,440001,0.0,True
tx-202504-00001131,2025-04-01T00:00:00Z,farmer:440001:028,retailer:440001:04,2553.61,kirana_purchase,upi,440001,0.0,True
tx-202504-00001132,2025-04-01T00:00:00Z,farmer:440001:028,lender:vridhi,1350.0,loan_repayment,upi,440001,0.0,True
tx-202504-00001133,2025-04-01T00:00:00Z,farmer:440001:029,utility:440001,630.0,utility_payment,upi,440001,0.0,True
tx-202504-00001134,2025-04-01T00:00:00Z,farmer:440001:029,lender:vridhi,1350.0,loan_repayment,upi,440001,0.0,True
tx-202504-00001135,2025-04-01T00:00:00Z,wholesaler:440001:01,farmer:440001:030,4146.85,crop_sale,upi,440001,0.0,True
tx-202504-00001136,2025-04-01T00:00:00Z,farmer:440001:030,utility:440001,505.0,utility_payment,upi,440001,0.0,True
tx-202504-00001137,2025-04-01T00:00:00Z,wholesaler:440001:01,farmer:440001:031,12557.09,crop_sale,upi,440001,0.0,True
tx-202504-00001138,2025-04-01T00:00:00Z,farmer:440001:031,utility:440001,630.0,utility_payment,upi,440001,0.0,True
tx-202504-00001139,2025-04-01T00:00:00Z,farmer:440001:031,lender:vridhi,1350.0,loan_repayment,upi,440001,0.0,True
tx-202504-00001140,2025-04-01T00:00:00Z,wholesaler:440001:01,farmer:440001:032,6110.77,crop_sale,upi,440001,0.0,True
tx-202504-00001141,2025-04-01T00:00:00Z,farmer:440001:032,utility:440001,630.0,utility_payment,upi,440001,0.0,True
tx-202504-00001142,2025-04-01T00:00:00Z,wholesaler:440001:01,farmer:440001:033,14307.92,crop_sale,upi,440001,0.0,True
tx-202504-00001143,2025-04-01T00:00:00Z,farmer:440001:033,retailer:440001:03,2209.27,kirana_purchase,upi,440001,0.0,True
tx-202504-00001144,2025-04-01T00:00:00Z,farmer:440001:033,utility:440001,505.0,utility_payment,upi,440001,0.0,True
tx-202504-00001145,2025-04-01T00:00:00Z,farmer:440001:033,lender:vridhi,1350.0,loan_repayment,upi,440001,0.0,True
tx-202504-00001146,2025-04-01T00:00:00Z,wholesaler:440001:01,farmer:440001:034,15068.24,crop_sale,upi,440001,0.0,True
tx-202504-00001147,2025-04-01T00:00:00Z,farmer:440001:034,retailer:440001:01,1531.85,kirana_purchase,upi,440001,0.0,True
tx-202504-00001148,2025-04-01T00:00:00Z,farmer:440001:034,utility:440001,630.0,utility_payment,upi,440001,0.0,True
tx-202504-00001149,2025-04-01T00:00:00Z,farmer:440001:034,lender:vridhi,1350.0,loan_repayment,upi,440001,0.0,True
tx-202504-00001150,2025-04-01T00:00:00Z,farmer:440001:035,retailer:440001:03,2378.24,kirana_purchase,upi,440001,0.0,True
tx-202504-00001151,2025-04-01T00:00:00Z,farmer:440001:035,utility:440001,505.0,utility_payment,upi,440001,0.0,True
tx-202504-00001152,2025-04-01T00:00:00Z,retailer:440001:01,wholesaler:440001:01,9346.68,retailer_restock,upi,440001,0.0,True
tx-202504-00001153,2025-04-01T00:00:00Z,retailer:440001:01,utility:440001,1050.0,utility_payment,upi,440001,0.0,True
tx-202504-00001154,2025-04-01T00:00:00Z,retailer:440001:02,utility:440001,1050.0,utility_payment,upi,440001,0.0,True
tx-202504-00001155,2025-04-01T00:00:00Z,retailer:440001:03,utility:440001,1050.0,utility_payment,upi,440001,0.0,True
tx-202504-00001156,2025-04-01T00:00:00Z,retailer:440001:04,wholesaler:440001:01,13889.67,retailer_restock,upi,440001,0.0,True
tx-202504-00001157,2025-04-01T00:00:00Z,retailer:440001:04,utility:440001,1050.0,utility_payment,upi,440001,0.0,True
tx-202504-00001158,2025-04-01T00:00:00Z,wholesaler:440001:01,utility:440001,2400.0,utility_payment,upi,440001,0.0,True
tx-202505-00001159,2025-05-01T00:00:00Z,farmer:413001:001,retailer:413001:03,2459.85,kirana_purchase,upi,413001,0.0,True
tx-202505-00001160,2025-05-01T00:00:00Z,farmer:413001:001,utility:413001,630.0,utility_payment,upi,413001,0.0,True
tx-202505-00001161,2025-05-01T00:00:00Z,farmer:413001:001,lender:vridhi,1350.0,loan_repayment,upi,413001,0.0,True
tx-202505-00001162,2025-05-01T00:00:00Z,farmer:413001:002,retailer:413001:02,2482.44,kirana_purchase,upi,413001,0.0,True
tx-202505-00001163,2025-05-01T00:00:00Z,farmer:413001:002,utility:413001,505.0,utility_payment,upi,413001,0.0,True
tx-202505-00001164,2025-05-01T00:00:00Z,farmer:413001:002,lender:vridhi,1350.0,loan_repayment,upi,413001,0.0,True
tx-202505-00001165,2025-05-01T00:00:00Z,farmer:413001:003,retailer:413001:02,2145.78,kirana_purchase,upi,413001,0.0,True
tx-202505-00001166,2025-05-01T00:00:00Z,farmer:413001:003,lender:vridhi,1350.0,loan_repayment,upi,413001,0.0,True
tx-202505-00001167,2025-05-01T00:00:00Z,farmer:413001:004,retailer:413001:03,1955.58,kirana_purchase,upi,413001,0.0,True
tx-202505-00001168,2025-05-01T00:00:00Z,farmer:413001:004,utility:413001,505.0,utility_payment,upi,413001,0.0,True
tx-202505-00001169,2025-05-01T00:00:00Z,farmer:413001:004,lender:vridhi,1350.0,loan_repayment,upi,413001,0.0,True
tx-202505-00001170,2025-05-01T00:00:00Z,farmer:413001:005,retailer:413001:04,1711.1,kirana_purchase,upi,413001,0.0,True
tx-202505-00001171,2025-05-01T00:00:00Z,farmer:413001:005,utility:413001,505.0,utility_payment,upi,413001,0.0,True
tx-202505-00001172,2025-05-01T00:00:00Z,farmer:413001:005,lender:vridhi,1350.0,loan_repayment,upi,413001,0.0,True
tx-202505-00001173,2025-05-01T00:00:00Z,farmer:413001:006,retailer:413001:04,1789.45,kirana_purchase,upi,413001,0.0,True
tx-202505-00001174,2025-05-01T00:00:00Z,farmer:413001:006,utility:413001,630.0,utility_payment,upi,413001,0.0,True
tx-202505-00001175,2025-05-01T00:00:00Z,farmer:413001:006,lender:vridhi,1350.0,loan_repayment,upi,413001,0.0,True
tx-202505-00001176,2025-05-01T00:00:00Z,farmer:413001:007,retailer:413001:01,2255.07,kirana_purchase,upi,413001,0.0,True
tx-202505-00001177,2025-05-01T00:00:00Z,farmer:413001:007,lender:vridhi,1350.0,loan_repayment,upi,413001,0.0,True
tx-202505-00001178,2025-05-01T00:00:00Z,farmer:413001:008,retailer:413001:03,1604.93,kirana_purchase,upi,413001,0.0,True
tx-202505-00001179,2025-05-01T00:00:00Z,farmer:413001:008,utility:413001,630.0,utility_payment,upi,413001,0.0,True
tx-202505-00001180,2025-05-01T00:00:00Z,farmer:413001:009,retailer:413001:03,1767.19,kirana_purchase,upi,413001,0.0,True
tx-202505-00001181,2025-05-01T00:00:00Z,farmer:413001:009,utility:413001,630.0,utility_payment,upi,413001,0.0,True
tx-202505-00001182,2025-05-01T00:00:00Z,farmer:413001:009,lender:vridhi,1350.0,loan_repayment,upi,413001,0.0,True
tx-202505-00001183,2025-05-01T00:00:00Z,farmer:413001:010,retailer:413001:03,2409.22,kirana_purchase,upi,413001,0.0,True
tx-202505-00001184,2025-05-01T00:00:00Z,farmer:413001:010,lender:vridhi,1350.0,loan_repayment,upi,413001,0.0,True
tx-202505-00001185,2025-05-01T00:00:00Z,farmer:413001:011,retailer:413001:03,2823.91,kirana_purchase,upi,413001,0.0,True
tx-202505-00001186,2025-05-01T00:00:00Z,farmer:413001:011,lender:vridhi,1350.0,loan_repayment,upi,413001,0.0,True
tx-202505-00001187,2025-05-01T00:00:00Z,farmer:413001:012,utility:413001,630.0,utility_payment,upi,413001,0.0,True
tx-202505-00001188,2025-05-01T00:00:00Z,farmer:413001:012,lender:vridhi,1350.0,loan_repayment,upi,413001,0.0,True
tx-202505-00001189,2025-05-01T00:00:00Z,farmer:413001:013,retailer:413001:04,2423.61,kirana_purchase,upi,413001,0.0,True
tx-202505-00001190,2025-05-01T00:00:00Z,farmer:413001:013,utility:413001,630.0,utility_payment,upi,413001,0.0,True
tx-202505-00001191,2025-05-01T00:00:00Z,farmer:413001:013,lender:vridhi,1350.0,loan_repayment,upi,413001,0.0,True
tx-202505-00001192,2025-05-01T00:00:00Z,farmer:413001:014,lender:vridhi,1350.0,loan_repayment,upi,413001,0.0,True
tx-202505-00001193,2025-05-01T00:00:00Z,farmer:413001:015,utility:413001,505.0,utility_payment,upi,413001,0.0,True
tx-202505-00001194,2025-05-01T00:00:00Z,farmer:413001:016,retailer:413001:02,2824.38,kirana_purchase,upi,413001,0.0,True
tx-202505-00001195,2025-05-01T00:00:00Z,farmer:413001:016,utility:413001,505.0,utility_payment,upi,413001,0.0,True
tx-202505-00001196,2025-05-01T00:00:00Z,farmer:413001:017,utility:413001,630.0,utility_payment,upi,413001,0.0,True
tx-202505-00001197,2025-05-01T00:00:00Z,farmer:413001:017,lender:vridhi,1350.0,loan_repayment,upi,413001,0.0,True
tx-202505-00001198,2025-05-01T00:00:00Z,farmer:413001:018,utility:413001,505.0,utility_payment,upi,413001,0.0,True
tx-202505-00001199,2025-05-01T00:00:00Z,farmer:413001:018,lender:vridhi,1350.0,loan_repayment,upi,413001,0.0,True
tx-202505-00001200,2025-05-01T00:00:00Z,farmer:413001:019,utility:413001,630.0,utility_payment,upi,413001,0.0,True
tx-202505-00001201,2025-05-01T00:00:00Z,farmer:413001:020,retailer:413001:01,2787.14,kirana_purchase,upi,413001,0.0,True
tx-202505-00001202,2025-05-01T00:00:00Z,farmer:413001:020,utility:413001,630.0,utility_payment,upi,413001,0.0,True
tx-202505-00001203,2025-05-01T00:00:00Z,farmer:413001:020,lender:vridhi,1350.0,loan_repayment,upi,413001,0.0,True
tx-202505-00001204,2025-05-01T00:00:00Z,farmer:413001:021,retailer:413001:04,1704.39,kirana_purchase,upi,413001,0.0,True
tx-202505-00001205,2025-05-01T00:00:00Z,farmer:413001:021,utility:413001,630.0,utility_payment,upi,413001,0.0,True
tx-202505-00001206,2025-05-01T00:00:00Z,farmer:413001:022,retailer:413001:01,3022.38,kirana_purchase,upi,413001,0.0,True
tx-202505-00001207,2025-05-01T00:00:00Z,farmer:413001:022,utility:413001,630.0,utility_payment,upi,413001,0.0,True
tx-202505-00001208,2025-05-01T00:00:00Z,farmer:413001:022,lender:vridhi,1350.0,loan_repayment,upi,413001,0.0,True
tx-202505-00001209,2025-05-01T00:00:00Z,farmer:413001:023,retailer:413001:03,2942.42,kirana_purchase,upi,413001,0.0,True
tx-202505-00001210,2025-05-01T00:00:00Z,farmer:413001:023,utility:413001,505.0,utility_payment,upi,413001,0.0,True
tx-202505-00001211,2025-05-01T00:00:00Z,farmer:413001:023,lender:vridhi,1350.0,loan_repayment,upi,413001,0.0,True
tx-202505-00001212,2025-05-01T00:00:00Z,farmer:413001:024,retailer:413001:04,1513.69,kirana_purchase,upi,413001,0.0,True
tx-202505-00001213,2025-05-01T00:00:00Z,farmer:413001:024,utility:413001,505.0,utility_payment,upi,413001,0.0,True
tx-202505-00001214,2025-05-01T00:00:00Z,farmer:413001:024,lender:vridhi,1350.0,loan_repayment,upi,413001,0.0,True
tx-202505-00001215,2025-05-01T00:00:00Z,farmer:413001:025,utility:413001,630.0,utility_payment,upi,413001,0.0,True
tx-202505-00001216,2025-05-01T00:00:00Z,farmer:413001:025,lender:vridhi,1350.0,loan_repayment,upi,413001,0.0,True
tx-202505-00001217,2025-05-01T00:00:00Z,farmer:413001:026,utility:413001,505.0,utility_payment,upi,413001,0.0,True
tx-202505-00001218,2025-05-01T00:00:00Z,farmer:413001:026,lender:vridhi,1350.0,loan_repayment,upi,413001,0.0,True
tx-202505-00001219,2025-05-01T00:00:00Z,farmer:413001:027,lender:vridhi,1350.0,loan_repayment,upi,413001,0.0,True
tx-202505-00001220,2025-05-01T00:00:00Z,farmer:413001:028,utility:413001,505.0,utility_payment,upi,413001,0.0,True
tx-202505-00001221,2025-05-01T00:00:00Z,farmer:413001:029,retailer:413001:03,2688.96,kirana_purchase,upi,413001,0.0,True
tx-202505-00001222,2025-05-01T00:00:00Z,farmer:413001:029,utility:413001,505.0,utility_payment,upi,413001,0.0,True
tx-202505-00001223,2025-05-01T00:00:00Z,farmer:413001:029,lender:vridhi,1350.0,loan_repayment,upi,413001,0.0,True
tx-202505-00001224,2025-05-01T00:00:00Z,farmer:413001:031,utility:413001,505.0,utility_payment,upi,413001,0.0,True
tx-202505-00001225,2025-05-01T00:00:00Z,farmer:413001:031,lender:vridhi,1350.0,loan_repayment,upi,413001,0.0,True
tx-202505-00001226,2025-05-01T00:00:00Z,farmer:413001:032,utility:413001,505.0,utility_payment,upi,413001,0.0,True
tx-202505-00001227,2025-05-01T00:00:00Z,farmer:413001:032,lender:vridhi,1350.0,loan_repayment,upi,413001,0.0,True
tx-202505-00001228,2025-05-01T00:00:00Z,farmer:413001:033,lender:vridhi,1350.0,loan_repayment,upi,413001,0.0,True
tx-202505-00001229,2025-05-01T00:00:00Z,farmer:413001:034,retailer:413001:04,2308.71,kirana_purchase,upi,413001,0.0,True
tx-202505-00001230,2025-05-01T00:00:00Z,farmer:413001:034,utility:413001,630.0,utility_payment,upi,413001,0.0,True
tx-202505-00001231,2025-05-01T00:00:00Z,farmer:413001:034,lender:vridhi,1350.0,loan_repayment,upi,413001,0.0,True
tx-202505-00001232,2025-05-01T00:00:00Z,farmer:413001:035,retailer:413001:03,2280.94,kirana_purchase,upi,413001,0.0,True
tx-202505-00001233,2025-05-01T00:00:00Z,farmer:413001:035,lender:vridhi,1350.0,loan_repayment,upi,413001,0.0,True
tx-202505-00001234,2025-05-01T00:00:00Z,retailer:413001:01,wholesaler:413001:01,10508.08,retailer_restock,upi,413001,0.0,True
tx-202505-00001235,2025-05-01T00:00:00Z,retailer:413001:02,utility:413001,1050.0,utility_payment,upi,413001,0.0,True
tx-202505-00001236,2025-05-01T00:00:00Z,retailer:413001:03,wholesaler:413001:01,13097.24,retailer_restock,upi,413001,0.0,True
tx-202505-00001237,2025-05-01T00:00:00Z,retailer:413001:04,wholesaler:413001:01,15004.34,retailer_restock,upi,413001,0.0,True
tx-202505-00001238,2025-05-01T00:00:00Z,retailer:413001:04,utility:413001,1050.0,utility_payment,upi,413001,0.0,True
tx-202505-00001239,2025-05-01T00:00:00Z,wholesaler:413001:01,utility:413001,2400.0,utility_payment,upi,413001,0.0,True
tx-202505-00001240,2025-05-01T00:00:00Z,farmer:431001:001,retailer:431001:03,2557.7,kirana_purchase,upi,431001,0.0,True
tx-202505-00001241,2025-05-01T00:00:00Z,farmer:431001:002,retailer:431001:01,2255.97,kirana_purchase,upi,431001,0.0,True
tx-202505-00001242,2025-05-01T00:00:00Z,farmer:431001:002,utility:431001,505.0,utility_payment,upi,431001,0.0,True
tx-202505-00001243,2025-05-01T00:00:00Z,farmer:431001:002,lender:vridhi,1350.0,loan_repayment,upi,431001,0.0,True
tx-202505-00001244,2025-05-01T00:00:00Z,farmer:431001:003,utility:431001,505.0,utility_payment,upi,431001,0.0,True
tx-202505-00001245,2025-05-01T00:00:00Z,farmer:431001:004,retailer:431001:03,2170.47,kirana_purchase,upi,431001,0.0,True
tx-202505-00001246,2025-05-01T00:00:00Z,farmer:431001:004,utility:431001,630.0,utility_payment,upi,431001,0.0,True
tx-202505-00001247,2025-05-01T00:00:00Z,farmer:431001:004,lender:vridhi,1350.0,loan_repayment,upi,431001,0.0,True
tx-202505-00001248,2025-05-01T00:00:00Z,farmer:431001:005,retailer:431001:04,1963.65,kirana_purchase,upi,431001,0.0,True
tx-202505-00001249,2025-05-01T00:00:00Z,farmer:431001:005,utility:431001,630.0,utility_payment,upi,431001,0.0,True
tx-202505-00001250,2025-05-01T00:00:00Z,farmer:431001:005,lender:vridhi,1350.0,loan_repayment,upi,431001,0.0,True
tx-202505-00001251,2025-05-01T00:00:00Z,farmer:431001:006,lender:vridhi,1350.0,loan_repayment,upi,431001,0.0,True
tx-202505-00001252,2025-05-01T00:00:00Z,farmer:431001:007,retailer:431001:03,1957.41,kirana_purchase,upi,431001,0.0,True
tx-202505-00001253,2025-05-01T00:00:00Z,farmer:431001:007,utility:431001,630.0,utility_payment,upi,431001,0.0,True
tx-202505-00001254,2025-05-01T00:00:00Z,farmer:431001:008,retailer:431001:03,2914.54,kirana_purchase,upi,431001,0.0,True
tx-202505-00001255,2025-05-01T00:00:00Z,farmer:431001:009,retailer:431001:03,1770.21,kirana_purchase,upi,431001,0.0,True
tx-202505-00001256,2025-05-01T00:00:00Z,farmer:431001:009,utility:431001,630.0,utility_payment,upi,431001,0.0,True
tx-202505-00001257,2025-05-01T00:00:00Z,farmer:431001:009,lender:vridhi,1350.0,loan_repayment,upi,431001,0.0,True
tx-202505-00001258,2025-05-01T00:00:00Z,farmer:431001:010,lender:vridhi,1350.0,loan_repayment,upi,431001,0.0,True
tx-202505-00001259,2025-05-01T00:00:00Z,farmer:431001:011,retailer:431001:03,1891.02,kirana_purchase,upi,431001,0.0,True
tx-202505-00001260,2025-05-01T00:00:00Z,farmer:431001:011,utility:431001,505.0,utility_payment,upi,431001,0.0,True
tx-202505-00001261,2025-05-01T00:00:00Z,farmer:431001:011,lender:vridhi,1350.0,loan_repayment,upi,431001,0.0,True
tx-202505-00001262,2025-05-01T00:00:00Z,farmer:431001:012,utility:431001,630.0,utility_payment,upi,431001,0.0,True
tx-202505-00001263,2025-05-01T00:00:00Z,farmer:431001:012,lender:vridhi,1350.0,loan_repayment,upi,431001,0.0,True
tx-202505-00001264,2025-05-01T00:00:00Z,farmer:431001:013,utility:431001,630.0,utility_payment,upi,431001,0.0,True
tx-202505-00001265,2025-05-01T00:00:00Z,farmer:431001:014,retailer:431001:02,1949.43,kirana_purchase,upi,431001,0.0,True
tx-202505-00001266,2025-05-01T00:00:00Z,farmer:431001:014,lender:vridhi,1350.0,loan_repayment,upi,431001,0.0,True
tx-202505-00001267,2025-05-01T00:00:00Z,farmer:431001:015,utility:431001,630.0,utility_payment,upi,431001,0.0,True
tx-202505-00001268,2025-05-01T00:00:00Z,farmer:431001:015,lender:vridhi,1350.0,loan_repayment,upi,431001,0.0,True
tx-202505-00001269,2025-05-01T00:00:00Z,farmer:431001:016,retailer:431001:02,2715.16,kirana_purchase,upi,431001,0.0,True
tx-202505-00001270,2025-05-01T00:00:00Z,farmer:431001:016,lender:vridhi,1350.0,loan_repayment,upi,431001,0.0,True
tx-202505-00001271,2025-05-01T00:00:00Z,farmer:431001:017,retailer:431001:03,2445.47,kirana_purchase,upi,431001,0.0,True
tx-202505-00001272,2025-05-01T00:00:00Z,farmer:431001:017,utility:431001,630.0,utility_payment,upi,431001,0.0,True
tx-202505-00001273,2025-05-01T00:00:00Z,farmer:431001:017,lender:vridhi,1350.0,loan_repayment,upi,431001,0.0,True
tx-202505-00001274,2025-05-01T00:00:00Z,farmer:431001:018,retailer:431001:01,2252.77,kirana_purchase,upi,431001,0.0,True
tx-202505-00001275,2025-05-01T00:00:00Z,farmer:431001:018,utility:431001,505.0,utility_payment,upi,431001,0.0,True
tx-202505-00001276,2025-05-01T00:00:00Z,farmer:431001:018,lender:vridhi,1350.0,loan_repayment,upi,431001,0.0,True
tx-202505-00001277,2025-05-01T00:00:00Z,farmer:431001:019,utility:431001,505.0,utility_payment,upi,431001,0.0,True
tx-202505-00001278,2025-05-01T00:00:00Z,farmer:431001:020,retailer:431001:03,2145.63,kirana_purchase,upi,431001,0.0,True
tx-202505-00001279,2025-05-01T00:00:00Z,farmer:431001:020,lender:vridhi,1350.0,loan_repayment,upi,431001,0.0,True
tx-202505-00001280,2025-05-01T00:00:00Z,farmer:431001:021,retailer:431001:03,2916.07,kirana_purchase,upi,431001,0.0,True
tx-202505-00001281,2025-05-01T00:00:00Z,farmer:431001:021,utility:431001,505.0,utility_payment,upi,431001,0.0,True
tx-202505-00001282,2025-05-01T00:00:00Z,farmer:431001:021,lender:vridhi,1350.0,loan_repayment,upi,431001,0.0,True
tx-202505-00001283,2025-05-01T00:00:00Z,farmer:431001:022,retailer:431001:02,1982.8,kirana_purchase,upi,431001,0.0,True
tx-202505-00001284,2025-05-01T00:00:00Z,farmer:431001:022,utility:431001,505.0,utility_payment,upi,431001,0.0,True
tx-202505-00001285,2025-05-01T00:00:00Z,farmer:431001:022,lender:vridhi,1350.0,loan_repayment,upi,431001,0.0,True
tx-202505-00001286,2025-05-01T00:00:00Z,farmer:431001:023,retailer:431001:02,2429.67,kirana_purchase,upi,431001,0.0,True
tx-202505-00001287,2025-05-01T00:00:00Z,farmer:431001:023,lender:vridhi,1350.0,loan_repayment,upi,431001,0.0,True
tx-202505-00001288,2025-05-01T00:00:00Z,farmer:431001:024,retailer:431001:02,2494.62,kirana_purchase,upi,431001,0.0,True
tx-202505-00001289,2025-05-01T00:00:00Z,farmer:431001:024,utility:431001,630.0,utility_payment,upi,431001,0.0,True
tx-202505-00001290,2025-05-01T00:00:00Z,farmer:431001:025,retailer:431001:04,1457.94,kirana_purchase,upi,431001,0.0,True
tx-202505-00001291,2025-05-01T00:00:00Z,farmer:431001:026,retailer:431001:03,2736.64,kirana_purchase,upi,431001,0.0,True
tx-202505-00001292,2025-05-01T00:00:00Z,farmer:431001:026,utility:431001,630.0,utility_payment,upi,431001,0.0,True
tx-202505-00001293,2025-05-01T00:00:00Z,farmer:431001:026,lender:vridhi,1350.0,loan_repayment,upi,431001,0.0,True
tx-202505-00001294,2025-05-01T00:00:00Z,farmer:431001:027,utility:431001,505.0,utility_payment,upi,431001,0.0,True
tx-202505-00001295,2025-05-01T00:00:00Z,farmer:431001:027,lender:vridhi,1350.0,loan_repayment,upi,431001,0.0,True
tx-202505-00001296,2025-05-01T00:00:00Z,farmer:431001:028,utility:431001,630.0,utility_payment,upi,431001,0.0,True
tx-202505-00001297,2025-05-01T00:00:00Z,farmer:431001:028,lender:vridhi,1350.0,loan_repayment,upi,431001,0.0,True
tx-202505-00001298,2025-05-01T00:00:00Z,farmer:431001:029,utility:431001,505.0,utility_payment,upi,431001,0.0,True
tx-202505-00001299,2025-05-01T00:00:00Z,farmer:431001:030,retailer:431001:04,2060.73,kirana_purchase,upi,431001,0.0,True
tx-202505-00001300,2025-05-01T00:00:00Z,farmer:431001:031,retailer:431001:04,1482.51,kirana_purchase,upi,431001,0.0,True
tx-202505-00001301,2025-05-01T00:00:00Z,farmer:431001:031,lender:vridhi,1350.0,loan_repayment,upi,431001,0.0,True
tx-202505-00001302,2025-05-01T00:00:00Z,farmer:431001:032,retailer:431001:01,2452.48,kirana_purchase,upi,431001,0.0,True
tx-202505-00001303,2025-05-01T00:00:00Z,farmer:431001:032,utility:431001,630.0,utility_payment,upi,431001,0.0,True
tx-202505-00001304,2025-05-01T00:00:00Z,farmer:431001:032,lender:vridhi,1350.0,loan_repayment,upi,431001,0.0,True
tx-202505-00001305,2025-05-01T00:00:00Z,farmer:431001:033,retailer:431001:01,2087.83,kirana_purchase,upi,431001,0.0,True
tx-202505-00001306,2025-05-01T00:00:00Z,farmer:431001:033,lender:vridhi,1350.0,loan_repayment,upi,431001,0.0,True
tx-202505-00001307,2025-05-01T00:00:00Z,farmer:431001:034,retailer:431001:01,2575.35,kirana_purchase,upi,431001,0.0,True
tx-202505-00001308,2025-05-01T00:00:00Z,farmer:431001:034,utility:431001,505.0,utility_payment,upi,431001,0.0,True
tx-202505-00001309,2025-05-01T00:00:00Z,farmer:431001:034,lender:vridhi,1350.0,loan_repayment,upi,431001,0.0,True
tx-202505-00001310,2025-05-01T00:00:00Z,farmer:431001:035,retailer:431001:04,2205.33,kirana_purchase,upi,431001,0.0,True
tx-202505-00001311,2025-05-01T00:00:00Z,farmer:431001:035,utility:431001,505.0,utility_payment,upi,431001,0.0,True
tx-202505-00001312,2025-05-01T00:00:00Z,farmer:431001:035,lender:vridhi,1350.0,loan_repayment,upi,431001,0.0,True
tx-202505-00001313,2025-05-01T00:00:00Z,retailer:431001:01,wholesaler:431001:01,7545.07,retailer_restock,upi,431001,0.0,True
tx-202505-00001314,2025-05-01T00:00:00Z,retailer:431001:01,utility:431001,1050.0,utility_payment,upi,431001,0.0,True
tx-202505-00001315,2025-05-01T00:00:00Z,retailer:431001:02,wholesaler:431001:01,11904.62,retailer_restock,upi,431001,0.0,True
tx-202505-00001316,2025-05-01T00:00:00Z,retailer:431001:02,utility:431001,1050.0,utility_payment,upi,431001,0.0,True
tx-202505-00001317,2025-05-01T00:00:00Z,retailer:431001:03,wholesaler:431001:01,18473.6,retailer_restock,upi,431001,0.0,True
tx-202505-00001318,2025-05-01T00:00:00Z,retailer:431001:03,utility:431001,1050.0,utility_payment,upi,431001,0.0,True
tx-202505-00001319,2025-05-01T00:00:00Z,retailer:431001:04,wholesaler:431001:01,10015.17,retailer_restock,upi,431001,0.0,True
tx-202505-00001320,2025-05-01T00:00:00Z,retailer:431001:04,utility:431001,1050.0,utility_payment,upi,431001,0.0,True
tx-202505-00001321,2025-05-01T00:00:00Z,wholesaler:431001:01,utility:431001,2400.0,utility_payment,upi,431001,0.0,True
tx-202505-00001322,2025-05-01T00:00:00Z,farmer:440001:001,retailer:440001:04,1787.7,kirana_purchase,upi,440001,0.0,True
tx-202505-00001323,2025-05-01T00:00:00Z,farmer:440001:001,utility:440001,505.0,utility_payment,upi,440001,0.0,True
tx-202505-00001324,2025-05-01T00:00:00Z,farmer:440001:001,lender:vridhi,1350.0,loan_repayment,upi,440001,0.0,True
tx-202505-00001325,2025-05-01T00:00:00Z,farmer:440001:002,retailer:440001:02,2058.47,kirana_purchase,upi,440001,0.0,True
tx-202505-00001326,2025-05-01T00:00:00Z,farmer:440001:002,utility:440001,505.0,utility_payment,upi,440001,0.0,True
tx-202505-00001327,2025-05-01T00:00:00Z,farmer:440001:002,lender:vridhi,1350.0,loan_repayment,upi,440001,0.0,True
tx-202505-00001328,2025-05-01T00:00:00Z,farmer:440001:003,retailer:440001:02,2619.95,kirana_purchase,upi,440001,0.0,True
tx-202505-00001329,2025-05-01T00:00:00Z,farmer:440001:003,utility:440001,630.0,utility_payment,upi,440001,0.0,True
tx-202505-00001330,2025-05-01T00:00:00Z,farmer:440001:003,lender:vridhi,1350.0,loan_repayment,upi,440001,0.0,True
tx-202505-00001331,2025-05-01T00:00:00Z,farmer:440001:004,utility:440001,505.0,utility_payment,upi,440001,0.0,True
tx-202505-00001332,2025-05-01T00:00:00Z,farmer:440001:004,lender:vridhi,1350.0,loan_repayment,upi,440001,0.0,True
tx-202505-00001333,2025-05-01T00:00:00Z,farmer:440001:005,retailer:440001:01,2775.19,kirana_purchase,upi,440001,0.0,True
tx-202505-00001334,2025-05-01T00:00:00Z,farmer:440001:006,utility:440001,630.0,utility_payment,upi,440001,0.0,True
tx-202505-00001335,2025-05-01T00:00:00Z,farmer:440001:006,lender:vridhi,1350.0,loan_repayment,upi,440001,0.0,True
tx-202505-00001336,2025-05-01T00:00:00Z,farmer:440001:007,utility:440001,505.0,utility_payment,upi,440001,0.0,True
tx-202505-00001337,2025-05-01T00:00:00Z,farmer:440001:007,lender:vridhi,1350.0,loan_repayment,upi,440001,0.0,True
tx-202505-00001338,2025-05-01T00:00:00Z,farmer:440001:008,retailer:440001:04,2705.52,kirana_purchase,upi,440001,0.0,True
tx-202505-00001339,2025-05-01T00:00:00Z,farmer:440001:008,lender:vridhi,1350.0,loan_repayment,upi,440001,0.0,True
tx-202505-00001340,2025-05-01T00:00:00Z,farmer:440001:009,retailer:440001:02,2577.7,kirana_purchase,upi,440001,0.0,True
tx-202505-00001341,2025-05-01T00:00:00Z,farmer:440001:009,utility:440001,505.0,utility_payment,upi,440001,0.0,True
tx-202505-00001342,2025-05-01T00:00:00Z,farmer:440001:009,lender:vridhi,1350.0,loan_repayment,upi,440001,0.0,True
tx-202505-00001343,2025-05-01T00:00:00Z,farmer:440001:010,retailer:440001:03,2943.41,kirana_purchase,upi,440001,0.0,True
tx-202505-00001344,2025-05-01T00:00:00Z,farmer:440001:010,lender:vridhi,1350.0,loan_repayment,upi,440001,0.0,True
tx-202505-00001345,2025-05-01T00:00:00Z,farmer:440001:011,retailer:440001:04,2130.43,kirana_purchase,upi,440001,0.0,True
tx-202505-00001346,2025-05-01T00:00:00Z,farmer:440001:011,lender:vridhi,1350.0,loan_repayment,upi,440001,0.0,True
tx-202505-00001347,2025-05-01T00:00:00Z,farmer:440001:012,retailer:440001:04,2809.83,kirana_purchase,upi,440001,0.0,True
tx-202505-00001348,2025-05-01T00:00:00Z,farmer:440001:012,lender:vridhi,1350.0,loan_repayment,upi,440001,0.0,True
tx-202505-00001349,2025-05-01T00:00:00Z,farmer:440001:013,utility:440001,505.0,utility_payment,upi,440001,0.0,True
tx-202505-00001350,2025-05-01T00:00:00Z,farmer:440001:014,utility:440001,505.0,utility_payment,upi,440001,0.0,True
tx-202505-00001351,2025-05-01T00:00:00Z,farmer:440001:014,lender:vridhi,1350.0,loan_repayment,upi,440001,0.0,True
tx-202505-00001352,2025-05-01T00:00:00Z,farmer:440001:015,lender:vridhi,1350.0,loan_repayment,upi,440001,0.0,True
tx-202505-00001353,2025-05-01T00:00:00Z,farmer:440001:016,retailer:440001:02,2271.24,kirana_purchase,upi,440001,0.0,True
tx-202505-00001354,2025-05-01T00:00:00Z,farmer:440001:016,lender:vridhi,1350.0,loan_repayment,upi,440001,0.0,True
tx-202505-00001355,2025-05-01T00:00:00Z,farmer:440001:017,retailer:440001:01,1894.74,kirana_purchase,upi,440001,0.0,True
tx-202505-00001356,2025-05-01T00:00:00Z,farmer:440001:017,lender:vridhi,1350.0,loan_repayment,upi,440001,0.0,True
tx-202505-00001357,2025-05-01T00:00:00Z,farmer:440001:018,utility:440001,630.0,utility_payment,upi,440001,0.0,True
tx-202505-00001358,2025-05-01T00:00:00Z,farmer:440001:018,lender:vridhi,1350.0,loan_repayment,upi,440001,0.0,True
tx-202505-00001359,2025-05-01T00:00:00Z,farmer:440001:019,utility:440001,630.0,utility_payment,upi,440001,0.0,True
tx-202505-00001360,2025-05-01T00:00:00Z,farmer:440001:019,lender:vridhi,1350.0,loan_repayment,upi,440001,0.0,True
tx-202505-00001361,2025-05-01T00:00:00Z,farmer:440001:020,lender:vridhi,1350.0,loan_repayment,upi,440001,0.0,True
tx-202505-00001362,2025-05-01T00:00:00Z,farmer:440001:021,retailer:440001:01,2543.78,kirana_purchase,upi,440001,0.0,True
tx-202505-00001363,2025-05-01T00:00:00Z,farmer:440001:022,retailer:440001:02,1577.27,kirana_purchase,upi,440001,0.0,True
tx-202505-00001364,2025-05-01T00:00:00Z,farmer:440001:022,utility:440001,630.0,utility_payment,upi,440001,0.0,True
tx-202505-00001365,2025-05-01T00:00:00Z,farmer:440001:023,retailer:440001:01,2311.78,kirana_purchase,upi,440001,0.0,True
tx-202505-00001366,2025-05-01T00:00:00Z,farmer:440001:023,utility:440001,505.0,utility_payment,upi,440001,0.0,True
tx-202505-00001367,2025-05-01T00:00:00Z,farmer:440001:023,lender:vridhi,1350.0,loan_repayment,upi,440001,0.0,True
tx-202505-00001368,2025-05-01T00:00:00Z,farmer:440001:024,utility:440001,630.0,utility_payment,upi,440001,0.0,True
tx-202505-00001369,2025-05-01T00:00:00Z,farmer:440001:025,lender:vridhi,1350.0,loan_repayment,upi,440001,0.0,True
tx-202505-00001370,2025-05-01T00:00:00Z,farmer:440001:026,retailer:440001:04,2150.98,kirana_purchase,upi,440001,0.0,True
tx-202505-00001371,2025-05-01T00:00:00Z,farmer:440001:026,utility:440001,630.0,utility_payment,upi,440001,0.0,True
tx-202505-00001372,2025-05-01T00:00:00Z,farmer:440001:026,lender:vridhi,1350.0,loan_repayment,upi,440001,0.0,True
tx-202505-00001373,2025-05-01T00:00:00Z,farmer:440001:027,retailer:440001:03,2963.19,kirana_purchase,upi,440001,0.0,True
tx-202505-00001374,2025-05-01T00:00:00Z,farmer:440001:027,utility:440001,505.0,utility_payment,upi,440001,0.0,True
tx-202505-00001375,2025-05-01T00:00:00Z,farmer:440001:027,lender:vridhi,1350.0,loan_repayment,upi,440001,0.0,True
tx-202505-00001376,2025-05-01T00:00:00Z,farmer:440001:028,retailer:440001:03,2067.68,kirana_purchase,upi,440001,0.0,True
tx-202505-00001377,2025-05-01T00:00:00Z,farmer:440001:028,utility:440001,630.0,utility_payment,upi,440001,0.0,True
tx-202505-00001378,2025-05-01T00:00:00Z,farmer:440001:028,lender:vridhi,1350.0,loan_repayment,upi,440001,0.0,True
tx-202505-00001379,2025-05-01T00:00:00Z,farmer:440001:029,retailer:440001:04,2668.32,kirana_purchase,upi,440001,0.0,True
tx-202505-00001380,2025-05-01T00:00:00Z,farmer:440001:029,utility:440001,630.0,utility_payment,upi,440001,0.0,True
tx-202505-00001381,2025-05-01T00:00:00Z,farmer:440001:029,lender:vridhi,1350.0,loan_repayment,upi,440001,0.0,True
tx-202505-00001382,2025-05-01T00:00:00Z,farmer:440001:030,retailer:440001:02,1453.73,kirana_purchase,upi,440001,0.0,True
tx-202505-00001383,2025-05-01T00:00:00Z,farmer:440001:030,utility:440001,505.0,utility_payment,upi,440001,0.0,True
tx-202505-00001384,2025-05-01T00:00:00Z,farmer:440001:030,lender:vridhi,1350.0,loan_repayment,upi,440001,0.0,True
tx-202505-00001385,2025-05-01T00:00:00Z,farmer:440001:031,retailer:440001:03,2643.56,kirana_purchase,upi,440001,0.0,True
tx-202505-00001386,2025-05-01T00:00:00Z,farmer:440001:031,utility:440001,630.0,utility_payment,upi,440001,0.0,True
tx-202505-00001387,2025-05-01T00:00:00Z,farmer:440001:031,lender:vridhi,1350.0,loan_repayment,upi,440001,0.0,True
tx-202505-00001388,2025-05-01T00:00:00Z,farmer:440001:032,retailer:440001:04,1631.83,kirana_purchase,upi,440001,0.0,True
tx-202505-00001389,2025-05-01T00:00:00Z,farmer:440001:032,utility:440001,630.0,utility_payment,upi,440001,0.0,True
tx-202505-00001390,2025-05-01T00:00:00Z,farmer:440001:033,utility:440001,505.0,utility_payment,upi,440001,0.0,True
tx-202505-00001391,2025-05-01T00:00:00Z,farmer:440001:033,lender:vridhi,1350.0,loan_repayment,upi,440001,0.0,True
tx-202505-00001392,2025-05-01T00:00:00Z,farmer:440001:034,retailer:440001:04,1529.05,kirana_purchase,upi,440001,0.0,True
tx-202505-00001393,2025-05-01T00:00:00Z,farmer:440001:034,utility:440001,630.0,utility_payment,upi,440001,0.0,True
tx-202505-00001394,2025-05-01T00:00:00Z,farmer:440001:034,lender:vridhi,1350.0,loan_repayment,upi,440001,0.0,True
tx-202505-00001395,2025-05-01T00:00:00Z,farmer:440001:035,retailer:440001:04,2227.56,kirana_purchase,upi,440001,0.0,True
tx-202505-00001396,2025-05-01T00:00:00Z,farmer:440001:035,utility:440001,505.0,utility_payment,upi,440001,0.0,True
tx-202505-00001397,2025-05-01T00:00:00Z,retailer:440001:01,wholesaler:440001:01,10043.48,retailer_restock,upi,440001,0.0,True
tx-202505-00001398,2025-05-01T00:00:00Z,retailer:440001:01,utility:440001,1050.0,utility_payment,upi,440001,0.0,True
tx-202505-00001399,2025-05-01T00:00:00Z,retailer:440001:02,wholesaler:440001:01,12220.02,retailer_restock,upi,440001,0.0,True
tx-202505-00001400,2025-05-01T00:00:00Z,retailer:440001:03,utility:440001,1050.0,utility_payment,upi,440001,0.0,True
tx-202505-00001401,2025-05-01T00:00:00Z,retailer:440001:04,utility:440001,1050.0,utility_payment,upi,440001,0.0,True
tx-202505-00001402,2025-05-01T00:00:00Z,wholesaler:440001:01,utility:440001,2400.0,utility_payment,upi,440001,0.0,True
tx-202506-00001403,2025-06-01T00:00:00Z,farmer:413001:001,retailer:413001:04,2161.73,kirana_purchase,upi,413001,0.0,True
tx-202506-00001404,2025-06-01T00:00:00Z,farmer:413001:001,lender:vridhi,1350.0,loan_repayment,upi,413001,0.0,True
tx-202506-00001405,2025-06-01T00:00:00Z,farmer:413001:002,utility:413001,505.0,utility_payment,upi,413001,0.0,True
tx-202506-00001406,2025-06-01T00:00:00Z,farmer:413001:002,lender:vridhi,1350.0,loan_repayment,upi,413001,0.0,True
tx-202506-00001407,2025-06-01T00:00:00Z,farmer:413001:003,utility:413001,630.0,utility_payment,upi,413001,0.0,True
tx-202506-00001408,2025-06-01T00:00:00Z,farmer:413001:004,utility:413001,505.0,utility_payment,upi,413001,0.0,True
tx-202506-00001409,2025-06-01T00:00:00Z,farmer:413001:004,lender:vridhi,1350.0,loan_repayment,upi,413001,0.0,True
tx-202506-00001410,2025-06-01T00:00:00Z,farmer:413001:005,utility:413001,505.0,utility_payment,upi,413001,0.0,True
tx-202506-00001411,2025-06-01T00:00:00Z,farmer:413001:005,lender:vridhi,1350.0,loan_repayment,upi,413001,0.0,True
tx-202506-00001412,2025-06-01T00:00:00Z,farmer:413001:006,utility:413001,630.0,utility_payment,upi,413001,0.0,True
tx-202506-00001413,2025-06-01T00:00:00Z,farmer:413001:006,lender:vridhi,1350.0,loan_repayment,upi,413001,0.0,True
tx-202506-00001414,2025-06-01T00:00:00Z,farmer:413001:007,retailer:413001:03,2405.88,kirana_purchase,upi,413001,0.0,True
tx-202506-00001415,2025-06-01T00:00:00Z,farmer:413001:007,lender:vridhi,1350.0,loan_repayment,upi,413001,0.0,True
tx-202506-00001416,2025-06-01T00:00:00Z,farmer:413001:008,retailer:413001:03,2941.71,kirana_purchase,upi,413001,0.0,True
tx-202506-00001417,2025-06-01T00:00:00Z,farmer:413001:008,utility:413001,630.0,utility_payment,upi,413001,0.0,True
tx-202506-00001418,2025-06-01T00:00:00Z,farmer:413001:008,lender:vridhi,1350.0,loan_repayment,upi,413001,0.0,True
tx-202506-00001419,2025-06-01T00:00:00Z,farmer:413001:009,utility:413001,630.0,utility_payment,upi,413001,0.0,True
tx-202506-00001420,2025-06-01T00:00:00Z,farmer:413001:009,lender:vridhi,1350.0,loan_repayment,upi,413001,0.0,True
tx-202506-00001421,2025-06-01T00:00:00Z,farmer:413001:010,utility:413001,505.0,utility_payment,upi,413001,0.0,True
tx-202506-00001422,2025-06-01T00:00:00Z,farmer:413001:010,lender:vridhi,1350.0,loan_repayment,upi,413001,0.0,True
tx-202506-00001423,2025-06-01T00:00:00Z,farmer:413001:011,retailer:413001:03,1796.8,kirana_purchase,upi,413001,0.0,True
tx-202506-00001424,2025-06-01T00:00:00Z,farmer:413001:011,utility:413001,630.0,utility_payment,upi,413001,0.0,True
tx-202506-00001425,2025-06-01T00:00:00Z,farmer:413001:011,lender:vridhi,1350.0,loan_repayment,upi,413001,0.0,True
tx-202506-00001426,2025-06-01T00:00:00Z,farmer:413001:012,retailer:413001:02,2712.1,kirana_purchase,upi,413001,0.0,True
tx-202506-00001427,2025-06-01T00:00:00Z,farmer:413001:012,utility:413001,630.0,utility_payment,upi,413001,0.0,True
tx-202506-00001428,2025-06-01T00:00:00Z,farmer:413001:012,lender:vridhi,1350.0,loan_repayment,upi,413001,0.0,True
tx-202506-00001429,2025-06-01T00:00:00Z,farmer:413001:013,retailer:413001:03,2627.99,kirana_purchase,upi,413001,0.0,True
tx-202506-00001430,2025-06-01T00:00:00Z,farmer:413001:013,utility:413001,630.0,utility_payment,upi,413001,0.0,True
tx-202506-00001431,2025-06-01T00:00:00Z,farmer:413001:013,lender:vridhi,1350.0,loan_repayment,upi,413001,0.0,True
tx-202506-00001432,2025-06-01T00:00:00Z,farmer:413001:014,retailer:413001:03,3091.92,kirana_purchase,upi,413001,0.0,True
tx-202506-00001433,2025-06-01T00:00:00Z,farmer:413001:014,lender:vridhi,1350.0,loan_repayment,upi,413001,0.0,True
tx-202506-00001434,2025-06-01T00:00:00Z,farmer:413001:015,lender:vridhi,1350.0,loan_repayment,upi,413001,0.0,True
tx-202506-00001435,2025-06-01T00:00:00Z,farmer:413001:016,utility:413001,505.0,utility_payment,upi,413001,0.0,True
tx-202506-00001436,2025-06-01T00:00:00Z,farmer:413001:016,lender:vridhi,1350.0,loan_repayment,upi,413001,0.0,True
tx-202506-00001437,2025-06-01T00:00:00Z,farmer:413001:017,retailer:413001:01,1767.86,kirana_purchase,upi,413001,0.0,True
tx-202506-00001438,2025-06-01T00:00:00Z,farmer:413001:017,utility:413001,630.0,utility_payment,upi,413001,0.0,True
tx-202506-00001439,2025-06-01T00:00:00Z,farmer:413001:017,lender:vridhi,1350.0,loan_repayment,upi,413001,0.0,True
tx-202506-00001440,2025-06-01T00:00:00Z,farmer:413001:018,retailer:413001:04,1924.49,kirana_purchase,upi,413001,0.0,True
tx-202506-00001441,2025-06-01T00:00:00Z,farmer:413001:018,utility:413001,505.0,utility_payment,upi,413001,0.0,True
tx-202506-00001442,2025-06-01T00:00:00Z,farmer:413001:019,utility:413001,630.0,utility_payment,upi,413001,0.0,True
tx-202506-00001443,2025-06-01T00:00:00Z,farmer:413001:019,lender:vridhi,1350.0,loan_repayment,upi,413001,0.0,True
tx-202506-00001444,2025-06-01T00:00:00Z,farmer:413001:020,utility:413001,630.0,utility_payment,upi,413001,0.0,True
tx-202506-00001445,2025-06-01T00:00:00Z,farmer:413001:021,retailer:413001:03,2283.94,kirana_purchase,upi,413001,0.0,True
tx-202506-00001446,2025-06-01T00:00:00Z,farmer:413001:021,utility:413001,630.0,utility_payment,upi,413001,0.0,True
tx-202506-00001447,2025-06-01T00:00:00Z,farmer:413001:021,lender:vridhi,1350.0,loan_repayment,upi,413001,0.0,True
tx-202506-00001448,2025-06-01T00:00:00Z,farmer:413001:022,utility:413001,630.0,utility_payment,upi,413001,0.0,True
tx-202506-00001449,2025-06-01T00:00:00Z,farmer:413001:022,lender:vridhi,1350.0,loan_repayment,upi,413001,0.0,True
tx-202506-00001450,2025-06-01T00:00:00Z,farmer:413001:023,retailer:413001:02,2157.08,kirana_purchase,upi,413001,0.0,True
tx-202506-00001451,2025-06-01T00:00:00Z,farmer:413001:023,utility:413001,505.0,utility_payment,upi,413001,0.0,True
tx-202506-00001452,2025-06-01T00:00:00Z,farmer:413001:023,lender:vridhi,1350.0,loan_repayment,upi,413001,0.0,True
tx-202506-00001453,2025-06-01T00:00:00Z,farmer:413001:024,retailer:413001:02,2577.67,kirana_purchase,upi,413001,0.0,True
tx-202506-00001454,2025-06-01T00:00:00Z,farmer:413001:024,utility:413001,505.0,utility_payment,upi,413001,0.0,True
tx-202506-00001455,2025-06-01T00:00:00Z,farmer:413001:025,lender:vridhi,1350.0,loan_repayment,upi,413001,0.0,True
tx-202506-00001456,2025-06-01T00:00:00Z,farmer:413001:026,utility:413001,505.0,utility_payment,upi,413001,0.0,True
tx-202506-00001457,2025-06-01T00:00:00Z,farmer:413001:026,lender:vridhi,1350.0,loan_repayment,upi,413001,0.0,True
tx-202506-00001458,2025-06-01T00:00:00Z,farmer:413001:027,retailer:413001:01,2610.34,kirana_purchase,upi,413001,0.0,True
tx-202506-00001459,2025-06-01T00:00:00Z,farmer:413001:028,utility:413001,505.0,utility_payment,upi,413001,0.0,True
tx-202506-00001460,2025-06-01T00:00:00Z,farmer:413001:028,lender:vridhi,1350.0,loan_repayment,upi,413001,0.0,True
tx-202506-00001461,2025-06-01T00:00:00Z,farmer:413001:029,retailer:413001:03,2324.33,kirana_purchase,upi,413001,0.0,True
tx-202506-00001462,2025-06-01T00:00:00Z,farmer:413001:029,utility:413001,505.0,utility_payment,upi,413001,0.0,True
tx-202506-00001463,2025-06-01T00:00:00Z,farmer:413001:029,lender:vridhi,1350.0,loan_repayment,upi,413001,0.0,True
tx-202506-00001464,2025-06-01T00:00:00Z,farmer:413001:030,retailer:413001:02,1994.53,kirana_purchase,upi,413001,0.0,True
tx-202506-00001465,2025-06-01T00:00:00Z,farmer:413001:030,utility:413001,630.0,utility_payment,upi,413001,0.0,True
tx-202506-00001466,2025-06-01T00:00:00Z,farmer:413001:031,retailer:413001:01,2515.79,kirana_purchase,upi,413001,0.0,True
tx-202506-00001467,2025-06-01T00:00:00Z,farmer:413001:031,utility:413001,505.0,utility_payment,upi,413001,0.0,True
tx-202506-00001468,2025-06-01T00:00:00Z,farmer:413001:031,lender:vridhi,1350.0,loan_repayment,upi,413001,0.0,True
tx-202506-00001469,2025-06-01T00:00:00Z,farmer:413001:032,retailer:413001:04,2870.63,kirana_purchase,upi,413001,0.0,True
tx-202506-00001470,2025-06-01T00:00:00Z,farmer:413001:033,lender:vridhi,1350.0,loan_repayment,upi,413001,0.0,True
tx-202506-00001471,2025-06-01T00:00:00Z,farmer:413001:034,retailer:413001:04,2668.68,kirana_purchase,upi,413001,0.0,True
tx-202506-00001472,2025-06-01T00:00:00Z,farmer:413001:034,utility:413001,630.0,utility_payment,upi,413001,0.0,True
tx-202506-00001473,2025-06-01T00:00:00Z,farmer:413001:034,lender:vridhi,1350.0,loan_repayment,upi,413001,0.0,True
tx-202506-00001474,2025-06-01T00:00:00Z,farmer:413001:035,retailer:413001:03,2398.74,kirana_purchase,upi,413001,0.0,True
tx-202506-00001475,2025-06-01T00:00:00Z,farmer:413001:035,utility:413001,630.0,utility_payment,upi,413001,0.0,True
tx-202506-00001476,2025-06-01T00:00:00Z,farmer:413001:035,lender:vridhi,1350.0,loan_repayment,upi,413001,0.0,True
tx-202506-00001477,2025-06-01T00:00:00Z,retailer:413001:01,wholesaler:413001:01,5144.13,retailer_restock,upi,413001,0.0,True
tx-202506-00001478,2025-06-01T00:00:00Z,retailer:413001:01,utility:413001,1050.0,utility_payment,upi,413001,0.0,True
tx-202506-00001479,2025-06-01T00:00:00Z,retailer:413001:02,wholesaler:413001:01,8879.32,retailer_restock,upi,413001,0.0,True
tx-202506-00001480,2025-06-01T00:00:00Z,retailer:413001:02,utility:413001,1050.0,utility_payment,upi,413001,0.0,True
tx-202506-00001481,2025-06-01T00:00:00Z,retailer:413001:03,wholesaler:413001:01,20208.3,retailer_restock,upi,413001,0.0,True
tx-202506-00001482,2025-06-01T00:00:00Z,retailer:413001:03,utility:413001,1050.0,utility_payment,upi,413001,0.0,True
tx-202506-00001483,2025-06-01T00:00:00Z,retailer:413001:04,wholesaler:413001:01,16863.21,retailer_restock,upi,413001,0.0,True
tx-202506-00001484,2025-06-01T00:00:00Z,retailer:413001:04,utility:413001,1050.0,utility_payment,upi,413001,0.0,True
tx-202506-00001485,2025-06-01T00:00:00Z,farmer:431001:001,retailer:431001:03,2787.72,kirana_purchase,upi,431001,0.0,True
tx-202506-00001486,2025-06-01T00:00:00Z,farmer:431001:001,utility:431001,630.0,utility_payment,upi,431001,0.0,True
tx-202506-00001487,2025-06-01T00:00:00Z,farmer:431001:001,lender:vridhi,1350.0,loan_repayment,upi,431001,0.0,True
tx-202506-00001488,2025-06-01T00:00:00Z,farmer:431001:002,utility:431001,505.0,utility_payment,upi,431001,0.0,True
tx-202506-00001489,2025-06-01T00:00:00Z,farmer:431001:002,lender:vridhi,1350.0,loan_repayment,upi,431001,0.0,True
tx-202506-00001490,2025-06-01T00:00:00Z,farmer:431001:003,retailer:431001:02,1681.85,kirana_purchase,upi,431001,0.0,True
tx-202506-00001491,2025-06-01T00:00:00Z,farmer:431001:003,lender:vridhi,1350.0,loan_repayment,upi,431001,0.0,True
tx-202506-00001492,2025-06-01T00:00:00Z,farmer:431001:005,retailer:431001:03,3077.57,kirana_purchase,upi,431001,0.0,True
tx-202506-00001493,2025-06-01T00:00:00Z,farmer:431001:005,lender:vridhi,1350.0,loan_repayment,upi,431001,0.0,True
tx-202506-00001494,2025-06-01T00:00:00Z,farmer:431001:006,retailer:431001:01,1458.55,kirana_purchase,upi,431001,0.0,True
tx-202506-00001495,2025-06-01T00:00:00Z,farmer:431001:006,utility:431001,630.0,utility_payment,upi,431001,0.0,True
tx-202506-00001496,2025-06-01T00:00:00Z,farmer:431001:007,lender:vridhi,1350.0,loan_repayment,upi,431001,0.0,True
tx-202506-00001497,2025-06-01T00:00:00Z,farmer:431001:008,retailer:431001:02,1723.62,kirana_purchase,upi,431001,0.0,True
tx-202506-00001498,2025-06-01T00:00:00Z,farmer:431001:008,lender:vridhi,1350.0,loan_repayment,upi,431001,0.0,True
tx-202506-00001499,2025-06-01T00:00:00Z,farmer:431001:009,retailer:431001:02,2590.66,kirana_purchase,upi,431001,0.0,True
tx-202506-00001500,2025-06-01T00:00:00Z,farmer:431001:009,utility:431001,630.0,utility_payment,upi,431001,0.0,True
tx-202506-00001501,2025-06-01T00:00:00Z,farmer:431001:009,lender:vridhi,1350.0,loan_repayment,upi,431001,0.0,True
tx-202506-00001502,2025-06-01T00:00:00Z,farmer:431001:010,retailer:431001:04,2545.95,kirana_purchase,upi,431001,0.0,True
tx-202506-00001503,2025-06-01T00:00:00Z,farmer:431001:010,utility:431001,630.0,utility_payment,upi,431001,0.0,True
tx-202506-00001504,2025-06-01T00:00:00Z,farmer:431001:010,lender:vridhi,1350.0,loan_repayment,upi,431001,0.0,True
tx-202506-00001505,2025-06-01T00:00:00Z,farmer:431001:011,retailer:431001:02,2683.5,kirana_purchase,upi,431001,0.0,True
tx-202506-00001506,2025-06-01T00:00:00Z,farmer:431001:011,utility:431001,505.0,utility_payment,upi,431001,0.0,True
tx-202506-00001507,2025-06-01T00:00:00Z,farmer:431001:011,lender:vridhi,1350.0,loan_repayment,upi,431001,0.0,True
tx-202506-00001508,2025-06-01T00:00:00Z,farmer:431001:012,retailer:431001:02,1620.08,kirana_purchase,upi,431001,0.0,True
tx-202506-00001509,2025-06-01T00:00:00Z,farmer:431001:012,lender:vridhi,1350.0,loan_repayment,upi,431001,0.0,True
tx-202506-00001510,2025-06-01T00:00:00Z,farmer:431001:013,retailer:431001:04,2008.19,kirana_purchase,upi,431001,0.0,True
tx-202506-00001511,2025-06-01T00:00:00Z,farmer:431001:013,lender:vridhi,1350.0,loan_repayment,upi,431001,0.0,True
tx-202506-00001512,2025-06-01T00:00:00Z,farmer:431001:014,utility:431001,505.0,utility_payment,upi,431001,0.0,True
tx-202506-00001513,2025-06-01T00:00:00Z,farmer:431001:014,lender:vridhi,1350.0,loan_repayment,upi,431001,0.0,True
tx-202506-00001514,2025-06-01T00:00:00Z,farmer:431001:015,retailer:431001:02,2660.74,kirana_purchase,upi,431001,0.0,True
tx-202506-00001515,2025-06-01T00:00:00Z,farmer:431001:015,utility:431001,630.0,utility_payment,upi,431001,0.0,True
tx-202506-00001516,2025-06-01T00:00:00Z,farmer:431001:015,lender:vridhi,1350.0,loan_repayment,upi,431001,0.0,True
tx-202506-00001517,2025-06-01T00:00:00Z,farmer:431001:016,retailer:431001:03,2942.41,kirana_purchase,upi,431001,0.0,True
tx-202506-00001518,2025-06-01T00:00:00Z,farmer:431001:016,utility:431001,630.0,utility_payment,upi,431001,0.0,True
tx-202506-00001519,2025-06-01T00:00:00Z,farmer:431001:016,lender:vridhi,1350.0,loan_repayment,upi,431001,0.0,True
tx-202506-00001520,2025-06-01T00:00:00Z,farmer:431001:017,retailer:431001:01,1748.81,kirana_purchase,upi,431001,0.0,True
tx-202506-00001521,2025-06-01T00:00:00Z,farmer:431001:018,retailer:431001:02,2965.2,kirana_purchase,upi,431001,0.0,True
tx-202506-00001522,2025-06-01T00:00:00Z,farmer:431001:018,lender:vridhi,1350.0,loan_repayment,upi,431001,0.0,True
tx-202506-00001523,2025-06-01T00:00:00Z,farmer:431001:019,utility:431001,505.0,utility_payment,upi,431001,0.0,True
tx-202506-00001524,2025-06-01T00:00:00Z,farmer:431001:019,lender:vridhi,1350.0,loan_repayment,upi,431001,0.0,True
tx-202506-00001525,2025-06-01T00:00:00Z,farmer:431001:020,retailer:431001:04,2757.64,kirana_purchase,upi,431001,0.0,True
tx-202506-00001526,2025-06-01T00:00:00Z,farmer:431001:020,utility:431001,505.0,utility_payment,upi,431001,0.0,True
tx-202506-00001527,2025-06-01T00:00:00Z,farmer:431001:020,lender:vridhi,1350.0,loan_repayment,upi,431001,0.0,True
tx-202506-00001528,2025-06-01T00:00:00Z,farmer:431001:021,retailer:431001:04,2561.64,kirana_purchase,upi,431001,0.0,True
tx-202506-00001529,2025-06-01T00:00:00Z,farmer:431001:021,utility:431001,505.0,utility_payment,upi,431001,0.0,True
tx-202506-00001530,2025-06-01T00:00:00Z,farmer:431001:022,retailer:431001:03,1677.6,kirana_purchase,upi,431001,0.0,True
tx-202506-00001531,2025-06-01T00:00:00Z,farmer:431001:022,utility:431001,505.0,utility_payment,upi,431001,0.0,True
tx-202506-00001532,2025-06-01T00:00:00Z,farmer:431001:022,lender:vridhi,1350.0,loan_repayment,upi,431001,0.0,True
tx-202506-00001533,2025-06-01T00:00:00Z,farmer:431001:023,lender:vridhi,1350.0,loan_repayment,upi,431001,0.0,True
tx-202506-00001534,2025-06-01T00:00:00Z,farmer:431001:024,retailer:431001:02,2737.25,kirana_purchase,upi,431001,0.0,True
tx-202506-00001535,2025-06-01T00:00:00Z,farmer:431001:024,utility:431001,630.0,utility_payment,upi,431001,0.0,True
tx-202506-00001536,2025-06-01T00:00:00Z,farmer:431001:024,lender:vridhi,1350.0,loan_repayment,upi,431001,0.0,True
tx-202506-00001537,2025-06-01T00:00:00Z,farmer:431001:025,retailer:431001:02,2701.06,kirana_purchase,upi,431001,0.0,True
tx-202506-00001538,2025-06-01T00:00:00Z,farmer:431001:025,utility:431001,505.0,utility_payment,upi,431001,0.0,True
tx-202506-00001539,2025-06-01T00:00:00Z,farmer:431001:025,lender:vridhi,1350.0,loan_repayment,upi,431001,0.0,True
tx-202506-00001540,2025-06-01T00:00:00Z,farmer:431001:026,retailer:431001:04,1843.97,kirana_purchase,upi,431001,0.0,True
tx-202506-00001541,2025-06-01T00:00:00Z,farmer:431001:026,utility:431001,630.0,utility_payment,upi,431001,0.0,True
tx-202506-00001542,2025-06-01T00:00:00Z,farmer:431001:026,lender:vridhi,1350.0,loan_repayment,upi,431001,0.0,True
tx-202506-00001543,2025-06-01T00:00:00Z,farmer:431001:027,lender:vridhi,1350.0,loan_repayment,upi,431001,0.0,True
tx-202506-00001544,2025-06-01T00:00:00Z,farmer:431001:028,utility:431001,630.0,utility_payment,upi,431001,0.0,True
tx-202506-00001545,2025-06-01T00:00:00Z,farmer:431001:028,lender:vridhi,1350.0,loan_repayment,upi,431001,0.0,True
tx-202506-00001546,2025-06-01T00:00:00Z,farmer:431001:029,retailer:431001:03,2433.67,kirana_purchase,upi,431001,0.0,True
tx-202506-00001547,2025-06-01T00:00:00Z,farmer:431001:029,utility:431001,505.0,utility_payment,upi,431001,0.0,True
tx-202506-00001548,2025-06-01T00:00:00Z,farmer:431001:029,lender:vridhi,1350.0,loan_repayment,upi,431001,0.0,True
tx-202506-00001549,2025-06-01T00:00:00Z,farmer:431001:030,retailer:431001:01,2328.33,kirana_purchase,upi,431001,0.0,True
tx-202506-00001550,2025-06-01T00:00:00Z,farmer:431001:030,lender:vridhi,1350.0,loan_repayment,upi,431001,0.0,True
tx-202506-00001551,2025-06-01T00:00:00Z,farmer:431001:031,retailer:431001:03,2839.3,kirana_purchase,upi,431001,0.0,True
tx-202506-00001552,2025-06-01T00:00:00Z,farmer:431001:032,retailer:431001:01,2303.12,kirana_purchase,upi,431001,0.0,True
tx-202506-00001553,2025-06-01T00:00:00Z,farmer:431001:032,utility:431001,630.0,utility_payment,upi,431001,0.0,True
tx-202506-00001554,2025-06-01T00:00:00Z,farmer:431001:032,lender:vridhi,1350.0,loan_repayment,upi,431001,0.0,True
tx-202506-00001555,2025-06-01T00:00:00Z,farmer:431001:033,retailer:431001:03,1809.58,kirana_purchase,upi,431001,0.0,True
tx-202506-00001556,2025-06-01T00:00:00Z,farmer:431001:033,utility:431001,630.0,utility_payment,upi,431001,0.0,True
tx-202506-00001557,2025-06-01T00:00:00Z,farmer:431001:033,lender:vridhi,1350.0,loan_repayment,upi,431001,0.0,True
tx-202506-00001558,2025-06-01T00:00:00Z,farmer:431001:034,retailer:431001:01,2573.89,kirana_purchase,upi,431001,0.0,True
tx-202506-00001559,2025-06-01T00:00:00Z,farmer:431001:034,utility:431001,505.0,utility_payment,upi,431001,0.0,True
tx-202506-00001560,2025-06-01T00:00:00Z,farmer:431001:034,lender:vridhi,1350.0,loan_repayment,upi,431001,0.0,True
tx-202506-00001561,2025-06-01T00:00:00Z,farmer:431001:035,retailer:431001:04,2264.34,kirana_purchase,upi,431001,0.0,True
tx-202506-00001562,2025-06-01T00:00:00Z,farmer:431001:035,utility:431001,505.0,utility_payment,upi,431001,0.0,True
tx-202506-00001563,2025-06-01T00:00:00Z,farmer:431001:035,lender:vridhi,1350.0,loan_repayment,upi,431001,0.0,True
tx-202506-00001564,2025-06-01T00:00:00Z,retailer:431001:01,wholesaler:431001:01,8755.51,retailer_restock,upi,431001,0.0,True
tx-202506-00001565,2025-06-01T00:00:00Z,retailer:431001:01,utility:431001,1050.0,utility_payment,upi,431001,0.0,True
tx-202506-00001566,2025-06-01T00:00:00Z,retailer:431001:02,wholesaler:431001:01,12288.7,retailer_restock,upi,431001,0.0,True
tx-202506-00001567,2025-06-01T00:00:00Z,retailer:431001:03,wholesaler:431001:01,13728.37,retailer_restock,upi,431001,0.0,True
tx-202506-00001568,2025-06-01T00:00:00Z,retailer:431001:04,wholesaler:431001:01,9701.59,retailer_restock,upi,431001,0.0,True
tx-202506-00001569,2025-06-01T00:00:00Z,wholesaler:431001:01,utility:431001,2400.0,utility_payment,upi,431001,0.0,True
tx-202506-00001570,2025-06-01T00:00:00Z,farmer:440001:001,retailer:440001:01,1818.21,kirana_purchase,upi,440001,0.0,True
tx-202506-00001571,2025-06-01T00:00:00Z,farmer:440001:001,utility:440001,505.0,utility_payment,upi,440001,0.0,True
tx-202506-00001572,2025-06-01T00:00:00Z,farmer:440001:001,lender:vridhi,1350.0,loan_repayment,upi,440001,0.0,True
tx-202506-00001573,2025-06-01T00:00:00Z,farmer:440001:002,retailer:440001:02,2861.62,kirana_purchase,upi,440001,0.0,True
tx-202506-00001574,2025-06-01T00:00:00Z,farmer:440001:003,retailer:440001:02,2509.46,kirana_purchase,upi,440001,0.0,True
tx-202506-00001575,2025-06-01T00:00:00Z,farmer:440001:003,utility:440001,630.0,utility_payment,upi,440001,0.0,True
tx-202506-00001576,2025-06-01T00:00:00Z,farmer:440001:003,lender:vridhi,1350.0,loan_repayment,upi,440001,0.0,True
tx-202506-00001577,2025-06-01T00:00:00Z,farmer:440001:004,retailer:440001:04,2464.11,kirana_purchase,upi,440001,0.0,True
tx-202506-00001578,2025-06-01T00:00:00Z,farmer:440001:004,utility:440001,505.0,utility_payment,upi,440001,0.0,True
tx-202506-00001579,2025-06-01T00:00:00Z,farmer:440001:004,lender:vridhi,1350.0,loan_repayment,upi,440001,0.0,True
tx-202506-00001580,2025-06-01T00:00:00Z,farmer:440001:005,utility:440001,630.0,utility_payment,upi,440001,0.0,True
tx-202506-00001581,2025-06-01T00:00:00Z,farmer:440001:005,lender:vridhi,1350.0,loan_repayment,upi,440001,0.0,True
tx-202506-00001582,2025-06-01T00:00:00Z,farmer:440001:006,retailer:440001:02,2479.37,kirana_purchase,upi,440001,0.0,True
tx-202506-00001583,2025-06-01T00:00:00Z,farmer:440001:006,lender:vridhi,1350.0,loan_repayment,upi,440001,0.0,True
tx-202506-00001584,2025-06-01T00:00:00Z,farmer:440001:007,retailer:440001:01,1608.42,kirana_purchase,upi,440001,0.0,True
tx-202506-00001585,2025-06-01T00:00:00Z,farmer:440001:007,lender:vridhi,1350.0,loan_repayment,upi,440001,0.0,True
tx-202506-00001586,2025-06-01T00:00:00Z,farmer:440001:008,utility:440001,505.0,utility_payment,upi,440001,0.0,True
tx-202506-00001587,2025-06-01T00:00:00Z,farmer:440001:008,lender:vridhi,1350.0,loan_repayment,upi,440001,0.0,True
tx-202506-00001588,2025-06-01T00:00:00Z,farmer:440001:009,utility:440001,505.0,utility_payment,upi,440001,0.0,True
tx-202506-00001589,2025-06-01T00:00:00Z,farmer:440001:010,retailer:440001:04,2792.24,kirana_purchase,upi,440001,0.0,True
tx-202506-00001590,2025-06-01T00:00:00Z,farmer:440001:010,utility:440001,505.0,utility_payment,upi,440001,0.0,True
tx-202506-00001591,2025-06-01T00:00:00Z,farmer:440001:010,lender:vridhi,1350.0,loan_repayment,upi,440001,0.0,True
tx-202506-00001592,2025-06-01T00:00:00Z,farmer:440001:011,retailer:440001:01,2173.33,kirana_purchase,upi,440001,0.0,True
tx-202506-00001593,2025-06-01T00:00:00Z,farmer:440001:012,utility:440001,630.0,utility_payment,upi,440001,0.0,True
tx-202506-00001594,2025-06-01T00:00:00Z,farmer:440001:012,lender:vridhi,1350.0,loan_repayment,upi,440001,0.0,True
tx-202506-00001595,2025-06-01T00:00:00Z,farmer:440001:013,retailer:440001:01,2432.58,kirana_purchase,upi,440001,0.0,True
tx-202506-00001596,2025-06-01T00:00:00Z,farmer:440001:013,utility:440001,505.0,utility_payment,upi,440001,0.0,True
tx-202506-00001597,2025-06-01T00:00:00Z,farmer:440001:013,lender:vridhi,1350.0,loan_repayment,upi,440001,0.0,True
tx-202506-00001598,2025-06-01T00:00:00Z,farmer:440001:014,retailer:440001:03,2145.04,kirana_purchase,upi,440001,0.0,True
tx-202506-00001599,2025-06-01T00:00:00Z,farmer:440001:014,utility:440001,505.0,utility_payment,upi,440001,0.0,True
tx-202506-00001600,2025-06-01T00:00:00Z,farmer:440001:014,lender:vridhi,1350.0,loan_repayment,upi,440001,0.0,True
tx-202506-00001601,2025-06-01T00:00:00Z,farmer:440001:015,retailer:440001:03,2903.46,kirana_purchase,upi,440001,0.0,True
tx-202506-00001602,2025-06-01T00:00:00Z,farmer:440001:015,utility:440001,505.0,utility_payment,upi,440001,0.0,True
tx-202506-00001603,2025-06-01T00:00:00Z,farmer:440001:015,lender:vridhi,1350.0,loan_repayment,upi,440001,0.0,True
tx-202506-00001604,2025-06-01T00:00:00Z,farmer:440001:016,retailer:440001:04,2733.45,kirana_purchase,upi,440001,0.0,True
tx-202506-00001605,2025-06-01T00:00:00Z,farmer:440001:016,lender:vridhi,1350.0,loan_repayment,upi,440001,0.0,True
tx-202506-00001606,2025-06-01T00:00:00Z,farmer:440001:017,retailer:440001:03,2400.46,kirana_purchase,upi,440001,0.0,True
tx-202506-00001607,2025-06-01T00:00:00Z,farmer:440001:017,lender:vridhi,1350.0,loan_repayment,upi,440001,0.0,True
tx-202506-00001608,2025-06-01T00:00:00Z,farmer:440001:018,utility:440001,630.0,utility_payment,upi,440001,0.0,True
tx-202506-00001609,2025-06-01T00:00:00Z,farmer:440001:018,lender:vridhi,1350.0,loan_repayment,upi,440001,0.0,True
tx-202506-00001610,2025-06-01T00:00:00Z,farmer:440001:019,utility:440001,630.0,utility_payment,upi,440001,0.0,True
tx-202506-00001611,2025-06-01T00:00:00Z,farmer:440001:019,lender:vridhi,1350.0,loan_repayment,upi,440001,0.0,True
tx-202506-00001612,2025-06-01T00:00:00Z,farmer:440001:020,retailer:440001:03,2811.45,kirana_purchase,upi,440001,0.0,True
tx-202506-00001613,2025-06-01T00:00:00Z,farmer:440001:020,utility:440001,630.0,utility_payment,upi,440001,0.0,True
tx-202506-00001614,2025-06-01T00:00:00Z,farmer:440001:020,lender:vridhi,1350.0,loan_repayment,upi,440001,0.0,True
tx-202506-00001615,2025-06-01T00:00:00Z,farmer:440001:021,retailer:440001:04,3089.77,kirana_purchase,upi,440001,0.0,True
tx-202506-00001616,2025-06-01T00:00:00Z,farmer:440001:021,utility:440001,630.0,utility_payment,upi,440001,0.0,True
tx-202506-00001617,2025-06-01T00:00:00Z,farmer:440001:021,lender:vridhi,1350.0,loan_repayment,upi,440001,0.0,True
tx-202506-00001618,2025-06-01T00:00:00Z,farmer:440001:022,retailer:440001:04,1599.84,kirana_purchase,upi,440001,0.0,True
tx-202506-00001619,2025-06-01T00:00:00Z,farmer:440001:022,utility:440001,630.0,utility_payment,upi,440001,0.0,True
tx-202506-00001620,2025-06-01T00:00:00Z,farmer:440001:022,lender:vridhi,1350.0,loan_repayment,upi,440001,0.0,True
tx-202506-00001621,2025-06-01T00:00:00Z,farmer:440001:023,retailer:440001:04,3032.16,kirana_purchase,upi,440001,0.0,True
tx-202506-00001622,2025-06-01T00:00:00Z,farmer:440001:023,utility:440001,505.0,utility_payment,upi,440001,0.0,True
tx-202506-00001623,2025-06-01T00:00:00Z,farmer:440001:023,lender:vridhi,1350.0,loan_repayment,upi,440001,0.0,True
tx-202506-00001624,2025-06-01T00:00:00Z,farmer:440001:024,utility:440001,630.0,utility_payment,upi,440001,0.0,True
tx-202506-00001625,2025-06-01T00:00:00Z,farmer:440001:024,lender:vridhi,1350.0,loan_repayment,upi,440001,0.0,True
tx-202506-00001626,2025-06-01T00:00:00Z,farmer:440001:025,utility:440001,630.0,utility_payment,upi,440001,0.0,True
tx-202506-00001627,2025-06-01T00:00:00Z,farmer:440001:025,lender:vridhi,1350.0,loan_repayment,upi,440001,0.0,True
tx-202506-00001628,2025-06-01T00:00:00Z,farmer:440001:026,utility:440001,630.0,utility_payment,upi,440001,0.0,True
tx-202506-00001629,2025-06-01T00:00:00Z,farmer:440001:026,lender:vridhi,1350.0,loan_repayment,upi,440001,0.0,True
tx-202506-00001630,2025-06-01T00:00:00Z,farmer:440001:027,retailer:440001:02,1597.63,kirana_purchase,upi,440001,0.0,True
tx-202506-00001631,2025-06-01T00:00:00Z,farmer:440001:027,utility:440001,505.0,utility_payment,upi,440001,0.0,True
tx-202506-00001632,2025-06-01T00:00:00Z,farmer:440001:027,lender:vridhi,1350.0,loan_repayment,upi,440001,0.0,True
tx-202506-00001633,2025-06-01T00:00:00Z,farmer:440001:028,retailer:440001:04,2446.34,kirana_purchase,upi,440001,0.0,True
tx-202506-00001634,2025-06-01T00:00:00Z,farmer:440001:028,lender:vridhi,1350.0,loan_repayment,upi,440001,0.0,True
tx-202506-00001635,2025-06-01T00:00:00Z,farmer:440001:029,utility:440001,630.0,utility_payment,upi,440001,0.0,True
tx-202506-00001636,2025-06-01T00:00:00Z,farmer:440001:029,lender:vridhi,1350.0,loan_repayment,upi,440001,0.0,True
tx-202506-00001637,2025-06-01T00:00:00Z,farmer:440001:030,retailer:440001:03,3087.59,kirana_purchase,upi,440001,0.0,True
tx-202506-00001638,2025-06-01T00:00:00Z,farmer:440001:030,utility:440001,505.0,utility_payment,upi,440001,0.0,True
tx-202506-00001639,2025-06-01T00:00:00Z,farmer:440001:030,lender:vridhi,1350.0,loan_repayment,upi,440001,0.0,True
tx-202506-00001640,2025-06-01T00:00:00Z,farmer:440001:031,retailer:440001:04,2427.34,kirana_purchase,upi,440001,0.0,True
tx-202506-00001641,2025-06-01T00:00:00Z,farmer:440001:031,utility:440001,630.0,utility_payment,upi,440001,0.0,True
tx-202506-00001642,2025-06-01T00:00:00Z,farmer:440001:031,lender:vridhi,1350.0,loan_repayment,upi,440001,0.0,True
tx-202506-00001643,2025-06-01T00:00:00Z,farmer:440001:032,retailer:440001:01,2305.39,kirana_purchase,upi,440001,0.0,True
tx-202506-00001644,2025-06-01T00:00:00Z,farmer:440001:032,utility:440001,630.0,utility_payment,upi,440001,0.0,True
tx-202506-00001645,2025-06-01T00:00:00Z,farmer:440001:032,lender:vridhi,1350.0,loan_repayment,upi,440001,0.0,True
tx-202506-00001646,2025-06-01T00:00:00Z,farmer:440001:033,utility:440001,505.0,utility_payment,upi,440001,0.0,True
tx-202506-00001647,2025-06-01T00:00:00Z,farmer:440001:033,lender:vridhi,1350.0,loan_repayment,upi,440001,0.0,True
tx-202506-00001648,2025-06-01T00:00:00Z,farmer:440001:035,lender:vridhi,1350.0,loan_repayment,upi,440001,0.0,True
tx-202506-00001649,2025-06-01T00:00:00Z,retailer:440001:01,wholesaler:440001:01,12399.35,retailer_restock,upi,440001,0.0,True
tx-202506-00001650,2025-06-01T00:00:00Z,retailer:440001:02,wholesaler:440001:01,8074.02,retailer_restock,upi,440001,0.0,True
tx-202506-00001651,2025-06-01T00:00:00Z,retailer:440001:03,wholesaler:440001:01,11198.04,retailer_restock,upi,440001,0.0,True
tx-202506-00001652,2025-06-01T00:00:00Z,retailer:440001:03,utility:440001,1050.0,utility_payment,upi,440001,0.0,True
tx-202506-00001653,2025-06-01T00:00:00Z,retailer:440001:04,wholesaler:440001:01,19898.51,retailer_restock,upi,440001,0.0,True
tx-202506-00001654,2025-06-01T00:00:00Z,retailer:440001:04,utility:440001,1050.0,utility_payment,upi,440001,0.0,True
tx-202506-00001655,2025-06-01T00:00:00Z,wholesaler:440001:01,utility:440001,2400.0,utility_payment,upi,440001,0.0,True
tx-202507-00001656,2025-07-01T00:00:00Z,farmer:413001:001,retailer:413001:01,2392.74,kirana_purchase,upi,413001,0.0,True
tx-202507-00001657,2025-07-01T00:00:00Z,farmer:413001:001,utility:413001,630.0,utility_payment,upi,413001,0.0,True
tx-202507-00001658,2025-07-01T00:00:00Z,farmer:413001:001,lender:vridhi,1350.0,loan_repayment,upi,413001,0.0,True
tx-202507-00001659,2025-07-01T00:00:00Z,farmer:413001:002,lender:vridhi,1350.0,loan_repayment,upi,413001,0.0,True
tx-202507-00001660,2025-07-01T00:00:00Z,farmer:413001:003,retailer:413001:02,1849.26,kirana_purchase,upi,413001,0.0,True
tx-202507-00001661,2025-07-01T00:00:00Z,farmer:413001:003,utility:413001,630.0,utility_payment,upi,413001,0.0,True
tx-202507-00001662,2025-07-01T00:00:00Z,farmer:413001:003,lender:vridhi,1350.0,loan_repayment,upi,413001,0.0,True
tx-202507-00001663,2025-07-01T00:00:00Z,farmer:413001:004,retailer:413001:02,2871.77,kirana_purchase,upi,413001,0.0,True
tx-202507-00001664,2025-07-01T00:00:00Z,farmer:413001:004,lender:vridhi,1350.0,loan_repayment,upi,413001,0.0,True
tx-202507-00001665,2025-07-01T00:00:00Z,farmer:413001:005,utility:413001,505.0,utility_payment,upi,413001,0.0,True
tx-202507-00001666,2025-07-01T00:00:00Z,farmer:413001:005,lender:vridhi,1350.0,loan_repayment,upi,413001,0.0,True
tx-202507-00001667,2025-07-01T00:00:00Z,farmer:413001:006,retailer:413001:01,2891.62,kirana_purchase,upi,413001,0.0,True
tx-202507-00001668,2025-07-01T00:00:00Z,farmer:413001:006,utility:413001,630.0,utility_payment,upi,413001,0.0,True
tx-202507-00001669,2025-07-01T00:00:00Z,farmer:413001:007,lender:vridhi,1350.0,loan_repayment,upi,413001,0.0,True
tx-202507-00001670,2025-07-01T00:00:00Z,farmer:413001:008,retailer:413001:02,2725.29,kirana_purchase,upi,413001,0.0,True
tx-202507-00001671,2025-07-01T00:00:00Z,farmer:413001:008,utility:413001,630.0,utility_payment,upi,413001,0.0,True
tx-202507-00001672,2025-07-01T00:00:00Z,farmer:413001:008,lender:vridhi,1350.0,loan_repayment,upi,413001,0.0,True
tx-202507-00001673,2025-07-01T00:00:00Z,farmer:413001:009,retailer:413001:01,2304.21,kirana_purchase,upi,413001,0.0,True
tx-202507-00001674,2025-07-01T00:00:00Z,farmer:413001:009,utility:413001,630.0,utility_payment,upi,413001,0.0,True
tx-202507-00001675,2025-07-01T00:00:00Z,farmer:413001:009,lender:vridhi,1350.0,loan_repayment,upi,413001,0.0,True
tx-202507-00001676,2025-07-01T00:00:00Z,farmer:413001:010,retailer:413001:01,2637.02,kirana_purchase,upi,413001,0.0,True
tx-202507-00001677,2025-07-01T00:00:00Z,farmer:413001:010,utility:413001,505.0,utility_payment,upi,413001,0.0,True
tx-202507-00001678,2025-07-01T00:00:00Z,farmer:413001:010,lender:vridhi,1350.0,loan_repayment,upi,413001,0.0,True
tx-202507-00001679,2025-07-01T00:00:00Z,farmer:413001:011,retailer:413001:02,2095.03,kirana_purchase,upi,413001,0.0,True
tx-202507-00001680,2025-07-01T00:00:00Z,farmer:413001:011,utility:413001,630.0,utility_payment,upi,413001,0.0,True
tx-202507-00001681,2025-07-01T00:00:00Z,farmer:413001:012,retailer:413001:02,2382.56,kirana_purchase,upi,413001,0.0,True
tx-202507-00001682,2025-07-01T00:00:00Z,farmer:413001:012,utility:413001,630.0,utility_payment,upi,413001,0.0,True
tx-202507-00001683,2025-07-01T00:00:00Z,farmer:413001:012,lender:vridhi,1350.0,loan_repayment,upi,413001,0.0,True
tx-202507-00001684,2025-07-01T00:00:00Z,farmer:413001:013,retailer:413001:03,1762.65,kirana_purchase,upi,413001,0.0,True
tx-202507-00001685,2025-07-01T00:00:00Z,farmer:413001:013,utility:413001,630.0,utility_payment,upi,413001,0.0,True
tx-202507-00001686,2025-07-01T00:00:00Z,farmer:413001:013,lender:vridhi,1350.0,loan_repayment,upi,413001,0.0,True
tx-202507-00001687,2025-07-01T00:00:00Z,farmer:413001:014,retailer:413001:03,2902.35,kirana_purchase,upi,413001,0.0,True
tx-202507-00001688,2025-07-01T00:00:00Z,farmer:413001:014,utility:413001,630.0,utility_payment,upi,413001,0.0,True
tx-202507-00001689,2025-07-01T00:00:00Z,farmer:413001:014,lender:vridhi,1350.0,loan_repayment,upi,413001,0.0,True
tx-202507-00001690,2025-07-01T00:00:00Z,farmer:413001:015,lender:vridhi,1350.0,loan_repayment,upi,413001,0.0,True
tx-202507-00001691,2025-07-01T00:00:00Z,farmer:413001:016,lender:vridhi,1350.0,loan_repayment,upi,413001,0.0,True
tx-202507-00001692,2025-07-01T00:00:00Z,farmer:413001:017,retailer:413001:01,1750.23,kirana_purchase,upi,413001,0.0,True
tx-202507-00001693,2025-07-01T00:00:00Z,farmer:413001:018,retailer:413001:03,2785.07,kirana_purchase,upi,413001,0.0,True
tx-202507-00001694,2025-07-01T00:00:00Z,farmer:413001:018,utility:413001,505.0,utility_payment,upi,413001,0.0,True
tx-202507-00001695,2025-07-01T00:00:00Z,farmer:413001:018,lender:vridhi,1350.0,loan_repayment,upi,413001,0.0,True
tx-202507-00001696,2025-07-01T00:00:00Z,farmer:413001:019,retailer:413001:04,1618.26,kirana_purchase,upi,413001,0.0,True
tx-202507-00001697,2025-07-01T00:00:00Z,farmer:413001:019,utility:413001,630.0,utility_payment,upi,413001,0.0,True
tx-202507-00001698,2025-07-01T00:00:00Z,farmer:413001:019,lender:vridhi,1350.0,loan_repayment,upi,413001,0.0,True
tx-202507-00001699,2025-07-01T00:00:00Z,farmer:413001:020,retailer:413001:01,2214.75,kirana_purchase,upi,413001,0.0,True
tx-202507-00001700,2025-07-01T00:00:00Z,farmer:413001:020,utility:413001,630.0,utility_payment,upi,413001,0.0,True
tx-202507-00001701,2025-07-01T00:00:00Z,farmer:413001:020,lender:vridhi,1350.0,loan_repayment,upi,413001,0.0,True
tx-202507-00001702,2025-07-01T00:00:00Z,farmer:413001:021,retailer:413001:03,2035.04,kirana_purchase,upi,413001,0.0,True
tx-202507-00001703,2025-07-01T00:00:00Z,farmer:413001:021,utility:413001,630.0,utility_payment,upi,413001,0.0,True
tx-202507-00001704,2025-07-01T00:00:00Z,farmer:413001:021,lender:vridhi,1350.0,loan_repayment,upi,413001,0.0,True
tx-202507-00001705,2025-07-01T00:00:00Z,farmer:413001:022,retailer:413001:02,2430.65,kirana_purchase,upi,413001,0.0,True
tx-202507-00001706,2025-07-01T00:00:00Z,farmer:413001:022,utility:413001,630.0,utility_payment,upi,413001,0.0,True
tx-202507-00001707,2025-07-01T00:00:00Z,farmer:413001:023,utility:413001,505.0,utility_payment,upi,413001,0.0,True
tx-202507-00001708,2025-07-01T00:00:00Z,farmer:413001:023,lender:vridhi,1350.0,loan_repayment,upi,413001,0.0,True
tx-202507-00001709,2025-07-01T00:00:00Z,farmer:413001:024,retailer:413001:01,2097.82,kirana_purchase,upi,413001,0.0,True
tx-202507-00001710,2025-07-01T00:00:00Z,farmer:413001:024,utility:413001,505.0,utility_payment,upi,413001,0.0,True
tx-202507-00001711,2025-07-01T00:00:00Z,farmer:413001:024,lender:vridhi,1350.0,loan_repayment,upi,413001,0.0,True
tx-202507-00001712,2025-07-01T00:00:00Z,farmer:413001:025,utility:413001,630.0,utility_payment,upi,413001,0.0,True
tx-202507-00001713,2025-07-01T00:00:00Z,farmer:413001:025,lender:vridhi,1350.0,loan_repayment,upi,413001,0.0,True
tx-202507-00001714,2025-07-01T00:00:00Z,farmer:413001:026,retailer:413001:04,2893.13,kirana_purchase,upi,413001,0.0,True
tx-202507-00001715,2025-07-01T00:00:00Z,farmer:413001:026,utility:413001,505.0,utility_payment,upi,413001,0.0,True
tx-202507-00001716,2025-07-01T00:00:00Z,farmer:413001:026,lender:vridhi,1350.0,loan_repayment,upi,413001,0.0,True
tx-202507-00001717,2025-07-01T00:00:00Z,farmer:413001:027,utility:413001,505.0,utility_payment,upi,413001,0.0,True
tx-202507-00001718,2025-07-01T00:00:00Z,farmer:413001:027,lender:vridhi,1350.0,loan_repayment,upi,413001,0.0,True
tx-202507-00001719,2025-07-01T00:00:00Z,farmer:413001:028,lender:vridhi,1350.0,loan_repayment,upi,413001,0.0,True
tx-202507-00001720,2025-07-01T00:00:00Z,farmer:413001:029,retailer:413001:04,2153.78,kirana_purchase,upi,413001,0.0,True
tx-202507-00001721,2025-07-01T00:00:00Z,farmer:413001:029,utility:413001,505.0,utility_payment,upi,413001,0.0,True
tx-202507-00001722,2025-07-01T00:00:00Z,farmer:413001:029,lender:vridhi,1350.0,loan_repayment,upi,413001,0.0,True
tx-202507-00001723,2025-07-01T00:00:00Z,farmer:413001:031,retailer:413001:01,1807.97,kirana_purchase,upi,413001,0.0,True
tx-202507-00001724,2025-07-01T00:00:00Z,farmer:413001:031,utility:413001,505.0,utility_payment,upi,413001,0.0,True
tx-202507-00001725,2025-07-01T00:00:00Z,farmer:413001:032,retailer:413001:04,2382.34,kirana_purchase,upi,413001,0.0,True
tx-202507-00001726,2025-07-01T00:00:00Z,farmer:413001:032,utility:413001,505.0,utility_payment,upi,413001,0.0,True
tx-202507-00001727,2025-07-01T00:00:00Z,farmer:413001:032,lender:vridhi,1350.0,loan_repayment,upi,413001,0.0,True
tx-202507-00001728,2025-07-01T00:00:00Z,farmer:413001:033,retailer:413001:01,1626.68,kirana_purchase,upi,413001,0.0,True
tx-202507-00001729,2025-07-01T00:00:00Z,farmer:413001:033,utility:413001,630.0,utility_payment,upi,413001,0.0,True
tx-202507-00001730,2025-07-01T00:00:00Z,farmer:413001:034,retailer:413001:04,1975.93,kirana_purchase,upi,413001,0.0,True
tx-202507-00001731,2025-07-01T00:00:00Z,farmer:413001:034,utility:413001,630.0,utility_payment,upi,413001,0.0,True
tx-202507-00001732,2025-07-01T00:00:00Z,farmer:413001:034,lender:vridhi,1350.0,loan_repayment,upi,413001,0.0,True
tx-202507-00001733,2025-07-01T00:00:00Z,farmer:413001:035,retailer:413001:02,2345.46,kirana_purchase,upi,413001,0.0,True
tx-202507-00001734,2025-07-01T00:00:00Z,farmer:413001:035,utility:413001,630.0,utility_payment,upi,413001,0.0,True
tx-202507-00001735,2025-07-01T00:00:00Z,farmer:413001:035,lender:vridhi,1350.0,loan_repayment,upi,413001,0.0,True
tx-202507-00001736,2025-07-01T00:00:00Z,retailer:413001:01,utility:413001,1050.0,utility_payment,upi,413001,0.0,True
tx-202507-00001737,2025-07-01T00:00:00Z,retailer:413001:02,utility:413001,1050.0,utility_payment,upi,413001,0.0,True
tx-202507-00001738,2025-07-01T00:00:00Z,retailer:413001:03,utility:413001,1050.0,utility_payment,upi,413001,0.0,True
tx-202507-00001739,2025-07-01T00:00:00Z,retailer:413001:04,wholesaler:413001:01,9633.76,retailer_restock,upi,413001,0.0,True
tx-202507-00001740,2025-07-01T00:00:00Z,retailer:413001:04,utility:413001,1050.0,utility_payment,upi,413001,0.0,True
tx-202507-00001741,2025-07-01T00:00:00Z,farmer:431001:001,retailer:431001:03,2995.17,kirana_purchase,upi,431001,0.0,True
tx-202507-00001742,2025-07-01T00:00:00Z,farmer:431001:001,utility:431001,630.0,utility_payment,upi,431001,0.0,True
tx-202507-00001743,2025-07-01T00:00:00Z,farmer:431001:001,lender:vridhi,1350.0,loan_repayment,upi,431001,0.0,True
tx-202507-00001744,2025-07-01T00:00:00Z,farmer:431001:002,retailer:431001:03,2071.83,kirana_purchase,upi,431001,0.0,True
tx-202507-00001745,2025-07-01T00:00:00Z,farmer:431001:002,utility:431001,505.0,utility_payment,upi,431001,0.0,True
tx-202507-00001746,2025-07-01T00:00:00Z,farmer:431001:002,lender:vridhi,1350.0,loan_repayment,upi,431001,0.0,True
tx-202507-00001747,2025-07-01T00:00:00Z,farmer:431001:003,retailer:431001:02,2034.6,kirana_purchase,upi,431001,0.0,True
tx-202507-00001748,2025-07-01T00:00:00Z,farmer:431001:003,utility:431001,505.0,utility_payment,upi,431001,0.0,True
tx-202507-00001749,2025-07-01T00:00:00Z,farmer:431001:004,lender:vridhi,1350.0,loan_repayment,upi,431001,0.0,True
tx-202507-00001750,2025-07-01T00:00:00Z,farmer:431001:005,retailer:431001:01,2381.96,kirana_purchase,upi,431001,0.0,True
tx-202507-00001751,2025-07-01T00:00:00Z,farmer:431001:005,lender:vridhi,1350.0,loan_repayment,upi,431001,0.0,True
tx-202507-00001752,2025-07-01T00:00:00Z,farmer:431001:006,utility:431001,630.0,utility_payment,upi,431001,0.0,True
tx-202507-00001753,2025-07-01T00:00:00Z,farmer:431001:006,lender:vridhi,1350.0,loan_repayment,upi,431001,0.0,True
tx-202507-00001754,2025-07-01T00:00:00Z,farmer:431001:007,retailer:431001:03,1584.66,kirana_purchase,upi,431001,0.0,True
tx-202507-00001755,2025-07-01T00:00:00Z,farmer:431001:007,utility:431001,630.0,utility_payment,upi,431001,0.0,True
tx-202507-00001756,2025-07-01T00:00:00Z,farmer:431001:007,lender:vridhi,1350.0,loan_repayment,upi,431001,0.0,True
tx-202507-00001757,2025-07-01T00:00:00Z,farmer:431001:008,lender:vridhi,1350.0,loan_repayment,upi,431001,0.0,True
tx-202507-00001758,2025-07-01T00:00:00Z,farmer:431001:009,retailer:431001:01,1760.09,kirana_purchase,upi,431001,0.0,True
tx-202507-00001759,2025-07-01T00:00:00Z,farmer:431001:009,utility:431001,630.0,utility_payment,upi,431001,0.0,True
tx-202507-00001760,2025-07-01T00:00:00Z,farmer:431001:009,lender:vridhi,1350.0,loan_repayment,upi,431001,0.0,True
tx-202507-00001761,2025-07-01T00:00:00Z,farmer:431001:010,retailer:431001:03,2640.8,kirana_purchase,upi,431001,0.0,True
tx-202507-00001762,2025-07-01T00:00:00Z,farmer:431001:010,utility:431001,630.0,utility_payment,upi,431001,0.0,True
tx-202507-00001763,2025-07-01T00:00:00Z,farmer:431001:010,lender:vridhi,1350.0,loan_repayment,upi,431001,0.0,True
tx-202507-00001764,2025-07-01T00:00:00Z,farmer:431001:011,retailer:431001:01,1766.09,kirana_purchase,upi,431001,0.0,True
tx-202507-00001765,2025-07-01T00:00:00Z,farmer:431001:011,utility:431001,505.0,utility_payment,upi,431001,0.0,True
tx-202507-00001766,2025-07-01T00:00:00Z,farmer:431001:011,lender:vridhi,1350.0,loan_repayment,upi,431001,0.0,True
tx-202507-00001767,2025-07-01T00:00:00Z,farmer:431001:012,retailer:431001:01,1845.78,kirana_purchase,upi,431001,0.0,True
tx-202507-00001768,2025-07-01T00:00:00Z,farmer:431001:012,utility:431001,630.0,utility_payment,upi,431001,0.0,True
tx-202507-00001769,2025-07-01T00:00:00Z,farmer:431001:012,lender:vridhi,1350.0,loan_repayment,upi,431001,0.0,True
tx-202507-00001770,2025-07-01T00:00:00Z,farmer:431001:013,retailer:431001:03,2785.73,kirana_purchase,upi,431001,0.0,True
tx-202507-00001771,2025-07-01T00:00:00Z,farmer:431001:013,utility:431001,630.0,utility_payment,upi,431001,0.0,True
tx-202507-00001772,2025-07-01T00:00:00Z,farmer:431001:013,lender:vridhi,1350.0,loan_repayment,upi,431001,0.0,True
tx-202507-00001773,2025-07-01T00:00:00Z,farmer:431001:014,lender:vridhi,1350.0,loan_repayment,upi,431001,0.0,True
tx-202507-00001774,2025-07-01T00:00:00Z,farmer:431001:015,retailer:431001:04,1571.35,kirana_purchase,upi,431001,0.0,True
tx-202507-00001775,2025-07-01T00:00:00Z,farmer:431001:015,utility:431001,630.0,utility_payment,upi,431001,0.0,True
tx-202507-00001776,2025-07-01T00:00:00Z,farmer:431001:016,retailer:431001:04,2858.03,kirana_purchase,upi,431001,0.0,True
tx-202507-00001777,2025-07-01T00:00:00Z,farmer:431001:016,lender:vridhi,1350.0,loan_repayment,upi,431001,0.0,True
tx-202507-00001778,2025-07-01T00:00:00Z,farmer:431001:017,utility:431001,630.0,utility_payment,upi,431001,0.0,True
tx-202507-00001779,2025-07-01T00:00:00Z,farmer:431001:017,lender:vridhi,1350.0,loan_repayment,upi,431001,0.0,True
tx-202507-00001780,2025-07-01T00:00:00Z,farmer:431001:018,utility:431001,505.0,utility_payment,upi,431001,0.0,True
tx-202507-00001781,2025-07-01T00:00:00Z,farmer:431001:018,lender:vridhi,1350.0,loan_repayment,upi,431001,0.0,True
tx-202507-00001782,2025-07-01T00:00:00Z,farmer:431001:019,retailer:431001:03,3041.57,kirana_purchase,upi,431001,0.0,True
tx-202507-00001783,2025-07-01T00:00:00Z,farmer:431001:019,lender:vridhi,1350.0,loan_repayment,upi,431001,0.0,True
tx-202507-00001784,2025-07-01T00:00:00Z,farmer:431001:020,retailer:431001:01,1880.63,kirana_purchase,upi,431001,0.0,True
tx-202507-00001785,2025-07-01T00:00:00Z,farmer:431001:020,utility:431001,505.0,utility_payment,upi,431001,0.0,True
tx-202507-00001786,2025-07-01T00:00:00Z,farmer:431001:021,retailer:431001:02,3104.57,kirana_purchase,upi,431001,0.0,True
tx-202507-00001787,2025-07-01T00:00:00Z,farmer:431001:021,utility:431001,505.0,utility_payment,upi,431001,0.0,True
tx-202507-00001788,2025-07-01T00:00:00Z,farmer:431001:021,lender:vridhi,1350.0,loan_repayment,upi,431001,0.0,True
tx-202507-00001789,2025-07-01T00:00:00Z,farmer:431001:022,retailer:431001:03,2443.98,kirana_purchase,upi,431001,0.0,True
tx-202507-00001790,2025-07-01T00:00:00Z,farmer:431001:022,utility:431001,505.0,utility_payment,upi,431001,0.0,True
tx-202507-00001791,2025-07-01T00:00:00Z,farmer:431001:023,retailer:431001:04,2620.29,kirana_purchase,upi,431001,0.0,True
tx-202507-00001792,2025-07-01T00:00:00Z,farmer:431001:023,lender:vridhi,1350.0,loan_repayment,upi,431001,0.0,True
tx-202507-00001793,2025-07-01T00:00:00Z,farmer:431001:024,retailer:431001:04,1605.38,kirana_purchase,upi,431001,0.0,True
tx-202507-00001794,2025-07-01T00:00:00Z,farmer:431001:025,retailer:431001:01,1551.62,kirana_purchase,upi,431001,0.0,True
tx-202507-00001795,2025-07-01T00:00:00Z,farmer:431001:025,lender:vridhi,1350.0,loan_repayment,upi,431001,0.0,True
tx-202507-00001796,2025-07-01T00:00:00Z,farmer:431001:026,retailer:431001:02,2279.33,kirana_purchase,upi,431001,0.0,True
tx-202507-00001797,2025-07-01T00:00:00Z,farmer:431001:026,utility:431001,630.0,utility_payment,upi,431001,0.0,True
tx-202507-00001798,2025-07-01T00:00:00Z,farmer:431001:026,lender:vridhi,1350.0,loan_repayment,upi,431001,0.0,True
tx-202507-00001799,2025-07-01T00:00:00Z,farmer:431001:027,retailer:431001:03,2819.39,kirana_purchase,upi,431001,0.0,True
tx-202507-00001800,2025-07-01T00:00:00Z,farmer:431001:027,utility:431001,505.0,utility_payment,upi,431001,0.0,True
tx-202507-00001801,2025-07-01T00:00:00Z,farmer:431001:027,lender:vridhi,1350.0,loan_repayment,upi,431001,0.0,True
tx-202507-00001802,2025-07-01T00:00:00Z,farmer:431001:028,retailer:431001:03,2681.48,kirana_purchase,upi,431001,0.0,True
tx-202507-00001803,2025-07-01T00:00:00Z,farmer:431001:028,utility:431001,630.0,utility_payment,upi,431001,0.0,True
tx-202507-00001804,2025-07-01T00:00:00Z,farmer:431001:028,lender:vridhi,1350.0,loan_repayment,upi,431001,0.0,True
tx-202507-00001805,2025-07-01T00:00:00Z,farmer:431001:029,retailer:431001:03,2372.65,kirana_purchase,upi,431001,0.0,True
tx-202507-00001806,2025-07-01T00:00:00Z,farmer:431001:029,utility:431001,505.0,utility_payment,upi,431001,0.0,True
tx-202507-00001807,2025-07-01T00:00:00Z,farmer:431001:029,lender:vridhi,1350.0,loan_repayment,upi,431001,0.0,True
tx-202507-00001808,2025-07-01T00:00:00Z,farmer:431001:030,retailer:431001:03,2695.08,kirana_purchase,upi,431001,0.0,True
tx-202507-00001809,2025-07-01T00:00:00Z,farmer:431001:031,retailer:431001:02,1567.09,kirana_purchase,upi,431001,0.0,True
tx-202507-00001810,2025-07-01T00:00:00Z,farmer:431001:031,utility:431001,630.0,utility_payment,upi,431001,0.0,True
tx-202507-00001811,2025-07-01T00:00:00Z,farmer:431001:031,lender:vridhi,1350.0,loan_repayment,upi,431001,0.0,True
tx-202507-00001812,2025-07-01T00:00:00Z,farmer:431001:032,utility:431001,630.0,utility_payment,upi,431001,0.0,True
tx-202507-00001813,2025-07-01T00:00:00Z,farmer:431001:032,lender:vridhi,1350.0,loan_repayment,upi,431001,0.0,True
tx-202507-00001814,2025-07-01T00:00:00Z,farmer:431001:033,retailer:431001:01,2503.55,kirana_purchase,upi,431001,0.0,True
tx-202507-00001815,2025-07-01T00:00:00Z,farmer:431001:033,utility:431001,630.0,utility_payment,upi,431001,0.0,True
tx-202507-00001816,2025-07-01T00:00:00Z,farmer:431001:033,lender:vridhi,1350.0,loan_repayment,upi,431001,0.0,True
tx-202507-00001817,2025-07-01T00:00:00Z,farmer:431001:034,retailer:431001:01,2569.09,kirana_purchase,upi,431001,0.0,True
tx-202507-00001818,2025-07-01T00:00:00Z,farmer:431001:034,utility:431001,505.0,utility_payment,upi,431001,0.0,True
tx-202507-00001819,2025-07-01T00:00:00Z,farmer:431001:034,lender:vridhi,1350.0,loan_repayment,upi,431001,0.0,True
tx-202507-00001820,2025-07-01T00:00:00Z,farmer:431001:035,retailer:431001:04,2751.75,kirana_purchase,upi,431001,0.0,True
tx-202507-00001821,2025-07-01T00:00:00Z,farmer:431001:035,utility:431001,505.0,utility_payment,upi,431001,0.0,True
tx-202507-00001822,2025-07-01T00:00:00Z,farmer:431001:035,lender:vridhi,1350.0,loan_repayment,upi,431001,0.0,True
tx-202507-00001823,2025-07-01T00:00:00Z,retailer:431001:01,wholesaler:431001:01,11630.22,retailer_restock,upi,431001,0.0,True
tx-202507-00001824,2025-07-01T00:00:00Z,retailer:431001:01,utility:431001,1050.0,utility_payment,upi,431001,0.0,True
tx-202507-00001825,2025-07-01T00:00:00Z,retailer:431001:02,utility:431001,1050.0,utility_payment,upi,431001,0.0,True
tx-202507-00001826,2025-07-01T00:00:00Z,retailer:431001:03,wholesaler:431001:01,16346.06,retailer_restock,upi,431001,0.0,True
tx-202507-00001827,2025-07-01T00:00:00Z,retailer:431001:03,utility:431001,1050.0,utility_payment,upi,431001,0.0,True
tx-202507-00001828,2025-07-01T00:00:00Z,retailer:431001:04,wholesaler:431001:01,7715.12,retailer_restock,upi,431001,0.0,True
tx-202507-00001829,2025-07-01T00:00:00Z,retailer:431001:04,utility:431001,1050.0,utility_payment,upi,431001,0.0,True
tx-202507-00001830,2025-07-01T00:00:00Z,wholesaler:431001:01,utility:431001,2400.0,utility_payment,upi,431001,0.0,True
tx-202507-00001831,2025-07-01T00:00:00Z,farmer:440001:001,retailer:440001:01,2072.8,kirana_purchase,upi,440001,0.0,True
tx-202507-00001832,2025-07-01T00:00:00Z,farmer:440001:001,utility:440001,505.0,utility_payment,upi,440001,0.0,True
tx-202507-00001833,2025-07-01T00:00:00Z,farmer:440001:002,lender:vridhi,1350.0,loan_repayment,upi,440001,0.0,True
tx-202507-00001834,2025-07-01T00:00:00Z,farmer:440001:004,retailer:440001:01,2850.19,kirana_purchase,upi,440001,0.0,True
tx-202507-00001835,2025-07-01T00:00:00Z,farmer:440001:004,utility:440001,505.0,utility_payment,upi,440001,0.0,True
tx-202507-00001836,2025-07-01T00:00:00Z,farmer:440001:004,lender:vridhi,1350.0,loan_repayment,upi,440001,0.0,True
tx-202507-00001837,2025-07-01T00:00:00Z,farmer:440001:005,retailer:440001:03,1582.49,kirana_purchase,upi,440001,0.0,True
tx-202507-00001838,2025-07-01T00:00:00Z,farmer:440001:005,utility:440001,630.0,utility_payment,upi,440001,0.0,True
tx-202507-00001839,2025-07-01T00:00:00Z,farmer:440001:005,lender:vridhi,1350.0,loan_repayment,upi,440001,0.0,True
tx-202507-00001840,2025-07-01T00:00:00Z,farmer:440001:006,retailer:440001:02,2353.82,kirana_purchase,upi,440001,0.0,True
tx-202507-00001841,2025-07-01T00:00:00Z,farmer:440001:006,utility:440001,630.0,utility_payment,upi,440001,0.0,True
tx-202507-00001842,2025-07-01T00:00:00Z,farmer:440001:006,lender:vridhi,1350.0,loan_repayment,upi,440001,0.0,True
tx-202507-00001843,2025-07-01T00:00:00Z,farmer:440001:007,retailer:440001:02,2399.32,kirana_purchase,upi,440001,0.0,True
tx-202507-00001844,2025-07-01T00:00:00Z,farmer:440001:007,lender:vridhi,1350.0,loan_repayment,upi,440001,0.0,True
tx-202507-00001845,2025-07-01T00:00:00Z,farmer:440001:008,utility:440001,505.0,utility_payment,upi,440001,0.0,True
tx-202507-00001846,2025-07-01T00:00:00Z,farmer:440001:008,lender:vridhi,1350.0,loan_repayment,upi,440001,0.0,True
tx-202507-00001847,2025-07-01T00:00:00Z,farmer:440001:009,retailer:440001:02,2384.94,kirana_purchase,upi,440001,0.0,True
tx-202507-00001848,2025-07-01T00:00:00Z,farmer:440001:009,utility:440001,505.0,utility_payment,upi,440001,0.0,True
tx-202507-00001849,2025-07-01T00:00:00Z,farmer:440001:009,lender:vridhi,1350.0,loan_repayment,upi,440001,0.0,True
tx-202507-00001850,2025-07-01T00:00:00Z,farmer:440001:010,utility:440001,505.0,utility_payment,upi,440001,0.0,True
tx-202507-00001851,2025-07-01T00:00:00Z,farmer:440001:011,retailer:440001:03,2150.98,kirana_purchase,upi,440001,0.0,True
tx-202507-00001852,2025-07-01T00:00:00Z,farmer:440001:011,lender:vridhi,1350.0,loan_repayment,upi,440001,0.0,True
tx-202507-00001853,2025-07-01T00:00:00Z,farmer:440001:012,retailer:440001:02,2407.35,kirana_purchase,upi,440001,0.0,True
tx-202507-00001854,2025-07-01T00:00:00Z,farmer:440001:013,retailer:440001:03,2062.01,kirana_purchase,upi,440001,0.0,True
tx-202507-00001855,2025-07-01T00:00:00Z,farmer:440001:013,lender:vridhi,1350.0,loan_repayment,upi,440001,0.0,True
tx-202507-00001856,2025-07-01T00:00:00Z,farmer:440001:014,retailer:440001:01,3121.03,kirana_purchase,upi,440001,0.0,True
tx-202507-00001857,2025-07-01T00:00:00Z,farmer:440001:014,utility:440001,505.0,utility_payment,upi,440001,0.0,True
tx-202507-00001858,2025-07-01T00:00:00Z,farmer:440001:015,utility:440001,505.0,utility_payment,upi,440001,0.0,True
tx-202507-00001859,2025-07-01T00:00:00Z,farmer:440001:015,lender:vridhi,1350.0,loan_repayment,upi,440001,0.0,True
tx-202507-00001860,2025-07-01T00:00:00Z,farmer:440001:016,retailer:440001:03,3012.49,kirana_purchase,upi,440001,0.0,True
tx-202507-00001861,2025-07-01T00:00:00Z,farmer:440001:016,utility:440001,630.0,utility_payment,upi,440001,0.0,True
tx-202507-00001862,2025-07-01T00:00:00Z,farmer:440001:016,lender:vridhi,1350.0,loan_repayment,upi,440001,0.0,True
tx-202507-00001863,2025-07-01T00:00:00Z,farmer:440001:017,retailer:440001:01,1514.15,kirana_purchase,upi,440001,0.0,True
tx-202507-00001864,2025-07-01T00:00:00Z,farmer:440001:017,utility:440001,505.0,utility_payment,upi,440001,0.0,True
tx-202507-00001865,2025-07-01T00:00:00Z,farmer:440001:017,lender:vridhi,1350.0,loan_repayment,upi,440001,0.0,True
tx-202507-00001866,2025-07-01T00:00:00Z,farmer:440001:018,utility:440001,630.0,utility_payment,upi,440001,0.0,True
tx-202507-00001867,2025-07-01T00:00:00Z,farmer:440001:018,lender:vridhi,1350.0,loan_repayment,upi,440001,0.0,True
tx-202507-00001868,2025-07-01T00:00:00Z,farmer:440001:019,lender:vridhi,1350.0,loan_repayment,upi,440001,0.0,True
tx-202507-00001869,2025-07-01T00:00:00Z,farmer:440001:020,retailer:440001:01,2461.89,kirana_purchase,upi,440001,0.0,True
tx-202507-00001870,2025-07-01T00:00:00Z,farmer:440001:020,lender:vridhi,1350.0,loan_repayment,upi,440001,0.0,True
tx-202507-00001871,2025-07-01T00:00:00Z,farmer:440001:021,utility:440001,630.0,utility_payment,upi,440001,0.0,True
tx-202507-00001872,2025-07-01T00:00:00Z,farmer:440001:022,lender:vridhi,1350.0,loan_repayment,upi,440001,0.0,True
tx-202507-00001873,2025-07-01T00:00:00Z,farmer:440001:023,retailer:440001:01,2527.61,kirana_purchase,upi,440001,0.0,True
tx-202507-00001874,2025-07-01T00:00:00Z,farmer:440001:023,utility:440001,505.0,utility_payment,upi,440001,0.0,True
tx-202507-00001875,2025-07-01T00:00:00Z,farmer:440001:023,lender:vridhi,1350.0,loan_repayment,upi,440001,0.0,True
tx-202507-00001876,2025-07-01T00:00:00Z,farmer:440001:024,retailer:440001:03,2367.88,kirana_purchase,upi,440001,0.0,True
tx-202507-00001877,2025-07-01T00:00:00Z,farmer:440001:024,utility:440001,630.0,utility_payment,upi,440001,0.0,True
tx-202507-00001878,2025-07-01T00:00:00Z,farmer:440001:024,lender:vridhi,1350.0,loan_repayment,upi,440001,0.0,True
tx-202507-00001879,2025-07-01T00:00:00Z,farmer:440001:025,lender:vridhi,1350.0,loan_repayment,upi,440001,0.0,True
tx-202507-00001880,2025-07-01T00:00:00Z,farmer:440001:026,retailer:440001:01,1827.55,kirana_purchase,upi,440001,0.0,True
tx-202507-00001881,2025-07-01T00:00:00Z,farmer:440001:026,utility:440001,630.0,utility_payment,upi,440001,0.0,True
tx-202507-00001882,2025-07-01T00:00:00Z,farmer:440001:026,lender:vridhi,1350.0,loan_repayment,upi,440001,0.0,True
tx-202507-00001883,2025-07-01T00:00:00Z,farmer:440001:027,utility:440001,505.0,utility_payment,upi,440001,0.0,True
tx-202507-00001884,2025-07-01T00:00:00Z,farmer:440001:027,lender:vridhi,1350.0,loan_repayment,upi,440001,0.0,True
tx-202507-00001885,2025-07-01T00:00:00Z,farmer:440001:028,utility:440001,630.0,utility_payment,upi,440001,0.0,True
tx-202507-00001886,2025-07-01T00:00:00Z,farmer:440001:028,lender:vridhi,1350.0,loan_repayment,upi,440001,0.0,True
tx-202507-00001887,2025-07-01T00:00:00Z,farmer:440001:029,retailer:440001:02,2279.36,kirana_purchase,upi,440001,0.0,True
tx-202507-00001888,2025-07-01T00:00:00Z,farmer:440001:029,utility:440001,630.0,utility_payment,upi,440001,0.0,True
tx-202507-00001889,2025-07-01T00:00:00Z,farmer:440001:029,lender:vridhi,1350.0,loan_repayment,upi,440001,0.0,True
tx-202507-00001890,2025-07-01T00:00:00Z,farmer:440001:030,retailer:440001:02,1861.94,kirana_purchase,upi,440001,0.0,True
tx-202507-00001891,2025-07-01T00:00:00Z,farmer:440001:030,utility:440001,505.0,utility_payment,upi,440001,0.0,True
tx-202507-00001892,2025-07-01T00:00:00Z,farmer:440001:030,lender:vridhi,1350.0,loan_repayment,upi,440001,0.0,True
tx-202507-00001893,2025-07-01T00:00:00Z,farmer:440001:031,retailer:440001:01,1641.3,kirana_purchase,upi,440001,0.0,True
tx-202507-00001894,2025-07-01T00:00:00Z,farmer:440001:031,utility:440001,630.0,utility_payment,upi,440001,0.0,True
tx-202507-00001895,2025-07-01T00:00:00Z,farmer:440001:031,lender:vridhi,1350.0,loan_repayment,upi,440001,0.0,True
tx-202507-00001896,2025-07-01T00:00:00Z,farmer:440001:032,retailer:440001:03,2459.59,kirana_purchase,upi,440001,0.0,True
tx-202507-00001897,2025-07-01T00:00:00Z,farmer:440001:032,utility:440001,630.0,utility_payment,upi,440001,0.0,True
tx-202507-00001898,2025-07-01T00:00:00Z,farmer:440001:033,retailer:440001:04,2509.41,kirana_purchase,upi,440001,0.0,True
tx-202507-00001899,2025-07-01T00:00:00Z,farmer:440001:033,lender:vridhi,1350.0,loan_repayment,upi,440001,0.0,True
tx-202507-00001900,2025-07-01T00:00:00Z,farmer:440001:034,utility:440001,630.0,utility_payment,upi,440001,0.0,True
tx-202507-00001901,2025-07-01T00:00:00Z,farmer:440001:034,lender:vridhi,1350.0,loan_repayment,upi,440001,0.0,True
tx-202507-00001902,2025-07-01T00:00:00Z,retailer:440001:01,wholesaler:440001:01,13931.33,retailer_restock,upi,440001,0.0,True
tx-202507-00001903,2025-07-01T00:00:00Z,retailer:440001:01,utility:440001,1050.0,utility_payment,upi,440001,0.0,True
tx-202507-00001904,2025-07-01T00:00:00Z,retailer:440001:02,wholesaler:440001:01,14077.13,retailer_restock,upi,440001,0.0,True
tx-202507-00001905,2025-07-01T00:00:00Z,retailer:440001:02,utility:440001,1050.0,utility_payment,upi,440001,0.0,True
tx-202507-00001906,2025-07-01T00:00:00Z,retailer:440001:03,wholesaler:440001:01,11792.59,retailer_restock,upi,440001,0.0,True
tx-202507-00001907,2025-07-01T00:00:00Z,retailer:440001:03,utility:440001,1050.0,utility_payment,upi,440001,0.0,True
tx-202507-00001908,2025-07-01T00:00:00Z,retailer:440001:04,wholesaler:440001:01,5521.5,retailer_restock,upi,440001,0.0,True
tx-202507-00001909,2025-07-01T00:00:00Z,retailer:440001:04,utility:440001,1050.0,utility_payment,upi,440001,0.0,True
tx-202507-00001910,2025-07-01T00:00:00Z,wholesaler:440001:01,utility:440001,2400.0,utility_payment,upi,440001,0.0,True
tx-202508-00001911,2025-08-01T00:00:00Z,farmer:413001:002,retailer:413001:01,1884.28,kirana_purchase,upi,413001,0.0,True
tx-202508-00001912,2025-08-01T00:00:00Z,farmer:413001:002,utility:413001,505.0,utility_payment,upi,413001,0.0,True
tx-202508-00001913,2025-08-01T00:00:00Z,farmer:413001:002,lender:vridhi,1350.0,loan_repayment,upi,413001,0.0,True
tx-202508-00001914,2025-08-01T00:00:00Z,farmer:413001:003,retailer:413001:03,1540.24,kirana_purchase,upi,413001,0.0,True
tx-202508-00001915,2025-08-01T00:00:00Z,farmer:413001:003,utility:413001,630.0,utility_payment,upi,413001,0.0,True
tx-202508-00001916,2025-08-01T00:00:00Z,farmer:413001:003,lender:vridhi,1350.0,loan_repayment,upi,413001,0.0,True
tx-202508-00001917,2025-08-01T00:00:00Z,farmer:413001:004,utility:413001,505.0,utility_payment,upi,413001,0.0,True
tx-202508-00001918,2025-08-01T00:00:00Z,farmer:413001:004,lender:vridhi,1350.0,loan_repayment,upi,413001,0.0,True
tx-202508-00001919,2025-08-01T00:00:00Z,farmer:413001:005,retailer:413001:03,2924.6,kirana_purchase,upi,413001,0.0,True
tx-202508-00001920,2025-08-01T00:00:00Z,farmer:413001:005,utility:413001,505.0,utility_payment,upi,413001,0.0,True
tx-202508-00001921,2025-08-01T00:00:00Z,farmer:413001:005,lender:vridhi,1350.0,loan_repayment,upi,413001,0.0,True
tx-202508-00001922,2025-08-01T00:00:00Z,farmer:413001:006,retailer:413001:01,2986.58,kirana_purchase,upi,413001,0.0,True
tx-202508-00001923,2025-08-01T00:00:00Z,farmer:413001:006,utility:413001,630.0,utility_payment,upi,413001,0.0,True
tx-202508-00001924,2025-08-01T00:00:00Z,farmer:413001:006,lender:vridhi,1350.0,loan_repayment,upi,413001,0.0,True
tx-202508-00001925,2025-08-01T00:00:00Z,farmer:413001:007,retailer:413001:02,2301.11,kirana_purchase,upi,413001,0.0,True
tx-202508-00001926,2025-08-01T00:00:00Z,farmer:413001:007,lender:vridhi,1350.0,loan_repayment,upi,413001,0.0,True
tx-202508-00001927,2025-08-01T00:00:00Z,farmer:413001:008,retailer:413001:02,3017.86,kirana_purchase,upi,413001,0.0,True
tx-202508-00001928,2025-08-01T00:00:00Z,farmer:413001:008,utility:413001,630.0,utility_payment,upi,413001,0.0,True
tx-202508-00001929,2025-08-01T00:00:00Z,farmer:413001:008,lender:vridhi,1350.0,loan_repayment,upi,413001,0.0,True
tx-202508-00001930,2025-08-01T00:00:00Z,farmer:413001:009,retailer:413001:01,2039.53,kirana_purchase,upi,413001,0.0,True
tx-202508-00001931,2025-08-01T00:00:00Z,farmer:413001:009,utility:413001,630.0,utility_payment,upi,413001,0.0,True
tx-202508-00001932,2025-08-01T00:00:00Z,farmer:413001:009,lender:vridhi,1350.0,loan_repayment,upi,413001,0.0,True
tx-202508-00001933,2025-08-01T00:00:00Z,farmer:413001:010,retailer:413001:03,2830.22,kirana_purchase,upi,413001,0.0,True
tx-202508-00001934,2025-08-01T00:00:00Z,farmer:413001:011,utility:413001,630.0,utility_payment,upi,413001,0.0,True
tx-202508-00001935,2025-08-01T00:00:00Z,farmer:413001:011,lender:vridhi,1350.0,loan_repayment,upi,413001,0.0,True
tx-202508-00001936,2025-08-01T00:00:00Z,farmer:413001:012,retailer:413001:04,2566.78,kirana_purchase,upi,413001,0.0,True
tx-202508-00001937,2025-08-01T00:00:00Z,farmer:413001:012,utility:413001,630.0,utility_payment,upi,413001,0.0,True
tx-202508-00001938,2025-08-01T00:00:00Z,farmer:413001:013,retailer:413001:02,2159.47,kirana_purchase,upi,413001,0.0,True
tx-202508-00001939,2025-08-01T00:00:00Z,farmer:413001:013,utility:413001,630.0,utility_payment,upi,413001,0.0,True
tx-202508-00001940,2025-08-01T00:00:00Z,farmer:413001:013,lender:vridhi,1350.0,loan_repayment,upi,413001,0.0,True
tx-202508-00001941,2025-08-01T00:00:00Z,farmer:413001:014,retailer:413001:03,2213.59,kirana_purchase,upi,413001,0.0,True
tx-202508-00001942,2025-08-01T00:00:00Z,farmer:413001:014,utility:413001,630.0,utility_payment,upi,413001,0.0,True
tx-202508-00001943,2025-08-01T00:00:00Z,farmer:413001:014,lender:vridhi,1350.0,loan_repayment,upi,413001,0.0,True
tx-202508-00001944,2025-08-01T00:00:00Z,farmer:413001:015,retailer:413001:02,2916.4,kirana_purchase,upi,413001,0.0,True
tx-202508-00001945,2025-08-01T00:00:00Z,farmer:413001:015,lender:vridhi,1076.69,loan_repayment,upi,413001,0.0,True
tx-202508-00001946,2025-08-01T00:00:00Z,farmer:413001:016,lender:vridhi,1350.0,loan_repayment,upi,413001,0.0,True
tx-202508-00001947,2025-08-01T00:00:00Z,farmer:413001:017,retailer:413001:02,1989.74,kirana_purchase,upi,413001,0.0,True
tx-202508-00001948,2025-08-01T00:00:00Z,farmer:413001:017,lender:vridhi,1350.0,loan_repayment,upi,413001,0.0,True
tx-202508-00001949,2025-08-01T00:00:00Z,farmer:413001:018,retailer:413001:03,2877.19,kirana_purchase,upi,413001,0.0,True
tx-202508-00001950,2025-08-01T00:00:00Z,farmer:413001:018,utility:413001,505.0,utility_payment,upi,413001,0.0,True
tx-202508-00001951,2025-08-01T00:00:00Z,farmer:413001:018,lender:vridhi,1350.0,loan_repayment,upi,413001,0.0,True
tx-202508-00001952,2025-08-01T00:00:00Z,farmer:413001:019,retailer:413001:04,3084.03,kirana_purchase,upi,413001,0.0,True
tx-202508-00001953,2025-08-01T00:00:00Z,farmer:413001:020,retailer:413001:03,1708.33,kirana_purchase,upi,413001,0.0,True
tx-202508-00001954,2025-08-01T00:00:00Z,farmer:413001:020,utility:413001,630.0,utility_payment,upi,413001,0.0,True
tx-202508-00001955,2025-08-01T00:00:00Z,farmer:413001:020,lender:vridhi,1350.0,loan_repayment,upi,413001,0.0,True
tx-202508-00001956,2025-08-01T00:00:00Z,farmer:413001:021,retailer:413001:03,2479.53,kirana_purchase,upi,413001,0.0,True
tx-202508-00001957,2025-08-01T00:00:00Z,farmer:413001:021,utility:413001,630.0,utility_payment,upi,413001,0.0,True
tx-202508-00001958,2025-08-01T00:00:00Z,farmer:413001:021,lender:vridhi,1350.0,loan_repayment,upi,413001,0.0,True
tx-202508-00001959,2025-08-01T00:00:00Z,farmer:413001:022,utility:413001,630.0,utility_payment,upi,413001,0.0,True
tx-202508-00001960,2025-08-01T00:00:00Z,farmer:413001:022,lender:vridhi,1350.0,loan_repayment,upi,413001,0.0,True
tx-202508-00001961,2025-08-01T00:00:00Z,farmer:413001:023,retailer:413001:04,2660.43,kirana_purchase,upi,413001,0.0,True
tx-202508-00001962,2025-08-01T00:00:00Z,farmer:413001:023,lender:vridhi,1131.54,loan_repayment,upi,413001,0.0,True
tx-202508-00001963,2025-08-01T00:00:00Z,farmer:413001:024,retailer:413001:02,1728.44,kirana_purchase,upi,413001,0.0,True
tx-202508-00001964,2025-08-01T00:00:00Z,farmer:413001:024,utility:413001,505.0,utility_payment,upi,413001,0.0,True
tx-202508-00001965,2025-08-01T00:00:00Z,farmer:413001:025,retailer:413001:03,3065.34,kirana_purchase,upi,413001,0.0,True
tx-202508-00001966,2025-08-01T00:00:00Z,farmer:413001:025,utility:413001,630.0,utility_payment,upi,413001,0.0,True
tx-202508-00001967,2025-08-01T00:00:00Z,farmer:413001:025,lender:vridhi,1350.0,loan_repayment,upi,413001,0.0,True
tx-202508-00001968,2025-08-01T00:00:00Z,farmer:413001:027,lender:vridhi,1350.0,loan_repayment,upi,413001,0.0,True
tx-202508-00001969,2025-08-01T00:00:00Z,farmer:413001:028,lender:vridhi,1350.0,loan_repayment,upi,413001,0.0,True
tx-202508-00001970,2025-08-01T00:00:00Z,farmer:413001:029,retailer:413001:01,2335.1,kirana_purchase,upi,413001,0.0,True
tx-202508-00001971,2025-08-01T00:00:00Z,farmer:413001:029,lender:vridhi,1350.0,loan_repayment,upi,413001,0.0,True
tx-202508-00001972,2025-08-01T00:00:00Z,farmer:413001:031,retailer:413001:04,3122.51,kirana_purchase,upi,413001,0.0,True
tx-202508-00001973,2025-08-01T00:00:00Z,farmer:413001:031,utility:413001,505.0,utility_payment,upi,413001,0.0,True
tx-202508-00001974,2025-08-01T00:00:00Z,farmer:413001:031,lender:vridhi,1350.0,loan_repayment,upi,413001,0.0,True
tx-202508-00001975,2025-08-01T00:00:00Z,farmer:413001:032,retailer:413001:01,1772.75,kirana_purchase,upi,413001,0.0,True
tx-202508-00001976,2025-08-01T00:00:00Z,farmer:413001:032,lender:vridhi,1350.0,loan_repayment,upi,413001,0.0,True
tx-202508-00001977,2025-08-01T00:00:00Z,farmer:413001:033,retailer:413001:03,2234.29,kirana_purchase,upi,413001,0.0,True
tx-202508-00001978,2025-08-01T00:00:00Z,farmer:413001:033,utility:413001,630.0,utility_payment,upi,413001,0.0,True
tx-202508-00001979,2025-08-01T00:00:00Z,farmer:413001:033,lender:vridhi,1350.0,loan_repayment,upi,413001,0.0,True
tx-202508-00001980,2025-08-01T00:00:00Z,farmer:413001:034,retailer:413001:02,2238.08,kirana_purchase,upi,413001,0.0,True
tx-202508-00001981,2025-08-01T00:00:00Z,farmer:413001:034,utility:413001,630.0,utility_payment,upi,413001,0.0,True
tx-202508-00001982,2025-08-01T00:00:00Z,farmer:413001:034,lender:vridhi,1350.0,loan_repayment,upi,413001,0.0,True
tx-202508-00001983,2025-08-01T00:00:00Z,farmer:413001:035,lender:vridhi,1350.0,loan_repayment,upi,413001,0.0,True
tx-202508-00001984,2025-08-01T00:00:00Z,retailer:413001:01,wholesaler:413001:01,10848.63,retailer_restock,upi,413001,0.0,True
tx-202508-00001985,2025-08-01T00:00:00Z,retailer:413001:01,utility:413001,1050.0,utility_payment,upi,413001,0.0,True
tx-202508-00001986,2025-08-01T00:00:00Z,retailer:413001:02,wholesaler:413001:01,14134.16,retailer_restock,upi,413001,0.0,True
tx-202508-00001987,2025-08-01T00:00:00Z,retailer:413001:02,utility:413001,1050.0,utility_payment,upi,413001,0.0,True
tx-202508-00001988,2025-08-01T00:00:00Z,retailer:413001:03,wholesaler:413001:01,14448.64,retailer_restock,upi,413001,0.0,True
tx-202508-00001989,2025-08-01T00:00:00Z,retailer:413001:03,utility:413001,1050.0,utility_payment,upi,413001,0.0,True
tx-202508-00001990,2025-08-01T00:00:00Z,retailer:413001:04,utility:413001,1050.0,utility_payment,upi,413001,0.0,True
tx-202508-00001991,2025-08-01T00:00:00Z,wholesaler:413001:01,utility:413001,2400.0,utility_payment,upi,413001,0.0,True
tx-202508-00001992,2025-08-01T00:00:00Z,farmer:431001:001,retailer:431001:04,2527.92,kirana_purchase,upi,431001,0.0,True
tx-202508-00001993,2025-08-01T00:00:00Z,farmer:431001:001,lender:vridhi,1350.0,loan_repayment,upi,431001,0.0,True
tx-202508-00001994,2025-08-01T00:00:00Z,farmer:431001:002,retailer:431001:02,2093.75,kirana_purchase,upi,431001,0.0,True
tx-202508-00001995,2025-08-01T00:00:00Z,farmer:431001:003,retailer:431001:02,1725.61,kirana_purchase,upi,431001,0.0,True
tx-202508-00001996,2025-08-01T00:00:00Z,farmer:431001:003,lender:vridhi,1350.0,loan_repayment,upi,431001,0.0,True
tx-202508-00001997,2025-08-01T00:00:00Z,farmer:431001:004,utility:431001,630.0,utility_payment,upi,431001,0.0,True
tx-202508-00001998,2025-08-01T00:00:00Z,farmer:431001:004,lender:vridhi,1350.0,loan_repayment,upi,431001,0.0,True
tx-202508-00001999,2025-08-01T00:00:00Z,farmer:431001:005,utility:431001,630.0,utility_payment,upi,431001,0.0,True
tx-202508-00002000,2025-08-01T00:00:00Z,farmer:431001:005,lender:vridhi,1350.0,loan_repayment,upi,431001,0.0,True
tx-202508-00002001,2025-08-01T00:00:00Z,farmer:431001:006,utility:431001,630.0,utility_payment,upi,431001,0.0,True
tx-202508-00002002,2025-08-01T00:00:00Z,farmer:431001:006,lender:vridhi,1350.0,loan_repayment,upi,431001,0.0,True
tx-202508-00002003,2025-08-01T00:00:00Z,farmer:431001:007,retailer:431001:04,1854.39,kirana_purchase,upi,431001,0.0,True
tx-202508-00002004,2025-08-01T00:00:00Z,farmer:431001:007,utility:431001,630.0,utility_payment,upi,431001,0.0,True
tx-202508-00002005,2025-08-01T00:00:00Z,farmer:431001:007,lender:vridhi,1350.0,loan_repayment,upi,431001,0.0,True
tx-202508-00002006,2025-08-01T00:00:00Z,farmer:431001:008,retailer:431001:01,2472.07,kirana_purchase,upi,431001,0.0,True
tx-202508-00002007,2025-08-01T00:00:00Z,farmer:431001:008,lender:vridhi,1350.0,loan_repayment,upi,431001,0.0,True
tx-202508-00002008,2025-08-01T00:00:00Z,farmer:431001:009,retailer:431001:02,1533.16,kirana_purchase,upi,431001,0.0,True
tx-202508-00002009,2025-08-01T00:00:00Z,farmer:431001:009,utility:431001,630.0,utility_payment,upi,431001,0.0,True
tx-202508-00002010,2025-08-01T00:00:00Z,farmer:431001:009,lender:vridhi,1350.0,loan_repayment,upi,431001,0.0,True
tx-202508-00002011,2025-08-01T00:00:00Z,farmer:431001:010,utility:431001,630.0,utility_payment,upi,431001,0.0,True
tx-202508-00002012,2025-08-01T00:00:00Z,farmer:431001:011,utility:431001,505.0,utility_payment,upi,431001,0.0,True
tx-202508-00002013,2025-08-01T00:00:00Z,farmer:431001:011,lender:vridhi,1350.0,loan_repayment,upi,431001,0.0,True
tx-202508-00002014,2025-08-01T00:00:00Z,farmer:431001:012,utility:431001,630.0,utility_payment,upi,431001,0.0,True
tx-202508-00002015,2025-08-01T00:00:00Z,farmer:431001:012,lender:vridhi,1350.0,loan_repayment,upi,431001,0.0,True
tx-202508-00002016,2025-08-01T00:00:00Z,farmer:431001:013,lender:vridhi,1350.0,loan_repayment,upi,431001,0.0,True
tx-202508-00002017,2025-08-01T00:00:00Z,farmer:431001:014,retailer:431001:01,1947.82,kirana_purchase,upi,431001,0.0,True
tx-202508-00002018,2025-08-01T00:00:00Z,farmer:431001:014,lender:vridhi,1350.0,loan_repayment,upi,431001,0.0,True
tx-202508-00002019,2025-08-01T00:00:00Z,farmer:431001:015,utility:431001,630.0,utility_payment,upi,431001,0.0,True
tx-202508-00002020,2025-08-01T00:00:00Z,farmer:431001:015,lender:vridhi,1350.0,loan_repayment,upi,431001,0.0,True
tx-202508-00002021,2025-08-01T00:00:00Z,farmer:431001:017,utility:431001,630.0,utility_payment,upi,431001,0.0,True
tx-202508-00002022,2025-08-01T00:00:00Z,farmer:431001:017,lender:vridhi,1350.0,loan_repayment,upi,431001,0.0,True
tx-202508-00002023,2025-08-01T00:00:00Z,farmer:431001:018,retailer:431001:03,3026.08,kirana_purchase,upi,431001,0.0,True
tx-202508-00002024,2025-08-01T00:00:00Z,farmer:431001:018,utility:431001,505.0,utility_payment,upi,431001,0.0,True
tx-202508-00002025,2025-08-01T00:00:00Z,farmer:431001:018,lender:vridhi,1350.0,loan_repayment,upi,431001,0.0,True
tx-202508-00002026,2025-08-01T00:00:00Z,farmer:431001:019,retailer:431001:04,2287.26,kirana_purchase,upi,431001,0.0,True
tx-202508-00002027,2025-08-01T00:00:00Z,farmer:431001:019,utility:431001,505.0,utility_payment,upi,431001,0.0,True
tx-202508-00002028,2025-08-01T00:00:00Z,farmer:431001:019,lender:vridhi,1350.0,loan_repayment,upi,431001,0.0,True
tx-202508-00002029,2025-08-01T00:00:00Z,farmer:431001:020,retailer:431001:02,1452.69,kirana_purchase,upi,431001,0.0,True
tx-202508-00002030,2025-08-01T00:00:00Z,farmer:431001:020,utility:431001,505.0,utility_payment,upi,431001,0.0,True
tx-202508-00002031,2025-08-01T00:00:00Z,farmer:431001:020,lender:vridhi,1350.0,loan_repayment,upi,431001,0.0,True
tx-202508-00002032,2025-08-01T00:00:00Z,farmer:431001:021,utility:431001,505.0,utility_payment,upi,431001,0.0,True
tx-202508-00002033,2025-08-01T00:00:00Z,farmer:431001:021,lender:vridhi,1350.0,loan_repayment,upi,431001,0.0,True
tx-202508-00002034,2025-08-01T00:00:00Z,farmer:431001:022,retailer:431001:02,1469.21,kirana_purchase,upi,431001,0.0,True
tx-202508-00002035,2025-08-01T00:00:00Z,farmer:431001:022,utility:431001,505.0,utility_payment,upi,431001,0.0,True
tx-202508-00002036,2025-08-01T00:00:00Z,farmer:431001:022,lender:vridhi,1350.0,loan_repayment,upi,431001,0.0,True
tx-202508-00002037,2025-08-01T00:00:00Z,farmer:431001:023,retailer:431001:03,1960.48,kirana_purchase,upi,431001,0.0,True
tx-202508-00002038,2025-08-01T00:00:00Z,farmer:431001:023,lender:vridhi,1350.0,loan_repayment,upi,431001,0.0,True
tx-202508-00002039,2025-08-01T00:00:00Z,farmer:431001:025,retailer:431001:01,2864.47,kirana_purchase,upi,431001,0.0,True
tx-202508-00002040,2025-08-01T00:00:00Z,farmer:431001:026,utility:431001,630.0,utility_payment,upi,431001,0.0,True
tx-202508-00002041,2025-08-01T00:00:00Z,farmer:431001:026,lender:vridhi,1350.0,loan_repayment,upi,431001,0.0,True
tx-202508-00002042,2025-08-01T00:00:00Z,farmer:431001:027,retailer:431001:04,2966.5,kirana_purchase,upi,431001,0.0,True
tx-202508-00002043,2025-08-01T00:00:00Z,farmer:431001:027,utility:431001,505.0,utility_payment,upi,431001,0.0,True
tx-202508-00002044,2025-08-01T00:00:00Z,farmer:431001:027,lender:vridhi,1350.0,loan_repayment,upi,431001,0.0,True
tx-202508-00002045,2025-08-01T00:00:00Z,farmer:431001:028,retailer:431001:04,3027.24,kirana_purchase,upi,431001,0.0,True
tx-202508-00002046,2025-08-01T00:00:00Z,farmer:431001:028,utility:431001,630.0,utility_payment,upi,431001,0.0,True
tx-202508-00002047,2025-08-01T00:00:00Z,farmer:431001:028,lender:vridhi,1350.0,loan_repayment,upi,431001,0.0,True
tx-202508-00002048,2025-08-01T00:00:00Z,farmer:431001:029,retailer:431001:03,2393.8,kirana_purchase,upi,431001,0.0,True
tx-202508-00002049,2025-08-01T00:00:00Z,farmer:431001:029,utility:431001,505.0,utility_payment,upi,431001,0.0,True
tx-202508-00002050,2025-08-01T00:00:00Z,farmer:431001:029,lender:vridhi,1350.0,loan_repayment,upi,431001,0.0,True
tx-202508-00002051,2025-08-01T00:00:00Z,farmer:431001:030,retailer:431001:03,1562.56,kirana_purchase,upi,431001,0.0,True
tx-202508-00002052,2025-08-01T00:00:00Z,farmer:431001:030,lender:vridhi,1350.0,loan_repayment,upi,431001,0.0,True
tx-202508-00002053,2025-08-01T00:00:00Z,farmer:431001:031,utility:431001,630.0,utility_payment,upi,431001,0.0,True
tx-202508-00002054,2025-08-01T00:00:00Z,farmer:431001:031,lender:vridhi,1350.0,loan_repayment,upi,431001,0.0,True
tx-202508-00002055,2025-08-01T00:00:00Z,farmer:431001:032,lender:vridhi,1350.0,loan_repayment,upi,431001,0.0,True
tx-202508-00002056,2025-08-01T00:00:00Z,farmer:431001:033,retailer:431001:01,1911.55,kirana_purchase,upi,431001,0.0,True
tx-202508-00002057,2025-08-01T00:00:00Z,farmer:431001:033,lender:vridhi,1350.0,loan_repayment,upi,431001,0.0,True
tx-202508-00002058,2025-08-01T00:00:00Z,farmer:431001:034,retailer:431001:03,1817.44,kirana_purchase,upi,431001,0.0,True
tx-202508-00002059,2025-08-01T00:00:00Z,farmer:431001:034,utility:431001,505.0,utility_payment,upi,431001,0.0,True
tx-202508-00002060,2025-08-01T00:00:00Z,farmer:431001:034,lender:vridhi,1350.0,loan_repayment,upi,431001,0.0,True
tx-202508-00002061,2025-08-01T00:00:00Z,farmer:431001:035,retailer:431001:02,3002.7,kirana_purchase,upi,431001,0.0,True
tx-202508-00002062,2025-08-01T00:00:00Z,farmer:431001:035,utility:431001,505.0,utility_payment,upi,431001,0.0,True
tx-202508-00002063,2025-08-01T00:00:00Z,farmer:431001:035,lender:vridhi,1350.0,loan_repayment,upi,431001,0.0,True
tx-202508-00002064,2025-08-01T00:00:00Z,retailer:431001:01,wholesaler:431001:01,14288.75,retailer_restock,upi,431001,0.0,True
tx-202508-00002065,2025-08-01T00:00:00Z,retailer:431001:02,wholesaler:431001:01,11106.07,retailer_restock,upi,431001,0.0,True
tx-202508-00002066,2025-08-01T00:00:00Z,retailer:431001:02,utility:431001,1050.0,utility_payment,upi,431001,0.0,True
tx-202508-00002067,2025-08-01T00:00:00Z,retailer:431001:04,wholesaler:431001:01,14114.99,retailer_restock,upi,431001,0.0,True
tx-202508-00002068,2025-08-01T00:00:00Z,retailer:431001:04,utility:431001,1050.0,utility_payment,upi,431001,0.0,True
tx-202508-00002069,2025-08-01T00:00:00Z,wholesaler:431001:01,utility:431001,2400.0,utility_payment,upi,431001,0.0,True
tx-202508-00002070,2025-08-01T00:00:00Z,farmer:440001:001,retailer:440001:04,2663.25,kirana_purchase,upi,440001,0.0,True
tx-202508-00002071,2025-08-01T00:00:00Z,farmer:440001:001,utility:440001,505.0,utility_payment,upi,440001,0.0,True
tx-202508-00002072,2025-08-01T00:00:00Z,farmer:440001:002,utility:440001,505.0,utility_payment,upi,440001,0.0,True
tx-202508-00002073,2025-08-01T00:00:00Z,farmer:440001:002,lender:vridhi,1350.0,loan_repayment,upi,440001,0.0,True
tx-202508-00002074,2025-08-01T00:00:00Z,farmer:440001:003,utility:440001,630.0,utility_payment,upi,440001,0.0,True
tx-202508-00002075,2025-08-01T00:00:00Z,farmer:440001:003,lender:vridhi,1350.0,loan_repayment,upi,440001,0.0,True
tx-202508-00002076,2025-08-01T00:00:00Z,farmer:440001:004,retailer:440001:02,1777.33,kirana_purchase,upi,440001,0.0,True
tx-202508-00002077,2025-08-01T00:00:00Z,farmer:440001:004,utility:440001,505.0,utility_payment,upi,440001,0.0,True
tx-202508-00002078,2025-08-01T00:00:00Z,farmer:440001:004,lender:vridhi,1350.0,loan_repayment,upi,440001,0.0,True
tx-202508-00002079,2025-08-01T00:00:00Z,farmer:440001:005,retailer:440001:01,1913.51,kirana_purchase,upi,440001,0.0,True
tx-202508-00002080,2025-08-01T00:00:00Z,farmer:440001:005,utility:440001,630.0,utility_payment,upi,440001,0.0,True
tx-202508-00002081,2025-08-01T00:00:00Z,farmer:440001:006,retailer:440001:01,1801.18,kirana_purchase,upi,440001,0.0,True
tx-202508-00002082,2025-08-01T00:00:00Z,farmer:440001:006,utility:440001,630.0,utility_payment,upi,440001,0.0,True
tx-202508-00002083,2025-08-01T00:00:00Z,farmer:440001:006,lender:vridhi,1350.0,loan_repayment,upi,440001,0.0,True
tx-202508-00002084,2025-08-01T00:00:00Z,farmer:440001:007,retailer:440001:03,2425.94,kirana_purchase,upi,440001,0.0,True
tx-202508-00002085,2025-08-01T00:00:00Z,farmer:440001:007,utility:440001,505.0,utility_payment,upi,440001,0.0,True
tx-202508-00002086,2025-08-01T00:00:00Z,farmer:440001:008,retailer:440001:04,1536.23,kirana_purchase,upi,440001,0.0,True
tx-202508-00002087,2025-08-01T00:00:00Z,farmer:440001:008,lender:vridhi,1350.0,loan_repayment,upi,440001,0.0,True
tx-202508-00002088,2025-08-01T00:00:00Z,farmer:440001:009,retailer:440001:04,1541.46,kirana_purchase,upi,440001,0.0,True
tx-202508-00002089,2025-08-01T00:00:00Z,farmer:440001:009,utility:440001,505.0,utility_payment,upi,440001,0.0,True
tx-202508-00002090,2025-08-01T00:00:00Z,farmer:440001:009,lender:vridhi,1350.0,loan_repayment,upi,440001,0.0,True
tx-202508-00002091,2025-08-01T00:00:00Z,farmer:440001:010,retailer:440001:04,2497.74,kirana_purchase,upi,440001,0.0,True
tx-202508-00002092,2025-08-01T00:00:00Z,farmer:440001:010,lender:vridhi,1350.0,loan_repayment,upi,440001,0.0,True
tx-202508-00002093,2025-08-01T00:00:00Z,farmer:440001:011,utility:440001,505.0,utility_payment,upi,440001,0.0,True
tx-202508-00002094,2025-08-01T00:00:00Z,farmer:440001:011,lender:vridhi,1350.0,loan_repayment,upi,440001,0.0,True
tx-202508-00002095,2025-08-01T00:00:00Z,farmer:440001:012,retailer:440001:04,1615.35,kirana_purchase,upi,440001,0.0,True
tx-202508-00002096,2025-08-01T00:00:00Z,farmer:440001:012,utility:440001,630.0,utility_payment,upi,440001,0.0,True
tx-202508-00002097,2025-08-01T00:00:00Z,farmer:440001:012,lender:vridhi,1350.0,loan_repayment,upi,440001,0.0,True
tx-202508-00002098,2025-08-01T00:00:00Z,farmer:440001:013,retailer:440001:04,1843.88,kirana_purchase,upi,440001,0.0,True
tx-202508-00002099,2025-08-01T00:00:00Z,farmer:440001:013,lender:vridhi,1350.0,loan_repayment,upi,440001,0.0,True
tx-202508-00002100,2025-08-01T00:00:00Z,farmer:440001:014,utility:440001,505.0,utility_payment,upi,440001,0.0,True
tx-202508-00002101,2025-08-01T00:00:00Z,farmer:440001:014,lender:vridhi,1350.0,loan_repayment,upi,440001,0.0,True
tx-202508-00002102,2025-08-01T00:00:00Z,farmer:440001:015,retailer:440001:03,2220.58,kirana_purchase,upi,440001,0.0,True
tx-202508-00002103,2025-08-01T00:00:00Z,farmer:440001:015,utility:440001,505.0,utility_payment,upi,440001,0.0,True
tx-202508-00002104,2025-08-01T00:00:00Z,farmer:440001:015,lender:vridhi,1350.0,loan_repayment,upi,440001,0.0,True
tx-202508-00002105,2025-08-01T00:00:00Z,farmer:440001:016,retailer:440001:04,1755.16,kirana_purchase,upi,440001,0.0,True
tx-202508-00002106,2025-08-01T00:00:00Z,farmer:440001:017,retailer:440001:03,2477.55,kirana_purchase,upi,440001,0.0,True
tx-202508-00002107,2025-08-01T00:00:00Z,farmer:440001:017,utility:440001,505.0,utility_payment,upi,440001,0.0,True
tx-202508-00002108,2025-08-01T00:00:00Z,farmer:440001:017,lender:vridhi,1350.0,loan_repayment,upi,440001,0.0,True
tx-202508-00002109,2025-08-01T00:00:00Z,farmer:440001:018,retailer:440001:01,2003.98,kirana_purchase,upi,440001,0.0,True
tx-202508-00002110,2025-08-01T00:00:00Z,farmer:440001:018,lender:vridhi,1350.0,loan_repayment,upi,440001,0.0,True
tx-202508-00002111,2025-08-01T00:00:00Z,farmer:440001:019,retailer:440001:04,2453.91,kirana_purchase,upi,440001,0.0,True
tx-202508-00002112,2025-08-01T00:00:00Z,farmer:440001:019,utility:440001,630.0,utility_payment,upi,440001,0.0,True
tx-202508-00002113,2025-08-01T00:00:00Z,farmer:440001:019,lender:vridhi,1350.0,loan_repayment,upi,440001,0.0,True
tx-202508-00002114,2025-08-01T00:00:00Z,farmer:440001:020,retailer:440001:04,2102.49,kirana_purchase,upi,440001,0.0,True
tx-202508-00002115,2025-08-01T00:00:00Z,farmer:440001:020,lender:vridhi,1350.0,loan_repayment,upi,440001,0.0,True
tx-202508-00002116,2025-08-01T00:00:00Z,farmer:440001:021,retailer:440001:04,2414.26,kirana_purchase,upi,440001,0.0,True
tx-202508-00002117,2025-08-01T00:00:00Z,farmer:440001:021,lender:vridhi,1350.0,loan_repayment,upi,440001,0.0,True
tx-202508-00002118,2025-08-01T00:00:00Z,farmer:440001:023,retailer:440001:04,1644.35,kirana_purchase,upi,440001,0.0,True
tx-202508-00002119,2025-08-01T00:00:00Z,farmer:440001:023,utility:440001,505.0,utility_payment,upi,440001,0.0,True
tx-202508-00002120,2025-08-01T00:00:00Z,farmer:440001:023,lender:vridhi,1350.0,loan_repayment,upi,440001,0.0,True
tx-202508-00002121,2025-08-01T00:00:00Z,farmer:440001:024,utility:440001,630.0,utility_payment,upi,440001,0.0,True
tx-202508-00002122,2025-08-01T00:00:00Z,farmer:440001:024,lender:vridhi,1350.0,loan_repayment,upi,440001,0.0,True
tx-202508-00002123,2025-08-01T00:00:00Z,farmer:440001:025,retailer:440001:04,2006.59,kirana_purchase,upi,440001,0.0,True
tx-202508-00002124,2025-08-01T00:00:00Z,farmer:440001:025,utility:440001,630.0,utility_payment,upi,440001,0.0,True
tx-202508-00002125,2025-08-01T00:00:00Z,farmer:440001:025,lender:vridhi,1350.0,loan_repayment,upi,440001,0.0,True
tx-202508-00002126,2025-08-01T00:00:00Z,farmer:440001:026,utility:440001,630.0,utility_payment,upi,440001,0.0,True
tx-202508-00002127,2025-08-01T00:00:00Z,farmer:440001:026,lender:vridhi,1350.0,loan_repayment,upi,440001,0.0,True
tx-202508-00002128,2025-08-01T00:00:00Z,farmer:440001:027,retailer:440001:02,1319.82,kirana_purchase,upi,440001,0.0,True
tx-202508-00002129,2025-08-01T00:00:00Z,farmer:440001:028,retailer:440001:03,2112.97,kirana_purchase,upi,440001,0.0,True
tx-202508-00002130,2025-08-01T00:00:00Z,farmer:440001:028,utility:440001,630.0,utility_payment,upi,440001,0.0,True
tx-202508-00002131,2025-08-01T00:00:00Z,farmer:440001:028,lender:vridhi,1350.0,loan_repayment,upi,440001,0.0,True
tx-202508-00002132,2025-08-01T00:00:00Z,farmer:440001:029,utility:440001,630.0,utility_payment,upi,440001,0.0,True
tx-202508-00002133,2025-08-01T00:00:00Z,farmer:440001:030,lender:vridhi,1350.0,loan_repayment,upi,440001,0.0,True
tx-202508-00002134,2025-08-01T00:00:00Z,farmer:440001:031,utility:440001,630.0,utility_payment,upi,440001,0.0,True
tx-202508-00002135,2025-08-01T00:00:00Z,farmer:440001:032,retailer:440001:01,1451.43,kirana_purchase,upi,440001,0.0,True
tx-202508-00002136,2025-08-01T00:00:00Z,farmer:440001:033,utility:440001,505.0,utility_payment,upi,440001,0.0,True
tx-202508-00002137,2025-08-01T00:00:00Z,farmer:440001:033,lender:vridhi,1350.0,loan_repayment,upi,440001,0.0,True
tx-202508-00002138,2025-08-01T00:00:00Z,farmer:440001:034,utility:440001,630.0,utility_payment,upi,440001,0.0,True
tx-202508-00002139,2025-08-01T00:00:00Z,farmer:440001:034,lender:vridhi,1350.0,loan_repayment,upi,440001,0.0,True
tx-202508-00002140,2025-08-01T00:00:00Z,farmer:440001:035,retailer:440001:02,2576.23,kirana_purchase,upi,440001,0.0,True
tx-202508-00002141,2025-08-01T00:00:00Z,farmer:440001:035,utility:440001,505.0,utility_payment,upi,440001,0.0,True
tx-202508-00002142,2025-08-01T00:00:00Z,farmer:440001:035,lender:vridhi,1350.0,loan_repayment,upi,440001,0.0,True
tx-202508-00002143,2025-08-01T00:00:00Z,retailer:440001:01,utility:440001,1050.0,utility_payment,upi,440001,0.0,True
tx-202508-00002144,2025-08-01T00:00:00Z,retailer:440001:02,wholesaler:440001:01,6037.81,retailer_restock,upi,440001,0.0,True
tx-202508-00002145,2025-08-01T00:00:00Z,retailer:440001:02,utility:440001,1050.0,utility_payment,upi,440001,0.0,True
tx-202508-00002146,2025-08-01T00:00:00Z,retailer:440001:03,wholesaler:440001:01,7613.06,retailer_restock,upi,440001,0.0,True
tx-202508-00002147,2025-08-01T00:00:00Z,retailer:440001:03,utility:440001,1050.0,utility_payment,upi,440001,0.0,True
tx-202508-00002148,2025-08-01T00:00:00Z,retailer:440001:04,wholesaler:440001:01,20248.8,retailer_restock,upi,440001,0.0,True
tx-202508-00002149,2025-08-01T00:00:00Z,wholesaler:440001:01,utility:440001,2400.0,utility_payment,upi,440001,0.0,True
tx-202509-00002150,2025-09-01T00:00:00Z,farmer:413001:002,retailer:413001:04,2509.52,kirana_purchase,upi,413001,0.0,True
tx-202509-00002151,2025-09-01T00:00:00Z,farmer:413001:002,utility:413001,505.0,utility_payment,upi,413001,0.0,True
tx-202509-00002152,2025-09-01T00:00:00Z,farmer:413001:003,retailer:413001:04,2054.02,kirana_purchase,upi,413001,0.0,True
tx-202509-00002153,2025-09-01T00:00:00Z,farmer:413001:003,utility:413001,630.0,utility_payment,upi,413001,0.0,True
tx-202509-00002154,2025-09-01T00:00:00Z,farmer:413001:003,lender:vridhi,1350.0,loan_repayment,upi,413001,0.0,True
tx-202509-00002155,2025-09-01T00:00:00Z,farmer:413001:004,retailer:413001:02,2660.62,kirana_purchase,upi,413001,0.0,True
tx-202509-00002156,2025-09-01T00:00:00Z,farmer:413001:004,lender:vridhi,1350.0,loan_repayment,upi,413001,0.0,True
tx-202509-00002157,2025-09-01T00:00:00Z,farmer:413001:005,retailer:413001:01,3113.0,kirana_purchase,upi,413001,0.0,True
tx-202509-00002158,2025-09-01T00:00:00Z,farmer:413001:005,lender:vridhi,1350.0,loan_repayment,upi,413001,0.0,True
tx-202509-00002159,2025-09-01T00:00:00Z,farmer:413001:006,retailer:413001:04,3084.95,kirana_purchase,upi,413001,0.0,True
tx-202509-00002160,2025-09-01T00:00:00Z,farmer:413001:006,lender:vridhi,1350.0,loan_repayment,upi,413001,0.0,True
tx-202509-00002161,2025-09-01T00:00:00Z,farmer:413001:007,retailer:413001:03,2240.39,kirana_purchase,upi,413001,0.0,True
tx-202509-00002162,2025-09-01T00:00:00Z,farmer:413001:007,lender:vridhi,1350.0,loan_repayment,upi,413001,0.0,True
tx-202509-00002163,2025-09-01T00:00:00Z,farmer:413001:009,retailer:413001:01,2612.93,kirana_purchase,upi,413001,0.0,True
tx-202509-00002164,2025-09-01T00:00:00Z,farmer:413001:009,utility:413001,630.0,utility_payment,upi,413001,0.0,True
tx-202509-00002165,2025-09-01T00:00:00Z,farmer:413001:009,lender:vridhi,680.44,loan_repayment,upi,413001,0.0,True
tx-202509-00002166,2025-09-01T00:00:00Z,farmer:413001:010,retailer:413001:03,2359.56,kirana_purchase,upi,413001,0.0,True
tx-202509-00002167,2025-09-01T00:00:00Z,farmer:413001:010,utility:413001,505.0,utility_payment,upi,413001,0.0,True
tx-202509-00002168,2025-09-01T00:00:00Z,farmer:413001:011,lender:vridhi,1350.0,loan_repayment,upi,413001,0.0,True
tx-202509-00002169,2025-09-01T00:00:00Z,farmer:413001:012,retailer:413001:01,2631.59,kirana_purchase,upi,413001,0.0,True
tx-202509-00002170,2025-09-01T00:00:00Z,farmer:413001:012,utility:413001,630.0,utility_payment,upi,413001,0.0,True
tx-202509-00002171,2025-09-01T00:00:00Z,farmer:413001:012,lender:vridhi,1350.0,loan_repayment,upi,413001,0.0,True
tx-202509-00002172,2025-09-01T00:00:00Z,farmer:413001:013,retailer:413001:03,1554.41,kirana_purchase,upi,413001,0.0,True
tx-202509-00002173,2025-09-01T00:00:00Z,farmer:413001:013,utility:413001,630.0,utility_payment,upi,413001,0.0,True
tx-202509-00002174,2025-09-01T00:00:00Z,farmer:413001:013,lender:vridhi,1350.0,loan_repayment,upi,413001,0.0,True
tx-202509-00002175,2025-09-01T00:00:00Z,farmer:413001:014,retailer:413001:03,2825.12,kirana_purchase,upi,413001,0.0,True
tx-202509-00002176,2025-09-01T00:00:00Z,farmer:413001:014,utility:413001,630.0,utility_payment,upi,413001,0.0,True
tx-202509-00002177,2025-09-01T00:00:00Z,farmer:413001:014,lender:vridhi,1350.0,loan_repayment,upi,413001,0.0,True
tx-202509-00002178,2025-09-01T00:00:00Z,farmer:413001:016,retailer:413001:03,1878.49,kirana_purchase,upi,413001,0.0,True
tx-202509-00002179,2025-09-01T00:00:00Z,farmer:413001:016,utility:413001,505.0,utility_payment,upi,413001,0.0,True
tx-202509-00002180,2025-09-01T00:00:00Z,farmer:413001:016,lender:vridhi,837.41,loan_repayment,upi,413001,0.0,True
tx-202509-00002181,2025-09-01T00:00:00Z,farmer:413001:017,lender:vridhi,1350.0,loan_repayment,upi,413001,0.0,True
tx-202509-00002182,2025-09-01T00:00:00Z,farmer:413001:018,retailer:413001:03,2823.33,kirana_purchase,upi,413001,0.0,True
tx-202509-00002183,2025-09-01T00:00:00Z,farmer:413001:018,lender:vridhi,1350.0,loan_repayment,upi,413001,0.0,True
tx-202509-00002184,2025-09-01T00:00:00Z,farmer:413001:019,retailer:413001:01,2032.84,kirana_purchase,upi,413001,0.0,True
tx-202509-00002185,2025-09-01T00:00:00Z,farmer:413001:019,utility:413001,630.0,utility_payment,upi,413001,0.0,True
tx-202509-00002186,2025-09-01T00:00:00Z,farmer:413001:020,utility:413001,630.0,utility_payment,upi,413001,0.0,True
tx-202509-00002187,2025-09-01T00:00:00Z,farmer:413001:020,lender:vridhi,1350.0,loan_repayment,upi,413001,0.0,True
tx-202509-00002188,2025-09-01T00:00:00Z,farmer:413001:021,retailer:413001:04,2684.2,kirana_purchase,upi,413001,0.0,True
tx-202509-00002189,2025-09-01T00:00:00Z,farmer:413001:021,utility:413001,630.0,utility_payment,upi,413001,0.0,True
tx-202509-00002190,2025-09-01T00:00:00Z,farmer:413001:022,utility:413001,630.0,utility_payment,upi,413001,0.0,True
tx-202509-00002191,2025-09-01T00:00:00Z,farmer:413001:022,lender:vridhi,1350.0,loan_repayment,upi,413001,0.0,True
tx-202509-00002192,2025-09-01T00:00:00Z,farmer:413001:024,utility:413001,505.0,utility_payment,upi,413001,0.0,True
tx-202509-00002193,2025-09-01T00:00:00Z,farmer:413001:024,lender:vridhi,1350.0,loan_repayment,upi,413001,0.0,True
tx-202509-00002194,2025-09-01T00:00:00Z,farmer:413001:025,retailer:413001:04,2256.8,kirana_purchase,upi,413001,0.0,True
tx-202509-00002195,2025-09-01T00:00:00Z,farmer:413001:025,lender:vridhi,1350.0,loan_repayment,upi,413001,0.0,True
tx-202509-00002196,2025-09-01T00:00:00Z,farmer:413001:026,retailer:413001:04,2099.41,kirana_purchase,upi,413001,0.0,True
tx-202509-00002197,2025-09-01T00:00:00Z,farmer:413001:026,utility:413001,505.0,utility_payment,upi,413001,0.0,True
tx-202509-00002198,2025-09-01T00:00:00Z,farmer:413001:027,retailer:413001:01,3010.11,kirana_purchase,upi,413001,0.0,True
tx-202509-00002199,2025-09-01T00:00:00Z,farmer:413001:027,lender:vridhi,1350.0,loan_repayment,upi,413001,0.0,True
tx-202509-00002200,2025-09-01T00:00:00Z,farmer:413001:028,retailer:413001:03,2019.44,kirana_purchase,upi,413001,0.0,True
tx-202509-00002201,2025-09-01T00:00:00Z,farmer:413001:028,utility:413001,505.0,utility_payment,upi,413001,0.0,True
tx-202509-00002202,2025-09-01T00:00:00Z,farmer:413001:028,lender:vridhi,1350.0,loan_repayment,upi,413001,0.0,True
tx-202509-00002203,2025-09-01T00:00:00Z,farmer:413001:029,utility:413001,505.0,utility_payment,upi,413001,0.0,True
tx-202509-00002204,2025-09-01T00:00:00Z,farmer:413001:029,lender:vridhi,1350.0,loan_repayment,upi,413001,0.0,True
tx-202509-00002205,2025-09-01T00:00:00Z,farmer:413001:031,retailer:413001:02,1982.56,kirana_purchase,upi,413001,0.0,True
tx-202509-00002206,2025-09-01T00:00:00Z,farmer:413001:031,utility:413001,505.0,utility_payment,upi,413001,0.0,True
tx-202509-00002207,2025-09-01T00:00:00Z,farmer:413001:031,lender:vridhi,1350.0,loan_repayment,upi,413001,0.0,True
tx-202509-00002208,2025-09-01T00:00:00Z,farmer:413001:032,retailer:413001:04,1616.09,kirana_purchase,upi,413001,0.0,True
tx-202509-00002209,2025-09-01T00:00:00Z,farmer:413001:032,utility:413001,505.0,utility_payment,upi,413001,0.0,True
tx-202509-00002210,2025-09-01T00:00:00Z,farmer:413001:032,lender:vridhi,1350.0,loan_repayment,upi,413001,0.0,True
tx-202509-00002211,2025-09-01T00:00:00Z,farmer:413001:033,retailer:413001:03,1878.22,kirana_purchase,upi,413001,0.0,True
tx-202509-00002212,2025-09-01T00:00:00Z,farmer:413001:033,utility:413001,630.0,utility_payment,upi,413001,0.0,True
tx-202509-00002213,2025-09-01T00:00:00Z,farmer:413001:033,lender:vridhi,1350.0,loan_repayment,upi,413001,0.0,True
tx-202509-00002214,2025-09-01T00:00:00Z,farmer:413001:034,retailer:413001:02,3065.83,kirana_purchase,upi,413001,0.0,True
tx-202509-00002215,2025-09-01T00:00:00Z,farmer:413001:034,lender:vridhi,1350.0,loan_repayment,upi,413001,0.0,True
tx-202509-00002216,2025-09-01T00:00:00Z,farmer:413001:035,utility:413001,630.0,utility_payment,upi,413001,0.0,True
tx-202509-00002217,2025-09-01T00:00:00Z,farmer:413001:035,lender:vridhi,1350.0,loan_repayment,upi,413001,0.0,True
tx-202509-00002218,2025-09-01T00:00:00Z,retailer:413001:01,wholesaler:413001:01,9890.05,retailer_restock,upi,413001,0.0,True
tx-202509-00002219,2025-09-01T00:00:00Z,retailer:413001:01,utility:413001,1050.0,utility_payment,upi,413001,0.0,True
tx-202509-00002220,2025-09-01T00:00:00Z,retailer:413001:02,wholesaler:413001:01,7082.6,retailer_restock,upi,413001,0.0,True
tx-202509-00002221,2025-09-01T00:00:00Z,retailer:413001:02,utility:413001,1050.0,utility_payment,upi,413001,0.0,True
tx-202509-00002222,2025-09-01T00:00:00Z,retailer:413001:03,utility:413001,1050.0,utility_payment,upi,413001,0.0,True
tx-202509-00002223,2025-09-01T00:00:00Z,retailer:413001:04,wholesaler:413001:01,14490.73,retailer_restock,upi,413001,0.0,True
tx-202509-00002224,2025-09-01T00:00:00Z,retailer:413001:04,utility:413001,1050.0,utility_payment,upi,413001,0.0,True
tx-202509-00002225,2025-09-01T00:00:00Z,wholesaler:413001:01,utility:413001,2400.0,utility_payment,upi,413001,0.0,True
tx-202509-00002226,2025-09-01T00:00:00Z,farmer:431001:001,retailer:431001:03,2771.08,kirana_purchase,upi,431001,0.0,True
tx-202509-00002227,2025-09-01T00:00:00Z,farmer:431001:001,utility:431001,630.0,utility_payment,upi,431001,0.0,True
tx-202509-00002228,2025-09-01T00:00:00Z,farmer:431001:001,lender:vridhi,1350.0,loan_repayment,upi,431001,0.0,True
tx-202509-00002229,2025-09-01T00:00:00Z,farmer:431001:002,retailer:431001:03,1752.48,kirana_purchase,upi,431001,0.0,True
tx-202509-00002230,2025-09-01T00:00:00Z,farmer:431001:002,lender:vridhi,1350.0,loan_repayment,upi,431001,0.0,True
tx-202509-00002231,2025-09-01T00:00:00Z,farmer:431001:003,retailer:431001:04,1753.35,kirana_purchase,upi,431001,0.0,True
tx-202509-00002232,2025-09-01T00:00:00Z,farmer:431001:003,utility:431001,505.0,utility_payment,upi,431001,0.0,True
tx-202509-00002233,2025-09-01T00:00:00Z,farmer:431001:003,lender:vridhi,1350.0,loan_repayment,upi,431001,0.0,True
tx-202509-00002234,2025-09-01T00:00:00Z,farmer:431001:004,retailer:431001:02,2493.74,kirana_purchase,upi,431001,0.0,True
tx-202509-00002235,2025-09-01T00:00:00Z,farmer:431001:004,utility:431001,630.0,utility_payment,upi,431001,0.0,True
tx-202509-00002236,2025-09-01T00:00:00Z,farmer:431001:004,lender:vridhi,1350.0,loan_repayment,upi,431001,0.0,True
tx-202509-00002237,2025-09-01T00:00:00Z,farmer:431001:005,retailer:431001:01,1573.96,kirana_purchase,upi,431001,0.0,True
tx-202509-00002238,2025-09-01T00:00:00Z,farmer:431001:005,utility:431001,630.0,utility_payment,upi,431001,0.0,True
tx-202509-00002239,2025-09-01T00:00:00Z,farmer:431001:005,lender:vridhi,1350.0,loan_repayment,upi,431001,0.0,True
tx-202509-00002240,2025-09-01T00:00:00Z,farmer:431001:006,retailer:431001:04,1703.05,kirana_purchase,upi,431001,0.0,True
tx-202509-00002241,2025-09-01T00:00:00Z,farmer:431001:006,lender:vridhi,1350.0,loan_repayment,upi,431001,0.0,True
tx-202509-00002242,2025-09-01T00:00:00Z,farmer:431001:007,retailer:431001:03,409.01,kirana_purchase,upi,431001,0.0,True
tx-202509-00002243,2025-09-01T00:00:00Z,farmer:431001:008,retailer:431001:04,2426.89,kirana_purchase,upi,431001,0.0,True
tx-202509-00002244,2025-09-01T00:00:00Z,farmer:431001:008,lender:vridhi,1350.0,loan_repayment,upi,431001,0.0,True
tx-202509-00002245,2025-09-01T00:00:00Z,farmer:431001:010,retailer:431001:01,2368.22,kirana_purchase,upi,431001,0.0,True
tx-202509-00002246,2025-09-01T00:00:00Z,farmer:431001:010,lender:vridhi,1350.0,loan_repayment,upi,431001,0.0,True
tx-202509-00002247,2025-09-01T00:00:00Z,farmer:431001:011,retailer:431001:04,1656.05,kirana_purchase,upi,431001,0.0,True
tx-202509-00002248,2025-09-01T00:00:00Z,farmer:431001:011,lender:vridhi,1350.0,loan_repayment,upi,431001,0.0,True
tx-202509-00002249,2025-09-01T00:00:00Z,farmer:431001:012,retailer:431001:03,2131.05,kirana_purchase,upi,431001,0.0,True
tx-202509-00002250,2025-09-01T00:00:00Z,farmer:431001:012,lender:vridhi,1350.0,loan_repayment,upi,431001,0.0,True
tx-202509-00002251,2025-09-01T00:00:00Z,farmer:431001:013,retailer:431001:03,1586.78,kirana_purchase,upi,431001,0.0,True
tx-202509-00002252,2025-09-01T00:00:00Z,farmer:431001:013,lender:vridhi,1350.0,loan_repayment,upi,431001,0.0,True
tx-202509-00002253,2025-09-01T00:00:00Z,farmer:431001:014,utility:431001,505.0,utility_payment,upi,431001,0.0,True
tx-202509-00002254,2025-09-01T00:00:00Z,farmer:431001:014,lender:vridhi,1350.0,loan_repayment,upi,431001,0.0,True
tx-202509-00002255,2025-09-01T00:00:00Z,farmer:431001:015,retailer:431001:04,2973.98,kirana_purchase,upi,431001,0.0,True
tx-202509-00002256,2025-09-01T00:00:00Z,farmer:431001:015,utility:431001,630.0,utility_payment,upi,431001,0.0,True
tx-202509-00002257,2025-09-01T00:00:00Z,farmer:431001:015,lender:vridhi,70.2,loan_repayment,upi,431001,0.0,True
tx-202509-00002258,2025-09-01T00:00:00Z,farmer:431001:016,retailer:431001:04,2700.05,kirana_purchase,upi,431001,0.0,True
tx-202509-00002259,2025-09-01T00:00:00Z,farmer:431001:016,utility:431001,630.0,utility_payment,upi,431001,0.0,True
tx-202509-00002260,2025-09-01T00:00:00Z,farmer:431001:016,lender:vridhi,1350.0,loan_repayment,upi,431001,0.0,True
tx-202509-00002261,2025-09-01T00:00:00Z,farmer:431001:017,retailer:431001:02,882.78,kirana_purchase,upi,431001,0.0,True
tx-202509-00002262,2025-09-01T00:00:00Z,farmer:431001:019,retailer:431001:01,1512.97,kirana_purchase,upi,431001,0.0,True
tx-202509-00002263,2025-09-01T00:00:00Z,farmer:431001:019,lender:vridhi,1350.0,loan_repayment,upi,431001,0.0,True
tx-202509-00002264,2025-09-01T00:00:00Z,farmer:431001:020,retailer:431001:01,1809.85,kirana_purchase,upi,431001,0.0,True
tx-202509-00002265,2025-09-01T00:00:00Z,farmer:431001:020,utility:431001,505.0,utility_payment,upi,431001,0.0,True
tx-202509-00002266,2025-09-01T00:00:00Z,farmer:431001:021,retailer:431001:02,2709.79,kirana_purchase,upi,431001,0.0,True
tx-202509-00002267,2025-09-01T00:00:00Z,farmer:431001:021,utility:431001,505.0,utility_payment,upi,431001,0.0,True
tx-202509-00002268,2025-09-01T00:00:00Z,farmer:431001:021,lender:vridhi,1350.0,loan_repayment,upi,431001,0.0,True
tx-202509-00002269,2025-09-01T00:00:00Z,farmer:431001:022,retailer:431001:04,2561.51,kirana_purchase,upi,431001,0.0,True
tx-202509-00002270,2025-09-01T00:00:00Z,farmer:431001:022,lender:vridhi,1350.0,loan_repayment,upi,431001,0.0,True
tx-202509-00002271,2025-09-01T00:00:00Z,farmer:431001:023,retailer:431001:02,1474.42,kirana_purchase,upi,431001,0.0,True
tx-202509-00002272,2025-09-01T00:00:00Z,farmer:431001:025,retailer:431001:02,2870.1,kirana_purchase,upi,431001,0.0,True
tx-202509-00002273,2025-09-01T00:00:00Z,farmer:431001:025,lender:vridhi,1350.0,loan_repayment,upi,431001,0.0,True
tx-202509-00002274,2025-09-01T00:00:00Z,farmer:431001:026,retailer:431001:02,1557.29,kirana_purchase,upi,431001,0.0,True
tx-202509-00002275,2025-09-01T00:00:00Z,farmer:431001:026,utility:431001,630.0,utility_payment,upi,431001,0.0,True
tx-202509-00002276,2025-09-01T00:00:00Z,farmer:431001:027,utility:431001,505.0,utility_payment,upi,431001,0.0,True
tx-202509-00002277,2025-09-01T00:00:00Z,farmer:431001:027,lender:vridhi,1350.0,loan_repayment,upi,431001,0.0,True
tx-202509-00002278,2025-09-01T00:00:00Z,farmer:431001:028,retailer:431001:02,2624.13,kirana_purchase,upi,431001,0.0,True
tx-202509-00002279,2025-09-01T00:00:00Z,farmer:431001:029,retailer:431001:03,1557.48,kirana_purchase,upi,431001,0.0,True
tx-202509-00002280,2025-09-01T00:00:00Z,farmer:431001:029,lender:vridhi,1350.0,loan_repayment,upi,431001,0.0,True
tx-202509-00002281,2025-09-01T00:00:00Z,farmer:431001:030,retailer:431001:03,2390.79,kirana_purchase,upi,431001,0.0,True
tx-202509-00002282,2025-09-01T00:00:00Z,farmer:431001:030,lender:vridhi,1350.0,loan_repayment,upi,431001,0.0,True
tx-202509-00002283,2025-09-01T00:00:00Z,farmer:431001:031,retailer:431001:01,2794.79,kirana_purchase,upi,431001,0.0,True
tx-202509-00002284,2025-09-01T00:00:00Z,farmer:431001:031,utility:431001,630.0,utility_payment,upi,431001,0.0,True
tx-202509-00002285,2025-09-01T00:00:00Z,farmer:431001:031,lender:vridhi,1350.0,loan_repayment,upi,431001,0.0,True
tx-202509-00002286,2025-09-01T00:00:00Z,farmer:431001:032,retailer:431001:04,1587.23,kirana_purchase,upi,431001,0.0,True
tx-202509-00002287,2025-09-01T00:00:00Z,farmer:431001:032,lender:vridhi,1350.0,loan_repayment,upi,431001,0.0,True
tx-202509-00002288,2025-09-01T00:00:00Z,farmer:431001:033,lender:vridhi,1350.0,loan_repayment,upi,431001,0.0,True
tx-202509-00002289,2025-09-01T00:00:00Z,farmer:431001:034,retailer:431001:02,1693.25,kirana_purchase,upi,431001,0.0,True
tx-202509-00002290,2025-09-01T00:00:00Z,farmer:431001:034,utility:431001,505.0,utility_payment,upi,431001,0.0,True
tx-202509-00002291,2025-09-01T00:00:00Z,farmer:431001:034,lender:vridhi,1350.0,loan_repayment,upi,431001,0.0,True
tx-202509-00002292,2025-09-01T00:00:00Z,farmer:431001:035,retailer:431001:02,2487.91,kirana_purchase,upi,431001,0.0,True
tx-202509-00002293,2025-09-01T00:00:00Z,farmer:431001:035,utility:431001,505.0,utility_payment,upi,431001,0.0,True
tx-202509-00002294,2025-09-01T00:00:00Z,farmer:431001:035,lender:vridhi,1350.0,loan_repayment,upi,431001,0.0,True
tx-202509-00002295,2025-09-01T00:00:00Z,retailer:431001:01,wholesaler:431001:01,6941.85,retailer_restock,upi,431001,0.0,True
tx-202509-00002296,2025-09-01T00:00:00Z,retailer:431001:02,wholesaler:431001:01,12066.94,retailer_restock,upi,431001,0.0,True
tx-202509-00002297,2025-09-01T00:00:00Z,retailer:431001:02,utility:431001,1050.0,utility_payment,upi,431001,0.0,True
tx-202509-00002298,2025-09-01T00:00:00Z,retailer:431001:03,wholesaler:431001:01,8928.69,retailer_restock,upi,431001,0.0,True
tx-202509-00002299,2025-09-01T00:00:00Z,retailer:431001:03,utility:431001,1050.0,utility_payment,upi,431001,0.0,True
tx-202509-00002300,2025-09-01T00:00:00Z,retailer:431001:04,utility:431001,1050.0,utility_payment,upi,431001,0.0,True
tx-202509-00002301,2025-09-01T00:00:00Z,wholesaler:431001:01,utility:431001,2400.0,utility_payment,upi,431001,0.0,True
tx-202509-00002302,2025-09-01T00:00:00Z,farmer:440001:001,retailer:440001:03,1540.22,kirana_purchase,upi,440001,0.0,True
tx-202509-00002303,2025-09-01T00:00:00Z,farmer:440001:001,utility:440001,505.0,utility_payment,upi,440001,0.0,True
tx-202509-00002304,2025-09-01T00:00:00Z,farmer:440001:002,retailer:440001:04,2295.78,kirana_purchase,upi,440001,0.0,True
tx-202509-00002305,2025-09-01T00:00:00Z,farmer:440001:002,lender:vridhi,1350.0,loan_repayment,upi,440001,0.0,True
tx-202509-00002306,2025-09-01T00:00:00Z,farmer:440001:003,retailer:440001:03,1934.61,kirana_purchase,upi,440001,0.0,True
tx-202509-00002307,2025-09-01T00:00:00Z,farmer:440001:003,utility:440001,630.0,utility_payment,upi,440001,0.0,True
tx-202509-00002308,2025-09-01T00:00:00Z,farmer:440001:003,lender:vridhi,1350.0,loan_repayment,upi,440001,0.0,True
tx-202509-00002309,2025-09-01T00:00:00Z,farmer:440001:004,lender:vridhi,1350.0,loan_repayment,upi,440001,0.0,True
tx-202509-00002310,2025-09-01T00:00:00Z,farmer:440001:005,retailer:440001:01,2274.6,kirana_purchase,upi,440001,0.0,True
tx-202509-00002311,2025-09-01T00:00:00Z,farmer:440001:005,lender:vridhi,1350.0,loan_repayment,upi,440001,0.0,True
tx-202509-00002312,2025-09-01T00:00:00Z,farmer:440001:006,lender:vridhi,1350.0,loan_repayment,upi,440001,0.0,True
tx-202509-00002313,2025-09-01T00:00:00Z,farmer:440001:007,retailer:440001:01,2004.42,kirana_purchase,upi,440001,0.0,True
tx-202509-00002314,2025-09-01T00:00:00Z,farmer:440001:008,retailer:440001:04,2965.32,kirana_purchase,upi,440001,0.0,True
tx-202509-00002315,2025-09-01T00:00:00Z,farmer:440001:008,utility:440001,505.0,utility_payment,upi,440001,0.0,True
tx-202509-00002316,2025-09-01T00:00:00Z,farmer:440001:008,lender:vridhi,1350.0,loan_repayment,upi,440001,0.0,True
tx-202509-00002317,2025-09-01T00:00:00Z,farmer:440001:009,utility:440001,505.0,utility_payment,upi,440001,0.0,True
tx-202509-00002318,2025-09-01T00:00:00Z,farmer:440001:009,lender:vridhi,1350.0,loan_repayment,upi,440001,0.0,True
tx-202509-00002319,2025-09-01T00:00:00Z,farmer:440001:010,retailer:440001:02,2228.16,kirana_purchase,upi,440001,0.0,True
tx-202509-00002320,2025-09-01T00:00:00Z,farmer:440001:010,utility:440001,505.0,utility_payment,upi,440001,0.0,True
tx-202509-00002321,2025-09-01T00:00:00Z,farmer:440001:010,lender:vridhi,1350.0,loan_repayment,upi,440001,0.0,True
tx-202509-00002322,2025-09-01T00:00:00Z,farmer:440001:011,utility:440001,505.0,utility_payment,upi,440001,0.0,True
tx-202509-00002323,2025-09-01T00:00:00Z,farmer:440001:011,lender:vridhi,1350.0,loan_repayment,upi,440001,0.0,True
tx-202509-00002324,2025-09-01T00:00:00Z,farmer:440001:012,retailer:440001:04,2229.58,kirana_purchase,upi,440001,0.0,True
tx-202509-00002325,2025-09-01T00:00:00Z,farmer:440001:012,utility:440001,630.0,utility_payment,upi,440001,0.0,True
tx-202509-00002326,2025-09-01T00:00:00Z,farmer:440001:013,retailer:440001:02,2792.23,kirana_purchase,upi,440001,0.0,True
tx-202509-00002327,2025-09-01T00:00:00Z,farmer:440001:013,utility:440001,505.0,utility_payment,upi,440001,0.0,True
tx-202509-00002328,2025-09-01T00:00:00Z,farmer:440001:013,lender:vridhi,1350.0,loan_repayment,upi,440001,0.0,True
tx-202509-00002329,2025-09-01T00:00:00Z,farmer:440001:014,utility:440001,505.0,utility_payment,upi,440001,0.0,True
tx-202509-00002330,2025-09-01T00:00:00Z,farmer:440001:015,retailer:440001:04,2872.88,kirana_purchase,upi,440001,0.0,True
tx-202509-00002331,2025-09-01T00:00:00Z,farmer:440001:015,lender:vridhi,1350.0,loan_repayment,upi,440001,0.0,True
tx-202509-00002332,2025-09-01T00:00:00Z,farmer:440001:017,utility:440001,505.0,utility_payment,upi,440001,0.0,True
tx-202509-00002333,2025-09-01T00:00:00Z,farmer:440001:017,lender:vridhi,1350.0,loan_repayment,upi,440001,0.0,True
tx-202509-00002334,2025-09-01T00:00:00Z,farmer:440001:018,retailer:440001:01,2160.21,kirana_purchase,upi,440001,0.0,True
tx-202509-00002335,2025-09-01T00:00:00Z,farmer:440001:018,lender:vridhi,685.6,loan_repayment,upi,440001,0.0,True
tx-202509-00002336,2025-09-01T00:00:00Z,farmer:440001:019,retailer:440001:01,2173.69,kirana_purchase,upi,440001,0.0,True
tx-202509-00002337,2025-09-01T00:00:00Z,farmer:440001:019,lender:vridhi,1350.0,loan_repayment,upi,440001,0.0,True
tx-202509-00002338,2025-09-01T00:00:00Z,farmer:440001:020,retailer:440001:01,2219.15,kirana_purchase,upi,440001,0.0,True
tx-202509-00002339,2025-09-01T00:00:00Z,farmer:440001:020,utility:440001,630.0,utility_payment,upi,440001,0.0,True
tx-202509-00002340,2025-09-01T00:00:00Z,farmer:440001:020,lender:vridhi,1092.2,loan_repayment,upi,440001,0.0,True
tx-202509-00002341,2025-09-01T00:00:00Z,farmer:440001:021,retailer:440001:04,3064.89,kirana_purchase,upi,440001,0.0,True
tx-202509-00002342,2025-09-01T00:00:00Z,farmer:440001:021,utility:440001,630.0,utility_payment,upi,440001,0.0,True
tx-202509-00002343,2025-09-01T00:00:00Z,farmer:440001:021,lender:vridhi,1350.0,loan_repayment,upi,440001,0.0,True
tx-202509-00002344,2025-09-01T00:00:00Z,farmer:440001:023,retailer:440001:03,1725.06,kirana_purchase,upi,440001,0.0,True
tx-202509-00002345,2025-09-01T00:00:00Z,farmer:440001:023,utility:440001,505.0,utility_payment,upi,440001,0.0,True
tx-202509-00002346,2025-09-01T00:00:00Z,farmer:440001:023,lender:vridhi,1350.0,loan_repayment,upi,440001,0.0,True
tx-202509-00002347,2025-09-01T00:00:00Z,farmer:440001:024,retailer:440001:04,2238.39,kirana_purchase,upi,440001,0.0,True
tx-202509-00002348,2025-09-01T00:00:00Z,farmer:440001:024,lender:vridhi,1350.0,loan_repayment,upi,440001,0.0,True
tx-202509-00002349,2025-09-01T00:00:00Z,farmer:440001:025,utility:440001,630.0,utility_payment,upi,440001,0.0,True
tx-202509-00002350,2025-09-01T00:00:00Z,farmer:440001:025,lender:vridhi,1350.0,loan_repayment,upi,440001,0.0,True
tx-202509-00002351,2025-09-01T00:00:00Z,farmer:440001:026,retailer:440001:04,2968.84,kirana_purchase,upi,440001,0.0,True
tx-202509-00002352,2025-09-01T00:00:00Z,farmer:440001:026,utility:440001,630.0,utility_payment,upi,440001,0.0,True
tx-202509-00002353,2025-09-01T00:00:00Z,farmer:440001:026,lender:vridhi,1350.0,loan_repayment,upi,440001,0.0,True
tx-202509-00002354,2025-09-01T00:00:00Z,farmer:440001:028,retailer:440001:02,2789.08,kirana_purchase,upi,440001,0.0,True
tx-202509-00002355,2025-09-01T00:00:00Z,farmer:440001:028,lender:vridhi,1350.0,loan_repayment,upi,440001,0.0,True
tx-202509-00002356,2025-09-01T00:00:00Z,farmer:440001:029,utility:440001,630.0,utility_payment,upi,440001,0.0,True
tx-202509-00002357,2025-09-01T00:00:00Z,farmer:440001:029,lender:vridhi,1350.0,loan_repayment,upi,440001,0.0,True
tx-202509-00002358,2025-09-01T00:00:00Z,farmer:440001:030,retailer:440001:04,2071.5,kirana_purchase,upi,440001,0.0,True
tx-202509-00002359,2025-09-01T00:00:00Z,farmer:440001:030,utility:440001,505.0,utility_payment,upi,440001,0.0,True
tx-202509-00002360,2025-09-01T00:00:00Z,farmer:440001:030,lender:vridhi,1350.0,loan_repayment,upi,440001,0.0,True
tx-202509-00002361,2025-09-01T00:00:00Z,farmer:440001:031,utility:440001,630.0,utility_payment,upi,440001,0.0,True
tx-202509-00002362,2025-09-01T00:00:00Z,farmer:440001:031,lender:vridhi,1350.0,loan_repayment,upi,440001,0.0,True
tx-202509-00002363,2025-09-01T00:00:00Z,farmer:440001:033,utility:440001,505.0,utility_payment,upi,440001,0.0,True
tx-202509-00002364,2025-09-01T00:00:00Z,farmer:440001:034,retailer:440001:04,1921.15,kirana_purchase,upi,440001,0.0,True
tx-202509-00002365,2025-09-01T00:00:00Z,farmer:440001:034,utility:440001,630.0,utility_payment,upi,440001,0.0,True
tx-202509-00002366,2025-09-01T00:00:00Z,farmer:440001:034,lender:vridhi,1350.0,loan_repayment,upi,440001,0.0,True
tx-202509-00002367,2025-09-01T00:00:00Z,farmer:440001:035,retailer:440001:01,2249.28,kirana_purchase,upi,440001,0.0,True
tx-202509-00002368,2025-09-01T00:00:00Z,retailer:440001:01,wholesaler:440001:01,10514.76,retailer_restock,upi,440001,0.0,True
tx-202509-00002369,2025-09-01T00:00:00Z,retailer:440001:01,utility:440001,1050.0,utility_payment,upi,440001,0.0,True
tx-202509-00002370,2025-09-01T00:00:00Z,retailer:440001:03,utility:440001,1050.0,utility_payment,upi,440001,0.0,True
tx-202509-00002371,2025-09-01T00:00:00Z,retailer:440001:04,wholesaler:440001:01,16351.7,retailer_restock,upi,440001,0.0,True
tx-202509-00002372,2025-09-01T00:00:00Z,wholesaler:440001:01,utility:440001,2400.0,utility_payment,upi,440001,0.0,True
tx-202510-00002373,2025-10-01T00:00:00Z,wholesaler:413001:01,farmer:413001:001,3453.82,crop_sale,upi,413001,0.0,True
tx-202510-00002374,2025-10-01T00:00:00Z,farmer:413001:001,retailer:413001:04,1705.85,kirana_purchase,upi,413001,0.0,True
tx-202510-00002375,2025-10-01T00:00:00Z,farmer:413001:001,lender:vridhi,1117.97,loan_repayment,upi,413001,0.0,True
tx-202510-00002376,2025-10-01T00:00:00Z,wholesaler:413001:01,farmer:413001:002,13482.38,crop_sale,upi,413001,0.0,True
tx-202510-00002377,2025-10-01T00:00:00Z,farmer:413001:002,retailer:413001:02,2255.64,kirana_purchase,upi,413001,0.0,True
tx-202510-00002378,2025-10-01T00:00:00Z,farmer:413001:002,lender:vridhi,1350.0,loan_repayment,upi,413001,0.0,True
tx-202510-00002379,2025-10-01T00:00:00Z,wholesaler:413001:01,farmer:413001:003,4167.56,crop_sale,upi,413001,0.0,True
tx-202510-00002380,2025-10-01T00:00:00Z,farmer:413001:003,retailer:413001:02,2869.41,kirana_purchase,upi,413001,0.0,True
tx-202510-00002381,2025-10-01T00:00:00Z,farmer:413001:003,utility:413001,630.0,utility_payment,upi,413001,0.0,True
tx-202510-00002382,2025-10-01T00:00:00Z,farmer:413001:003,lender:vridhi,1350.0,loan_repayment,upi,413001,0.0,True
tx-202510-00002383,2025-10-01T00:00:00Z,farmer:413001:004,lender:vridhi,1350.0,loan_repayment,upi,413001,0.0,True
tx-202510-00002384,2025-10-01T00:00:00Z,wholesaler:413001:01,farmer:413001:005,5822.08,crop_sale,upi,413001,0.0,True
tx-202510-00002385,2025-10-01T00:00:00Z,farmer:413001:005,retailer:413001:03,1741.95,kirana_purchase,upi,413001,0.0,True
tx-202510-00002386,2025-10-01T00:00:00Z,farmer:413001:005,utility:413001,505.0,utility_payment,upi,413001,0.0,True
tx-202510-00002387,2025-10-01T00:00:00Z,wholesaler:413001:01,farmer:413001:006,6921.04,crop_sale,upi,413001,0.0,True
tx-202510-00002388,2025-10-01T00:00:00Z,farmer:413001:006,utility:413001,630.0,utility_payment,upi,413001,0.0,True
tx-202510-00002389,2025-10-01T00:00:00Z,farmer:413001:006,lender:vridhi,1350.0,loan_repayment,upi,413001,0.0,True
tx-202510-00002390,2025-10-01T00:00:00Z,wholesaler:413001:01,farmer:413001:007,3443.72,crop_sale,upi,413001,0.0,True
tx-202510-00002391,2025-10-01T00:00:00Z,farmer:413001:007,utility:413001,630.0,utility_payment,upi,413001,0.0,True
tx-202510-00002392,2025-10-01T00:00:00Z,farmer:413001:007,lender:vridhi,1350.0,loan_repayment,upi,413001,0.0,True
tx-202510-00002393,2025-10-01T00:00:00Z,wholesaler:413001:01,farmer:413001:008,7542.63,crop_sale,upi,413001,0.0,True
tx-202510-00002394,2025-10-01T00:00:00Z,farmer:413001:008,retailer:413001:03,2426.69,kirana_purchase,upi,413001,0.0,True
tx-202510-00002395,2025-10-01T00:00:00Z,farmer:413001:008,utility:413001,630.0,utility_payment,upi,413001,0.0,True
tx-202510-00002396,2025-10-01T00:00:00Z,farmer:413001:008,lender:vridhi,1350.0,loan_repayment,upi,413001,0.0,True
tx-202510-00002397,2025-10-01T00:00:00Z,wholesaler:413001:01,farmer:413001:009,8612.1,crop_sale,upi,413001,0.0,True
tx-202510-00002398,2025-10-01T00:00:00Z,farmer:413001:009,retailer:413001:03,1701.51,kirana_purchase,upi,413001,0.0,True
tx-202510-00002399,2025-10-01T00:00:00Z,farmer:413001:009,lender:vridhi,1350.0,loan_repayment,upi,413001,0.0,True
tx-202510-00002400,2025-10-01T00:00:00Z,wholesaler:413001:01,farmer:413001:010,13767.86,crop_sale,upi,413001,0.0,True
tx-202510-00002401,2025-10-01T00:00:00Z,farmer:413001:010,lender:vridhi,1350.0,loan_repayment,upi,413001,0.0,True
tx-202510-00002402,2025-10-01T00:00:00Z,wholesaler:413001:01,farmer:413001:011,15560.08,crop_sale,upi,413001,0.0,True
tx-202510-00002403,2025-10-01T00:00:00Z,farmer:413001:011,retailer:413001:03,2550.31,kirana_purchase,upi,413001,0.0,True
tx-202510-00002404,2025-10-01T00:00:00Z,farmer:413001:012,lender:vridhi,1350.0,loan_repayment,upi,413001,0.0,True
tx-202510-00002405,2025-10-01T00:00:00Z,wholesaler:413001:01,farmer:413001:013,10835.55,crop_sale,upi,413001,0.0,True
tx-202510-00002406,2025-10-01T00:00:00Z,farmer:413001:013,retailer:413001:01,1687.02,kirana_purchase,upi,413001,0.0,True
tx-202510-00002407,2025-10-01T00:00:00Z,farmer:413001:013,utility:413001,630.0,utility_payment,upi,413001,0.0,True
tx-202510-00002408,2025-10-01T00:00:00Z,farmer:413001:013,lender:vridhi,1350.0,loan_repayment,upi,413001,0.0,True
tx-202510-00002409,2025-10-01T00:00:00Z,wholesaler:413001:01,farmer:413001:014,14640.63,crop_sale,upi,413001,0.0,True
tx-202510-00002410,2025-10-01T00:00:00Z,farmer:413001:014,retailer:413001:01,2004.82,kirana_purchase,upi,413001,0.0,True
tx-202510-00002411,2025-10-01T00:00:00Z,farmer:413001:014,utility:413001,630.0,utility_payment,upi,413001,0.0,True
tx-202510-00002412,2025-10-01T00:00:00Z,farmer:413001:014,lender:vridhi,1350.0,loan_repayment,upi,413001,0.0,True
tx-202510-00002413,2025-10-01T00:00:00Z,wholesaler:413001:01,farmer:413001:015,8009.79,crop_sale,upi,413001,0.0,True
tx-202510-00002414,2025-10-01T00:00:00Z,farmer:413001:015,retailer:413001:02,1488.33,kirana_purchase,upi,413001,0.0,True
tx-202510-00002415,2025-10-01T00:00:00Z,farmer:413001:015,utility:413001,505.0,utility_payment,upi,413001,0.0,True
tx-202510-00002416,2025-10-01T00:00:00Z,farmer:413001:015,lender:vridhi,1350.0,loan_repayment,upi,413001,0.0,True
tx-202510-00002417,2025-10-01T00:00:00Z,wholesaler:413001:01,farmer:413001:016,4183.52,crop_sale,upi,413001,0.0,True
tx-202510-00002418,2025-10-01T00:00:00Z,farmer:413001:016,retailer:413001:02,2283.79,kirana_purchase,upi,413001,0.0,True
tx-202510-00002419,2025-10-01T00:00:00Z,farmer:413001:016,utility:413001,505.0,utility_payment,upi,413001,0.0,True
tx-202510-00002420,2025-10-01T00:00:00Z,farmer:413001:016,lender:vridhi,1350.0,loan_repayment,upi,413001,0.0,True
tx-202510-00002421,2025-10-01T00:00:00Z,wholesaler:413001:01,farmer:413001:017,8923.07,crop_sale,upi,413001,0.0,True
tx-202510-00002422,2025-10-01T00:00:00Z,farmer:413001:017,retailer:413001:04,2078.37,kirana_purchase,upi,413001,0.0,True
tx-202510-00002423,2025-10-01T00:00:00Z,farmer:413001:017,utility:413001,630.0,utility_payment,upi,413001,0.0,True
tx-202510-00002424,2025-10-01T00:00:00Z,farmer:413001:017,lender:vridhi,1350.0,loan_repayment,upi,413001,0.0,True
tx-202510-00002425,2025-10-01T00:00:00Z,farmer:413001:018,lender:vridhi,1350.0,loan_repayment,upi,413001,0.0,True
tx-202510-00002426,2025-10-01T00:00:00Z,wholesaler:413001:01,farmer:413001:019,11796.98,crop_sale,upi,413001,0.0,True
tx-202510-00002427,2025-10-01T00:00:00Z,farmer:413001:019,retailer:413001:04,2688.63,kirana_purchase,upi,413001,0.0,True
tx-202510-00002428,2025-10-01T00:00:00Z,farmer:413001:019,lender:vridhi,1350.0,loan_repayment,upi,413001,0.0,True
tx-202510-00002429,2025-10-01T00:00:00Z,wholesaler:413001:01,farmer:413001:020,5050.23,crop_sale,upi,413001,0.0,True
tx-202510-00002430,2025-10-01T00:00:00Z,farmer:413001:020,lender:vridhi,1350.0,loan_repayment,upi,413001,0.0,True
tx-202510-00002431,2025-10-01T00:00:00Z,farmer:413001:021,retailer:413001:04,1747.32,kirana_purchase,upi,413001,0.0,True
tx-202510-00002432,2025-10-01T00:00:00Z,farmer:413001:021,utility:413001,630.0,utility_payment,upi,413001,0.0,True
tx-202510-00002433,2025-10-01T00:00:00Z,farmer:413001:022,retailer:413001:03,2391.57,kirana_purchase,upi,413001,0.0,True
tx-202510-00002434,2025-10-01T00:00:00Z,wholesaler:413001:01,farmer:413001:023,3534.66,crop_sale,upi,413001,0.0,True
tx-202510-00002435,2025-10-01T00:00:00Z,farmer:413001:023,utility:413001,505.0,utility_payment,upi,413001,0.0,True
tx-202510-00002436,2025-10-01T00:00:00Z,farmer:413001:023,lender:vridhi,1197.98,loan_repayment,upi,413001,0.0,True
tx-202510-00002437,2025-10-01T00:00:00Z,wholesaler:413001:01,farmer:413001:024,6573.92,crop_sale,upi,413001,0.0,True
tx-202510-00002438,2025-10-01T00:00:00Z,farmer:413001:024,utility:413001,505.0,utility_payment,upi,413001,0.0,True
tx-202510-00002439,2025-10-01T00:00:00Z,farmer:413001:024,lender:vridhi,1350.0,loan_repayment,upi,413001,0.0,True
tx-202510-00002440,2025-10-01T00:00:00Z,wholesaler:413001:01,farmer:413001:025,8220.78,crop_sale,upi,413001,0.0,True
tx-202510-00002441,2025-10-01T00:00:00Z,farmer:413001:025,retailer:413001:01,2750.02,kirana_purchase,upi,413001,0.0,True
tx-202510-00002442,2025-10-01T00:00:00Z,farmer:413001:025,lender:vridhi,1350.0,loan_repayment,upi,413001,0.0,True
tx-202510-00002443,2025-10-01T00:00:00Z,wholesaler:413001:01,farmer:413001:026,15755.59,crop_sale,upi,413001,0.0,True
tx-202510-00002444,2025-10-01T00:00:00Z,farmer:413001:026,retailer:413001:04,2926.19,kirana_purchase,upi,413001,0.0,True
tx-202510-00002445,2025-10-01T00:00:00Z,farmer:413001:026,utility:413001,505.0,utility_payment,upi,413001,0.0,True
tx-202510-00002446,2025-10-01T00:00:00Z,farmer:413001:026,lender:vridhi,1350.0,loan_repayment,upi,413001,0.0,True
tx-202510-00002447,2025-10-01T00:00:00Z,wholesaler:413001:01,farmer:413001:027,6093.56,crop_sale,upi,413001,0.0,True
tx-202510-00002448,2025-10-01T00:00:00Z,farmer:413001:027,retailer:413001:01,2886.98,kirana_purchase,upi,413001,0.0,True
tx-202510-00002449,2025-10-01T00:00:00Z,farmer:413001:027,utility:413001,505.0,utility_payment,upi,413001,0.0,True
tx-202510-00002450,2025-10-01T00:00:00Z,farmer:413001:027,lender:vridhi,1350.0,loan_repayment,upi,413001,0.0,True
tx-202510-00002451,2025-10-01T00:00:00Z,wholesaler:413001:01,farmer:413001:028,12895.13,crop_sale,upi,413001,0.0,True
tx-202510-00002452,2025-10-01T00:00:00Z,farmer:413001:028,retailer:413001:02,1539.91,kirana_purchase,upi,413001,0.0,True
tx-202510-00002453,2025-10-01T00:00:00Z,farmer:413001:028,utility:413001,505.0,utility_payment,upi,413001,0.0,True
tx-202510-00002454,2025-10-01T00:00:00Z,wholesaler:413001:01,farmer:413001:029,5621.87,crop_sale,upi,413001,0.0,True
tx-202510-00002455,2025-10-01T00:00:00Z,farmer:413001:029,utility:413001,505.0,utility_payment,upi,413001,0.0,True
tx-202510-00002456,2025-10-01T00:00:00Z,farmer:413001:029,lender:vridhi,1350.0,loan_repayment,upi,413001,0.0,True
tx-202510-00002457,2025-10-01T00:00:00Z,wholesaler:413001:01,farmer:413001:030,4946.8,crop_sale,upi,413001,0.0,True
tx-202510-00002458,2025-10-01T00:00:00Z,farmer:413001:030,utility:413001,630.0,utility_payment,upi,413001,0.0,True
tx-202510-00002459,2025-10-01T00:00:00Z,farmer:413001:030,lender:vridhi,1350.0,loan_repayment,upi,413001,0.0,True
tx-202510-00002460,2025-10-01T00:00:00Z,wholesaler:413001:01,farmer:413001:031,12911.82,crop_sale,upi,413001,0.0,True
tx-202510-00002461,2025-10-01T00:00:00Z,farmer:413001:031,retailer:413001:03,2849.64,kirana_purchase,upi,413001,0.0,True
tx-202510-00002462,2025-10-01T00:00:00Z,farmer:413001:031,utility:413001,505.0,utility_payment,upi,413001,0.0,True
tx-202510-00002463,2025-10-01T00:00:00Z,farmer:413001:031,lender:vridhi,1350.0,loan_repayment,upi,413001,0.0,True
tx-202510-00002464,2025-10-01T00:00:00Z,wholesaler:413001:01,farmer:413001:032,4217.09,crop_sale,upi,413001,0.0,True
tx-202510-00002465,2025-10-01T00:00:00Z,farmer:413001:032,retailer:413001:02,1624.11,kirana_purchase,upi,413001,0.0,True
tx-202510-00002466,2025-10-01T00:00:00Z,farmer:413001:032,utility:413001,505.0,utility_payment,upi,413001,0.0,True
tx-202510-00002467,2025-10-01T00:00:00Z,farmer:413001:032,lender:vridhi,1350.0,loan_repayment,upi,413001,0.0,True
tx-202510-00002468,2025-10-01T00:00:00Z,wholesaler:413001:01,farmer:413001:033,12100.71,crop_sale,upi,413001,0.0,True
tx-202510-00002469,2025-10-01T00:00:00Z,farmer:413001:033,utility:413001,630.0,utility_payment,upi,413001,0.0,True
tx-202510-00002470,2025-10-01T00:00:00Z,farmer:413001:033,lender:vridhi,1350.0,loan_repayment,upi,413001,0.0,True
tx-202510-00002471,2025-10-01T00:00:00Z,wholesaler:413001:01,farmer:413001:034,2996.76,crop_sale,upi,413001,0.0,True
tx-202510-00002472,2025-10-01T00:00:00Z,farmer:413001:034,retailer:413001:03,1686.32,kirana_purchase,upi,413001,0.0,True
tx-202510-00002473,2025-10-01T00:00:00Z,farmer:413001:034,lender:vridhi,1350.0,loan_repayment,upi,413001,0.0,True
tx-202510-00002474,2025-10-01T00:00:00Z,wholesaler:413001:01,farmer:413001:035,12447.94,crop_sale,upi,413001,0.0,True
tx-202510-00002475,2025-10-01T00:00:00Z,farmer:413001:035,utility:413001,630.0,utility_payment,upi,413001,0.0,True
tx-202510-00002476,2025-10-01T00:00:00Z,retailer:413001:01,wholesaler:413001:01,9612.93,retailer_restock,upi,413001,0.0,True
tx-202510-00002477,2025-10-01T00:00:00Z,retailer:413001:01,utility:413001,1050.0,utility_payment,upi,413001,0.0,True
tx-202510-00002478,2025-10-01T00:00:00Z,retailer:413001:02,wholesaler:413001:01,9335.87,retailer_restock,upi,413001,0.0,True
tx-202510-00002479,2025-10-01T00:00:00Z,retailer:413001:02,utility:413001,1050.0,utility_payment,upi,413001,0.0,True
tx-202510-00002480,2025-10-01T00:00:00Z,retailer:413001:03,wholesaler:413001:01,15236.8,retailer_restock,upi,413001,0.0,True
tx-202510-00002481,2025-10-01T00:00:00Z,retailer:413001:03,utility:413001,1050.0,utility_payment,upi,413001,0.0,True
tx-202510-00002482,2025-10-01T00:00:00Z,retailer:413001:04,wholesaler:413001:01,11852.29,retailer_restock,upi,413001,0.0,True
tx-202510-00002483,2025-10-01T00:00:00Z,retailer:413001:04,utility:413001,1050.0,utility_payment,upi,413001,0.0,True
tx-202510-00002484,2025-10-01T00:00:00Z,wholesaler:413001:01,utility:413001,2400.0,utility_payment,upi,413001,0.0,True
tx-202510-00002485,2025-10-01T00:00:00Z,farmer:431001:001,lender:vridhi,1350.0,loan_repayment,upi,431001,0.0,True
tx-202510-00002486,2025-10-01T00:00:00Z,wholesaler:431001:01,farmer:431001:002,18932.61,crop_sale,upi,431001,0.0,True
tx-202510-00002487,2025-10-01T00:00:00Z,farmer:431001:002,retailer:431001:02,1764.13,kirana_purchase,upi,431001,0.0,True
tx-202510-00002488,2025-10-01T00:00:00Z,farmer:431001:002,utility:431001,505.0,utility_payment,upi,431001,0.0,True
tx-202510-00002489,2025-10-01T00:00:00Z,farmer:431001:003,lender:vridhi,1350.0,loan_repayment,upi,431001,0.0,True
tx-202510-00002490,2025-10-01T00:00:00Z,wholesaler:431001:01,farmer:431001:004,15751.62,crop_sale,upi,431001,0.0,True
tx-202510-00002491,2025-10-01T00:00:00Z,farmer:431001:004,lender:vridhi,1350.0,loan_repayment,upi,431001,0.0,True
tx-202510-00002492,2025-10-01T00:00:00Z,wholesaler:431001:01,farmer:431001:005,12842.79,crop_sale,upi,431001,0.0,True
tx-202510-00002493,2025-10-01T00:00:00Z,farmer:431001:005,lender:vridhi,1350.0,loan_repayment,upi,431001,0.0,True
tx-202510-00002494,2025-10-01T00:00:00Z,wholesaler:431001:01,farmer:431001:006,11610.25,crop_sale,upi,431001,0.0,True
tx-202510-00002495,2025-10-01T00:00:00Z,farmer:431001:006,retailer:431001:01,1757.44,kirana_purchase,upi,431001,0.0,True
tx-202510-00002496,2025-10-01T00:00:00Z,farmer:431001:006,utility:431001,630.0,utility_payment,upi,431001,0.0,True
tx-202510-00002497,2025-10-01T00:00:00Z,farmer:431001:006,lender:vridhi,1350.0,loan_repayment,upi,431001,0.0,True
tx-202510-00002498,2025-10-01T00:00:00Z,wholesaler:431001:01,farmer:431001:007,3048.26,crop_sale,upi,431001,0.0,True
tx-202510-00002499,2025-10-01T00:00:00Z,farmer:431001:007,retailer:431001:03,1660.15,kirana_purchase,upi,431001,0.0,True
tx-202510-00002500,2025-10-01T00:00:00Z,farmer:431001:007,utility:431001,630.0,utility_payment,upi,431001,0.0,True
tx-202510-00002501,2025-10-01T00:00:00Z,farmer:431001:007,lender:vridhi,758.11,loan_repayment,upi,431001,0.0,True
tx-202510-00002502,2025-10-01T00:00:00Z,wholesaler:431001:01,farmer:431001:008,17562.16,crop_sale,upi,431001,0.0,True
tx-202510-00002503,2025-10-01T00:00:00Z,farmer:431001:008,retailer:431001:01,1589.82,kirana_purchase,upi,431001,0.0,True
tx-202510-00002504,2025-10-01T00:00:00Z,farmer:431001:008,utility:431001,505.0,utility_payment,upi,431001,0.0,True
tx-202510-00002505,2025-10-01T00:00:00Z,farmer:431001:008,lender:vridhi,1350.0,loan_repayment,upi,431001,0.0,True
tx-202510-00002506,2025-10-01T00:00:00Z,wholesaler:431001:01,farmer:431001:009,8209.19,crop_sale,upi,431001,0.0,True
tx-202510-00002507,2025-10-01T00:00:00Z,farmer:431001:009,retailer:431001:04,1833.98,kirana_purchase,upi,431001,0.0,True
tx-202510-00002508,2025-10-01T00:00:00Z,farmer:431001:009,lender:vridhi,1350.0,loan_repayment,upi,431001,0.0,True
tx-202510-00002509,2025-10-01T00:00:00Z,farmer:431001:010,retailer:431001:04,3046.44,kirana_purchase,upi,431001,0.0,True
tx-202510-00002510,2025-10-01T00:00:00Z,farmer:431001:010,utility:431001,630.0,utility_payment,upi,431001,0.0,True
tx-202510-00002511,2025-10-01T00:00:00Z,farmer:431001:010,lender:vridhi,1350.0,loan_repayment,upi,431001,0.0,True
tx-202510-00002512,2025-10-01T00:00:00Z,wholesaler:431001:01,farmer:431001:011,4496.72,crop_sale,upi,431001,0.0,True
tx-202510-00002513,2025-10-01T00:00:00Z,farmer:431001:011,retailer:431001:01,1652.67,kirana_purchase,upi,431001,0.0,True
tx-202510-00002514,2025-10-01T00:00:00Z,farmer:431001:012,utility:431001,630.0,utility_payment,upi,431001,0.0,True
tx-202510-00002515,2025-10-01T00:00:00Z,farmer:431001:012,lender:vridhi,1350.0,loan_repayment,upi,431001,0.0,True
tx-202510-00002516,2025-10-01T00:00:00Z,wholesaler:431001:01,farmer:431001:013,8069.75,crop_sale,upi,431001,0.0,True
tx-202510-00002517,2025-10-01T00:00:00Z,farmer:431001:013,retailer:431001:04,2682.84,kirana_purchase,upi,431001,0.0,True
tx-202510-00002518,2025-10-01T00:00:00Z,farmer:431001:013,lender:vridhi,1350.0,loan_repayment,upi,431001,0.0,True
tx-202510-00002519,2025-10-01T00:00:00Z,wholesaler:431001:01,farmer:431001:015,6179.69,crop_sale,upi,431001,0.0,True
tx-202510-00002520,2025-10-01T00:00:00Z,farmer:431001:015,retailer:431001:04,1633.66,kirana_purchase,upi,431001,0.0,True
tx-202510-00002521,2025-10-01T00:00:00Z,farmer:431001:015,utility:431001,630.0,utility_payment,upi,431001,0.0,True
tx-202510-00002522,2025-10-01T00:00:00Z,farmer:431001:015,lender:vridhi,1350.0,loan_repayment,upi,431001,0.0,True
tx-202510-00002523,2025-10-01T00:00:00Z,wholesaler:431001:01,farmer:431001:016,11306.41,crop_sale,upi,431001,0.0,True
tx-202510-00002524,2025-10-01T00:00:00Z,farmer:431001:016,retailer:431001:01,2861.53,kirana_purchase,upi,431001,0.0,True
tx-202510-00002525,2025-10-01T00:00:00Z,farmer:431001:016,utility:431001,630.0,utility_payment,upi,431001,0.0,True
tx-202510-00002526,2025-10-01T00:00:00Z,farmer:431001:016,lender:vridhi,1350.0,loan_repayment,upi,431001,0.0,True
tx-202510-00002527,2025-10-01T00:00:00Z,wholesaler:431001:01,farmer:431001:017,5151.56,crop_sale,upi,431001,0.0,True
tx-202510-00002528,2025-10-01T00:00:00Z,farmer:431001:017,retailer:431001:03,2507.34,kirana_purchase,upi,431001,0.0,True
tx-202510-00002529,2025-10-01T00:00:00Z,farmer:431001:017,utility:431001,630.0,utility_payment,upi,431001,0.0,True
tx-202510-00002530,2025-10-01T00:00:00Z,farmer:431001:017,lender:vridhi,1350.0,loan_repayment,upi,431001,0.0,True
tx-202510-00002531,2025-10-01T00:00:00Z,farmer:431001:018,retailer:431001:02,1949.06,kirana_purchase,upi,431001,0.0,True
tx-202510-00002532,2025-10-01T00:00:00Z,farmer:431001:018,utility:431001,505.0,utility_payment,upi,431001,0.0,True
tx-202510-00002533,2025-10-01T00:00:00Z,farmer:431001:018,lender:vridhi,1350.0,loan_repayment,upi,431001,0.0,True
tx-202510-00002534,2025-10-01T00:00:00Z,wholesaler:431001:01,farmer:431001:019,4661.75,crop_sale,upi,431001,0.0,True
tx-202510-00002535,2025-10-01T00:00:00Z,farmer:431001:019,retailer:431001:01,3069.39,kirana_purchase,upi,431001,0.0,True
tx-202510-00002536,2025-10-01T00:00:00Z,farmer:431001:019,utility:431001,505.0,utility_payment,upi,431001,0.0,True
tx-202510-00002537,2025-10-01T00:00:00Z,wholesaler:431001:01,farmer:431001:020,15696.33,crop_sale,upi,431001,0.0,True
tx-202510-00002538,2025-10-01T00:00:00Z,farmer:431001:020,retailer:431001:04,2202.35,kirana_purchase,upi,431001,0.0,True
tx-202510-00002539,2025-10-01T00:00:00Z,farmer:431001:020,utility:431001,505.0,utility_payment,upi,431001,0.0,True
tx-202510-00002540,2025-10-01T00:00:00Z,farmer:431001:020,lender:vridhi,1350.0,loan_repayment,upi,431001,0.0,True
tx-202510-00002541,2025-10-01T00:00:00Z,farmer:431001:021,retailer:431001:02,2285.52,kirana_purchase,upi,431001,0.0,True
tx-202510-00002542,2025-10-01T00:00:00Z,farmer:431001:021,lender:vridhi,1350.0,loan_repayment,upi,431001,0.0,True
tx-202510-00002543,2025-10-01T00:00:00Z,wholesaler:431001:01,farmer:431001:022,4604.54,crop_sale,upi,431001,0.0,True
tx-202510-00002544,2025-10-01T00:00:00Z,farmer:431001:022,utility:431001,505.0,utility_payment,upi,431001,0.0,True
tx-202510-00002545,2025-10-01T00:00:00Z,farmer:431001:022,lender:vridhi,1350.0,loan_repayment,upi,431001,0.0,True
tx-202510-00002546,2025-10-01T00:00:00Z,farmer:431001:023,retailer:431001:03,2753.0,kirana_purchase,upi,431001,0.0,True
tx-202510-00002547,2025-10-01T00:00:00Z,farmer:431001:023,utility:431001,630.0,utility_payment,upi,431001,0.0,True
tx-202510-00002548,2025-10-01T00:00:00Z,farmer:431001:023,lender:vridhi,1350.0,loan_repayment,upi,431001,0.0,True
tx-202510-00002549,2025-10-01T00:00:00Z,wholesaler:431001:01,farmer:431001:024,5420.17,crop_sale,upi,431001,0.0,True
tx-202510-00002550,2025-10-01T00:00:00Z,farmer:431001:024,retailer:431001:01,2750.83,kirana_purchase,upi,431001,0.0,True
tx-202510-00002551,2025-10-01T00:00:00Z,farmer:431001:024,utility:431001,630.0,utility_payment,upi,431001,0.0,True
tx-202510-00002552,2025-10-01T00:00:00Z,farmer:431001:024,lender:vridhi,1350.0,loan_repayment,upi,431001,0.0,True
tx-202510-00002553,2025-10-01T00:00:00Z,wholesaler:431001:01,farmer:431001:025,10637.91,crop_sale,upi,431001,0.0,True
tx-202510-00002554,2025-10-01T00:00:00Z,farmer:431001:025,retailer:431001:01,2574.11,kirana_purchase,upi,431001,0.0,True
tx-202510-00002555,2025-10-01T00:00:00Z,farmer:431001:025,utility:431001,505.0,utility_payment,upi,431001,0.0,True
tx-202510-00002556,2025-10-01T00:00:00Z,farmer:431001:025,lender:vridhi,1350.0,loan_repayment,upi,431001,0.0,True
tx-202510-00002557,2025-10-01T00:00:00Z,wholesaler:431001:01,farmer:431001:026,14410.2,crop_sale,upi,431001,0.0,True
tx-202510-00002558,2025-10-01T00:00:00Z,farmer:431001:026,retailer:431001:03,1644.6,kirana_purchase,upi,431001,0.0,True
tx-202510-00002559,2025-10-01T00:00:00Z,farmer:431001:026,utility:431001,630.0,utility_payment,upi,431001,0.0,True
tx-202510-00002560,2025-10-01T00:00:00Z,farmer:431001:026,lender:vridhi,1350.0,loan_repayment,upi,431001,0.0,True
tx-202510-00002561,2025-10-01T00:00:00Z,wholesaler:431001:01,farmer:431001:027,9475.89,crop_sale,upi,431001,0.0,True
tx-202510-00002562,2025-10-01T00:00:00Z,farmer:431001:027,utility:431001,505.0,utility_payment,upi,431001,0.0,True
tx-202510-00002563,2025-10-01T00:00:00Z,wholesaler:431001:01,farmer:431001:028,6639.64,crop_sale,upi,431001,0.0,True
tx-202510-00002564,2025-10-01T00:00:00Z,farmer:431001:028,retailer:431001:01,2824.16,kirana_purchase,upi,431001,0.0,True
tx-202510-00002565,2025-10-01T00:00:00Z,farmer:431001:028,utility:431001,630.0,utility_payment,upi,431001,0.0,True
tx-202510-00002566,2025-10-01T00:00:00Z,farmer:431001:028,lender:vridhi,1350.0,loan_repayment,upi,431001,0.0,True
tx-202510-00002567,2025-10-01T00:00:00Z,wholesaler:431001:01,farmer:431001:029,9357.25,crop_sale,upi,431001,0.0,True
tx-202510-00002568,2025-10-01T00:00:00Z,farmer:431001:029,retailer:431001:03,1733.27,kirana_purchase,upi,431001,0.0,True
tx-202510-00002569,2025-10-01T00:00:00Z,farmer:431001:029,lender:vridhi,1350.0,loan_repayment,upi,431001,0.0,True
tx-202510-00002570,2025-10-01T00:00:00Z,farmer:431001:030,retailer:431001:01,2878.65,kirana_purchase,upi,431001,0.0,True
tx-202510-00002571,2025-10-01T00:00:00Z,farmer:431001:030,utility:431001,505.0,utility_payment,upi,431001,0.0,True
tx-202510-00002572,2025-10-01T00:00:00Z,farmer:431001:030,lender:vridhi,1350.0,loan_repayment,upi,431001,0.0,True
tx-202510-00002573,2025-10-01T00:00:00Z,wholesaler:431001:01,farmer:431001:031,12716.31,crop_sale,upi,431001,0.0,True
tx-202510-00002574,2025-10-01T00:00:00Z,farmer:431001:031,lender:vridhi,1350.0,loan_repayment,upi,431001,0.0,True
tx-202510-00002575,2025-10-01T00:00:00Z,wholesaler:431001:01,farmer:431001:032,15626.88,crop_sale,upi,431001,0.0,True
tx-202510-00002576,2025-10-01T00:00:00Z,farmer:431001:032,retailer:431001:04,2176.08,kirana_purchase,upi,431001,0.0,True
tx-202510-00002577,2025-10-01T00:00:00Z,farmer:431001:032,utility:431001,630.0,utility_payment,upi,431001,0.0,True
tx-202510-00002578,2025-10-01T00:00:00Z,wholesaler:431001:01,farmer:431001:033,15475.08,crop_sale,upi,431001,0.0,True
tx-202510-00002579,2025-10-01T00:00:00Z,farmer:431001:033,retailer:431001:03,1790.13,kirana_purchase,upi,431001,0.0,True
tx-202510-00002580,2025-10-01T00:00:00Z,farmer:431001:033,utility:431001,630.0,utility_payment,upi,431001,0.0,True
tx-202510-00002581,2025-10-01T00:00:00Z,farmer:431001:033,lender:vridhi,1350.0,loan_repayment,upi,431001,0.0,True
tx-202510-00002582,2025-10-01T00:00:00Z,wholesaler:431001:01,farmer:431001:034,6850.61,crop_sale,upi,431001,0.0,True
tx-202510-00002583,2025-10-01T00:00:00Z,farmer:431001:034,retailer:431001:01,2517.33,kirana_purchase,upi,431001,0.0,True
tx-202510-00002584,2025-10-01T00:00:00Z,farmer:431001:034,utility:431001,505.0,utility_payment,upi,431001,0.0,True
tx-202510-00002585,2025-10-01T00:00:00Z,farmer:431001:034,lender:vridhi,1350.0,loan_repayment,upi,431001,0.0,True
tx-202510-00002586,2025-10-01T00:00:00Z,farmer:431001:035,retailer:431001:04,1905.49,kirana_purchase,upi,431001,0.0,True
tx-202510-00002587,2025-10-01T00:00:00Z,retailer:431001:01,utility:431001,1050.0,utility_payment,upi,431001,0.0,True
tx-202510-00002588,2025-10-01T00:00:00Z,retailer:431001:02,wholesaler:431001:01,5155.85,retailer_restock,upi,431001,0.0,True
tx-202510-00002589,2025-10-01T00:00:00Z,retailer:431001:02,utility:431001,1050.0,utility_payment,upi,431001,0.0,True
tx-202510-00002590,2025-10-01T00:00:00Z,retailer:431001:03,utility:431001,1050.0,utility_payment,upi,431001,0.0,True
tx-202510-00002591,2025-10-01T00:00:00Z,retailer:431001:04,wholesaler:431001:01,14512.49,retailer_restock,upi,431001,0.0,True
tx-202510-00002592,2025-10-01T00:00:00Z,wholesaler:440001:01,farmer:440001:001,15926.56,crop_sale,upi,440001,0.0,True
tx-202510-00002593,2025-10-01T00:00:00Z,farmer:440001:001,retailer:440001:03,2548.27,kirana_purchase,upi,440001,0.0,True
tx-202510-00002594,2025-10-01T00:00:00Z,farmer:440001:001,utility:440001,505.0,utility_payment,upi,440001,0.0,True
tx-202510-00002595,2025-10-01T00:00:00Z,farmer:440001:001,lender:vridhi,1350.0,loan_repayment,upi,440001,0.0,True
tx-202510-00002596,2025-10-01T00:00:00Z,wholesaler:440001:01,farmer:440001:002,15156.08,crop_sale,upi,440001,0.0,True
tx-202510-00002597,2025-10-01T00:00:00Z,farmer:440001:002,retailer:440001:02,2804.98,kirana_purchase,upi,440001,0.0,True
tx-202510-00002598,2025-10-01T00:00:00Z,farmer:440001:002,utility:440001,505.0,utility_payment,upi,440001,0.0,True
tx-202510-00002599,2025-10-01T00:00:00Z,farmer:440001:003,retailer:440001:02,1720.91,kirana_purchase,upi,440001,0.0,True
tx-202510-00002600,2025-10-01T00:00:00Z,farmer:440001:003,utility:440001,630.0,utility_payment,upi,440001,0.0,True
tx-202510-00002601,2025-10-01T00:00:00Z,farmer:440001:003,lender:vridhi,1350.0,loan_repayment,upi,440001,0.0,True
tx-202510-00002602,2025-10-01T00:00:00Z,wholesaler:440001:01,farmer:440001:004,17922.38,crop_sale,upi,440001,0.0,True
tx-202510-00002603,2025-10-01T00:00:00Z,farmer:440001:004,retailer:440001:01,3088.44,kirana_purchase,upi,440001,0.0,True
tx-202510-00002604,2025-10-01T00:00:00Z,farmer:440001:004,utility:440001,505.0,utility_payment,upi,440001,0.0,True
tx-202510-00002605,2025-10-01T00:00:00Z,wholesaler:440001:01,farmer:440001:005,12342.5,crop_sale,upi,440001,0.0,True
tx-202510-00002606,2025-10-01T00:00:00Z,farmer:440001:005,retailer:440001:01,2980.98,kirana_purchase,upi,440001,0.0,True
tx-202510-00002607,2025-10-01T00:00:00Z,farmer:440001:005,utility:440001,630.0,utility_payment,upi,440001,0.0,True
tx-202510-00002608,2025-10-01T00:00:00Z,farmer:440001:005,lender:vridhi,1350.0,loan_repayment,upi,440001,0.0,True
tx-202510-00002609,2025-10-01T00:00:00Z,farmer:440001:006,retailer:440001:02,1851.27,kirana_purchase,upi,440001,0.0,True
tx-202510-00002610,2025-10-01T00:00:00Z,farmer:440001:006,utility:440001,630.0,utility_payment,upi,440001,0.0,True
tx-202510-00002611,2025-10-01T00:00:00Z,farmer:440001:006,lender:vridhi,1350.0,loan_repayment,upi,440001,0.0,True
tx-202510-00002612,2025-10-01T00:00:00Z,wholesaler:440001:01,farmer:440001:007,17833.97,crop_sale,upi,440001,0.0,True
tx-202510-00002613,2025-10-01T00:00:00Z,farmer:440001:007,retailer:440001:03,2293.97,kirana_purchase,upi,440001,0.0,True
tx-202510-00002614,2025-10-01T00:00:00Z,farmer:440001:007,utility:440001,505.0,utility_payment,upi,440001,0.0,True
tx-202510-00002615,2025-10-01T00:00:00Z,farmer:440001:007,lender:vridhi,1350.0,loan_repayment,upi,440001,0.0,True
tx-202510-00002616,2025-10-01T00:00:00Z,farmer:440001:008,lender:vridhi,1350.0,loan_repayment,upi,440001,0.0,True
tx-202510-00002617,2025-10-01T00:00:00Z,wholesaler:440001:01,farmer:440001:009,4453.99,crop_sale,upi,440001,0.0,True
tx-202510-00002618,2025-10-01T00:00:00Z,farmer:440001:009,retailer:440001:03,2197.11,kirana_purchase,upi,440001,0.0,True
tx-202510-00002619,2025-10-01T00:00:00Z,farmer:440001:009,utility:440001,505.0,utility_payment,upi,440001,0.0,True
tx-202510-00002620,2025-10-01T00:00:00Z,farmer:440001:009,lender:vridhi,1350.0,loan_repayment,upi,440001,0.0,True
tx-202510-00002621,2025-10-01T00:00:00Z,farmer:440001:010,retailer:440001:03,2377.77,kirana_purchase,upi,440001,0.0,True
tx-202510-00002622,2025-10-01T00:00:00Z,farmer:440001:010,utility:440001,505.0,utility_payment,upi,440001,0.0,True
tx-202510-00002623,2025-10-01T00:00:00Z,farmer:440001:010,lender:vridhi,1350.0,loan_repayment,upi,440001,0.0,True
tx-202510-00002624,2025-10-01T00:00:00Z,wholesaler:440001:01,farmer:440001:011,12588.1,crop_sale,upi,440001,0.0,True
tx-202510-00002625,2025-10-01T00:00:00Z,farmer:440001:011,utility:440001,505.0,utility_payment,upi,440001,0.0,True
tx-202510-00002626,2025-10-01T00:00:00Z,farmer:440001:012,utility:440001,630.0,utility_payment,upi,440001,0.0,True
tx-202510-00002627,2025-10-01T00:00:00Z,farmer:440001:012,lender:vridhi,1350.0,loan_repayment,upi,440001,0.0,True
tx-202510-00002628,2025-10-01T00:00:00Z,farmer:440001:013,utility:440001,505.0,utility_payment,upi,440001,0.0,True
tx-202510-00002629,2025-10-01T00:00:00Z,farmer:440001:013,lender:vridhi,1350.0,loan_repayment,upi,440001,0.0,True
tx-202510-00002630,2025-10-01T00:00:00Z,wholesaler:440001:01,farmer:440001:014,7684.05,crop_sale,upi,440001,0.0,True
tx-202510-00002631,2025-10-01T00:00:00Z,farmer:440001:014,utility:440001,505.0,utility_payment,upi,440001,0.0,True
tx-202510-00002632,2025-10-01T00:00:00Z,wholesaler:440001:01,farmer:440001:015,10552.53,crop_sale,upi,440001,0.0,True
tx-202510-00002633,2025-10-01T00:00:00Z,farmer:440001:015,retailer:440001:02,3007.01,kirana_purchase,upi,440001,0.0,True
tx-202510-00002634,2025-10-01T00:00:00Z,farmer:440001:015,lender:vridhi,1350.0,loan_repayment,upi,440001,0.0,True
tx-202510-00002635,2025-10-01T00:00:00Z,wholesaler:440001:01,farmer:440001:016,4230.99,crop_sale,upi,440001,0.0,True
tx-202510-00002636,2025-10-01T00:00:00Z,farmer:440001:016,utility:440001,630.0,utility_payment,upi,440001,0.0,True
tx-202510-00002637,2025-10-01T00:00:00Z,farmer:440001:016,lender:vridhi,751.55,loan_repayment,upi,440001,0.0,True
tx-202510-00002638,2025-10-01T00:00:00Z,wholesaler:440001:01,farmer:440001:017,18256.94,crop_sale,upi,440001,0.0,True
tx-202510-00002639,2025-10-01T00:00:00Z,farmer:440001:017,utility:440001,505.0,utility_payment,upi,440001,0.0,True
tx-202510-00002640,2025-10-01T00:00:00Z,farmer:440001:017,lender:vridhi,1350.0,loan_repayment,upi,440001,0.0,True
tx-202510-00002641,2025-10-01T00:00:00Z,farmer:440001:018,retailer:440001:03,2220.54,kirana_purchase,upi,440001,0.0,True
tx-202510-00002642,2025-10-01T00:00:00Z,farmer:440001:018,utility:440001,630.0,utility_payment,upi,440001,0.0,True
tx-202510-00002643,2025-10-01T00:00:00Z,farmer:440001:018,lender:vridhi,1350.0,loan_repayment,upi,440001,0.0,True
tx-202510-00002644,2025-10-01T00:00:00Z,farmer:440001:019,retailer:440001:02,1455.23,kirana_purchase,upi,440001,0.0,True
tx-202510-00002645,2025-10-01T00:00:00Z,farmer:440001:019,utility:440001,630.0,utility_payment,upi,440001,0.0,True
tx-202510-00002646,2025-10-01T00:00:00Z,farmer:440001:019,lender:vridhi,1350.0,loan_repayment,upi,440001,0.0,True
tx-202510-00002647,2025-10-01T00:00:00Z,wholesaler:440001:01,farmer:440001:020,11271.55,crop_sale,upi,440001,0.0,True
tx-202510-00002648,2025-10-01T00:00:00Z,farmer:440001:020,lender:vridhi,1350.0,loan_repayment,upi,440001,0.0,True
tx-202510-00002649,2025-10-01T00:00:00Z,wholesaler:440001:01,farmer:440001:021,7544.02,crop_sale,upi,440001,0.0,True
tx-202510-00002650,2025-10-01T00:00:00Z,farmer:440001:021,retailer:440001:03,1744.91,kirana_purchase,upi,440001,0.0,True
tx-202510-00002651,2025-10-01T00:00:00Z,farmer:440001:021,utility:440001,630.0,utility_payment,upi,440001,0.0,True
tx-202510-00002652,2025-10-01T00:00:00Z,farmer:440001:021,lender:vridhi,1350.0,loan_repayment,upi,440001,0.0,True
tx-202510-00002653,2025-10-01T00:00:00Z,wholesaler:440001:01,farmer:440001:022,4616.98,crop_sale,upi,440001,0.0,True
tx-202510-00002654,2025-10-01T00:00:00Z,farmer:440001:022,lender:vridhi,1047.12,loan_repayment,upi,440001,0.0,True
tx-202510-00002655,2025-10-01T00:00:00Z,farmer:440001:023,utility:440001,505.0,utility_payment,upi,440001,0.0,True
tx-202510-00002656,2025-10-01T00:00:00Z,farmer:440001:023,lender:vridhi,1350.0,loan_repayment,upi,440001,0.0,True
tx-202510-00002657,2025-10-01T00:00:00Z,wholesaler:440001:01,farmer:440001:024,12325.01,crop_sale,upi,440001,0.0,True
tx-202510-00002658,2025-10-01T00:00:00Z,farmer:440001:024,retailer:440001:04,2470.67,kirana_purchase,upi,440001,0.0,True
tx-202510-00002659,2025-10-01T00:00:00Z,farmer:440001:024,lender:vridhi,1350.0,loan_repayment,upi,440001,0.0,True
tx-202510-00002660,2025-10-01T00:00:00Z,wholesaler:440001:01,farmer:440001:025,7228.58,crop_sale,upi,440001,0.0,True
tx-202510-00002661,2025-10-01T00:00:00Z,farmer:440001:025,lender:vridhi,1350.0,loan_repayment,upi,440001,0.0,True
tx-202510-00002662,2025-10-01T00:00:00Z,wholesaler:440001:01,farmer:440001:026,14211.97,crop_sale,upi,440001,0.0,True
tx-202510-00002663,2025-10-01T00:00:00Z,farmer:440001:026,retailer:440001:03,1939.54,kirana_purchase,upi,440001,0.0,True
tx-202510-00002664,2025-10-01T00:00:00Z,farmer:440001:026,utility:440001,630.0,utility_payment,upi,440001,0.0,True
tx-202510-00002665,2025-10-01T00:00:00Z,farmer:440001:027,retailer:440001:03,2685.4,kirana_purchase,upi,440001,0.0,True
tx-202510-00002666,2025-10-01T00:00:00Z,farmer:440001:027,utility:440001,505.0,utility_payment,upi,440001,0.0,True
tx-202510-00002667,2025-10-01T00:00:00Z,farmer:440001:027,lender:vridhi,1350.0,loan_repayment,upi,440001,0.0,True
tx-202510-00002668,2025-10-01T00:00:00Z,farmer:440001:028,utility:440001,630.0,utility_payment,upi,440001,0.0,True
tx-202510-00002669,2025-10-01T00:00:00Z,farmer:440001:028,lender:vridhi,1350.0,loan_repayment,upi,440001,0.0,True
tx-202510-00002670,2025-10-01T00:00:00Z,wholesaler:440001:01,farmer:440001:029,11034.21,crop_sale,upi,440001,0.0,True
tx-202510-00002671,2025-10-01T00:00:00Z,farmer:440001:029,utility:440001,630.0,utility_payment,upi,440001,0.0,True
tx-202510-00002672,2025-10-01T00:00:00Z,farmer:440001:029,lender:vridhi,1350.0,loan_repayment,upi,440001,0.0,True
tx-202510-00002673,2025-10-01T00:00:00Z,wholesaler:440001:01,farmer:440001:030,4256.47,crop_sale,upi,440001,0.0,True
tx-202510-00002674,2025-10-01T00:00:00Z,farmer:440001:030,retailer:440001:03,1574.19,kirana_purchase,upi,440001,0.0,True
tx-202510-00002675,2025-10-01T00:00:00Z,farmer:440001:030,utility:440001,505.0,utility_payment,upi,440001,0.0,True
tx-202510-00002676,2025-10-01T00:00:00Z,wholesaler:440001:01,farmer:440001:031,11019.58,crop_sale,upi,440001,0.0,True
tx-202510-00002677,2025-10-01T00:00:00Z,farmer:440001:031,retailer:440001:01,1459.11,kirana_purchase,upi,440001,0.0,True
tx-202510-00002678,2025-10-01T00:00:00Z,farmer:440001:031,utility:440001,630.0,utility_payment,upi,440001,0.0,True
tx-202510-00002679,2025-10-01T00:00:00Z,wholesaler:440001:01,farmer:440001:032,5706.11,crop_sale,upi,440001,0.0,True
tx-202510-00002680,2025-10-01T00:00:00Z,farmer:440001:032,retailer:440001:01,2436.83,kirana_purchase,upi,440001,0.0,True
tx-202510-00002681,2025-10-01T00:00:00Z,farmer:440001:032,utility:440001,630.0,utility_payment,upi,440001,0.0,True
tx-202510-00002682,2025-10-01T00:00:00Z,wholesaler:440001:01,farmer:440001:033,17880.97,crop_sale,upi,440001,0.0,True
tx-202510-00002683,2025-10-01T00:00:00Z,farmer:440001:033,retailer:440001:03,2657.43,kirana_purchase,upi,440001,0.0,True
tx-202510-00002684,2025-10-01T00:00:00Z,farmer:440001:033,utility:440001,505.0,utility_payment,upi,440001,0.0,True
tx-202510-00002685,2025-10-01T00:00:00Z,farmer:440001:033,lender:vridhi,1350.0,loan_repayment,upi,440001,0.0,True
tx-202510-00002686,2025-10-01T00:00:00Z,wholesaler:440001:01,farmer:440001:034,18336.53,crop_sale,upi,440001,0.0,True
tx-202510-00002687,2025-10-01T00:00:00Z,farmer:440001:034,utility:440001,630.0,utility_payment,upi,440001,0.0,True
tx-202510-00002688,2025-10-01T00:00:00Z,wholesaler:440001:01,farmer:440001:035,4936.31,crop_sale,upi,440001,0.0,True
tx-202510-00002689,2025-10-01T00:00:00Z,farmer:440001:035,retailer:440001:03,2328.85,kirana_purchase,upi,440001,0.0,True
tx-202510-00002690,2025-10-01T00:00:00Z,farmer:440001:035,utility:440001,505.0,utility_payment,upi,440001,0.0,True
tx-202510-00002691,2025-10-01T00:00:00Z,farmer:440001:035,lender:vridhi,1350.0,loan_repayment,upi,440001,0.0,True
tx-202510-00002692,2025-10-01T00:00:00Z,retailer:440001:01,utility:440001,1050.0,utility_payment,upi,440001,0.0,True
tx-202510-00002693,2025-10-01T00:00:00Z,retailer:440001:02,wholesaler:440001:01,15164.87,retailer_restock,upi,440001,0.0,True
tx-202510-00002694,2025-10-01T00:00:00Z,retailer:440001:02,utility:440001,1050.0,utility_payment,upi,440001,0.0,True
tx-202510-00002695,2025-10-01T00:00:00Z,retailer:440001:03,wholesaler:440001:01,16281.22,retailer_restock,upi,440001,0.0,True
tx-202510-00002696,2025-10-01T00:00:00Z,retailer:440001:03,utility:440001,1050.0,utility_payment,upi,440001,0.0,True
tx-202510-00002697,2025-10-01T00:00:00Z,retailer:440001:04,wholesaler:440001:01,9913.84,retailer_restock,upi,440001,0.0,True
tx-202510-00002698,2025-10-01T00:00:00Z,retailer:440001:04,utility:440001,1050.0,utility_payment,upi,440001,0.0,True
tx-202510-00002699,2025-10-01T00:00:00Z,wholesaler:440001:01,utility:440001,2400.0,utility_payment,upi,440001,0.0,True
tx-202511-00002700,2025-11-01T00:00:00Z,wholesaler:413001:01,farmer:413001:001,3211.19,crop_sale,upi,413001,0.0,True
tx-202511-00002701,2025-11-01T00:00:00Z,farmer:413001:001,retailer:413001:04,2228.19,kirana_purchase,upi,413001,0.0,True
tx-202511-00002702,2025-11-01T00:00:00Z,farmer:413001:001,lender:vridhi,353.0,loan_repayment,upi,413001,0.0,True
tx-202511-00002703,2025-11-01T00:00:00Z,wholesaler:413001:01,farmer:413001:002,13223.66,crop_sale,upi,413001,0.0,True
tx-202511-00002704,2025-11-01T00:00:00Z,farmer:413001:002,retailer:413001:03,1757.11,kirana_purchase,upi,413001,0.0,True
tx-202511-00002705,2025-11-01T00:00:00Z,farmer:413001:002,utility:413001,505.0,utility_payment,upi,413001,0.0,True
tx-202511-00002706,2025-11-01T00:00:00Z,farmer:413001:002,lender:vridhi,1350.0,loan_repayment,upi,413001,0.0,True
tx-202511-00002707,2025-11-01T00:00:00Z,wholesaler:413001:01,farmer:413001:003,5064.64,crop_sale,upi,413001,0.0,True
tx-202511-00002708,2025-11-01T00:00:00Z,farmer:413001:003,retailer:413001:01,2344.23,kirana_purchase,upi,413001,0.0,True
tx-202511-00002709,2025-11-01T00:00:00Z,farmer:413001:003,utility:413001,630.0,utility_payment,upi,413001,0.0,True
tx-202511-00002710,2025-11-01T00:00:00Z,farmer:413001:003,lender:vridhi,1350.0,loan_repayment,upi,413001,0.0,True
tx-202511-00002711,2025-11-01T00:00:00Z,wholesaler:413001:01,farmer:413001:004,6918.34,crop_sale,upi,413001,0.0,True
tx-202511-00002712,2025-11-01T00:00:00Z,farmer:413001:004,utility:413001,505.0,utility_payment,upi,413001,0.0,True
tx-202511-00002713,2025-11-01T00:00:00Z,farmer:413001:004,lender:vridhi,1350.0,loan_repayment,upi,413001,0.0,True
tx-202511-00002714,2025-11-01T00:00:00Z,farmer:413001:005,retailer:413001:03,1711.42,kirana_purchase,upi,413001,0.0,True
tx-202511-00002715,2025-11-01T00:00:00Z,farmer:413001:005,lender:vridhi,1350.0,loan_repayment,upi,413001,0.0,True
tx-202511-00002716,2025-11-01T00:00:00Z,farmer:413001:006,retailer:413001:01,2010.03,kirana_purchase,upi,413001,0.0,True
tx-202511-00002717,2025-11-01T00:00:00Z,farmer:413001:006,utility:413001,630.0,utility_payment,upi,413001,0.0,True
tx-202511-00002718,2025-11-01T00:00:00Z,farmer:413001:006,lender:vridhi,1350.0,loan_repayment,upi,413001,0.0,True
tx-202511-00002719,2025-11-01T00:00:00Z,farmer:413001:007,retailer:413001:02,1809.32,kirana_purchase,upi,413001,0.0,True
tx-202511-00002720,2025-11-01T00:00:00Z,farmer:413001:007,utility:413001,630.0,utility_payment,upi,413001,0.0,True
tx-202511-00002721,2025-11-01T00:00:00Z,farmer:413001:007,lender:vridhi,1350.0,loan_repayment,upi,413001,0.0,True
tx-202511-00002722,2025-11-01T00:00:00Z,wholesaler:413001:01,farmer:413001:008,7126.98,crop_sale,upi,413001,0.0,True
tx-202511-00002723,2025-11-01T00:00:00Z,farmer:413001:008,retailer:413001:04,1607.34,kirana_purchase,upi,413001,0.0,True
tx-202511-00002724,2025-11-01T00:00:00Z,farmer:413001:008,utility:413001,630.0,utility_payment,upi,413001,0.0,True
tx-202511-00002725,2025-11-01T00:00:00Z,farmer:413001:008,lender:vridhi,1350.0,loan_repayment,upi,413001,0.0,True
tx-202511-00002726,2025-11-01T00:00:00Z,wholesaler:413001:01,farmer:413001:009,7909.61,crop_sale,upi,413001,0.0,True
tx-202511-00002727,2025-11-01T00:00:00Z,farmer:413001:009,utility:413001,630.0,utility_payment,upi,413001,0.0,True
tx-202511-00002728,2025-11-01T00:00:00Z,farmer:413001:009,lender:vridhi,1350.0,loan_repayment,upi,413001,0.0,True
tx-202511-00002729,2025-11-01T00:00:00Z,wholesaler:413001:01,farmer:413001:010,16064.33,crop_sale,upi,413001,0.0,True
tx-202511-00002730,2025-11-01T00:00:00Z,wholesaler:413001:01,farmer:413001:011,14148.53,crop_sale,upi,413001,0.0,True
tx-202511-00002731,2025-11-01T00:00:00Z,farmer:413001:011,retailer:413001:01,2864.49,kirana_purchase,upi,413001,0.0,True
tx-202511-00002732,2025-11-01T00:00:00Z,farmer:413001:011,utility:413001,630.0,utility_payment,upi,413001,0.0,True
tx-202511-00002733,2025-11-01T00:00:00Z,wholesaler:413001:01,farmer:413001:012,8632.67,crop_sale,upi,413001,0.0,True
tx-202511-00002734,2025-11-01T00:00:00Z,farmer:413001:012,retailer:413001:04,1603.38,kirana_purchase,upi,413001,0.0,True
tx-202511-00002735,2025-11-01T00:00:00Z,farmer:413001:012,utility:413001,630.0,utility_payment,upi,413001,0.0,True
tx-202511-00002736,2025-11-01T00:00:00Z,farmer:413001:012,lender:vridhi,1350.0,loan_repayment,upi,413001,0.0,True
tx-202511-00002737,2025-11-01T00:00:00Z,wholesaler:413001:01,farmer:413001:013,12599.78,crop_sale,upi,413001,0.0,True
tx-202511-00002738,2025-11-01T00:00:00Z,farmer:413001:013,utility:413001,630.0,utility_payment,upi,413001,0.0,True
tx-202511-00002739,2025-11-01T00:00:00Z,farmer:413001:013,lender:vridhi,1350.0,loan_repayment,upi,413001,0.0,True
tx-202511-00002740,2025-11-01T00:00:00Z,wholesaler:413001:01,farmer:413001:014,14976.64,crop_sale,upi,413001,0.0,True
tx-202511-00002741,2025-11-01T00:00:00Z,farmer:413001:014,retailer:413001:01,1944.2,kirana_purchase,upi,413001,0.0,True
tx-202511-00002742,2025-11-01T00:00:00Z,farmer:413001:014,lender:vridhi,1350.0,loan_repayment,upi,413001,0.0,True
tx-202511-00002743,2025-11-01T00:00:00Z,wholesaler:413001:01,farmer:413001:015,6694.45,crop_sale,upi,413001,0.0,True
tx-202511-00002744,2025-11-01T00:00:00Z,farmer:413001:015,retailer:413001:03,2880.61,kirana_purchase,upi,413001,0.0,True
tx-202511-00002745,2025-11-01T00:00:00Z,farmer:413001:015,utility:413001,505.0,utility_payment,upi,413001,0.0,True
tx-202511-00002746,2025-11-01T00:00:00Z,farmer:413001:015,lender:vridhi,1350.0,loan_repayment,upi,413001,0.0,True
tx-202511-00002747,2025-11-01T00:00:00Z,wholesaler:413001:01,farmer:413001:016,4169.16,crop_sale,upi,413001,0.0,True
tx-202511-00002748,2025-11-01T00:00:00Z,farmer:413001:016,retailer:413001:01,2318.11,kirana_purchase,upi,413001,0.0,True
tx-202511-00002749,2025-11-01T00:00:00Z,farmer:413001:016,utility:413001,505.0,utility_payment,upi,413001,0.0,True
tx-202511-00002750,2025-11-01T00:00:00Z,farmer:413001:016,lender:vridhi,1350.0,loan_repayment,upi,413001,0.0,True
tx-202511-00002751,2025-11-01T00:00:00Z,wholesaler:413001:01,farmer:413001:017,9271.71,crop_sale,upi,413001,0.0,True
tx-202511-00002752,2025-11-01T00:00:00Z,farmer:413001:017,retailer:413001:01,2756.7,kirana_purchase,upi,413001,0.0,True
tx-202511-00002753,2025-11-01T00:00:00Z,farmer:413001:017,lender:vridhi,1350.0,loan_repayment,upi,413001,0.0,True
tx-202511-00002754,2025-11-01T00:00:00Z,farmer:413001:018,utility:413001,505.0,utility_payment,upi,413001,0.0,True
tx-202511-00002755,2025-11-01T00:00:00Z,farmer:413001:018,lender:vridhi,1350.0,loan_repayment,upi,413001,0.0,True
tx-202511-00002756,2025-11-01T00:00:00Z,wholesaler:413001:01,farmer:413001:019,11838.92,crop_sale,upi,413001,0.0,True
tx-202511-00002757,2025-11-01T00:00:00Z,farmer:413001:019,lender:vridhi,1350.0,loan_repayment,upi,413001,0.0,True
tx-202511-00002758,2025-11-01T00:00:00Z,farmer:413001:020,retailer:413001:03,2931.75,kirana_purchase,upi,413001,0.0,True
tx-202511-00002759,2025-11-01T00:00:00Z,farmer:413001:020,utility:413001,630.0,utility_payment,upi,413001,0.0,True
tx-202511-00002760,2025-11-01T00:00:00Z,farmer:413001:020,lender:vridhi,1350.0,loan_repayment,upi,413001,0.0,True
tx-202511-00002761,2025-11-01T00:00:00Z,wholesaler:413001:01,farmer:413001:021,11095.89,crop_sale,upi,413001,0.0,True
tx-202511-00002762,2025-11-01T00:00:00Z,farmer:413001:021,retailer:413001:04,2232.28,kirana_purchase,upi,413001,0.0,True
tx-202511-00002763,2025-11-01T00:00:00Z,farmer:413001:021,utility:413001,630.0,utility_payment,upi,413001,0.0,True
tx-202511-00002764,2025-11-01T00:00:00Z,farmer:413001:021,lender:vridhi,1350.0,loan_repayment,upi,413001,0.0,True
tx-202511-00002765,2025-11-01T00:00:00Z,wholesaler:413001:01,farmer:413001:022,16315.65,crop_sale,upi,413001,0.0,True
tx-202511-00002766,2025-11-01T00:00:00Z,farmer:413001:022,utility:413001,630.0,utility_payment,upi,413001,0.0,True
tx-202511-00002767,2025-11-01T00:00:00Z,farmer:413001:022,lender:vridhi,1350.0,loan_repayment,upi,413001,0.0,True
tx-202511-00002768,2025-11-01T00:00:00Z,wholesaler:413001:01,farmer:413001:023,3308.17,crop_sale,upi,413001,0.0,True
tx-202511-00002769,2025-11-01T00:00:00Z,farmer:413001:023,retailer:413001:02,1640.25,kirana_purchase,upi,413001,0.0,True
tx-202511-00002770,2025-11-01T00:00:00Z,wholesaler:413001:01,farmer:413001:024,5810.05,crop_sale,upi,413001,0.0,True
tx-202511-00002771,2025-11-01T00:00:00Z,farmer:413001:024,retailer:413001:02,2190.84,kirana_purchase,upi,413001,0.0,True
tx-202511-00002772,2025-11-01T00:00:00Z,farmer:413001:024,lender:vridhi,1350.0,loan_repayment,upi,413001,0.0,True
tx-202511-00002773,2025-11-01T00:00:00Z,wholesaler:413001:01,farmer:413001:025,7374.65,crop_sale,upi,413001,0.0,True
tx-202511-00002774,2025-11-01T00:00:00Z,farmer:413001:025,retailer:413001:04,2167.19,kirana_purchase,upi,413001,0.0,True
tx-202511-00002775,2025-11-01T00:00:00Z,farmer:413001:025,lender:vridhi,1350.0,loan_repayment,upi,413001,0.0,True
tx-202511-00002776,2025-11-01T00:00:00Z,wholesaler:413001:01,farmer:413001:026,16138.81,crop_sale,upi,413001,0.0,True
tx-202511-00002777,2025-11-01T00:00:00Z,farmer:413001:026,retailer:413001:01,2911.65,kirana_purchase,upi,413001,0.0,True
tx-202511-00002778,2025-11-01T00:00:00Z,farmer:413001:026,utility:413001,505.0,utility_payment,upi,413001,0.0,True
tx-202511-00002779,2025-11-01T00:00:00Z,farmer:413001:026,lender:vridhi,1350.0,loan_repayment,upi,413001,0.0,True
tx-202511-00002780,2025-11-01T00:00:00Z,wholesaler:413001:01,farmer:413001:027,7457.5,crop_sale,upi,413001,0.0,True
tx-202511-00002781,2025-11-01T00:00:00Z,farmer:413001:027,utility:413001,505.0,utility_payment,upi,413001,0.0,True
tx-202511-00002782,2025-11-01T00:00:00Z,farmer:413001:027,lender:vridhi,1350.0,loan_repayment,upi,413001,0.0,True
tx-202511-00002783,2025-11-01T00:00:00Z,wholesaler:413001:01,farmer:413001:028,11645.97,crop_sale,upi,413001,0.0,True
tx-202511-00002784,2025-11-01T00:00:00Z,farmer:413001:028,retailer:413001:03,1512.93,kirana_purchase,upi,413001,0.0,True
tx-202511-00002785,2025-11-01T00:00:00Z,farmer:413001:028,utility:413001,505.0,utility_payment,upi,413001,0.0,True
tx-202511-00002786,2025-11-01T00:00:00Z,farmer:413001:028,lender:vridhi,1350.0,loan_repayment,upi,413001,0.0,True
tx-202511-00002787,2025-11-01T00:00:00Z,farmer:413001:029,retailer:413001:04,1844.24,kirana_purchase,upi,413001,0.0,True
tx-202511-00002788,2025-11-01T00:00:00Z,farmer:413001:029,utility:413001,505.0,utility_payment,upi,413001,0.0,True
tx-202511-00002789,2025-11-01T00:00:00Z,farmer:413001:029,lender:vridhi,1350.0,loan_repayment,upi,413001,0.0,True
tx-202511-00002790,2025-11-01T00:00:00Z,wholesaler:413001:01,farmer:413001:030,4688.89,crop_sale,upi,413001,0.0,True
tx-202511-00002791,2025-11-01T00:00:00Z,farmer:413001:030,retailer:413001:04,2961.54,kirana_purchase,upi,413001,0.0,True
tx-202511-00002792,2025-11-01T00:00:00Z,farmer:413001:030,utility:413001,630.0,utility_payment,upi,413001,0.0,True
tx-202511-00002793,2025-11-01T00:00:00Z,farmer:413001:030,lender:vridhi,1208.55,loan_repayment,upi,413001,0.0,True
tx-202511-00002794,2025-11-01T00:00:00Z,wholesaler:413001:01,farmer:413001:031,12087.54,crop_sale,upi,413001,0.0,True
tx-202511-00002795,2025-11-01T00:00:00Z,farmer:413001:031,retailer:413001:02,1939.62,kirana_purchase,upi,413001,0.0,True
tx-202511-00002796,2025-11-01T00:00:00Z,farmer:413001:031,utility:413001,505.0,utility_payment,upi,413001,0.0,True
tx-202511-00002797,2025-11-01T00:00:00Z,farmer:413001:031,lender:vridhi,1350.0,loan_repayment,upi,413001,0.0,True
tx-202511-00002798,2025-11-01T00:00:00Z,farmer:413001:032,lender:vridhi,1350.0,loan_repayment,upi,413001,0.0,True
tx-202511-00002799,2025-11-01T00:00:00Z,wholesaler:413001:01,farmer:413001:033,12058.37,crop_sale,upi,413001,0.0,True
tx-202511-00002800,2025-11-01T00:00:00Z,farmer:413001:033,utility:413001,630.0,utility_payment,upi,413001,0.0,True
tx-202511-00002801,2025-11-01T00:00:00Z,farmer:413001:033,lender:vridhi,1350.0,loan_repayment,upi,413001,0.0,True
tx-202511-00002802,2025-11-01T00:00:00Z,farmer:413001:034,retailer:413001:02,2507.13,kirana_purchase,upi,413001,0.0,True
tx-202511-00002803,2025-11-01T00:00:00Z,farmer:413001:034,lender:vridhi,1350.0,loan_repayment,upi,413001,0.0,True
tx-202511-00002804,2025-11-01T00:00:00Z,wholesaler:413001:01,farmer:413001:035,9857.62,crop_sale,upi,413001,0.0,True
tx-202511-00002805,2025-11-01T00:00:00Z,farmer:413001:035,retailer:413001:04,1621.54,kirana_purchase,upi,413001,0.0,True
tx-202511-00002806,2025-11-01T00:00:00Z,farmer:413001:035,lender:vridhi,1350.0,loan_repayment,upi,413001,0.0,True
tx-202511-00002807,2025-11-01T00:00:00Z,retailer:413001:01,wholesaler:413001:01,11035.81,retailer_restock,upi,413001,0.0,True
tx-202511-00002808,2025-11-01T00:00:00Z,retailer:413001:01,utility:413001,1050.0,utility_payment,upi,413001,0.0,True
tx-202511-00002809,2025-11-01T00:00:00Z,retailer:413001:02,wholesaler:413001:01,7988.51,retailer_restock,upi,413001,0.0,True
tx-202511-00002810,2025-11-01T00:00:00Z,retailer:413001:02,utility:413001,1050.0,utility_payment,upi,413001,0.0,True
tx-202511-00002811,2025-11-01T00:00:00Z,retailer:413001:03,utility:413001,1050.0,utility_payment,upi,413001,0.0,True
tx-202511-00002812,2025-11-01T00:00:00Z,retailer:413001:04,wholesaler:413001:01,11361.78,retailer_restock,upi,413001,0.0,True
tx-202511-00002813,2025-11-01T00:00:00Z,retailer:413001:04,utility:413001,1050.0,utility_payment,upi,413001,0.0,True
tx-202511-00002814,2025-11-01T00:00:00Z,wholesaler:413001:01,utility:413001,2400.0,utility_payment,upi,413001,0.0,True
tx-202511-00002815,2025-11-01T00:00:00Z,farmer:431001:001,utility:431001,630.0,utility_payment,upi,431001,0.0,True
tx-202511-00002816,2025-11-01T00:00:00Z,farmer:431001:002,utility:431001,505.0,utility_payment,upi,431001,0.0,True
tx-202511-00002817,2025-11-01T00:00:00Z,farmer:431001:002,lender:vridhi,1350.0,loan_repayment,upi,431001,0.0,True
tx-202511-00002818,2025-11-01T00:00:00Z,wholesaler:431001:01,farmer:431001:003,11449.51,crop_sale,upi,431001,0.0,True
tx-202511-00002819,2025-11-01T00:00:00Z,farmer:431001:003,retailer:431001:01,2778.81,kirana_purchase,upi,431001,0.0,True
tx-202511-00002820,2025-11-01T00:00:00Z,farmer:431001:003,lender:vridhi,1350.0,loan_repayment,upi,431001,0.0,True
tx-202511-00002821,2025-11-01T00:00:00Z,wholesaler:431001:01,farmer:431001:004,16005.16,crop_sale,upi,431001,0.0,True
tx-202511-00002822,2025-11-01T00:00:00Z,farmer:431001:004,lender:vridhi,1350.0,loan_repayment,upi,431001,0.0,True
tx-202511-00002823,2025-11-01T00:00:00Z,wholesaler:431001:01,farmer:431001:005,11292.12,crop_sale,upi,431001,0.0,True
tx-202511-00002824,2025-11-01T00:00:00Z,farmer:431001:005,retailer:431001:04,2695.34,kirana_purchase,upi,431001,0.0,True
tx-202511-00002825,2025-11-01T00:00:00Z,farmer:431001:005,utility:431001,630.0,utility_payment,upi,431001,0.0,True
tx-202511-00002826,2025-11-01T00:00:00Z,farmer:431001:005,lender:vridhi,1350.0,loan_repayment,upi,431001,0.0,True
tx-202511-00002827,2025-11-01T00:00:00Z,farmer:431001:006,utility:431001,630.0,utility_payment,upi,431001,0.0,True
tx-202511-00002828,2025-11-01T00:00:00Z,wholesaler:431001:01,farmer:431001:007,3275.66,crop_sale,upi,431001,0.0,True
tx-202511-00002829,2025-11-01T00:00:00Z,farmer:431001:007,retailer:431001:02,1594.9,kirana_purchase,upi,431001,0.0,True
tx-202511-00002830,2025-11-01T00:00:00Z,farmer:431001:007,lender:vridhi,1050.76,loan_repayment,upi,431001,0.0,True
tx-202511-00002831,2025-11-01T00:00:00Z,wholesaler:431001:01,farmer:431001:008,17377.36,crop_sale,upi,431001,0.0,True
tx-202511-00002832,2025-11-01T00:00:00Z,farmer:431001:008,retailer:431001:04,2788.27,kirana_purchase,upi,431001,0.0,True
tx-202511-00002833,2025-11-01T00:00:00Z,farmer:431001:008,utility:431001,505.0,utility_payment,upi,431001,0.0,True
tx-202511-00002834,2025-11-01T00:00:00Z,farmer:431001:009,retailer:431001:03,3054.36,kirana_purchase,upi,431001,0.0,True
tx-202511-00002835,2025-11-01T00:00:00Z,farmer:431001:009,lender:vridhi,1350.0,loan_repayment,upi,431001,0.0,True
tx-202511-00002836,2025-11-01T00:00:00Z,wholesaler:431001:01,farmer:431001:010,16911.75,crop_sale,upi,431001,0.0,True
tx-202511-00002837,2025-11-01T00:00:00Z,farmer:431001:010,utility:431001,630.0,utility_payment,upi,431001,0.0,True
tx-202511-00002838,2025-11-01T00:00:00Z,farmer:431001:010,lender:vridhi,1350.0,loan_repayment,upi,431001,0.0,True
tx-202511-00002839,2025-11-01T00:00:00Z,wholesaler:431001:01,farmer:431001:011,4601.34,crop_sale,upi,431001,0.0,True
tx-202511-00002840,2025-11-01T00:00:00Z,farmer:431001:011,retailer:431001:02,2984.27,kirana_purchase,upi,431001,0.0,True
tx-202511-00002841,2025-11-01T00:00:00Z,farmer:431001:011,utility:431001,505.0,utility_payment,upi,431001,0.0,True
tx-202511-00002842,2025-11-01T00:00:00Z,farmer:431001:011,lender:vridhi,1350.0,loan_repayment,upi,431001,0.0,True
tx-202511-00002843,2025-11-01T00:00:00Z,wholesaler:431001:01,farmer:431001:012,5344.67,crop_sale,upi,431001,0.0,True
tx-202511-00002844,2025-11-01T00:00:00Z,wholesaler:431001:01,farmer:431001:013,7535.13,crop_sale,upi,431001,0.0,True
tx-202511-00002845,2025-11-01T00:00:00Z,farmer:431001:013,retailer:431001:03,1463.43,kirana_purchase,upi,431001,0.0,True
tx-202511-00002846,2025-11-01T00:00:00Z,farmer:431001:013,utility:431001,630.0,utility_payment,upi,431001,0.0,True
tx-202511-00002847,2025-11-01T00:00:00Z,wholesaler:431001:01,farmer:431001:014,6679.72,crop_sale,upi,431001,0.0,True
tx-202511-00002848,2025-11-01T00:00:00Z,farmer:431001:014,retailer:431001:02,2958.89,kirana_purchase,upi,431001,0.0,True
tx-202511-00002849,2025-11-01T00:00:00Z,farmer:431001:014,utility:431001,505.0,utility_payment,upi,431001,0.0,True
tx-202511-00002850,2025-11-01T00:00:00Z,farmer:431001:014,lender:vridhi,1350.0,loan_repayment,upi,431001,0.0,True
tx-202511-00002851,2025-11-01T00:00:00Z,farmer:431001:015,utility:431001,630.0,utility_payment,upi,431001,0.0,True
tx-202511-00002852,2025-11-01T00:00:00Z,farmer:431001:015,lender:vridhi,1350.0,loan_repayment,upi,431001,0.0,True
tx-202511-00002853,2025-11-01T00:00:00Z,wholesaler:431001:01,farmer:431001:016,12207.05,crop_sale,upi,431001,0.0,True
tx-202511-00002854,2025-11-01T00:00:00Z,farmer:431001:016,retailer:431001:02,2334.8,kirana_purchase,upi,431001,0.0,True
tx-202511-00002855,2025-11-01T00:00:00Z,farmer:431001:016,utility:431001,630.0,utility_payment,upi,431001,0.0,True
tx-202511-00002856,2025-11-01T00:00:00Z,farmer:431001:016,lender:vridhi,1350.0,loan_repayment,upi,431001,0.0,True
tx-202511-00002857,2025-11-01T00:00:00Z,wholesaler:431001:01,farmer:431001:017,4741.89,crop_sale,upi,431001,0.0,True
tx-202511-00002858,2025-11-01T00:00:00Z,farmer:431001:017,utility:431001,630.0,utility_payment,upi,431001,0.0,True
tx-202511-00002859,2025-11-01T00:00:00Z,farmer:431001:017,lender:vridhi,1350.0,loan_repayment,upi,431001,0.0,True
tx-202511-00002860,2025-11-01T00:00:00Z,wholesaler:431001:01,farmer:431001:018,12804.78,crop_sale,upi,431001,0.0,True
tx-202511-00002861,2025-11-01T00:00:00Z,farmer:431001:018,retailer:431001:04,3127.82,kirana_purchase,upi,431001,0.0,True
tx-202511-00002862,2025-11-01T00:00:00Z,farmer:431001:018,utility:431001,505.0,utility_payment,upi,431001,0.0,True
tx-202511-00002863,2025-11-01T00:00:00Z,farmer:431001:018,lender:vridhi,1350.0,loan_repayment,upi,431001,0.0,True
tx-202511-00002864,2025-11-01T00:00:00Z,wholesaler:431001:01,farmer:431001:019,4442.54,crop_sale,upi,431001,0.0,True
tx-202511-00002865,2025-11-01T00:00:00Z,farmer:431001:019,utility:431001,505.0,utility_payment,upi,431001,0.0,True
tx-202511-00002866,2025-11-01T00:00:00Z,farmer:431001:019,lender:vridhi,1350.0,loan_repayment,upi,431001,0.0,True
tx-202511-00002867,2025-11-01T00:00:00Z,wholesaler:431001:01,farmer:431001:020,13977.18,crop_sale,upi,431001,0.0,True
tx-202511-00002868,2025-11-01T00:00:00Z,farmer:431001:020,utility:431001,505.0,utility_payment,upi,431001,0.0,True
tx-202511-00002869,2025-11-01T00:00:00Z,wholesaler:431001:01,farmer:431001:021,6950.01,crop_sale,upi,431001,0.0,True
tx-202511-00002870,2025-11-01T00:00:00Z,farmer:431001:021,retailer:431001:02,2045.57,kirana_purchase,upi,431001,0.0,True
tx-202511-00002871,2025-11-01T00:00:00Z,farmer:431001:021,lender:vridhi,1350.0,loan_repayment,upi,431001,0.0,True
tx-202511-00002872,2025-11-01T00:00:00Z,wholesaler:431001:01,farmer:431001:022,5419.62,crop_sale,upi,431001,0.0,True
tx-202511-00002873,2025-11-01T00:00:00Z,farmer:431001:022,retailer:431001:02,1628.89,kirana_purchase,upi,431001,0.0,True
tx-202511-00002874,2025-11-01T00:00:00Z,farmer:431001:022,utility:431001,505.0,utility_payment,upi,431001,0.0,True
tx-202511-00002875,2025-11-01T00:00:00Z,farmer:431001:022,lender:vridhi,1350.0,loan_repayment,upi,431001,0.0,True
tx-202511-00002876,2025-11-01T00:00:00Z,wholesaler:431001:01,farmer:431001:023,9936.24,crop_sale,upi,431001,0.0,True
tx-202511-00002877,2025-11-01T00:00:00Z,farmer:431001:023,retailer:431001:04,2858.34,kirana_purchase,upi,431001,0.0,True
tx-202511-00002878,2025-11-01T00:00:00Z,farmer:431001:023,utility:431001,630.0,utility_payment,upi,431001,0.0,True
tx-202511-00002879,2025-11-01T00:00:00Z,wholesaler:431001:01,farmer:431001:024,6009.77,crop_sale,upi,431001,0.0,True
tx-202511-00002880,2025-11-01T00:00:00Z,farmer:431001:024,retailer:431001:03,2600.6,kirana_purchase,upi,431001,0.0,True
tx-202511-00002881,2025-11-01T00:00:00Z,farmer:431001:024,utility:431001,630.0,utility_payment,upi,431001,0.0,True
tx-202511-00002882,2025-11-01T00:00:00Z,farmer:431001:024,lender:vridhi,1350.0,loan_repayment,upi,431001,0.0,True
tx-202511-00002883,2025-11-01T00:00:00Z,wholesaler:431001:01,farmer:431001:025,10323.93,crop_sale,upi,431001,0.0,True
tx-202511-00002884,2025-11-01T00:00:00Z,farmer:431001:025,lender:vridhi,1350.0,loan_repayment,upi,431001,0.0,True
tx-202511-00002885,2025-11-01T00:00:00Z,wholesaler:431001:01,farmer:431001:026,12624.34,crop_sale,upi,431001,0.0,True
tx-202511-00002886,2025-11-01T00:00:00Z,farmer:431001:026,retailer:431001:02,2274.1,kirana_purchase,upi,431001,0.0,True
tx-202511-00002887,2025-11-01T00:00:00Z,farmer:431001:026,lender:vridhi,1350.0,loan_repayment,upi,431001,0.0,True
tx-202511-00002888,2025-11-01T00:00:00Z,wholesaler:431001:01,farmer:431001:027,9149.05,crop_sale,upi,431001,0.0,True
tx-202511-00002889,2025-11-01T00:00:00Z,farmer:431001:027,lender:vridhi,1350.0,loan_repayment,upi,431001,0.0,True
tx-202511-00002890,2025-11-01T00:00:00Z,wholesaler:431001:01,farmer:431001:028,7744.76,crop_sale,upi,431001,0.0,True
tx-202511-00002891,2025-11-01T00:00:00Z,farmer:431001:028,retailer:431001:04,1637.57,kirana_purchase,upi,431001,0.0,True
tx-202511-00002892,2025-11-01T00:00:00Z,farmer:431001:028,utility:431001,630.0,utility_payment,upi,431001,0.0,True
tx-202511-00002893,2025-11-01T00:00:00Z,farmer:431001:028,lender:vridhi,1350.0,loan_repayment,upi,431001,0.0,True
tx-202511-00002894,2025-11-01T00:00:00Z,wholesaler:431001:01,farmer:431001:029,8349.25,crop_sale,upi,431001,0.0,True
tx-202511-00002895,2025-11-01T00:00:00Z,farmer:431001:029,retailer:431001:03,1965.54,kirana_purchase,upi,431001,0.0,True
tx-202511-00002896,2025-11-01T00:00:00Z,farmer:431001:029,lender:vridhi,1350.0,loan_repayment,upi,431001,0.0,True
tx-202511-00002897,2025-11-01T00:00:00Z,wholesaler:431001:01,farmer:431001:030,16914.06,crop_sale,upi,431001,0.0,True
tx-202511-00002898,2025-11-01T00:00:00Z,farmer:431001:030,retailer:431001:03,2961.4,kirana_purchase,upi,431001,0.0,True
tx-202511-00002899,2025-11-01T00:00:00Z,farmer:431001:030,lender:vridhi,1350.0,loan_repayment,upi,431001,0.0,True
tx-202511-00002900,2025-11-01T00:00:00Z,wholesaler:431001:01,farmer:431001:031,9984.32,crop_sale,upi,431001,0.0,True
tx-202511-00002901,2025-11-01T00:00:00Z,farmer:431001:031,retailer:431001:01,2159.88,kirana_purchase,upi,431001,0.0,True
tx-202511-00002902,2025-11-01T00:00:00Z,farmer:431001:031,utility:431001,630.0,utility_payment,upi,431001,0.0,True
tx-202511-00002903,2025-11-01T00:00:00Z,wholesaler:431001:01,farmer:431001:032,16435.18,crop_sale,upi,431001,0.0,True
tx-202511-00002904,2025-11-01T00:00:00Z,farmer:431001:032,retailer:431001:02,2745.32,kirana_purchase,upi,431001,0.0,True
tx-202511-00002905,2025-11-01T00:00:00Z,farmer:431001:032,utility:431001,630.0,utility_payment,upi,431001,0.0,True
tx-202511-00002906,2025-11-01T00:00:00Z,farmer:431001:032,lender:vridhi,1350.0,loan_repayment,upi,431001,0.0,True
tx-202511-00002907,2025-11-01T00:00:00Z,farmer:431001:033,retailer:431001:03,1601.84,kirana_purchase,upi,431001,0.0,True
tx-202511-00002908,2025-11-01T00:00:00Z,farmer:431001:033,utility:431001,630.0,utility_payment,upi,431001,0.0,True
tx-202511-00002909,2025-11-01T00:00:00Z,farmer:431001:033,lender:vridhi,1350.0,loan_repayment,upi,431001,0.0,True
tx-202511-00002910,2025-11-01T00:00:00Z,wholesaler:431001:01,farmer:431001:034,7095.0,crop_sale,upi,431001,0.0,True
tx-202511-00002911,2025-11-01T00:00:00Z,farmer:431001:034,lender:vridhi,1350.0,loan_repayment,upi,431001,0.0,True
tx-202511-00002912,2025-11-01T00:00:00Z,wholesaler:431001:01,farmer:431001:035,9641.07,crop_sale,upi,431001,0.0,True
tx-202511-00002913,2025-11-01T00:00:00Z,farmer:431001:035,retailer:431001:03,2403.78,kirana_purchase,upi,431001,0.0,True
tx-202511-00002914,2025-11-01T00:00:00Z,farmer:431001:035,utility:431001,505.0,utility_payment,upi,431001,0.0,True
tx-202511-00002915,2025-11-01T00:00:00Z,farmer:431001:035,lender:vridhi,1350.0,loan_repayment,upi,431001,0.0,True
tx-202511-00002916,2025-11-01T00:00:00Z,retailer:431001:01,wholesaler:431001:01,8360.91,retailer_restock,upi,431001,0.0,True
tx-202511-00002917,2025-11-01T00:00:00Z,retailer:431001:01,utility:431001,1050.0,utility_payment,upi,431001,0.0,True
tx-202511-00002918,2025-11-01T00:00:00Z,retailer:431001:02,wholesaler:431001:01,15594.75,retailer_restock,upi,431001,0.0,True
tx-202511-00002919,2025-11-01T00:00:00Z,retailer:431001:02,utility:431001,1050.0,utility_payment,upi,431001,0.0,True
tx-202511-00002920,2025-11-01T00:00:00Z,retailer:431001:03,wholesaler:431001:01,15596.28,retailer_restock,upi,431001,0.0,True
tx-202511-00002921,2025-11-01T00:00:00Z,retailer:431001:04,wholesaler:431001:01,13062.5,retailer_restock,upi,431001,0.0,True
tx-202511-00002922,2025-11-01T00:00:00Z,wholesaler:431001:01,utility:431001,2400.0,utility_payment,upi,431001,0.0,True
tx-202511-00002923,2025-11-01T00:00:00Z,wholesaler:440001:01,farmer:440001:001,12831.34,crop_sale,upi,440001,0.0,True
tx-202511-00002924,2025-11-01T00:00:00Z,farmer:440001:001,retailer:440001:03,2133.06,kirana_purchase,upi,440001,0.0,True
tx-202511-00002925,2025-11-01T00:00:00Z,farmer:440001:001,lender:vridhi,1350.0,loan_repayment,upi,440001,0.0,True
tx-202511-00002926,2025-11-01T00:00:00Z,wholesaler:440001:01,farmer:440001:002,16695.29,crop_sale,upi,440001,0.0,True
tx-202511-00002927,2025-11-01T00:00:00Z,farmer:440001:002,retailer:440001:03,2099.42,kirana_purchase,upi,440001,0.0,True
tx-202511-00002928,2025-11-01T00:00:00Z,farmer:440001:002,lender:vridhi,1350.0,loan_repayment,upi,440001,0.0,True
tx-202511-00002929,2025-11-01T00:00:00Z,wholesaler:440001:01,farmer:440001:003,12768.52,crop_sale,upi,440001,0.0,True
tx-202511-00002930,2025-11-01T00:00:00Z,farmer:440001:003,utility:440001,630.0,utility_payment,upi,440001,0.0,True
tx-202511-00002931,2025-11-01T00:00:00Z,farmer:440001:003,lender:vridhi,1350.0,loan_repayment,upi,440001,0.0,True
tx-202511-00002932,2025-11-01T00:00:00Z,wholesaler:440001:01,farmer:440001:004,19375.61,crop_sale,upi,440001,0.0,True
tx-202511-00002933,2025-11-01T00:00:00Z,farmer:440001:004,retailer:440001:01,1956.64,kirana_purchase,upi,440001,0.0,True
tx-202511-00002934,2025-11-01T00:00:00Z,farmer:440001:004,utility:440001,505.0,utility_payment,upi,440001,0.0,True
tx-202511-00002935,2025-11-01T00:00:00Z,farmer:440001:005,retailer:440001:01,1538.19,kirana_purchase,upi,440001,0.0,True
tx-202511-00002936,2025-11-01T00:00:00Z,farmer:440001:005,utility:440001,630.0,utility_payment,upi,440001,0.0,True
tx-202511-00002937,2025-11-01T00:00:00Z,farmer:440001:005,lender:vridhi,1350.0,loan_repayment,upi,440001,0.0,True
tx-202511-00002938,2025-11-01T00:00:00Z,wholesaler:440001:01,farmer:440001:006,10530.36,crop_sale,upi,440001,0.0,True
tx-202511-00002939,2025-11-01T00:00:00Z,farmer:440001:006,retailer:440001:01,1907.79,kirana_purchase,upi,440001,0.0,True
tx-202511-00002940,2025-11-01T00:00:00Z,farmer:440001:006,utility:440001,630.0,utility_payment,upi,440001,0.0,True
tx-202511-00002941,2025-11-01T00:00:00Z,farmer:440001:006,lender:vridhi,1350.0,loan_repayment,upi,440001,0.0,True
tx-202511-00002942,2025-11-01T00:00:00Z,wholesaler:440001:01,farmer:440001:007,14801.0,crop_sale,upi,440001,0.0,True
tx-202511-00002943,2025-11-01T00:00:00Z,farmer:440001:007,utility:440001,505.0,utility_payment,upi,440001,0.0,True
tx-202511-00002944,2025-11-01T00:00:00Z,farmer:440001:007,lender:vridhi,1350.0,loan_repayment,upi,440001,0.0,True
tx-202511-00002945,2025-11-01T00:00:00Z,farmer:440001:008,retailer:440001:03,2416.02,kirana_purchase,upi,440001,0.0,True
tx-202511-00002946,2025-11-01T00:00:00Z,farmer:440001:008,lender:vridhi,1350.0,loan_repayment,upi,440001,0.0,True
tx-202511-00002947,2025-11-01T00:00:00Z,wholesaler:440001:01,farmer:440001:009,5401.43,crop_sale,upi,440001,0.0,True
tx-202511-00002948,2025-11-01T00:00:00Z,farmer:440001:009,retailer:440001:02,2779.44,kirana_purchase,upi,440001,0.0,True
tx-202511-00002949,2025-11-01T00:00:00Z,farmer:440001:009,utility:440001,505.0,utility_payment,upi,440001,0.0,True
tx-202511-00002950,2025-11-01T00:00:00Z,wholesaler:440001:01,farmer:440001:010,11665.22,crop_sale,upi,440001,0.0,True
tx-202511-00002951,2025-11-01T00:00:00Z,farmer:440001:010,retailer:440001:04,3083.89,kirana_purchase,upi,440001,0.0,True
tx-202511-00002952,2025-11-01T00:00:00Z,farmer:440001:010,utility:440001,505.0,utility_payment,upi,440001,0.0,True
tx-202511-00002953,2025-11-01T00:00:00Z,farmer:440001:010,lender:vridhi,1350.0,loan_repayment,upi,440001,0.0,True
tx-202511-00002954,2025-11-01T00:00:00Z,farmer:440001:011,utility:440001,505.0,utility_payment,upi,440001,0.0,True
tx-202511-00002955,2025-11-01T00:00:00Z,farmer:440001:011,lender:vridhi,1350.0,loan_repayment,upi,440001,0.0,True
tx-202511-00002956,2025-11-01T00:00:00Z,wholesaler:440001:01,farmer:440001:012,6445.07,crop_sale,upi,440001,0.0,True
tx-202511-00002957,2025-11-01T00:00:00Z,farmer:440001:012,utility:440001,630.0,utility_payment,upi,440001,0.0,True
tx-202511-00002958,2025-11-01T00:00:00Z,farmer:440001:012,lender:vridhi,1350.0,loan_repayment,upi,440001,0.0,True
tx-202511-00002959,2025-11-01T00:00:00Z,wholesaler:440001:01,farmer:440001:013,8702.19,crop_sale,upi,440001,0.0,True
tx-202511-00002960,2025-11-01T00:00:00Z,farmer:440001:013,lender:vridhi,1350.0,loan_repayment,upi,440001,0.0,True
tx-202511-00002961,2025-11-01T00:00:00Z,farmer:440001:014,lender:vridhi,1350.0,loan_repayment,upi,440001,0.0,True
tx-202511-00002962,2025-11-01T00:00:00Z,wholesaler:440001:01,farmer:440001:015,10292.33,crop_sale,upi,440001,0.0,True
tx-202511-00002963,2025-11-01T00:00:00Z,farmer:440001:015,retailer:440001:02,2231.66,kirana_purchase,upi,440001,0.0,True
tx-202511-00002964,2025-11-01T00:00:00Z,farmer:440001:015,utility:440001,505.0,utility_payment,upi,440001,0.0,True
tx-202511-00002965,2025-11-01T00:00:00Z,farmer:440001:015,lender:vridhi,1350.0,loan_repayment,upi,440001,0.0,True
tx-202511-00002966,2025-11-01T00:00:00Z,wholesaler:440001:01,farmer:440001:016,4523.16,crop_sale,upi,440001,0.0,True
tx-202511-00002967,2025-11-01T00:00:00Z,farmer:440001:016,retailer:440001:04,1457.27,kirana_purchase,upi,440001,0.0,True
tx-202511-00002968,2025-11-01T00:00:00Z,farmer:440001:016,utility:440001,630.0,utility_payment,upi,440001,0.0,True
tx-202511-00002969,2025-11-01T00:00:00Z,farmer:440001:016,lender:vridhi,1350.0,loan_repayment,upi,440001,0.0,True
tx-202511-00002970,2025-11-01T00:00:00Z,wholesaler:440001:01,farmer:440001:017,17581.86,crop_sale,upi,440001,0.0,True
tx-202511-00002971,2025-11-01T00:00:00Z,farmer:440001:017,utility:440001,505.0,utility_payment,upi,440001,0.0,True
tx-202511-00002972,2025-11-01T00:00:00Z,farmer:440001:017,lender:vridhi,1350.0,loan_repayment,upi,440001,0.0,True
tx-202511-00002973,2025-11-01T00:00:00Z,farmer:440001:018,retailer:440001:04,2592.82,kirana_purchase,upi,440001,0.0,True
tx-202511-00002974,2025-11-01T00:00:00Z,wholesaler:440001:01,farmer:440001:019,12833.48,crop_sale,upi,440001,0.0,True
tx-202511-00002975,2025-11-01T00:00:00Z,farmer:440001:019,retailer:440001:01,1662.1,kirana_purchase,upi,440001,0.0,True
tx-202511-00002976,2025-11-01T00:00:00Z,farmer:440001:019,utility:440001,630.0,utility_payment,upi,440001,0.0,True
tx-202511-00002977,2025-11-01T00:00:00Z,farmer:440001:019,lender:vridhi,1350.0,loan_repayment,upi,440001,0.0,True
tx-202511-00002978,2025-11-01T00:00:00Z,wholesaler:440001:01,farmer:440001:020,13511.22,crop_sale,upi,440001,0.0,True
tx-202511-00002979,2025-11-01T00:00:00Z,farmer:440001:020,utility:440001,630.0,utility_payment,upi,440001,0.0,True
tx-202511-00002980,2025-11-01T00:00:00Z,farmer:440001:020,lender:vridhi,1350.0,loan_repayment,upi,440001,0.0,True
tx-202511-00002981,2025-11-01T00:00:00Z,farmer:440001:021,retailer:440001:03,1512.55,kirana_purchase,upi,440001,0.0,True
tx-202511-00002982,2025-11-01T00:00:00Z,farmer:440001:021,lender:vridhi,1350.0,loan_repayment,upi,440001,0.0,True
tx-202511-00002983,2025-11-01T00:00:00Z,farmer:440001:022,retailer:440001:04,1638.61,kirana_purchase,upi,440001,0.0,True
tx-202511-00002984,2025-11-01T00:00:00Z,farmer:440001:022,utility:440001,630.0,utility_payment,upi,440001,0.0,True
tx-202511-00002985,2025-11-01T00:00:00Z,farmer:440001:022,lender:vridhi,1350.0,loan_repayment,upi,440001,0.0,True
tx-202511-00002986,2025-11-01T00:00:00Z,wholesaler:440001:01,farmer:440001:023,10257.95,crop_sale,upi,440001,0.0,True
tx-202511-00002987,2025-11-01T00:00:00Z,farmer:440001:023,retailer:440001:02,1561.11,kirana_purchase,upi,440001,0.0,True
tx-202511-00002988,2025-11-01T00:00:00Z,farmer:440001:023,utility:440001,505.0,utility_payment,upi,440001,0.0,True
tx-202511-00002989,2025-11-01T00:00:00Z,farmer:440001:023,lender:vridhi,1350.0,loan_repayment,upi,440001,0.0,True
tx-202511-00002990,2025-11-01T00:00:00Z,wholesaler:440001:01,farmer:440001:024,13850.9,crop_sale,upi,440001,0.0,True
tx-202511-00002991,2025-11-01T00:00:00Z,farmer:440001:024,lender:vridhi,1350.0,loan_repayment,upi,440001,0.0,True
tx-202511-00002992,2025-11-01T00:00:00Z,wholesaler:440001:01,farmer:440001:025,7160.44,crop_sale,upi,440001,0.0,True
tx-202511-00002993,2025-11-01T00:00:00Z,farmer:440001:025,retailer:440001:04,1453.32,kirana_purchase,upi,440001,0.0,True
tx-202511-00002994,2025-11-01T00:00:00Z,farmer:440001:025,utility:440001,630.0,utility_payment,upi,440001,0.0,True
tx-202511-00002995,2025-11-01T00:00:00Z,farmer:440001:025,lender:vridhi,1350.0,loan_repayment,upi,440001,0.0,True
tx-202511-00002996,2025-11-01T00:00:00Z,wholesaler:440001:01,farmer:440001:026,16925.84,crop_sale,upi,440001,0.0,True
tx-202511-00002997,2025-11-01T00:00:00Z,farmer:440001:026,utility:440001,630.0,utility_payment,upi,440001,0.0,True
tx-202511-00002998,2025-11-01T00:00:00Z,farmer:440001:026,lender:vridhi,1350.0,loan_repayment,upi,440001,0.0,True
tx-202511-00002999,2025-11-01T00:00:00Z,farmer:440001:027,utility:440001,505.0,utility_payment,upi,440001,0.0,True
tx-202511-00003000,2025-11-01T00:00:00Z,farmer:440001:027,lender:vridhi,1350.0,loan_repayment,upi,440001,0.0,True
tx-202511-00003001,2025-11-01T00:00:00Z,wholesaler:440001:01,farmer:440001:028,12053.63,crop_sale,upi,440001,0.0,True
tx-202511-00003002,2025-11-01T00:00:00Z,farmer:440001:028,retailer:440001:01,3133.45,kirana_purchase,upi,440001,0.0,True
tx-202511-00003003,2025-11-01T00:00:00Z,farmer:440001:028,utility:440001,630.0,utility_payment,upi,440001,0.0,True
tx-202511-00003004,2025-11-01T00:00:00Z,wholesaler:440001:01,farmer:440001:029,12468.61,crop_sale,upi,440001,0.0,True
tx-202511-00003005,2025-11-01T00:00:00Z,farmer:440001:029,retailer:440001:03,1978.37,kirana_purchase,upi,440001,0.0,True
tx-202511-00003006,2025-11-01T00:00:00Z,farmer:440001:029,utility:440001,630.0,utility_payment,upi,440001,0.0,True
tx-202511-00003007,2025-11-01T00:00:00Z,farmer:440001:029,lender:vridhi,1350.0,loan_repayment,upi,440001,0.0,True
tx-202511-00003008,2025-11-01T00:00:00Z,wholesaler:440001:01,farmer:440001:030,4779.53,crop_sale,upi,440001,0.0,True
tx-202511-00003009,2025-11-01T00:00:00Z,farmer:440001:030,retailer:440001:03,2878.86,kirana_purchase,upi,440001,0.0,True
tx-202511-00003010,2025-11-01T00:00:00Z,farmer:440001:030,utility:440001,505.0,utility_payment,upi,440001,0.0,True
tx-202511-00003011,2025-11-01T00:00:00Z,farmer:440001:031,utility:440001,630.0,utility_payment,upi,440001,0.0,True
tx-202511-00003012,2025-11-01T00:00:00Z,farmer:440001:031,lender:vridhi,1350.0,loan_repayment,upi,440001,0.0,True
tx-202511-00003013,2025-11-01T00:00:00Z,wholesaler:440001:01,farmer:440001:032,5636.11,crop_sale,upi,440001,0.0,True
tx-202511-00003014,2025-11-01T00:00:00Z,farmer:440001:032,utility:440001,630.0,utility_payment,upi,440001,0.0,True
tx-202511-00003015,2025-11-01T00:00:00Z,farmer:440001:033,retailer:440001:01,3012.5,kirana_purchase,upi,440001,0.0,True
tx-202511-00003016,2025-11-01T00:00:00Z,farmer:440001:033,utility:440001,505.0,utility_payment,upi,440001,0.0,True
tx-202511-00003017,2025-11-01T00:00:00Z,farmer:440001:033,lender:vridhi,1350.0,loan_repayment,upi,440001,0.0,True
tx-202511-00003018,2025-11-01T00:00:00Z,wholesaler:440001:01,farmer:440001:034,14204.07,crop_sale,upi,440001,0.0,True
tx-202511-00003019,2025-11-01T00:00:00Z,farmer:440001:034,retailer:440001:01,1951.36,kirana_purchase,upi,440001,0.0,True
tx-202511-00003020,2025-11-01T00:00:00Z,farmer:440001:034,utility:440001,630.0,utility_payment,upi,440001,0.0,True
tx-202511-00003021,2025-11-01T00:00:00Z,farmer:440001:034,lender:vridhi,1350.0,loan_repayment,upi,440001,0.0,True
tx-202511-00003022,2025-11-01T00:00:00Z,wholesaler:440001:01,farmer:440001:035,4427.42,crop_sale,upi,440001,0.0,True
tx-202511-00003023,2025-11-01T00:00:00Z,farmer:440001:035,retailer:440001:01,2220.8,kirana_purchase,upi,440001,0.0,True
tx-202511-00003024,2025-11-01T00:00:00Z,farmer:440001:035,utility:440001,505.0,utility_payment,upi,440001,0.0,True
tx-202511-00003025,2025-11-01T00:00:00Z,farmer:440001:035,lender:vridhi,1350.0,loan_repayment,upi,440001,0.0,True
tx-202511-00003026,2025-11-01T00:00:00Z,retailer:440001:01,wholesaler:440001:01,12542.99,retailer_restock,upi,440001,0.0,True
tx-202511-00003027,2025-11-01T00:00:00Z,retailer:440001:01,utility:440001,1050.0,utility_payment,upi,440001,0.0,True
tx-202511-00003028,2025-11-01T00:00:00Z,retailer:440001:02,wholesaler:440001:01,6991.24,retailer_restock,upi,440001,0.0,True
tx-202511-00003029,2025-11-01T00:00:00Z,retailer:440001:02,utility:440001,1050.0,utility_payment,upi,440001,0.0,True
tx-202511-00003030,2025-11-01T00:00:00Z,retailer:440001:03,wholesaler:440001:01,12045.59,retailer_restock,upi,440001,0.0,True
tx-202511-00003031,2025-11-01T00:00:00Z,retailer:440001:03,utility:440001,1050.0,utility_payment,upi,440001,0.0,True
tx-202511-00003032,2025-11-01T00:00:00Z,wholesaler:440001:01,utility:440001,2400.0,utility_payment,upi,440001,0.0,True
tx-202512-00003033,2025-12-01T00:00:00Z,farmer:413001:002,retailer:413001:04,1766.07,kirana_purchase,upi,413001,0.0,True
tx-202512-00003034,2025-12-01T00:00:00Z,farmer:413001:002,utility:413001,505.0,utility_payment,upi,413001,0.0,True
tx-202512-00003035,2025-12-01T00:00:00Z,farmer:413001:002,lender:vridhi,1350.0,loan_repayment,upi,413001,0.0,True
tx-202512-00003036,2025-12-01T00:00:00Z,farmer:413001:003,retailer:413001:04,2322.31,kirana_purchase,upi,413001,0.0,True
tx-202512-00003037,2025-12-01T00:00:00Z,farmer:413001:003,utility:413001,630.0,utility_payment,upi,413001,0.0,True
tx-202512-00003038,2025-12-01T00:00:00Z,farmer:413001:003,lender:vridhi,962.96,loan_repayment,upi,413001,0.0,True
tx-202512-00003039,2025-12-01T00:00:00Z,farmer:413001:004,retailer:413001:02,1700.6,kirana_purchase,upi,413001,0.0,True
tx-202512-00003040,2025-12-01T00:00:00Z,farmer:413001:004,utility:413001,505.0,utility_payment,upi,413001,0.0,True
tx-202512-00003041,2025-12-01T00:00:00Z,farmer:413001:004,lender:vridhi,1350.0,loan_repayment,upi,413001,0.0,True
tx-202512-00003042,2025-12-01T00:00:00Z,farmer:413001:005,retailer:413001:01,2330.06,kirana_purchase,upi,413001,0.0,True
tx-202512-00003043,2025-12-01T00:00:00Z,farmer:413001:005,utility:413001,505.0,utility_payment,upi,413001,0.0,True
tx-202512-00003044,2025-12-01T00:00:00Z,farmer:413001:005,lender:vridhi,1350.0,loan_repayment,upi,413001,0.0,True
tx-202512-00003045,2025-12-01T00:00:00Z,farmer:413001:006,retailer:413001:01,2167.5,kirana_purchase,upi,413001,0.0,True
tx-202512-00003046,2025-12-01T00:00:00Z,farmer:413001:006,utility:413001,630.0,utility_payment,upi,413001,0.0,True
tx-202512-00003047,2025-12-01T00:00:00Z,farmer:413001:008,retailer:413001:03,2898.41,kirana_purchase,upi,413001,0.0,True
tx-202512-00003048,2025-12-01T00:00:00Z,farmer:413001:008,utility:413001,630.0,utility_payment,upi,413001,0.0,True
tx-202512-00003049,2025-12-01T00:00:00Z,farmer:413001:008,lender:vridhi,1350.0,loan_repayment,upi,413001,0.0,True
tx-202512-00003050,2025-12-01T00:00:00Z,farmer:413001:009,retailer:413001:03,1725.88,kirana_purchase,upi,413001,0.0,True
tx-202512-00003051,2025-12-01T00:00:00Z,farmer:413001:009,lender:vridhi,1350.0,loan_repayment,upi,413001,0.0,True
tx-202512-00003052,2025-12-01T00:00:00Z,farmer:413001:010,retailer:413001:02,3013.92,kirana_purchase,upi,413001,0.0,True
tx-202512-00003053,2025-12-01T00:00:00Z,farmer:413001:010,lender:vridhi,1350.0,loan_repayment,upi,413001,0.0,True
tx-202512-00003054,2025-12-01T00:00:00Z,farmer:413001:011,lender:vridhi,1350.0,loan_repayment,upi,413001,0.0,True
tx-202512-00003055,2025-12-01T00:00:00Z,farmer:413001:012,retailer:413001:04,1799.04,kirana_purchase,upi,413001,0.0,True
tx-202512-00003056,2025-12-01T00:00:00Z,farmer:413001:012,lender:vridhi,1350.0,loan_repayment,upi,413001,0.0,True
tx-202512-00003057,2025-12-01T00:00:00Z,farmer:413001:013,retailer:413001:01,2058.41,kirana_purchase,upi,413001,0.0,True
tx-202512-00003058,2025-12-01T00:00:00Z,farmer:413001:013,utility:413001,630.0,utility_payment,upi,413001,0.0,True
tx-202512-00003059,2025-12-01T00:00:00Z,farmer:413001:013,lender:vridhi,1350.0,loan_repayment,upi,413001,0.0,True
tx-202512-00003060,2025-12-01T00:00:00Z,farmer:413001:014,retailer:413001:03,1524.64,kirana_purchase,upi,413001,0.0,True
tx-202512-00003061,2025-12-01T00:00:00Z,farmer:413001:014,utility:413001,630.0,utility_payment,upi,413001,0.0,True
tx-202512-00003062,2025-12-01T00:00:00Z,farmer:413001:014,lender:vridhi,1350.0,loan_repayment,upi,413001,0.0,True
tx-202512-00003063,2025-12-01T00:00:00Z,farmer:413001:015,retailer:413001:03,2672.02,kirana_purchase,upi,413001,0.0,True
tx-202512-00003064,2025-12-01T00:00:00Z,farmer:413001:015,utility:413001,505.0,utility_payment,upi,413001,0.0,True
tx-202512-00003065,2025-12-01T00:00:00Z,farmer:413001:015,lender:vridhi,1350.0,loan_repayment,upi,413001,0.0,True
tx-202512-00003066,2025-12-01T00:00:00Z,farmer:413001:016,retailer:413001:01,40.78,kirana_purchase,upi,413001,0.0,True
tx-202512-00003067,2025-12-01T00:00:00Z,farmer:413001:017,utility:413001,630.0,utility_payment,upi,413001,0.0,True
tx-202512-00003068,2025-12-01T00:00:00Z,farmer:413001:017,lender:vridhi,1350.0,loan_repayment,upi,413001,0.0,True
tx-202512-00003069,2025-12-01T00:00:00Z,farmer:413001:018,retailer:413001:01,2025.25,kirana_purchase,upi,413001,0.0,True
tx-202512-00003070,2025-12-01T00:00:00Z,farmer:413001:018,utility:413001,505.0,utility_payment,upi,413001,0.0,True
tx-202512-00003071,2025-12-01T00:00:00Z,farmer:413001:018,lender:vridhi,1350.0,loan_repayment,upi,413001,0.0,True
tx-202512-00003072,2025-12-01T00:00:00Z,farmer:413001:020,retailer:413001:04,2812.52,kirana_purchase,upi,413001,0.0,True
tx-202512-00003073,2025-12-01T00:00:00Z,farmer:413001:021,retailer:413001:02,2950.63,kirana_purchase,upi,413001,0.0,True
tx-202512-00003074,2025-12-01T00:00:00Z,farmer:413001:021,utility:413001,630.0,utility_payment,upi,413001,0.0,True
tx-202512-00003075,2025-12-01T00:00:00Z,farmer:413001:021,lender:vridhi,1350.0,loan_repayment,upi,413001,0.0,True
tx-202512-00003076,2025-12-01T00:00:00Z,farmer:413001:022,retailer:413001:03,1990.52,kirana_purchase,upi,413001,0.0,True
tx-202512-00003077,2025-12-01T00:00:00Z,farmer:413001:022,utility:413001,630.0,utility_payment,upi,413001,0.0,True
tx-202512-00003078,2025-12-01T00:00:00Z,farmer:413001:024,retailer:413001:03,2792.3,kirana_purchase,upi,413001,0.0,True
tx-202512-00003079,2025-12-01T00:00:00Z,farmer:413001:024,utility:413001,505.0,utility_payment,upi,413001,0.0,True
tx-202512-00003080,2025-12-01T00:00:00Z,farmer:413001:024,lender:vridhi,1350.0,loan_repayment,upi,413001,0.0,True
tx-202512-00003081,2025-12-01T00:00:00Z,farmer:413001:025,lender:vridhi,1350.0,loan_repayment,upi,413001,0.0,True
tx-202512-00003082,2025-12-01T00:00:00Z,farmer:413001:026,utility:413001,505.0,utility_payment,upi,413001,0.0,True
tx-202512-00003083,2025-12-01T00:00:00Z,farmer:413001:026,lender:vridhi,1350.0,loan_repayment,upi,413001,0.0,True
tx-202512-00003084,2025-12-01T00:00:00Z,farmer:413001:027,retailer:413001:04,2727.22,kirana_purchase,upi,413001,0.0,True
tx-202512-00003085,2025-12-01T00:00:00Z,farmer:413001:027,utility:413001,505.0,utility_payment,upi,413001,0.0,True
tx-202512-00003086,2025-12-01T00:00:00Z,farmer:413001:027,lender:vridhi,1350.0,loan_repayment,upi,413001,0.0,True
tx-202512-00003087,2025-12-01T00:00:00Z,farmer:413001:028,utility:413001,505.0,utility_payment,upi,413001,0.0,True
tx-202512-00003088,2025-12-01T00:00:00Z,farmer:413001:028,lender:vridhi,1350.0,loan_repayment,upi,413001,0.0,True
tx-202512-00003089,2025-12-01T00:00:00Z,farmer:413001:029,retailer:413001:04,2255.39,kirana_purchase,upi,413001,0.0,True
tx-202512-00003090,2025-12-01T00:00:00Z,farmer:413001:029,utility:413001,505.0,utility_payment,upi,413001,0.0,True
tx-202512-00003091,2025-12-01T00:00:00Z,farmer:413001:029,lender:vridhi,1350.0,loan_repayment,upi,413001,0.0,True
tx-202512-00003092,2025-12-01T00:00:00Z,farmer:413001:031,retailer:413001:02,2218.54,kirana_purchase,upi,413001,0.0,True
tx-202512-00003093,2025-12-01T00:00:00Z,farmer:413001:031,utility:413001,505.0,utility_payment,upi,413001,0.0,True
tx-202512-00003094,2025-12-01T00:00:00Z,farmer:413001:031,lender:vridhi,1350.0,loan_repayment,upi,413001,0.0,True
tx-202512-00003095,2025-12-01T00:00:00Z,farmer:413001:033,retailer:413001:03,1882.7,kirana_purchase,upi,413001,0.0,True
tx-202512-00003096,2025-12-01T00:00:00Z,farmer:413001:033,lender:vridhi,1350.0,loan_repayment,upi,413001,0.0,True
tx-202512-00003097,2025-12-01T00:00:00Z,farmer:413001:034,retailer:413001:03,1841.3,kirana_purchase,upi,413001,0.0,True
tx-202512-00003098,2025-12-01T00:00:00Z,farmer:413001:034,utility:413001,630.0,utility_payment,upi,413001,0.0,True
tx-202512-00003099,2025-12-01T00:00:00Z,farmer:413001:034,lender:vridhi,1350.0,loan_repayment,upi,413001,0.0,True
tx-202512-00003100,2025-12-01T00:00:00Z,farmer:413001:035,retailer:413001:04,2244.84,kirana_purchase,upi,413001,0.0,True
tx-202512-00003101,2025-12-01T00:00:00Z,farmer:413001:035,lender:vridhi,1350.0,loan_repayment,upi,413001,0.0,True
tx-202512-00003102,2025-12-01T00:00:00Z,retailer:413001:01,wholesaler:413001:01,8602.3,retailer_restock,upi,413001,0.0,True
tx-202512-00003103,2025-12-01T00:00:00Z,retailer:413001:01,utility:413001,1050.0,utility_payment,upi,413001,0.0,True
tx-202512-00003104,2025-12-01T00:00:00Z,retailer:413001:02,wholesaler:413001:01,9208.07,retailer_restock,upi,413001,0.0,True
tx-202512-00003105,2025-12-01T00:00:00Z,retailer:413001:02,utility:413001,1050.0,utility_payment,upi,413001,0.0,True
tx-202512-00003106,2025-12-01T00:00:00Z,retailer:413001:03,wholesaler:413001:01,13304.44,retailer_restock,upi,413001,0.0,True
tx-202512-00003107,2025-12-01T00:00:00Z,retailer:413001:03,utility:413001,1050.0,utility_payment,upi,413001,0.0,True
tx-202512-00003108,2025-12-01T00:00:00Z,retailer:413001:04,utility:413001,1050.0,utility_payment,upi,413001,0.0,True
tx-202512-00003109,2025-12-01T00:00:00Z,wholesaler:413001:01,utility:413001,2400.0,utility_payment,upi,413001,0.0,True
tx-202512-00003110,2025-12-01T00:00:00Z,farmer:431001:001,utility:431001,630.0,utility_payment,upi,431001,0.0,True
tx-202512-00003111,2025-12-01T00:00:00Z,farmer:431001:001,lender:vridhi,414.12,loan_repayment,upi,431001,0.0,True
tx-202512-00003112,2025-12-01T00:00:00Z,farmer:431001:002,retailer:431001:03,1774.09,kirana_purchase,upi,431001,0.0,True
tx-202512-00003113,2025-12-01T00:00:00Z,farmer:431001:002,utility:431001,505.0,utility_payment,upi,431001,0.0,True
tx-202512-00003114,2025-12-01T00:00:00Z,farmer:431001:003,retailer:431001:03,1464.51,kirana_purchase,upi,431001,0.0,True
tx-202512-00003115,2025-12-01T00:00:00Z,farmer:431001:003,lender:vridhi,1350.0,loan_repayment,upi,431001,0.0,True
tx-202512-00003116,2025-12-01T00:00:00Z,farmer:431001:004,lender:vridhi,1350.0,loan_repayment,upi,431001,0.0,True
tx-202512-00003117,2025-12-01T00:00:00Z,farmer:431001:005,retailer:431001:02,2921.29,kirana_purchase,upi,431001,0.0,True
tx-202512-00003118,2025-12-01T00:00:00Z,farmer:431001:005,lender:vridhi,1350.0,loan_repayment,upi,431001,0.0,True
tx-202512-00003119,2025-12-01T00:00:00Z,farmer:431001:006,lender:vridhi,1350.0,loan_repayment,upi,431001,0.0,True
tx-202512-00003120,2025-12-01T00:00:00Z,farmer:431001:008,retailer:431001:01,1982.23,kirana_purchase,upi,431001,0.0,True
tx-202512-00003121,2025-12-01T00:00:00Z,farmer:431001:008,lender:vridhi,1350.0,loan_repayment,upi,431001,0.0,True
tx-202512-00003122,2025-12-01T00:00:00Z,farmer:431001:009,utility:431001,630.0,utility_payment,upi,431001,0.0,True
tx-202512-00003123,2025-12-01T00:00:00Z,farmer:431001:009,lender:vridhi,1350.0,loan_repayment,upi,431001,0.0,True
tx-202512-00003124,2025-12-01T00:00:00Z,farmer:431001:010,utility:431001,630.0,utility_payment,upi,431001,0.0,True
tx-202512-00003125,2025-12-01T00:00:00Z,farmer:431001:010,lender:vridhi,1350.0,loan_repayment,upi,431001,0.0,True
tx-202512-00003126,2025-12-01T00:00:00Z,farmer:431001:011,retailer:431001:03,2027.7,kirana_purchase,upi,431001,0.0,True
tx-202512-00003127,2025-12-01T00:00:00Z,farmer:431001:011,utility:431001,505.0,utility_payment,upi,431001,0.0,True
tx-202512-00003128,2025-12-01T00:00:00Z,farmer:431001:011,lender:vridhi,1350.0,loan_repayment,upi,431001,0.0,True
tx-202512-00003129,2025-12-01T00:00:00Z,farmer:431001:012,retailer:431001:03,2004.34,kirana_purchase,upi,431001,0.0,True
tx-202512-00003130,2025-12-01T00:00:00Z,farmer:431001:013,utility:431001,630.0,utility_payment,upi,431001,0.0,True
tx-202512-00003131,2025-12-01T00:00:00Z,farmer:431001:013,lender:vridhi,1350.0,loan_repayment,upi,431001,0.0,True
tx-202512-00003132,2025-12-01T00:00:00Z,farmer:431001:014,retailer:431001:04,3116.29,kirana_purchase,upi,431001,0.0,True
tx-202512-00003133,2025-12-01T00:00:00Z,farmer:431001:014,utility:431001,505.0,utility_payment,upi,431001,0.0,True
tx-202512-00003134,2025-12-01T00:00:00Z,farmer:431001:014,lender:vridhi,1350.0,loan_repayment,upi,431001,0.0,True
tx-202512-00003135,2025-12-01T00:00:00Z,farmer:431001:015,retailer:431001:02,2257.12,kirana_purchase,upi,431001,0.0,True
tx-202512-00003136,2025-12-01T00:00:00Z,farmer:431001:015,lender:vridhi,823.82,loan_repayment,upi,431001,0.0,True
tx-202512-00003137,2025-12-01T00:00:00Z,farmer:431001:016,retailer:431001:03,1608.51,kirana_purchase,upi,431001,0.0,True
tx-202512-00003138,2025-12-01T00:00:00Z,farmer:431001:016,utility:431001,630.0,utility_payment,upi,431001,0.0,True
tx-202512-00003139,2025-12-01T00:00:00Z,farmer:431001:016,lender:vridhi,1350.0,loan_repayment,upi,431001,0.0,True
tx-202512-00003140,2025-12-01T00:00:00Z,farmer:431001:017,retailer:431001:04,1495.63,kirana_purchase,upi,431001,0.0,True
tx-202512-00003141,2025-12-01T00:00:00Z,farmer:431001:018,retailer:431001:04,1932.49,kirana_purchase,upi,431001,0.0,True
tx-202512-00003142,2025-12-01T00:00:00Z,farmer:431001:018,utility:431001,505.0,utility_payment,upi,431001,0.0,True
tx-202512-00003143,2025-12-01T00:00:00Z,farmer:431001:018,lender:vridhi,1350.0,loan_repayment,upi,431001,0.0,True
tx-202512-00003144,2025-12-01T00:00:00Z,farmer:431001:019,retailer:431001:01,2076.71,kirana_purchase,upi,431001,0.0,True
tx-202512-00003145,2025-12-01T00:00:00Z,farmer:431001:019,utility:431001,505.0,utility_payment,upi,431001,0.0,True
tx-202512-00003146,2025-12-01T00:00:00Z,farmer:431001:020,retailer:431001:04,1716.96,kirana_purchase,upi,431001,0.0,True
tx-202512-00003147,2025-12-01T00:00:00Z,farmer:431001:020,utility:431001,505.0,utility_payment,upi,431001,0.0,True
tx-202512-00003148,2025-12-01T00:00:00Z,farmer:431001:020,lender:vridhi,1350.0,loan_repayment,upi,431001,0.0,True
tx-202512-00003149,2025-12-01T00:00:00Z,farmer:431001:021,utility:431001,505.0,utility_payment,upi,431001,0.0,True
tx-202512-00003150,2025-12-01T00:00:00Z,farmer:431001:022,utility:431001,505.0,utility_payment,upi,431001,0.0,True
tx-202512-00003151,2025-12-01T00:00:00Z,farmer:431001:022,lender:vridhi,1350.0,loan_repayment,upi,431001,0.0,True
tx-202512-00003152,2025-12-01T00:00:00Z,farmer:431001:023,retailer:431001:03,2448.74,kirana_purchase,upi,431001,0.0,True
tx-202512-00003153,2025-12-01T00:00:00Z,farmer:431001:023,utility:431001,630.0,utility_payment,upi,431001,0.0,True
tx-202512-00003154,2025-12-01T00:00:00Z,farmer:431001:023,lender:vridhi,1350.0,loan_repayment,upi,431001,0.0,True
tx-202512-00003155,2025-12-01T00:00:00Z,farmer:431001:024,retailer:431001:01,2118.51,kirana_purchase,upi,431001,0.0,True
tx-202512-00003156,2025-12-01T00:00:00Z,farmer:431001:025,retailer:431001:04,2478.24,kirana_purchase,upi,431001,0.0,True
tx-202512-00003157,2025-12-01T00:00:00Z,farmer:431001:025,utility:431001,505.0,utility_payment,upi,431001,0.0,True
tx-202512-00003158,2025-12-01T00:00:00Z,farmer:431001:025,lender:vridhi,1350.0,loan_repayment,upi,431001,0.0,True
tx-202512-00003159,2025-12-01T00:00:00Z,farmer:431001:026,retailer:431001:04,2232.35,kirana_purchase,upi,431001,0.0,True
tx-202512-00003160,2025-12-01T00:00:00Z,farmer:431001:026,lender:vridhi,1350.0,loan_repayment,upi,431001,0.0,True
tx-202512-00003161,2025-12-01T00:00:00Z,farmer:431001:027,lender:vridhi,1350.0,loan_repayment,upi,431001,0.0,True
tx-202512-00003162,2025-12-01T00:00:00Z,farmer:431001:028,retailer:431001:02,2155.59,kirana_purchase,upi,431001,0.0,True
tx-202512-00003163,2025-12-01T00:00:00Z,farmer:431001:028,utility:431001,630.0,utility_payment,upi,431001,0.0,True
tx-202512-00003164,2025-12-01T00:00:00Z,farmer:431001:028,lender:vridhi,1350.0,loan_repayment,upi,431001,0.0,True
tx-202512-00003165,2025-12-01T00:00:00Z,farmer:431001:029,retailer:431001:04,2998.42,kirana_purchase,upi,431001,0.0,True
tx-202512-00003166,2025-12-01T00:00:00Z,farmer:431001:029,utility:431001,505.0,utility_payment,upi,431001,0.0,True
tx-202512-00003167,2025-12-01T00:00:00Z,farmer:431001:029,lender:vridhi,1350.0,loan_repayment,upi,431001,0.0,True
tx-202512-00003168,2025-12-01T00:00:00Z,farmer:431001:030,utility:431001,505.0,utility_payment,upi,431001,0.0,True
tx-202512-00003169,2025-12-01T00:00:00Z,farmer:431001:030,lender:vridhi,1350.0,loan_repayment,upi,431001,0.0,True
tx-202512-00003170,2025-12-01T00:00:00Z,farmer:431001:031,retailer:431001:03,2583.32,kirana_purchase,upi,431001,0.0,True
tx-202512-00003171,2025-12-01T00:00:00Z,farmer:431001:032,utility:431001,630.0,utility_payment,upi,431001,0.0,True
tx-202512-00003172,2025-12-01T00:00:00Z,farmer:431001:032,lender:vridhi,1350.0,loan_repayment,upi,431001,0.0,True
tx-202512-00003173,2025-12-01T00:00:00Z,farmer:431001:033,utility:431001,630.0,utility_payment,upi,431001,0.0,True
tx-202512-00003174,2025-12-01T00:00:00Z,farmer:431001:033,lender:vridhi,1350.0,loan_repayment,upi,431001,0.0,True
tx-202512-00003175,2025-12-01T00:00:00Z,farmer:431001:034,retailer:431001:02,2310.31,kirana_purchase,upi,431001,0.0,True
tx-202512-00003176,2025-12-01T00:00:00Z,farmer:431001:034,utility:431001,505.0,utility_payment,upi,431001,0.0,True
tx-202512-00003177,2025-12-01T00:00:00Z,farmer:431001:034,lender:vridhi,1350.0,loan_repayment,upi,431001,0.0,True
tx-202512-00003178,2025-12-01T00:00:00Z,farmer:431001:035,lender:vridhi,1350.0,loan_repayment,upi,431001,0.0,True
tx-202512-00003179,2025-12-01T00:00:00Z,retailer:431001:01,wholesaler:431001:01,6253.59,retailer_restock,upi,431001,0.0,True
tx-202512-00003180,2025-12-01T00:00:00Z,retailer:431001:02,utility:431001,1050.0,utility_payment,upi,431001,0.0,True
tx-202512-00003181,2025-12-01T00:00:00Z,retailer:431001:03,wholesaler:431001:01,8267.64,retailer_restock,upi,431001,0.0,True
tx-202512-00003182,2025-12-01T00:00:00Z,retailer:431001:03,utility:431001,1050.0,utility_payment,upi,431001,0.0,True
tx-202512-00003183,2025-12-01T00:00:00Z,retailer:431001:04,wholesaler:431001:01,17467.39,retailer_restock,upi,431001,0.0,True
tx-202512-00003184,2025-12-01T00:00:00Z,farmer:440001:001,retailer:440001:01,2481.88,kirana_purchase,upi,440001,0.0,True
tx-202512-00003185,2025-12-01T00:00:00Z,farmer:440001:001,utility:440001,505.0,utility_payment,upi,440001,0.0,True
tx-202512-00003186,2025-12-01T00:00:00Z,farmer:440001:001,lender:vridhi,1350.0,loan_repayment,upi,440001,0.0,True
tx-202512-00003187,2025-12-01T00:00:00Z,farmer:440001:002,utility:440001,505.0,utility_payment,upi,440001,0.0,True
tx-202512-00003188,2025-12-01T00:00:00Z,farmer:440001:002,lender:vridhi,1350.0,loan_repayment,upi,440001,0.0,True
tx-202512-00003189,2025-12-01T00:00:00Z,farmer:440001:003,lender:vridhi,1350.0,loan_repayment,upi,440001,0.0,True
tx-202512-00003190,2025-12-01T00:00:00Z,farmer:440001:004,lender:vridhi,1350.0,loan_repayment,upi,440001,0.0,True
tx-202512-00003191,2025-12-01T00:00:00Z,farmer:440001:005,retailer:440001:01,2114.05,kirana_purchase,upi,440001,0.0,True
tx-202512-00003192,2025-12-01T00:00:00Z,farmer:440001:005,utility:440001,630.0,utility_payment,upi,440001,0.0,True
tx-202512-00003193,2025-12-01T00:00:00Z,farmer:440001:005,lender:vridhi,1350.0,loan_repayment,upi,440001,0.0,True
tx-202512-00003194,2025-12-01T00:00:00Z,farmer:440001:006,utility:440001,630.0,utility_payment,upi,440001,0.0,True
tx-202512-00003195,2025-12-01T00:00:00Z,farmer:440001:006,lender:vridhi,1350.0,loan_repayment,upi,440001,0.0,True
tx-202512-00003196,2025-12-01T00:00:00Z,farmer:440001:007,retailer:440001:01,1477.27,kirana_purchase,upi,440001,0.0,True
tx-202512-00003197,2025-12-01T00:00:00Z,farmer:440001:007,utility:440001,505.0,utility_payment,upi,440001,0.0,True
tx-202512-00003198,2025-12-01T00:00:00Z,farmer:440001:009,retailer:440001:02,2680.82,kirana_purchase,upi,440001,0.0,True
tx-202512-00003199,2025-12-01T00:00:00Z,farmer:440001:009,utility:440001,505.0,utility_payment,upi,440001,0.0,True
tx-202512-00003200,2025-12-01T00:00:00Z,farmer:440001:009,lender:vridhi,1350.0,loan_repayment,upi,440001,0.0,True
tx-202512-00003201,2025-12-01T00:00:00Z,farmer:440001:010,retailer:440001:03,2405.49,kirana_purchase,upi,440001,0.0,True
tx-202512-00003202,2025-12-01T00:00:00Z,farmer:440001:010,utility:440001,505.0,utility_payment,upi,440001,0.0,True
tx-202512-00003203,2025-12-01T00:00:00Z,farmer:440001:010,lender:vridhi,1350.0,loan_repayment,upi,440001,0.0,True
tx-202512-00003204,2025-12-01T00:00:00Z,farmer:440001:011,retailer:440001:04,1655.37,kirana_purchase,upi,440001,0.0,True
tx-202512-00003205,2025-12-01T00:00:00Z,farmer:440001:011,utility:440001,505.0,utility_payment,upi,440001,0.0,True
tx-202512-00003206,2025-12-01T00:00:00Z,farmer:440001:011,lender:vridhi,1350.0,loan_repayment,upi,440001,0.0,True
tx-202512-00003207,2025-12-01T00:00:00Z,farmer:440001:012,retailer:440001:04,2561.79,kirana_purchase,upi,440001,0.0,True
tx-202512-00003208,2025-12-01T00:00:00Z,farmer:440001:012,utility:440001,630.0,utility_payment,upi,440001,0.0,True
tx-202512-00003209,2025-12-01T00:00:00Z,farmer:440001:012,lender:vridhi,1350.0,loan_repayment,upi,440001,0.0,True
tx-202512-00003210,2025-12-01T00:00:00Z,farmer:440001:013,retailer:440001:03,2554.91,kirana_purchase,upi,440001,0.0,True
tx-202512-00003211,2025-12-01T00:00:00Z,farmer:440001:013,utility:440001,505.0,utility_payment,upi,440001,0.0,True
tx-202512-00003212,2025-12-01T00:00:00Z,farmer:440001:013,lender:vridhi,1350.0,loan_repayment,upi,440001,0.0,True
tx-202512-00003213,2025-12-01T00:00:00Z,farmer:440001:014,retailer:440001:03,2754.83,kirana_purchase,upi,440001,0.0,True
tx-202512-00003214,2025-12-01T00:00:00Z,farmer:440001:014,lender:vridhi,1350.0,loan_repayment,upi,440001,0.0,True
tx-202512-00003215,2025-12-01T00:00:00Z,farmer:440001:015,retailer:440001:02,1878.3,kirana_purchase,upi,440001,0.0,True
tx-202512-00003216,2025-12-01T00:00:00Z,farmer:440001:015,utility:440001,505.0,utility_payment,upi,440001,0.0,True
tx-202512-00003217,2025-12-01T00:00:00Z,farmer:440001:015,lender:vridhi,1350.0,loan_repayment,upi,440001,0.0,True
tx-202512-00003218,2025-12-01T00:00:00Z,farmer:440001:017,retailer:440001:02,2014.48,kirana_purchase,upi,440001,0.0,True
tx-202512-00003219,2025-12-01T00:00:00Z,farmer:440001:017,lender:vridhi,1350.0,loan_repayment,upi,440001,0.0,True
tx-202512-00003220,2025-12-01T00:00:00Z,farmer:440001:018,retailer:440001:04,1564.77,kirana_purchase,upi,440001,0.0,True
tx-202512-00003221,2025-12-01T00:00:00Z,farmer:440001:018,lender:vridhi,1350.0,loan_repayment,upi,440001,0.0,True
tx-202512-00003222,2025-12-01T00:00:00Z,farmer:440001:019,utility:440001,630.0,utility_payment,upi,440001,0.0,True
tx-202512-00003223,2025-12-01T00:00:00Z,farmer:440001:019,lender:vridhi,1350.0,loan_repayment,upi,440001,0.0,True
tx-202512-00003224,2025-12-01T00:00:00Z,farmer:440001:020,lender:vridhi,1350.0,loan_repayment,upi,440001,0.0,True
tx-202512-00003225,2025-12-01T00:00:00Z,farmer:440001:021,retailer:440001:01,1683.84,kirana_purchase,upi,440001,0.0,True
tx-202512-00003226,2025-12-01T00:00:00Z,farmer:440001:021,utility:440001,630.0,utility_payment,upi,440001,0.0,True
tx-202512-00003227,2025-12-01T00:00:00Z,farmer:440001:021,lender:vridhi,1350.0,loan_repayment,upi,440001,0.0,True
tx-202512-00003228,2025-12-01T00:00:00Z,farmer:440001:023,retailer:440001:04,2706.73,kirana_purchase,upi,440001,0.0,True
tx-202512-00003229,2025-12-01T00:00:00Z,farmer:440001:023,utility:440001,505.0,utility_payment,upi,440001,0.0,True
tx-202512-00003230,2025-12-01T00:00:00Z,farmer:440001:023,lender:vridhi,1350.0,loan_repayment,upi,440001,0.0,True
tx-202512-00003231,2025-12-01T00:00:00Z,farmer:440001:024,utility:440001,630.0,utility_payment,upi,440001,0.0,True
tx-202512-00003232,2025-12-01T00:00:00Z,farmer:440001:024,lender:vridhi,1350.0,loan_repayment,upi,440001,0.0,True
tx-202512-00003233,2025-12-01T00:00:00Z,farmer:440001:025,utility:440001,630.0,utility_payment,upi,440001,0.0,True
tx-202512-00003234,2025-12-01T00:00:00Z,farmer:440001:025,lender:vridhi,1350.0,loan_repayment,upi,440001,0.0,True
tx-202512-00003235,2025-12-01T00:00:00Z,farmer:440001:026,utility:440001,630.0,utility_payment,upi,440001,0.0,True
tx-202512-00003236,2025-12-01T00:00:00Z,farmer:440001:026,lender:vridhi,1350.0,loan_repayment,upi,440001,0.0,True
tx-202512-00003237,2025-12-01T00:00:00Z,farmer:440001:027,retailer:440001:02,2483.71,kirana_purchase,upi,440001,0.0,True
tx-202512-00003238,2025-12-01T00:00:00Z,farmer:440001:027,utility:440001,505.0,utility_payment,upi,440001,0.0,True
tx-202512-00003239,2025-12-01T00:00:00Z,farmer:440001:027,lender:vridhi,1350.0,loan_repayment,upi,440001,0.0,True
tx-202512-00003240,2025-12-01T00:00:00Z,farmer:440001:028,retailer:440001:01,1559.85,kirana_purchase,upi,440001,0.0,True
tx-202512-00003241,2025-12-01T00:00:00Z,farmer:440001:028,lender:vridhi,1350.0,loan_repayment,upi,440001,0.0,True
tx-202512-00003242,2025-12-01T00:00:00Z,farmer:440001:029,retailer:440001:02,3045.07,kirana_purchase,upi,440001,0.0,True
tx-202512-00003243,2025-12-01T00:00:00Z,farmer:440001:029,utility:440001,630.0,utility_payment,upi,440001,0.0,True
tx-202512-00003244,2025-12-01T00:00:00Z,farmer:440001:029,lender:vridhi,1350.0,loan_repayment,upi,440001,0.0,True
tx-202512-00003245,2025-12-01T00:00:00Z,farmer:440001:030,retailer:440001:02,1851.73,kirana_purchase,upi,440001,0.0,True
tx-202512-00003246,2025-12-01T00:00:00Z,farmer:440001:030,lender:vridhi,1350.0,loan_repayment,upi,440001,0.0,True
tx-202512-00003247,2025-12-01T00:00:00Z,farmer:440001:031,retailer:440001:02,1866.37,kirana_purchase,upi,440001,0.0,True
tx-202512-00003248,2025-12-01T00:00:00Z,farmer:440001:031,utility:440001,630.0,utility_payment,upi,440001,0.0,True
tx-202512-00003249,2025-12-01T00:00:00Z,farmer:440001:031,lender:vridhi,1350.0,loan_repayment,upi,440001,0.0,True
tx-202512-00003250,2025-12-01T00:00:00Z,farmer:440001:032,retailer:440001:04,1838.7,kirana_purchase,upi,440001,0.0,True
tx-202512-00003251,2025-12-01T00:00:00Z,farmer:440001:033,utility:440001,505.0,utility_payment,upi,440001,0.0,True
tx-202512-00003252,2025-12-01T00:00:00Z,farmer:440001:033,lender:vridhi,1350.0,loan_repayment,upi,440001,0.0,True
tx-202512-00003253,2025-12-01T00:00:00Z,farmer:440001:034,retailer:440001:04,2168.59,kirana_purchase,upi,440001,0.0,True
tx-202512-00003254,2025-12-01T00:00:00Z,farmer:440001:034,utility:440001,630.0,utility_payment,upi,440001,0.0,True
tx-202512-00003255,2025-12-01T00:00:00Z,farmer:440001:034,lender:vridhi,1350.0,loan_repayment,upi,440001,0.0,True
tx-202512-00003256,2025-12-01T00:00:00Z,farmer:440001:035,retailer:440001:04,1483.68,kirana_purchase,upi,440001,0.0,True
tx-202512-00003257,2025-12-01T00:00:00Z,farmer:440001:035,lender:vridhi,1350.0,loan_repayment,upi,440001,0.0,True
tx-202512-00003258,2025-12-01T00:00:00Z,retailer:440001:01,wholesaler:440001:01,14485.61,retailer_restock,upi,440001,0.0,True
tx-202512-00003259,2025-12-01T00:00:00Z,retailer:440001:01,utility:440001,1050.0,utility_payment,upi,440001,0.0,True
tx-202512-00003260,2025-12-01T00:00:00Z,retailer:440001:02,wholesaler:440001:01,12718.28,retailer_restock,upi,440001,0.0,True
tx-202512-00003261,2025-12-01T00:00:00Z,retailer:440001:02,utility:440001,1050.0,utility_payment,upi,440001,0.0,True
tx-202512-00003262,2025-12-01T00:00:00Z,retailer:440001:03,wholesaler:440001:01,5592.78,retailer_restock,upi,440001,0.0,True
tx-202512-00003263,2025-12-01T00:00:00Z,retailer:440001:03,utility:440001,1050.0,utility_payment,upi,440001,0.0,True
tx-202512-00003264,2025-12-01T00:00:00Z,retailer:440001:04,wholesaler:440001:01,11337.16,retailer_restock,upi,440001,0.0,True
tx-202512-00003265,2025-12-01T00:00:00Z,retailer:440001:04,utility:440001,1050.0,utility_payment,upi,440001,0.0,True
tx-202512-00003266,2025-12-01T00:00:00Z,wholesaler:440001:01,utility:440001,2400.0,utility_payment,upi,440001,0.0,True
tx-202601-00003267,2026-01-01T00:00:00Z,farmer:413001:004,retailer:413001:03,2539.78,kirana_purchase,upi,413001,0.0,True
tx-202601-00003268,2026-01-01T00:00:00Z,farmer:413001:004,utility:413001,505.0,utility_payment,upi,413001,0.0,True
tx-202601-00003269,2026-01-01T00:00:00Z,farmer:413001:004,lender:vridhi,1350.0,loan_repayment,upi,413001,0.0,True
tx-202601-00003270,2026-01-01T00:00:00Z,farmer:413001:005,retailer:413001:01,2104.2,kirana_purchase,upi,413001,0.0,True
tx-202601-00003271,2026-01-01T00:00:00Z,farmer:413001:005,utility:413001,505.0,utility_payment,upi,413001,0.0,True
tx-202601-00003272,2026-01-01T00:00:00Z,farmer:413001:005,lender:vridhi,1350.0,loan_repayment,upi,413001,0.0,True
tx-202601-00003273,2026-01-01T00:00:00Z,farmer:413001:006,utility:413001,630.0,utility_payment,upi,413001,0.0,True
tx-202601-00003274,2026-01-01T00:00:00Z,farmer:413001:006,lender:vridhi,1350.0,loan_repayment,upi,413001,0.0,True
tx-202601-00003275,2026-01-01T00:00:00Z,farmer:413001:007,retailer:413001:03,2633.97,kirana_purchase,upi,413001,0.0,True
tx-202601-00003276,2026-01-01T00:00:00Z,farmer:413001:007,lender:vridhi,1350.0,loan_repayment,upi,413001,0.0,True
tx-202601-00003277,2026-01-01T00:00:00Z,farmer:413001:009,lender:vridhi,1350.0,loan_repayment,upi,413001,0.0,True
tx-202601-00003278,2026-01-01T00:00:00Z,farmer:413001:010,utility:413001,505.0,utility_payment,upi,413001,0.0,True
tx-202601-00003279,2026-01-01T00:00:00Z,farmer:413001:010,lender:vridhi,1350.0,loan_repayment,upi,413001,0.0,True
tx-202601-00003280,2026-01-01T00:00:00Z,farmer:413001:011,utility:413001,630.0,utility_payment,upi,413001,0.0,True
tx-202601-00003281,2026-01-01T00:00:00Z,farmer:413001:012,utility:413001,630.0,utility_payment,upi,413001,0.0,True
tx-202601-00003282,2026-01-01T00:00:00Z,farmer:413001:013,retailer:413001:04,1731.9,kirana_purchase,upi,413001,0.0,True
tx-202601-00003283,2026-01-01T00:00:00Z,farmer:413001:013,lender:vridhi,1350.0,loan_repayment,upi,413001,0.0,True
tx-202601-00003284,2026-01-01T00:00:00Z,farmer:413001:015,retailer:413001:01,1635.77,kirana_purchase,upi,413001,0.0,True
tx-202601-00003285,2026-01-01T00:00:00Z,farmer:413001:017,retailer:413001:02,3031.03,kirana_purchase,upi,413001,0.0,True
tx-202601-00003286,2026-01-01T00:00:00Z,farmer:413001:017,utility:413001,630.0,utility_payment,upi,413001,0.0,True
tx-202601-00003287,2026-01-01T00:00:00Z,farmer:413001:018,retailer:413001:04,1452.68,kirana_purchase,upi,413001,0.0,True
tx-202601-00003288,2026-01-01T00:00:00Z,farmer:413001:018,lender:vridhi,1350.0,loan_repayment,upi,413001,0.0,True
tx-202601-00003289,2026-01-01T00:00:00Z,farmer:413001:019,retailer:413001:03,2696.17,kirana_purchase,upi,413001,0.0,True
tx-202601-00003290,2026-01-01T00:00:00Z,farmer:413001:019,utility:413001,630.0,utility_payment,upi,413001,0.0,True
tx-202601-00003291,2026-01-01T00:00:00Z,farmer:413001:019,lender:vridhi,1350.0,loan_repayment,upi,413001,0.0,True
tx-202601-00003292,2026-01-01T00:00:00Z,farmer:413001:021,utility:413001,630.0,utility_payment,upi,413001,0.0,True
tx-202601-00003293,2026-01-01T00:00:00Z,farmer:413001:021,lender:vridhi,1350.0,loan_repayment,upi,413001,0.0,True
tx-202601-00003294,2026-01-01T00:00:00Z,farmer:413001:022,retailer:413001:02,2825.6,kirana_purchase,upi,413001,0.0,True
tx-202601-00003295,2026-01-01T00:00:00Z,farmer:413001:024,retailer:413001:01,2926.22,kirana_purchase,upi,413001,0.0,True
tx-202601-00003296,2026-01-01T00:00:00Z,farmer:413001:024,utility:413001,505.0,utility_payment,upi,413001,0.0,True
tx-202601-00003297,2026-01-01T00:00:00Z,farmer:413001:024,lender:vridhi,1350.0,loan_repayment,upi,413001,0.0,True
tx-202601-00003298,2026-01-01T00:00:00Z,farmer:413001:025,retailer:413001:03,1559.25,kirana_purchase,upi,413001,0.0,True
tx-202601-00003299,2026-01-01T00:00:00Z,farmer:413001:025,utility:413001,630.0,utility_payment,upi,413001,0.0,True
tx-202601-00003300,2026-01-01T00:00:00Z,farmer:413001:025,lender:vridhi,1350.0,loan_repayment,upi,413001,0.0,True
tx-202601-00003301,2026-01-01T00:00:00Z,farmer:413001:026,retailer:413001:01,1466.16,kirana_purchase,upi,413001,0.0,True
tx-202601-00003302,2026-01-01T00:00:00Z,farmer:413001:026,lender:vridhi,1350.0,loan_repayment,upi,413001,0.0,True
tx-202601-00003303,2026-01-01T00:00:00Z,farmer:413001:027,retailer:413001:01,1614.63,kirana_purchase,upi,413001,0.0,True
tx-202601-00003304,2026-01-01T00:00:00Z,farmer:413001:027,utility:413001,505.0,utility_payment,upi,413001,0.0,True
tx-202601-00003305,2026-01-01T00:00:00Z,farmer:413001:027,lender:vridhi,1350.0,loan_repayment,upi,413001,0.0,True
tx-202601-00003306,2026-01-01T00:00:00Z,farmer:413001:028,retailer:413001:03,3034.62,kirana_purchase,upi,413001,0.0,True
tx-202601-00003307,2026-01-01T00:00:00Z,farmer:413001:028,utility:413001,505.0,utility_payment,upi,413001,0.0,True
tx-202601-00003308,2026-01-01T00:00:00Z,farmer:413001:028,lender:vridhi,1350.0,loan_repayment,upi,413001,0.0,True
tx-202601-00003309,2026-01-01T00:00:00Z,farmer:413001:029,retailer:413001:03,2609.16,kirana_purchase,upi,413001,0.0,True
tx-202601-00003310,2026-01-01T00:00:00Z,farmer:413001:029,utility:413001,505.0,utility_payment,upi,413001,0.0,True
tx-202601-00003311,2026-01-01T00:00:00Z,farmer:413001:029,lender:vridhi,1350.0,loan_repayment,upi,413001,0.0,True
tx-202601-00003312,2026-01-01T00:00:00Z,farmer:413001:031,lender:vridhi,1350.0,loan_repayment,upi,413001,0.0,True
tx-202601-00003313,2026-01-01T00:00:00Z,farmer:413001:033,utility:413001,630.0,utility_payment,upi,413001,0.0,True
tx-202601-00003314,2026-01-01T00:00:00Z,farmer:413001:033,lender:vridhi,1350.0,loan_repayment,upi,413001,0.0,True
tx-202601-00003315,2026-01-01T00:00:00Z,farmer:413001:034,utility:413001,630.0,utility_payment,upi,413001,0.0,True
tx-202601-00003316,2026-01-01T00:00:00Z,farmer:413001:034,lender:vridhi,383.45,loan_repayment,upi,413001,0.0,True
tx-202601-00003317,2026-01-01T00:00:00Z,farmer:413001:035,utility:413001,630.0,utility_payment,upi,413001,0.0,True
tx-202601-00003318,2026-01-01T00:00:00Z,farmer:413001:035,lender:vridhi,1350.0,loan_repayment,upi,413001,0.0,True
tx-202601-00003319,2026-01-01T00:00:00Z,retailer:413001:01,wholesaler:413001:01,8235.25,retailer_restock,upi,413001,0.0,True
tx-202601-00003320,2026-01-01T00:00:00Z,retailer:413001:01,utility:413001,1050.0,utility_payment,upi,413001,0.0,True
tx-202601-00003321,2026-01-01T00:00:00Z,retailer:413001:02,utility:413001,1050.0,utility_payment,upi,413001,0.0,True
tx-202601-00003322,2026-01-01T00:00:00Z,retailer:413001:03,wholesaler:413001:01,17916.05,retailer_restock,upi,413001,0.0,True
tx-202601-00003323,2026-01-01T00:00:00Z,retailer:413001:03,utility:413001,1050.0,utility_payment,upi,413001,0.0,True
tx-202601-00003324,2026-01-01T00:00:00Z,retailer:413001:04,utility:413001,1050.0,utility_payment,upi,413001,0.0,True
tx-202601-00003325,2026-01-01T00:00:00Z,farmer:431001:003,utility:431001,505.0,utility_payment,upi,431001,0.0,True
tx-202601-00003326,2026-01-01T00:00:00Z,farmer:431001:003,lender:vridhi,1350.0,loan_repayment,upi,431001,0.0,True
tx-202601-00003327,2026-01-01T00:00:00Z,farmer:431001:004,retailer:431001:04,1735.69,kirana_purchase,upi,431001,0.0,True
tx-202601-00003328,2026-01-01T00:00:00Z,farmer:431001:004,utility:431001,630.0,utility_payment,upi,431001,0.0,True
tx-202601-00003329,2026-01-01T00:00:00Z,farmer:431001:004,lender:vridhi,1350.0,loan_repayment,upi,431001,0.0,True
tx-202601-00003330,2026-01-01T00:00:00Z,farmer:431001:005,retailer:431001:02,1863.71,kirana_purchase,upi,431001,0.0,True
tx-202601-00003331,2026-01-01T00:00:00Z,farmer:431001:005,lender:vridhi,1350.0,loan_repayment,upi,431001,0.0,True
tx-202601-00003332,2026-01-01T00:00:00Z,farmer:431001:006,utility:431001,630.0,utility_payment,upi,431001,0.0,True
tx-202601-00003333,2026-01-01T00:00:00Z,farmer:431001:008,lender:vridhi,1350.0,loan_repayment,upi,431001,0.0,True
tx-202601-00003334,2026-01-01T00:00:00Z,farmer:431001:009,retailer:431001:02,3018.65,kirana_purchase,upi,431001,0.0,True
tx-202601-00003335,2026-01-01T00:00:00Z,farmer:431001:009,utility:431001,630.0,utility_payment,upi,431001,0.0,True
tx-202601-00003336,2026-01-01T00:00:00Z,farmer:431001:009,lender:vridhi,94.67,loan_repayment,upi,431001,0.0,True
tx-202601-00003337,2026-01-01T00:00:00Z,farmer:431001:010,lender:vridhi,1350.0,loan_repayment,upi,431001,0.0,True
tx-202601-00003338,2026-01-01T00:00:00Z,farmer:431001:011,lender:vridhi,1350.0,loan_repayment,upi,431001,0.0,True
tx-202601-00003339,2026-01-01T00:00:00Z,farmer:431001:012,retailer:431001:04,2824.36,kirana_purchase,upi,431001,0.0,True
tx-202601-00003340,2026-01-01T00:00:00Z,farmer:431001:012,utility:431001,630.0,utility_payment,upi,431001,0.0,True
tx-202601-00003341,2026-01-01T00:00:00Z,farmer:431001:012,lender:vridhi,1350.0,loan_repayment,upi,431001,0.0,True
tx-202601-00003342,2026-01-01T00:00:00Z,farmer:431001:013,retailer:431001:01,2028.4,kirana_purchase,upi,431001,0.0,True
tx-202601-00003343,2026-01-01T00:00:00Z,farmer:431001:013,utility:431001,630.0,utility_payment,upi,431001,0.0,True
tx-202601-00003344,2026-01-01T00:00:00Z,farmer:431001:014,retailer:431001:03,1666.61,kirana_purchase,upi,431001,0.0,True
tx-202601-00003345,2026-01-01T00:00:00Z,farmer:431001:014,utility:431001,505.0,utility_payment,upi,431001,0.0,True
tx-202601-00003346,2026-01-01T00:00:00Z,farmer:431001:014,lender:vridhi,1350.0,loan_repayment,upi,431001,0.0,True
tx-202601-00003347,2026-01-01T00:00:00Z,farmer:431001:016,utility:431001,630.0,utility_payment,upi,431001,0.0,True
tx-202601-00003348,2026-01-01T00:00:00Z,farmer:431001:016,lender:vridhi,1350.0,loan_repayment,upi,431001,0.0,True
tx-202601-00003349,2026-01-01T00:00:00Z,farmer:431001:018,retailer:431001:02,1631.2,kirana_purchase,upi,431001,0.0,True
tx-202601-00003350,2026-01-01T00:00:00Z,farmer:431001:018,lender:vridhi,1350.0,loan_repayment,upi,431001,0.0,True
tx-202601-00003351,2026-01-01T00:00:00Z,farmer:431001:019,retailer:431001:03,2873.27,kirana_purchase,upi,431001,0.0,True
tx-202601-00003352,2026-01-01T00:00:00Z,farmer:431001:019,utility:431001,505.0,utility_payment,upi,431001,0.0,True
tx-202601-00003353,2026-01-01T00:00:00Z,farmer:431001:019,lender:vridhi,1350.0,loan_repayment,upi,431001,0.0,True
tx-202601-00003354,2026-01-01T00:00:00Z,farmer:431001:020,lender:vridhi,1350.0,loan_repayment,upi,431001,0.0,True
tx-202601-00003355,2026-01-01T00:00:00Z,farmer:431001:021,utility:431001,505.0,utility_payment,upi,431001,0.0,True
tx-202601-00003356,2026-01-01T00:00:00Z,farmer:431001:022,retailer:431001:04,2522.83,kirana_purchase,upi,431001,0.0,True
tx-202601-00003357,2026-01-01T00:00:00Z,farmer:431001:022,utility:431001,505.0,utility_payment,upi,431001,0.0,True
tx-202601-00003358,2026-01-01T00:00:00Z,farmer:431001:023,retailer:431001:01,3117.94,kirana_purchase,upi,431001,0.0,True
tx-202601-00003359,2026-01-01T00:00:00Z,farmer:431001:023,lender:vridhi,1350.0,loan_repayment,upi,431001,0.0,True
tx-202601-00003360,2026-01-01T00:00:00Z,farmer:431001:025,lender:vridhi,1350.0,loan_repayment,upi,431001,0.0,True
tx-202601-00003361,2026-01-01T00:00:00Z,farmer:431001:026,retailer:431001:03,3123.46,kirana_purchase,upi,431001,0.0,True
tx-202601-00003362,2026-01-01T00:00:00Z,farmer:431001:027,lender:vridhi,1350.0,loan_repayment,upi,431001,0.0,True
tx-202601-00003363,2026-01-01T00:00:00Z,farmer:431001:028,utility:431001,254.98,utility_payment,upi,431001,0.0,True
tx-202601-00003364,2026-01-01T00:00:00Z,farmer:431001:029,retailer:431001:02,2641.88,kirana_purchase,upi,431001,0.0,True
tx-202601-00003365,2026-01-01T00:00:00Z,farmer:431001:029,utility:431001,505.0,utility_payment,upi,431001,0.0,True
tx-202601-00003366,2026-01-01T00:00:00Z,farmer:431001:029,lender:vridhi,1350.0,loan_repayment,upi,431001,0.0,True
tx-202601-00003367,2026-01-01T00:00:00Z,farmer:431001:030,utility:431001,505.0,utility_payment,upi,431001,0.0,True
tx-202601-00003368,2026-01-01T00:00:00Z,farmer:431001:030,lender:vridhi,1350.0,loan_repayment,upi,431001,0.0,True
tx-202601-00003369,2026-01-01T00:00:00Z,farmer:431001:031,retailer:431001:02,2201.2,kirana_purchase,upi,431001,0.0,True
tx-202601-00003370,2026-01-01T00:00:00Z,farmer:431001:031,lender:vridhi,1350.0,loan_repayment,upi,431001,0.0,True
tx-202601-00003371,2026-01-01T00:00:00Z,farmer:431001:032,retailer:431001:02,2700.04,kirana_purchase,upi,431001,0.0,True
tx-202601-00003372,2026-01-01T00:00:00Z,farmer:431001:032,lender:vridhi,1350.0,loan_repayment,upi,431001,0.0,True
tx-202601-00003373,2026-01-01T00:00:00Z,farmer:431001:033,utility:431001,630.0,utility_payment,upi,431001,0.0,True
tx-202601-00003374,2026-01-01T00:00:00Z,farmer:431001:033,lender:vridhi,1350.0,loan_repayment,upi,431001,0.0,True
tx-202601-00003375,2026-01-01T00:00:00Z,farmer:431001:034,utility:431001,505.0,utility_payment,upi,431001,0.0,True
tx-202601-00003376,2026-01-01T00:00:00Z,farmer:431001:034,lender:vridhi,1350.0,loan_repayment,upi,431001,0.0,True
tx-202601-00003377,2026-01-01T00:00:00Z,farmer:431001:035,utility:431001,505.0,utility_payment,upi,431001,0.0,True
tx-202601-00003378,2026-01-01T00:00:00Z,farmer:431001:035,lender:vridhi,1350.0,loan_repayment,upi,431001,0.0,True
tx-202601-00003379,2026-01-01T00:00:00Z,retailer:431001:01,wholesaler:431001:01,8377.56,retailer_restock,upi,431001,0.0,True
tx-202601-00003380,2026-01-01T00:00:00Z,retailer:431001:01,utility:431001,1050.0,utility_payment,upi,431001,0.0,True
tx-202601-00003381,2026-01-01T00:00:00Z,retailer:431001:02,utility:431001,1050.0,utility_payment,upi,431001,0.0,True
tx-202601-00003382,2026-01-01T00:00:00Z,retailer:431001:03,wholesaler:431001:01,11272.98,retailer_restock,upi,431001,0.0,True
tx-202601-00003383,2026-01-01T00:00:00Z,wholesaler:431001:01,utility:431001,2400.0,utility_payment,upi,431001,0.0,True
tx-202601-00003384,2026-01-01T00:00:00Z,farmer:440001:001,retailer:440001:04,2074.45,kirana_purchase,upi,440001,0.0,True
tx-202601-00003385,2026-01-01T00:00:00Z,farmer:440001:001,utility:440001,505.0,utility_payment,upi,440001,0.0,True
tx-202601-00003386,2026-01-01T00:00:00Z,farmer:440001:001,lender:vridhi,1350.0,loan_repayment,upi,440001,0.0,True
tx-202601-00003387,2026-01-01T00:00:00Z,farmer:440001:002,retailer:440001:02,1489.15,kirana_purchase,upi,440001,0.0,True
tx-202601-00003388,2026-01-01T00:00:00Z,farmer:440001:002,utility:440001,505.0,utility_payment,upi,440001,0.0,True
tx-202601-00003389,2026-01-01T00:00:00Z,farmer:440001:002,lender:vridhi,1350.0,loan_repayment,upi,440001,0.0,True
tx-202601-00003390,2026-01-01T00:00:00Z,farmer:440001:003,retailer:440001:01,2800.38,kirana_purchase,upi,440001,0.0,True
tx-202601-00003391,2026-01-01T00:00:00Z,farmer:440001:003,utility:440001,630.0,utility_payment,upi,440001,0.0,True
tx-202601-00003392,2026-01-01T00:00:00Z,farmer:440001:003,lender:vridhi,1350.0,loan_repayment,upi,440001,0.0,True
tx-202601-00003393,2026-01-01T00:00:00Z,farmer:440001:004,retailer:440001:04,1957.22,kirana_purchase,upi,440001,0.0,True
tx-202601-00003394,2026-01-01T00:00:00Z,farmer:440001:004,utility:440001,505.0,utility_payment,upi,440001,0.0,True
tx-202601-00003395,2026-01-01T00:00:00Z,farmer:440001:004,lender:vridhi,1350.0,loan_repayment,upi,440001,0.0,True
tx-202601-00003396,2026-01-01T00:00:00Z,farmer:440001:005,utility:440001,630.0,utility_payment,upi,440001,0.0,True
tx-202601-00003397,2026-01-01T00:00:00Z,farmer:440001:005,lender:vridhi,1350.0,loan_repayment,upi,440001,0.0,True
tx-202601-00003398,2026-01-01T00:00:00Z,farmer:440001:006,utility:440001,630.0,utility_payment,upi,440001,0.0,True
tx-202601-00003399,2026-01-01T00:00:00Z,farmer:440001:006,lender:vridhi,1350.0,loan_repayment,upi,440001,0.0,True
tx-202601-00003400,2026-01-01T00:00:00Z,farmer:440001:007,retailer:440001:01,2730.96,kirana_purchase,upi,440001,0.0,True
tx-202601-00003401,2026-01-01T00:00:00Z,farmer:440001:007,utility:440001,505.0,utility_payment,upi,440001,0.0,True
tx-202601-00003402,2026-01-01T00:00:00Z,farmer:440001:007,lender:vridhi,1350.0,loan_repayment,upi,440001,0.0,True
tx-202601-00003403,2026-01-01T00:00:00Z,farmer:440001:008,retailer:440001:02,1459.05,kirana_purchase,upi,440001,0.0,True
tx-202601-00003404,2026-01-01T00:00:00Z,farmer:440001:008,utility:440001,505.0,utility_payment,upi,440001,0.0,True
tx-202601-00003405,2026-01-01T00:00:00Z,farmer:440001:008,lender:vridhi,1350.0,loan_repayment,upi,440001,0.0,True
tx-202601-00003406,2026-01-01T00:00:00Z,farmer:440001:009,retailer:440001:02,2559.49,kirana_purchase,upi,440001,0.0,True
tx-202601-00003407,2026-01-01T00:00:00Z,farmer:440001:009,utility:440001,505.0,utility_payment,upi,440001,0.0,True
tx-202601-00003408,2026-01-01T00:00:00Z,farmer:440001:009,lender:vridhi,1350.0,loan_repayment,upi,440001,0.0,True
tx-202601-00003409,2026-01-01T00:00:00Z,farmer:440001:010,retailer:440001:01,3115.88,kirana_purchase,upi,440001,0.0,True
tx-202601-00003410,2026-01-01T00:00:00Z,farmer:440001:010,utility:440001,505.0,utility_payment,upi,440001,0.0,True
tx-202601-00003411,2026-01-01T00:00:00Z,farmer:440001:010,lender:vridhi,1350.0,loan_repayment,upi,440001,0.0,True
tx-202601-00003412,2026-01-01T00:00:00Z,farmer:440001:011,retailer:440001:04,3111.08,kirana_purchase,upi,440001,0.0,True
tx-202601-00003413,2026-01-01T00:00:00Z,farmer:440001:011,utility:440001,505.0,utility_payment,upi,440001,0.0,True
tx-202601-00003414,2026-01-01T00:00:00Z,farmer:440001:011,lender:vridhi,1350.0,loan_repayment,upi,440001,0.0,True
tx-202601-00003415,2026-01-01T00:00:00Z,farmer:440001:012,retailer:440001:03,2570.57,kirana_purchase,upi,440001,0.0,True
tx-202601-00003416,2026-01-01T00:00:00Z,farmer:440001:012,utility:440001,630.0,utility_payment,upi,440001,0.0,True
tx-202601-00003417,2026-01-01T00:00:00Z,farmer:440001:012,lender:vridhi,1350.0,loan_repayment,upi,440001,0.0,True
tx-202601-00003418,2026-01-01T00:00:00Z,farmer:440001:013,retailer:440001:03,2480.49,kirana_purchase,upi,440001,0.0,True
tx-202601-00003419,2026-01-01T00:00:00Z,farmer:440001:013,utility:440001,505.0,utility_payment,upi,440001,0.0,True
tx-202601-00003420,2026-01-01T00:00:00Z,farmer:440001:013,lender:vridhi,1350.0,loan_repayment,upi,440001,0.0,True
tx-202601-00003421,2026-01-01T00:00:00Z,farmer:440001:014,retailer:440001:01,1853.07,kirana_purchase,upi,440001,0.0,True
tx-202601-00003422,2026-01-01T00:00:00Z,farmer:440001:014,utility:440001,505.0,utility_payment,upi,440001,0.0,True
tx-202601-00003423,2026-01-01T00:00:00Z,farmer:440001:015,retailer:440001:02,2473.65,kirana_purchase,upi,440001,0.0,True
tx-202601-00003424,2026-01-01T00:00:00Z,farmer:440001:015,utility:440001,505.0,utility_payment,upi,440001,0.0,True
tx-202601-00003425,2026-01-01T00:00:00Z,farmer:440001:015,lender:vridhi,1350.0,loan_repayment,upi,440001,0.0,True
tx-202601-00003426,2026-01-01T00:00:00Z,farmer:440001:017,retailer:440001:03,1893.15,kirana_purchase,upi,440001,0.0,True
tx-202601-00003427,2026-01-01T00:00:00Z,farmer:440001:017,utility:440001,505.0,utility_payment,upi,440001,0.0,True
tx-202601-00003428,2026-01-01T00:00:00Z,farmer:440001:017,lender:vridhi,1350.0,loan_repayment,upi,440001,0.0,True
tx-202601-00003429,2026-01-01T00:00:00Z,farmer:440001:018,utility:440001,630.0,utility_payment,upi,440001,0.0,True
tx-202601-00003430,2026-01-01T00:00:00Z,farmer:440001:018,lender:vridhi,730.25,loan_repayment,upi,440001,0.0,True
tx-202601-00003431,2026-01-01T00:00:00Z,farmer:440001:019,utility:440001,630.0,utility_payment,upi,440001,0.0,True
tx-202601-00003432,2026-01-01T00:00:00Z,farmer:440001:019,lender:vridhi,1350.0,loan_repayment,upi,440001,0.0,True
tx-202601-00003433,2026-01-01T00:00:00Z,farmer:440001:020,retailer:440001:02,2163.47,kirana_purchase,upi,440001,0.0,True
tx-202601-00003434,2026-01-01T00:00:00Z,farmer:440001:020,lender:vridhi,1350.0,loan_repayment,upi,440001,0.0,True
tx-202601-00003435,2026-01-01T00:00:00Z,farmer:440001:021,retailer:440001:01,3088.83,kirana_purchase,upi,440001,0.0,True
tx-202601-00003436,2026-01-01T00:00:00Z,farmer:440001:021,utility:440001,630.0,utility_payment,upi,440001,0.0,True
tx-202601-00003437,2026-01-01T00:00:00Z,farmer:440001:021,lender:vridhi,1350.0,loan_repayment,upi,440001,0.0,True
tx-202601-00003438,2026-01-01T00:00:00Z,farmer:440001:023,retailer:440001:01,2066.79,kirana_purchase,upi,440001,0.0,True
tx-202601-00003439,2026-01-01T00:00:00Z,farmer:440001:023,utility:440001,505.0,utility_payment,upi,440001,0.0,True
tx-202601-00003440,2026-01-01T00:00:00Z,farmer:440001:024,retailer:440001:02,1915.2,kirana_purchase,upi,440001,0.0,True
tx-202601-00003441,2026-01-01T00:00:00Z,farmer:440001:024,lender:vridhi,1350.0,loan_repayment,upi,440001,0.0,True
tx-202601-00003442,2026-01-01T00:00:00Z,farmer:440001:025,retailer:440001:01,2780.65,kirana_purchase,upi,440001,0.0,True
tx-202601-00003443,2026-01-01T00:00:00Z,farmer:440001:025,utility:440001,630.0,utility_payment,upi,440001,0.0,True
tx-202601-00003444,2026-01-01T00:00:00Z,farmer:440001:026,retailer:440001:04,1612.42,kirana_purchase,upi,440001,0.0,True
tx-202601-00003445,2026-01-01T00:00:00Z,farmer:440001:026,utility:440001,630.0,utility_payment,upi,440001,0.0,True
tx-202601-00003446,2026-01-01T00:00:00Z,farmer:440001:026,lender:vridhi,1350.0,loan_repayment,upi,440001,0.0,True
tx-202601-00003447,2026-01-01T00:00:00Z,farmer:440001:027,utility:440001,503.35,utility_payment,upi,440001,0.0,True
tx-202601-00003448,2026-01-01T00:00:00Z,farmer:440001:028,utility:440001,630.0,utility_payment,upi,440001,0.0,True
tx-202601-00003449,2026-01-01T00:00:00Z,farmer:440001:028,lender:vridhi,1350.0,loan_repayment,upi,440001,0.0,True
tx-202601-00003450,2026-01-01T00:00:00Z,farmer:440001:029,retailer:440001:04,2260.67,kirana_purchase,upi,440001,0.0,True
tx-202601-00003451,2026-01-01T00:00:00Z,farmer:440001:029,utility:440001,630.0,utility_payment,upi,440001,0.0,True
tx-202601-00003452,2026-01-01T00:00:00Z,farmer:440001:029,lender:vridhi,1350.0,loan_repayment,upi,440001,0.0,True
tx-202601-00003453,2026-01-01T00:00:00Z,farmer:440001:030,retailer:440001:02,2567.86,kirana_purchase,upi,440001,0.0,True
tx-202601-00003454,2026-01-01T00:00:00Z,farmer:440001:030,utility:440001,505.0,utility_payment,upi,440001,0.0,True
tx-202601-00003455,2026-01-01T00:00:00Z,farmer:440001:030,lender:vridhi,1350.0,loan_repayment,upi,440001,0.0,True
tx-202601-00003456,2026-01-01T00:00:00Z,farmer:440001:031,retailer:440001:03,2652.75,kirana_purchase,upi,440001,0.0,True
tx-202601-00003457,2026-01-01T00:00:00Z,farmer:440001:031,utility:440001,630.0,utility_payment,upi,440001,0.0,True
tx-202601-00003458,2026-01-01T00:00:00Z,farmer:440001:031,lender:vridhi,1350.0,loan_repayment,upi,440001,0.0,True
tx-202601-00003459,2026-01-01T00:00:00Z,farmer:440001:033,retailer:440001:03,2807.4,kirana_purchase,upi,440001,0.0,True
tx-202601-00003460,2026-01-01T00:00:00Z,farmer:440001:033,utility:440001,505.0,utility_payment,upi,440001,0.0,True
tx-202601-00003461,2026-01-01T00:00:00Z,farmer:440001:033,lender:vridhi,1350.0,loan_repayment,upi,440001,0.0,True
tx-202601-00003462,2026-01-01T00:00:00Z,farmer:440001:034,lender:vridhi,1350.0,loan_repayment,upi,440001,0.0,True
tx-202601-00003463,2026-01-01T00:00:00Z,farmer:440001:035,retailer:440001:03,2886.92,kirana_purchase,upi,440001,0.0,True
tx-202601-00003464,2026-01-01T00:00:00Z,farmer:440001:035,utility:440001,505.0,utility_payment,upi,440001,0.0,True
tx-202601-00003465,2026-01-01T00:00:00Z,farmer:440001:035,lender:vridhi,1350.0,loan_repayment,upi,440001,0.0,True
tx-202601-00003466,2026-01-01T00:00:00Z,retailer:440001:01,wholesaler:440001:01,9563.54,retailer_restock,upi,440001,0.0,True
tx-202601-00003467,2026-01-01T00:00:00Z,retailer:440001:01,utility:440001,1050.0,utility_payment,upi,440001,0.0,True
tx-202601-00003468,2026-01-01T00:00:00Z,retailer:440001:03,utility:440001,1050.0,utility_payment,upi,440001,0.0,True
tx-202601-00003469,2026-01-01T00:00:00Z,retailer:440001:04,wholesaler:440001:01,9838.52,retailer_restock,upi,440001,0.0,True
tx-202601-00003470,2026-01-01T00:00:00Z,retailer:440001:04,utility:440001,1050.0,utility_payment,upi,440001,0.0,True
tx-202601-00003471,2026-01-01T00:00:00Z,wholesaler:440001:01,utility:440001,2400.0,utility_payment,upi,440001,0.0,True
tx-202602-00003472,2026-02-01T00:00:00Z,farmer:413001:002,lender:vridhi,1350.0,loan_repayment,upi,413001,0.0,True
tx-202602-00003473,2026-02-01T00:00:00Z,farmer:413001:004,utility:413001,505.0,utility_payment,upi,413001,0.0,True
tx-202602-00003474,2026-02-01T00:00:00Z,farmer:413001:005,retailer:413001:02,1747.18,kirana_purchase,upi,413001,0.0,True
tx-202602-00003475,2026-02-01T00:00:00Z,farmer:413001:005,utility:413001,505.0,utility_payment,upi,413001,0.0,True
tx-202602-00003476,2026-02-01T00:00:00Z,farmer:413001:005,lender:vridhi,1350.0,loan_repayment,upi,413001,0.0,True
tx-202602-00003477,2026-02-01T00:00:00Z,farmer:413001:006,retailer:413001:01,2168.63,kirana_purchase,upi,413001,0.0,True
tx-202602-00003478,2026-02-01T00:00:00Z,farmer:413001:006,utility:413001,630.0,utility_payment,upi,413001,0.0,True
tx-202602-00003479,2026-02-01T00:00:00Z,farmer:413001:006,lender:vridhi,1350.0,loan_repayment,upi,413001,0.0,True
tx-202602-00003480,2026-02-01T00:00:00Z,farmer:413001:009,retailer:413001:03,924.7,kirana_purchase,upi,413001,0.0,True
tx-202602-00003481,2026-02-01T00:00:00Z,farmer:413001:010,retailer:413001:04,1819.69,kirana_purchase,upi,413001,0.0,True
tx-202602-00003482,2026-02-01T00:00:00Z,farmer:413001:010,lender:vridhi,1350.0,loan_repayment,upi,413001,0.0,True
tx-202602-00003483,2026-02-01T00:00:00Z,farmer:413001:011,lender:vridhi,1350.0,loan_repayment,upi,413001,0.0,True
tx-202602-00003484,2026-02-01T00:00:00Z,farmer:413001:012,retailer:413001:01,2496.4,kirana_purchase,upi,413001,0.0,True
tx-202602-00003485,2026-02-01T00:00:00Z,farmer:413001:012,utility:413001,630.0,utility_payment,upi,413001,0.0,True
tx-202602-00003486,2026-02-01T00:00:00Z,farmer:413001:012,lender:vridhi,1350.0,loan_repayment,upi,413001,0.0,True
tx-202602-00003487,2026-02-01T00:00:00Z,farmer:413001:013,retailer:413001:02,2133.52,kirana_purchase,upi,413001,0.0,True
tx-202602-00003488,2026-02-01T00:00:00Z,farmer:413001:013,utility:413001,630.0,utility_payment,upi,413001,0.0,True
tx-202602-00003489,2026-02-01T00:00:00Z,farmer:413001:013,lender:vridhi,1350.0,loan_repayment,upi,413001,0.0,True
tx-202602-00003490,2026-02-01T00:00:00Z,farmer:413001:014,utility:413001,630.0,utility_payment,upi,413001,0.0,True
tx-202602-00003491,2026-02-01T00:00:00Z,farmer:413001:014,lender:vridhi,1350.0,loan_repayment,upi,413001,0.0,True
tx-202602-00003492,2026-02-01T00:00:00Z,farmer:413001:017,retailer:413001:03,2178.18,kirana_purchase,upi,413001,0.0,True
tx-202602-00003493,2026-02-01T00:00:00Z,farmer:413001:017,lender:vridhi,1350.0,loan_repayment,upi,413001,0.0,True
tx-202602-00003494,2026-02-01T00:00:00Z,farmer:413001:018,retailer:413001:04,2565.68,kirana_purchase,upi,413001,0.0,True
tx-202602-00003495,2026-02-01T00:00:00Z,farmer:413001:018,utility:413001,505.0,utility_payment,upi,413001,0.0,True
tx-202602-00003496,2026-02-01T00:00:00Z,farmer:413001:018,lender:vridhi,1350.0,loan_repayment,upi,413001,0.0,True
tx-202602-00003497,2026-02-01T00:00:00Z,farmer:413001:019,utility:413001,630.0,utility_payment,upi,413001,0.0,True
tx-202602-00003498,2026-02-01T00:00:00Z,farmer:413001:019,lender:vridhi,1350.0,loan_repayment,upi,413001,0.0,True
tx-202602-00003499,2026-02-01T00:00:00Z,farmer:413001:021,utility:413001,630.0,utility_payment,upi,413001,0.0,True
tx-202602-00003500,2026-02-01T00:00:00Z,farmer:413001:021,lender:vridhi,1350.0,loan_repayment,upi,413001,0.0,True
tx-202602-00003501,2026-02-01T00:00:00Z,farmer:413001:022,utility:413001,630.0,utility_payment,upi,413001,0.0,True
tx-202602-00003502,2026-02-01T00:00:00Z,farmer:413001:022,lender:vridhi,1350.0,loan_repayment,upi,413001,0.0,True
tx-202602-00003503,2026-02-01T00:00:00Z,farmer:413001:024,lender:vridhi,1350.0,loan_repayment,upi,413001,0.0,True
tx-202602-00003504,2026-02-01T00:00:00Z,farmer:413001:025,lender:vridhi,1350.0,loan_repayment,upi,413001,0.0,True
tx-202602-00003505,2026-02-01T00:00:00Z,farmer:413001:026,utility:413001,505.0,utility_payment,upi,413001,0.0,True
tx-202602-00003506,2026-02-01T00:00:00Z,farmer:413001:026,lender:vridhi,1350.0,loan_repayment,upi,413001,0.0,True
tx-202602-00003507,2026-02-01T00:00:00Z,farmer:413001:027,retailer:413001:03,2180.43,kirana_purchase,upi,413001,0.0,True
tx-202602-00003508,2026-02-01T00:00:00Z,farmer:413001:027,utility:413001,505.0,utility_payment,upi,413001,0.0,True
tx-202602-00003509,2026-02-01T00:00:00Z,farmer:413001:027,lender:vridhi,1350.0,loan_repayment,upi,413001,0.0,True
tx-202602-00003510,2026-02-01T00:00:00Z,farmer:413001:028,utility:413001,505.0,utility_payment,upi,413001,0.0,True
tx-202602-00003511,2026-02-01T00:00:00Z,farmer:413001:028,lender:vridhi,1350.0,loan_repayment,upi,413001,0.0,True
tx-202602-00003512,2026-02-01T00:00:00Z,farmer:413001:031,lender:vridhi,1350.0,loan_repayment,upi,413001,0.0,True
tx-202602-00003513,2026-02-01T00:00:00Z,farmer:413001:033,retailer:413001:02,1839.95,kirana_purchase,upi,413001,0.0,True
tx-202602-00003514,2026-02-01T00:00:00Z,farmer:413001:033,utility:413001,630.0,utility_payment,upi,413001,0.0,True
tx-202602-00003515,2026-02-01T00:00:00Z,farmer:413001:035,retailer:413001:02,1604.59,kirana_purchase,upi,413001,0.0,True
tx-202602-00003516,2026-02-01T00:00:00Z,farmer:413001:035,utility:413001,630.0,utility_payment,upi,413001,0.0,True
tx-202602-00003517,2026-02-01T00:00:00Z,farmer:413001:035,lender:vridhi,1350.0,loan_repayment,upi,413001,0.0,True
tx-202602-00003518,2026-02-01T00:00:00Z,retailer:413001:01,wholesaler:413001:01,7675.65,retailer_restock,upi,413001,0.0,True
tx-202602-00003519,2026-02-01T00:00:00Z,retailer:413001:01,utility:413001,1050.0,utility_payment,upi,413001,0.0,True
tx-202602-00003520,2026-02-01T00:00:00Z,retailer:413001:02,wholesaler:413001:01,11447.44,retailer_restock,upi,413001,0.0,True
tx-202602-00003521,2026-02-01T00:00:00Z,retailer:413001:02,utility:413001,1050.0,utility_payment,upi,413001,0.0,True
tx-202602-00003522,2026-02-01T00:00:00Z,retailer:413001:03,wholesaler:413001:01,5529.72,retailer_restock,upi,413001,0.0,True
tx-202602-00003523,2026-02-01T00:00:00Z,retailer:413001:03,utility:413001,1050.0,utility_payment,upi,413001,0.0,True
tx-202602-00003524,2026-02-01T00:00:00Z,retailer:413001:04,wholesaler:413001:01,7778.87,retailer_restock,upi,413001,0.0,True
tx-202602-00003525,2026-02-01T00:00:00Z,retailer:413001:04,utility:413001,1050.0,utility_payment,upi,413001,0.0,True
tx-202602-00003526,2026-02-01T00:00:00Z,wholesaler:413001:01,utility:413001,2400.0,utility_payment,upi,413001,0.0,True
tx-202602-00003527,2026-02-01T00:00:00Z,farmer:431001:002,retailer:431001:03,1810.36,kirana_purchase,upi,431001,0.0,True
tx-202602-00003528,2026-02-01T00:00:00Z,farmer:431001:002,lender:vridhi,1350.0,loan_repayment,upi,431001,0.0,True
tx-202602-00003529,2026-02-01T00:00:00Z,farmer:431001:003,retailer:431001:02,1878.85,kirana_purchase,upi,431001,0.0,True
tx-202602-00003530,2026-02-01T00:00:00Z,farmer:431001:003,utility:431001,505.0,utility_payment,upi,431001,0.0,True
tx-202602-00003531,2026-02-01T00:00:00Z,farmer:431001:003,lender:vridhi,1350.0,loan_repayment,upi,431001,0.0,True
tx-202602-00003532,2026-02-01T00:00:00Z,farmer:431001:004,utility:431001,630.0,utility_payment,upi,431001,0.0,True
tx-202602-00003533,2026-02-01T00:00:00Z,farmer:431001:004,lender:vridhi,1350.0,loan_repayment,upi,431001,0.0,True
tx-202602-00003534,2026-02-01T00:00:00Z,farmer:431001:005,retailer:431001:03,2712.98,kirana_purchase,upi,431001,0.0,True
tx-202602-00003535,2026-02-01T00:00:00Z,farmer:431001:005,utility:431001,630.0,utility_payment,upi,431001,0.0,True
tx-202602-00003536,2026-02-01T00:00:00Z,farmer:431001:005,lender:vridhi,1350.0,loan_repayment,upi,431001,0.0,True
tx-202602-00003537,2026-02-01T00:00:00Z,farmer:431001:006,retailer:431001:03,1807.06,kirana_purchase,upi,431001,0.0,True
tx-202602-00003538,2026-02-01T00:00:00Z,farmer:431001:006,lender:vridhi,1350.0,loan_repayment,upi,431001,0.0,True
tx-202602-00003539,2026-02-01T00:00:00Z,farmer:431001:008,retailer:431001:02,1777.98,kirana_purchase,upi,431001,0.0,True
tx-202602-00003540,2026-02-01T00:00:00Z,farmer:431001:008,utility:431001,505.0,utility_payment,upi,431001,0.0,True
tx-202602-00003541,2026-02-01T00:00:00Z,farmer:431001:010,retailer:431001:04,3132.4,kirana_purchase,upi,431001,0.0,True
tx-202602-00003542,2026-02-01T00:00:00Z,farmer:431001:010,lender:vridhi,1350.0,loan_repayment,upi,431001,0.0,True
tx-202602-00003543,2026-02-01T00:00:00Z,farmer:431001:011,lender:vridhi,1350.0,loan_repayment,upi,431001,0.0,True
tx-202602-00003544,2026-02-01T00:00:00Z,farmer:431001:012,retailer:431001:03,2578.54,kirana_purchase,upi,431001,0.0,True
tx-202602-00003545,2026-02-01T00:00:00Z,farmer:431001:013,retailer:431001:01,2998.44,kirana_purchase,upi,431001,0.0,True
tx-202602-00003546,2026-02-01T00:00:00Z,farmer:431001:013,utility:431001,630.0,utility_payment,upi,431001,0.0,True
tx-202602-00003547,2026-02-01T00:00:00Z,farmer:431001:014,retailer:431001:01,1733.79,kirana_purchase,upi,431001,0.0,True
tx-202602-00003548,2026-02-01T00:00:00Z,farmer:431001:014,lender:vridhi,1350.0,loan_repayment,upi,431001,0.0,True
tx-202602-00003549,2026-02-01T00:00:00Z,farmer:431001:016,retailer:431001:02,2709.22,kirana_purchase,upi,431001,0.0,True
tx-202602-00003550,2026-02-01T00:00:00Z,farmer:431001:016,utility:431001,630.0,utility_payment,upi,431001,0.0,True
tx-202602-00003551,2026-02-01T00:00:00Z,farmer:431001:018,retailer:431001:04,2406.25,kirana_purchase,upi,431001,0.0,True
tx-202602-00003552,2026-02-01T00:00:00Z,farmer:431001:018,utility:431001,505.0,utility_payment,upi,431001,0.0,True
tx-202602-00003553,2026-02-01T00:00:00Z,farmer:431001:018,lender:vridhi,1350.0,loan_repayment,upi,431001,0.0,True
tx-202602-00003554,2026-02-01T00:00:00Z,farmer:431001:019,retailer:431001:01,7.12,kirana_purchase,upi,431001,0.0,True
tx-202602-00003555,2026-02-01T00:00:00Z,farmer:431001:020,utility:431001,505.0,utility_payment,upi,431001,0.0,True
tx-202602-00003556,2026-02-01T00:00:00Z,farmer:431001:020,lender:vridhi,1350.0,loan_repayment,upi,431001,0.0,True
tx-202602-00003557,2026-02-01T00:00:00Z,farmer:431001:021,retailer:431001:03,1965.8,kirana_purchase,upi,431001,0.0,True
tx-202602-00003558,2026-02-01T00:00:00Z,farmer:431001:021,lender:vridhi,1350.0,loan_repayment,upi,431001,0.0,True
tx-202602-00003559,2026-02-01T00:00:00Z,farmer:431001:022,retailer:431001:02,1830.68,kirana_purchase,upi,431001,0.0,True
tx-202602-00003560,2026-02-01T00:00:00Z,farmer:431001:022,utility:431001,505.0,utility_payment,upi,431001,0.0,True
tx-202602-00003561,2026-02-01T00:00:00Z,farmer:431001:022,lender:vridhi,1350.0,loan_repayment,upi,431001,0.0,True
tx-202602-00003562,2026-02-01T00:00:00Z,farmer:431001:023,retailer:431001:03,3026.32,kirana_purchase,upi,431001,0.0,True
tx-202602-00003563,2026-02-01T00:00:00Z,farmer:431001:023,lender:vridhi,1350.0,loan_repayment,upi,431001,0.0,True
tx-202602-00003564,2026-02-01T00:00:00Z,farmer:431001:025,retailer:431001:02,2358.81,kirana_purchase,upi,431001,0.0,True
tx-202602-00003565,2026-02-01T00:00:00Z,farmer:431001:025,utility:431001,505.0,utility_payment,upi,431001,0.0,True
tx-202602-00003566,2026-02-01T00:00:00Z,farmer:431001:025,lender:vridhi,1350.0,loan_repayment,upi,431001,0.0,True
tx-202602-00003567,2026-02-01T00:00:00Z,farmer:431001:026,lender:vridhi,1350.0,loan_repayment,upi,431001,0.0,True
tx-202602-00003568,2026-02-01T00:00:00Z,farmer:431001:027,retailer:431001:02,2144.18,kirana_purchase,upi,431001,0.0,True
tx-202602-00003569,2026-02-01T00:00:00Z,farmer:431001:027,utility:431001,505.0,utility_payment,upi,431001,0.0,True
tx-202602-00003570,2026-02-01T00:00:00Z,farmer:431001:027,lender:vridhi,1350.0,loan_repayment,upi,431001,0.0,True
tx-202602-00003571,2026-02-01T00:00:00Z,farmer:431001:029,retailer:431001:02,2691.81,kirana_purchase,upi,431001,0.0,True
tx-202602-00003572,2026-02-01T00:00:00Z,farmer:431001:029,utility:431001,505.0,utility_payment,upi,431001,0.0,True
tx-202602-00003573,2026-02-01T00:00:00Z,farmer:431001:029,lender:vridhi,1350.0,loan_repayment,upi,431001,0.0,True
tx-202602-00003574,2026-02-01T00:00:00Z,farmer:431001:030,lender:vridhi,1350.0,loan_repayment,upi,431001,0.0,True
tx-202602-00003575,2026-02-01T00:00:00Z,farmer:431001:031,retailer:431001:02,2838.64,kirana_purchase,upi,431001,0.0,True
tx-202602-00003576,2026-02-01T00:00:00Z,farmer:431001:031,utility:431001,630.0,utility_payment,upi,431001,0.0,True
tx-202602-00003577,2026-02-01T00:00:00Z,farmer:431001:031,lender:vridhi,1350.0,loan_repayment,upi,431001,0.0,True
tx-202602-00003578,2026-02-01T00:00:00Z,farmer:431001:032,retailer:431001:04,1714.59,kirana_purchase,upi,431001,0.0,True
tx-202602-00003579,2026-02-01T00:00:00Z,farmer:431001:032,lender:vridhi,1350.0,loan_repayment,upi,431001,0.0,True
tx-202602-00003580,2026-02-01T00:00:00Z,farmer:431001:033,retailer:431001:04,1609.27,kirana_purchase,upi,431001,0.0,True
tx-202602-00003581,2026-02-01T00:00:00Z,farmer:431001:033,utility:431001,630.0,utility_payment,upi,431001,0.0,True
tx-202602-00003582,2026-02-01T00:00:00Z,farmer:431001:035,retailer:431001:02,2550.86,kirana_purchase,upi,431001,0.0,True
tx-202602-00003583,2026-02-01T00:00:00Z,farmer:431001:035,utility:431001,505.0,utility_payment,upi,431001,0.0,True
tx-202602-00003584,2026-02-01T00:00:00Z,farmer:431001:035,lender:vridhi,1350.0,loan_repayment,upi,431001,0.0,True
tx-202602-00003585,2026-02-01T00:00:00Z,retailer:431001:01,wholesaler:431001:01,7509.49,retailer_restock,upi,431001,0.0,True
tx-202602-00003586,2026-02-01T00:00:00Z,retailer:431001:01,utility:431001,1050.0,utility_payment,upi,431001,0.0,True
tx-202602-00003587,2026-02-01T00:00:00Z,retailer:431001:02,wholesaler:431001:01,13044.71,retailer_restock,upi,431001,0.0,True
tx-202602-00003588,2026-02-01T00:00:00Z,retailer:431001:03,wholesaler:431001:01,11037.78,retailer_restock,upi,431001,0.0,True
tx-202602-00003589,2026-02-01T00:00:00Z,retailer:431001:03,utility:431001,1050.0,utility_payment,upi,431001,0.0,True
tx-202602-00003590,2026-02-01T00:00:00Z,retailer:431001:04,utility:431001,1050.0,utility_payment,upi,431001,0.0,True
tx-202602-00003591,2026-02-01T00:00:00Z,wholesaler:431001:01,utility:431001,2400.0,utility_payment,upi,431001,0.0,True
tx-202602-00003592,2026-02-01T00:00:00Z,farmer:440001:001,utility:440001,505.0,utility_payment,upi,440001,0.0,True
tx-202602-00003593,2026-02-01T00:00:00Z,farmer:440001:001,lender:vridhi,1350.0,loan_repayment,upi,440001,0.0,True
tx-202602-00003594,2026-02-01T00:00:00Z,farmer:440001:002,retailer:440001:02,2759.2,kirana_purchase,upi,440001,0.0,True
tx-202602-00003595,2026-02-01T00:00:00Z,farmer:440001:002,lender:vridhi,1350.0,loan_repayment,upi,440001,0.0,True
tx-202602-00003596,2026-02-01T00:00:00Z,farmer:440001:003,retailer:440001:01,3077.95,kirana_purchase,upi,440001,0.0,True
tx-202602-00003597,2026-02-01T00:00:00Z,farmer:440001:003,lender:vridhi,1350.0,loan_repayment,upi,440001,0.0,True
tx-202602-00003598,2026-02-01T00:00:00Z,farmer:440001:004,retailer:440001:01,1793.95,kirana_purchase,upi,440001,0.0,True
tx-202602-00003599,2026-02-01T00:00:00Z,farmer:440001:004,utility:440001,505.0,utility_payment,upi,440001,0.0,True
tx-202602-00003600,2026-02-01T00:00:00Z,farmer:440001:004,lender:vridhi,1350.0,loan_repayment,upi,440001,0.0,True
tx-202602-00003601,2026-02-01T00:00:00Z,farmer:440001:005,retailer:440001:02,1972.55,kirana_purchase,upi,440001,0.0,True
tx-202602-00003602,2026-02-01T00:00:00Z,farmer:440001:005,utility:440001,630.0,utility_payment,upi,440001,0.0,True
tx-202602-00003603,2026-02-01T00:00:00Z,farmer:440001:005,lender:vridhi,1350.0,loan_repayment,upi,440001,0.0,True
tx-202602-00003604,2026-02-01T00:00:00Z,farmer:440001:006,retailer:440001:03,2516.73,kirana_purchase,upi,440001,0.0,True
tx-202602-00003605,2026-02-01T00:00:00Z,farmer:440001:006,lender:vridhi,1350.0,loan_repayment,upi,440001,0.0,True
tx-202602-00003606,2026-02-01T00:00:00Z,farmer:440001:007,utility:440001,505.0,utility_payment,upi,440001,0.0,True
tx-202602-00003607,2026-02-01T00:00:00Z,farmer:440001:007,lender:vridhi,1350.0,loan_repayment,upi,440001,0.0,True
tx-202602-00003608,2026-02-01T00:00:00Z,farmer:440001:008,retailer:440001:02,1490.8,kirana_purchase,upi,440001,0.0,True
tx-202602-00003609,2026-02-01T00:00:00Z,farmer:440001:008,utility:440001,505.0,utility_payment,upi,440001,0.0,True
tx-202602-00003610,2026-02-01T00:00:00Z,farmer:440001:008,lender:vridhi,1350.0,loan_repayment,upi,440001,0.0,True
tx-202602-00003611,2026-02-01T00:00:00Z,farmer:440001:009,utility:440001,505.0,utility_payment,upi,440001,0.0,True
tx-202602-00003612,2026-02-01T00:00:00Z,farmer:440001:009,lender:vridhi,1350.0,loan_repayment,upi,440001,0.0,True
tx-202602-00003613,2026-02-01T00:00:00Z,farmer:440001:010,utility:440001,505.0,utility_payment,upi,440001,0.0,True
tx-202602-00003614,2026-02-01T00:00:00Z,farmer:440001:011,retailer:440001:03,2057.42,kirana_purchase,upi,440001,0.0,True
tx-202602-00003615,2026-02-01T00:00:00Z,farmer:440001:011,utility:440001,505.0,utility_payment,upi,440001,0.0,True
tx-202602-00003616,2026-02-01T00:00:00Z,farmer:440001:012,retailer:440001:01,2972.5,kirana_purchase,upi,440001,0.0,True
tx-202602-00003617,2026-02-01T00:00:00Z,farmer:440001:012,utility:440001,630.0,utility_payment,upi,440001,0.0,True
tx-202602-00003618,2026-02-01T00:00:00Z,farmer:440001:012,lender:vridhi,1350.0,loan_repayment,upi,440001,0.0,True
tx-202602-00003619,2026-02-01T00:00:00Z,farmer:440001:013,retailer:440001:02,2605.04,kirana_purchase,upi,440001,0.0,True
tx-202602-00003620,2026-02-01T00:00:00Z,farmer:440001:013,utility:440001,505.0,utility_payment,upi,440001,0.0,True
tx-202602-00003621,2026-02-01T00:00:00Z,farmer:440001:013,lender:vridhi,1350.0,loan_repayment,upi,440001,0.0,True
tx-202602-00003622,2026-02-01T00:00:00Z,farmer:440001:014,retailer:440001:03,2042.26,kirana_purchase,upi,440001,0.0,True
tx-202602-00003623,2026-02-01T00:00:00Z,farmer:440001:014,lender:vridhi,1350.0,loan_repayment,upi,440001,0.0,True
tx-202602-00003624,2026-02-01T00:00:00Z,farmer:440001:015,utility:440001,505.0,utility_payment,upi,440001,0.0,True
tx-202602-00003625,2026-02-01T00:00:00Z,farmer:440001:015,lender:vridhi,1350.0,loan_repayment,upi,440001,0.0,True
tx-202602-00003626,2026-02-01T00:00:00Z,farmer:440001:017,retailer:440001:02,1994.44,kirana_purchase,upi,440001,0.0,True
tx-202602-00003627,2026-02-01T00:00:00Z,farmer:440001:017,lender:vridhi,1350.0,loan_repayment,upi,440001,0.0,True
tx-202602-00003628,2026-02-01T00:00:00Z,farmer:440001:019,utility:440001,630.0,utility_payment,upi,440001,0.0,True
tx-202602-00003629,2026-02-01T00:00:00Z,farmer:440001:019,lender:vridhi,1350.0,loan_repayment,upi,440001,0.0,True
tx-202602-00003630,2026-02-01T00:00:00Z,farmer:440001:020,retailer:440001:02,1759.18,kirana_purchase,upi,440001,0.0,True
tx-202602-00003631,2026-02-01T00:00:00Z,farmer:440001:020,utility:440001,630.0,utility_payment,upi,440001,0.0,True
tx-202602-00003632,2026-02-01T00:00:00Z,farmer:440001:020,lender:vridhi,1350.0,loan_repayment,upi,440001,0.0,True
tx-202602-00003633,2026-02-01T00:00:00Z,farmer:440001:021,retailer:440001:04,2472.96,kirana_purchase,upi,440001,0.0,True
tx-202602-00003634,2026-02-01T00:00:00Z,farmer:440001:021,utility:440001,630.0,utility_payment,upi,440001,0.0,True
tx-202602-00003635,2026-02-01T00:00:00Z,farmer:440001:023,retailer:440001:04,2365.87,kirana_purchase,upi,440001,0.0,True
tx-202602-00003636,2026-02-01T00:00:00Z,farmer:440001:023,utility:440001,505.0,utility_payment,upi,440001,0.0,True
tx-202602-00003637,2026-02-01T00:00:00Z,farmer:440001:023,lender:vridhi,1350.0,loan_repayment,upi,440001,0.0,True
tx-202602-00003638,2026-02-01T00:00:00Z,farmer:440001:024,retailer:440001:01,2437.64,kirana_purchase,upi,440001,0.0,True
tx-202602-00003639,2026-02-01T00:00:00Z,farmer:440001:024,utility:440001,630.0,utility_payment,upi,440001,0.0,True
tx-202602-00003640,2026-02-01T00:00:00Z,farmer:440001:024,lender:vridhi,1350.0,loan_repayment,upi,440001,0.0,True
tx-202602-00003641,2026-02-01T00:00:00Z,farmer:440001:025,retailer:440001:02,2645.26,kirana_purchase,upi,440001,0.0,True
tx-202602-00003642,2026-02-01T00:00:00Z,farmer:440001:025,utility:440001,630.0,utility_payment,upi,440001,0.0,True
tx-202602-00003643,2026-02-01T00:00:00Z,farmer:440001:026,retailer:440001:01,2066.08,kirana_purchase,upi,440001,0.0,True
tx-202602-00003644,2026-02-01T00:00:00Z,farmer:440001:026,utility:440001,630.0,utility_payment,upi,440001,0.0,True
tx-202602-00003645,2026-02-01T00:00:00Z,farmer:440001:026,lender:vridhi,1350.0,loan_repayment,upi,440001,0.0,True
tx-202602-00003646,2026-02-01T00:00:00Z,farmer:440001:028,retailer:440001:02,1950.99,kirana_purchase,upi,440001,0.0,True
tx-202602-00003647,2026-02-01T00:00:00Z,farmer:440001:029,utility:440001,630.0,utility_payment,upi,440001,0.0,True
tx-202602-00003648,2026-02-01T00:00:00Z,farmer:440001:029,lender:vridhi,1350.0,loan_repayment,upi,440001,0.0,True
tx-202602-00003649,2026-02-01T00:00:00Z,farmer:440001:030,retailer:440001:02,2091.68,kirana_purchase,upi,440001,0.0,True
tx-202602-00003650,2026-02-01T00:00:00Z,farmer:440001:030,lender:vridhi,1350.0,loan_repayment,upi,440001,0.0,True
tx-202602-00003651,2026-02-01T00:00:00Z,farmer:440001:031,retailer:440001:01,2576.67,kirana_purchase,upi,440001,0.0,True
tx-202602-00003652,2026-02-01T00:00:00Z,farmer:440001:033,retailer:440001:02,1584.29,kirana_purchase,upi,440001,0.0,True
tx-202602-00003653,2026-02-01T00:00:00Z,farmer:440001:033,utility:440001,505.0,utility_payment,upi,440001,0.0,True
tx-202602-00003654,2026-02-01T00:00:00Z,farmer:440001:033,lender:vridhi,1350.0,loan_repayment,upi,440001,0.0,True
tx-202602-00003655,2026-02-01T00:00:00Z,farmer:440001:034,retailer:440001:02,2751.21,kirana_purchase,upi,440001,0.0,True
tx-202602-00003656,2026-02-01T00:00:00Z,farmer:440001:034,utility:440001,630.0,utility_payment,upi,440001,0.0,True
tx-202602-00003657,2026-02-01T00:00:00Z,farmer:440001:034,lender:vridhi,1350.0,loan_repayment,upi,440001,0.0,True
tx-202602-00003658,2026-02-01T00:00:00Z,farmer:440001:035,utility:440001,505.0,utility_payment,upi,440001,0.0,True
tx-202602-00003659,2026-02-01T00:00:00Z,farmer:440001:035,lender:vridhi,1350.0,loan_repayment,upi,440001,0.0,True
tx-202602-00003660,2026-02-01T00:00:00Z,retailer:440001:01,wholesaler:440001:01,11308.62,retailer_restock,upi,440001,0.0,True
tx-202602-00003661,2026-02-01T00:00:00Z,retailer:440001:01,utility:440001,1050.0,utility_payment,upi,440001,0.0,True
tx-202602-00003662,2026-02-01T00:00:00Z,retailer:440001:02,wholesaler:440001:01,16731.38,retailer_restock,upi,440001,0.0,True
tx-202602-00003663,2026-02-01T00:00:00Z,retailer:440001:02,utility:440001,1050.0,utility_payment,upi,440001,0.0,True
tx-202602-00003664,2026-02-01T00:00:00Z,retailer:440001:03,wholesaler:440001:01,7086.26,retailer_restock,upi,440001,0.0,True
tx-202602-00003665,2026-02-01T00:00:00Z,retailer:440001:03,utility:440001,1050.0,utility_payment,upi,440001,0.0,True
tx-202602-00003666,2026-02-01T00:00:00Z,retailer:440001:04,wholesaler:440001:01,4621.39,retailer_restock,upi,440001,0.0,True
tx-202602-00003667,2026-02-01T00:00:00Z,retailer:440001:04,utility:440001,1050.0,utility_payment,upi,440001,0.0,True
tx-202602-00003668,2026-02-01T00:00:00Z,wholesaler:440001:01,utility:440001,2400.0,utility_payment,upi,440001,0.0,True
tx-202603-00003669,2026-03-01T00:00:00Z,wholesaler:413001:01,farmer:413001:001,3901.01,crop_sale,upi,413001,0.0,True
tx-202603-00003670,2026-03-01T00:00:00Z,farmer:413001:001,retailer:413001:02,1912.11,kirana_purchase,upi,413001,0.0,True
tx-202603-00003671,2026-03-01T00:00:00Z,farmer:413001:001,utility:413001,630.0,utility_payment,upi,413001,0.0,True
tx-202603-00003672,2026-03-01T00:00:00Z,wholesaler:413001:01,farmer:413001:002,14744.81,crop_sale,upi,413001,0.0,True
tx-202603-00003673,2026-03-01T00:00:00Z,farmer:413001:002,retailer:413001:01,1822.14,kirana_purchase,upi,413001,0.0,True
tx-202603-00003674,2026-03-01T00:00:00Z,farmer:413001:002,lender:vridhi,1350.0,loan_repayment,upi,413001,0.0,True
tx-202603-00003675,2026-03-01T00:00:00Z,farmer:413001:003,retailer:413001:04,2261.61,kirana_purchase,upi,413001,0.0,True
tx-202603-00003676,2026-03-01T00:00:00Z,farmer:413001:003,utility:413001,630.0,utility_payment,upi,413001,0.0,True
tx-202603-00003677,2026-03-01T00:00:00Z,farmer:413001:003,lender:vridhi,1350.0,loan_repayment,upi,413001,0.0,True
tx-202603-00003678,2026-03-01T00:00:00Z,wholesaler:413001:01,farmer:413001:004,5632.61,crop_sale,upi,413001,0.0,True
tx-202603-00003679,2026-03-01T00:00:00Z,farmer:413001:004,retailer:413001:04,1781.04,kirana_purchase,upi,413001,0.0,True
tx-202603-00003680,2026-03-01T00:00:00Z,farmer:413001:004,utility:413001,505.0,utility_payment,upi,413001,0.0,True
tx-202603-00003681,2026-03-01T00:00:00Z,farmer:413001:004,lender:vridhi,1350.0,loan_repayment,upi,413001,0.0,True
tx-202603-00003682,2026-03-01T00:00:00Z,wholesaler:413001:01,farmer:413001:005,6757.83,crop_sale,upi,413001,0.0,True
tx-202603-00003683,2026-03-01T00:00:00Z,farmer:413001:005,retailer:413001:03,1726.69,kirana_purchase,upi,413001,0.0,True
tx-202603-00003684,2026-03-01T00:00:00Z,farmer:413001:005,utility:413001,505.0,utility_payment,upi,413001,0.0,True
tx-202603-00003685,2026-03-01T00:00:00Z,farmer:413001:005,lender:vridhi,1350.0,loan_repayment,upi,413001,0.0,True
tx-202603-00003686,2026-03-01T00:00:00Z,wholesaler:413001:01,farmer:413001:006,7173.17,crop_sale,upi,413001,0.0,True
tx-202603-00003687,2026-03-01T00:00:00Z,farmer:413001:006,retailer:413001:02,2535.26,kirana_purchase,upi,413001,0.0,True
tx-202603-00003688,2026-03-01T00:00:00Z,farmer:413001:006,utility:413001,630.0,utility_payment,upi,413001,0.0,True
tx-202603-00003689,2026-03-01T00:00:00Z,wholesaler:413001:01,farmer:413001:007,3471.87,crop_sale,upi,413001,0.0,True
tx-202603-00003690,2026-03-01T00:00:00Z,farmer:413001:007,retailer:413001:04,1527.66,kirana_purchase,upi,413001,0.0,True
tx-202603-00003691,2026-03-01T00:00:00Z,farmer:413001:007,lender:vridhi,1314.21,loan_repayment,upi,413001,0.0,True
tx-202603-00003692,2026-03-01T00:00:00Z,wholesaler:413001:01,farmer:413001:008,7813.27,crop_sale,upi,413001,0.0,True
tx-202603-00003693,2026-03-01T00:00:00Z,farmer:413001:008,retailer:413001:04,2300.37,kirana_purchase,upi,413001,0.0,True
tx-202603-00003694,2026-03-01T00:00:00Z,farmer:413001:008,utility:413001,630.0,utility_payment,upi,413001,0.0,True
tx-202603-00003695,2026-03-01T00:00:00Z,farmer:413001:008,lender:vridhi,1350.0,loan_repayment,upi,413001,0.0,True
tx-202603-00003696,2026-03-01T00:00:00Z,wholesaler:413001:01,farmer:413001:009,7295.59,crop_sale,upi,413001,0.0,True
tx-202603-00003697,2026-03-01T00:00:00Z,farmer:413001:009,utility:413001,630.0,utility_payment,upi,413001,0.0,True
tx-202603-00003698,2026-03-01T00:00:00Z,farmer:413001:009,lender:vridhi,1350.0,loan_repayment,upi,413001,0.0,True
tx-202603-00003699,2026-03-01T00:00:00Z,wholesaler:413001:01,farmer:413001:010,13891.6,crop_sale,upi,413001,0.0,True
tx-202603-00003700,2026-03-01T00:00:00Z,farmer:413001:010,utility:413001,505.0,utility_payment,upi,413001,0.0,True
tx-202603-00003701,2026-03-01T00:00:00Z,farmer:413001:010,lender:vridhi,1350.0,loan_repayment,upi,413001,0.0,True
tx-202603-00003702,2026-03-01T00:00:00Z,wholesaler:413001:01,farmer:413001:011,14452.14,crop_sale,upi,413001,0.0,True
tx-202603-00003703,2026-03-01T00:00:00Z,farmer:413001:011,retailer:413001:01,3069.79,kirana_purchase,upi,413001,0.0,True
tx-202603-00003704,2026-03-01T00:00:00Z,farmer:413001:011,utility:413001,630.0,utility_payment,upi,413001,0.0,True
tx-202603-00003705,2026-03-01T00:00:00Z,farmer:413001:011,lender:vridhi,1350.0,loan_repayment,upi,413001,0.0,True
tx-202603-00003706,2026-03-01T00:00:00Z,wholesaler:413001:01,farmer:413001:012,7816.15,crop_sale,upi,413001,0.0,True
tx-202603-00003707,2026-03-01T00:00:00Z,farmer:413001:012,retailer:413001:03,2210.72,kirana_purchase,upi,413001,0.0,True
tx-202603-00003708,2026-03-01T00:00:00Z,farmer:413001:012,utility:413001,630.0,utility_payment,upi,413001,0.0,True
tx-202603-00003709,2026-03-01T00:00:00Z,farmer:413001:012,lender:vridhi,1350.0,loan_repayment,upi,413001,0.0,True
tx-202603-00003710,2026-03-01T00:00:00Z,wholesaler:413001:01,farmer:413001:013,13652.98,crop_sale,upi,413001,0.0,True
tx-202603-00003711,2026-03-01T00:00:00Z,farmer:413001:013,utility:413001,630.0,utility_payment,upi,413001,0.0,True
tx-202603-00003712,2026-03-01T00:00:00Z,farmer:413001:014,retailer:413001:01,2818.03,kirana_purchase,upi,413001,0.0,True
tx-202603-00003713,2026-03-01T00:00:00Z,farmer:413001:014,lender:vridhi,1350.0,loan_repayment,upi,413001,0.0,True
tx-202603-00003714,2026-03-01T00:00:00Z,farmer:413001:015,retailer:413001:01,2298.15,kirana_purchase,upi,413001,0.0,True
tx-202603-00003715,2026-03-01T00:00:00Z,farmer:413001:015,utility:413001,505.0,utility_payment,upi,413001,0.0,True
tx-202603-00003716,2026-03-01T00:00:00Z,farmer:413001:015,lender:vridhi,1350.0,loan_repayment,upi,413001,0.0,True
tx-202603-00003717,2026-03-01T00:00:00Z,wholesaler:413001:01,farmer:413001:016,4158.07,crop_sale,upi,413001,0.0,True
tx-202603-00003718,2026-03-01T00:00:00Z,farmer:413001:016,retailer:413001:03,1601.69,kirana_purchase,upi,413001,0.0,True
tx-202603-00003719,2026-03-01T00:00:00Z,farmer:413001:016,lender:vridhi,1350.0,loan_repayment,upi,413001,0.0,True
tx-202603-00003720,2026-03-01T00:00:00Z,wholesaler:413001:01,farmer:413001:017,8461.17,crop_sale,upi,413001,0.0,True
tx-202603-00003721,2026-03-01T00:00:00Z,farmer:413001:017,retailer:413001:04,2555.5,kirana_purchase,upi,413001,0.0,True
tx-202603-00003722,2026-03-01T00:00:00Z,farmer:413001:017,utility:413001,630.0,utility_payment,upi,413001,0.0,True
tx-202603-00003723,2026-03-01T00:00:00Z,farmer:413001:017,lender:vridhi,1350.0,loan_repayment,upi,413001,0.0,True
tx-202603-00003724,2026-03-01T00:00:00Z,farmer:413001:018,retailer:413001:04,2145.36,kirana_purchase,upi,413001,0.0,True
tx-202603-00003725,2026-03-01T00:00:00Z,farmer:413001:018,utility:413001,505.0,utility_payment,upi,413001,0.0,True
tx-202603-00003726,2026-03-01T00:00:00Z,farmer:413001:018,lender:vridhi,1350.0,loan_repayment,upi,413001,0.0,True
tx-202603-00003727,2026-03-01T00:00:00Z,wholesaler:413001:01,farmer:413001:019,12031.9,crop_sale,upi,413001,0.0,True
tx-202603-00003728,2026-03-01T00:00:00Z,farmer:413001:019,utility:413001,630.0,utility_payment,upi,413001,0.0,True
tx-202603-00003729,2026-03-01T00:00:00Z,farmer:413001:019,lender:vridhi,1350.0,loan_repayment,upi,413001,0.0,True
tx-202603-00003730,2026-03-01T00:00:00Z,wholesaler:413001:01,farmer:413001:020,6199.89,crop_sale,upi,413001,0.0,True
tx-202603-00003731,2026-03-01T00:00:00Z,farmer:413001:020,retailer:413001:01,2709.77,kirana_purchase,upi,413001,0.0,True
tx-202603-00003732,2026-03-01T00:00:00Z,farmer:413001:020,lender:vridhi,1350.0,loan_repayment,upi,413001,0.0,True
tx-202603-00003733,2026-03-01T00:00:00Z,wholesaler:413001:01,farmer:413001:021,13658.79,crop_sale,upi,413001,0.0,True
tx-202603-00003734,2026-03-01T00:00:00Z,farmer:413001:021,utility:413001,630.0,utility_payment,upi,413001,0.0,True
tx-202603-00003735,2026-03-01T00:00:00Z,wholesaler:413001:01,farmer:413001:022,16071.77,crop_sale,upi,413001,0.0,True
tx-202603-00003736,2026-03-01T00:00:00Z,farmer:413001:022,utility:413001,630.0,utility_payment,upi,413001,0.0,True
tx-202603-00003737,2026-03-01T00:00:00Z,farmer:413001:022,lender:vridhi,1350.0,loan_repayment,upi,413001,0.0,True
tx-202603-00003738,2026-03-01T00:00:00Z,farmer:413001:023,retailer:413001:04,2755.97,kirana_purchase,upi,413001,0.0,True
tx-202603-00003739,2026-03-01T00:00:00Z,farmer:413001:023,utility:413001,505.0,utility_payment,upi,413001,0.0,True
tx-202603-00003740,2026-03-01T00:00:00Z,farmer:413001:023,lender:vridhi,721.75,loan_repayment,upi,413001,0.0,True
tx-202603-00003741,2026-03-01T00:00:00Z,wholesaler:413001:01,farmer:413001:024,7204.19,crop_sale,upi,413001,0.0,True
tx-202603-00003742,2026-03-01T00:00:00Z,farmer:413001:024,retailer:413001:04,1644.35,kirana_purchase,upi,413001,0.0,True
tx-202603-00003743,2026-03-01T00:00:00Z,farmer:413001:024,utility:413001,505.0,utility_payment,upi,413001,0.0,True
tx-202603-00003744,2026-03-01T00:00:00Z,wholesaler:413001:01,farmer:413001:025,7034.81,crop_sale,upi,413001,0.0,True
tx-202603-00003745,2026-03-01T00:00:00Z,farmer:413001:025,utility:413001,630.0,utility_payment,upi,413001,0.0,True
tx-202603-00003746,2026-03-01T00:00:00Z,farmer:413001:025,lender:vridhi,1350.0,loan_repayment,upi,413001,0.0,True
tx-202603-00003747,2026-03-01T00:00:00Z,farmer:413001:026,lender:vridhi,1350.0,loan_repayment,upi,413001,0.0,True
tx-202603-00003748,2026-03-01T00:00:00Z,wholesaler:413001:01,farmer:413001:027,6380.5,crop_sale,upi,413001,0.0,True
tx-202603-00003749,2026-03-01T00:00:00Z,farmer:413001:027,retailer:413001:01,1690.95,kirana_purchase,upi,413001,0.0,True
tx-202603-00003750,2026-03-01T00:00:00Z,farmer:413001:027,utility:413001,505.0,utility_payment,upi,413001,0.0,True
tx-202603-00003751,2026-03-01T00:00:00Z,wholesaler:413001:01,farmer:413001:028,11501.4,crop_sale,upi,413001,0.0,True
tx-202603-00003752,2026-03-01T00:00:00Z,farmer:413001:028,retailer:413001:02,2588.4,kirana_purchase,upi,413001,0.0,True
tx-202603-00003753,2026-03-01T00:00:00Z,farmer:413001:028,lender:vridhi,1350.0,loan_repayment,upi,413001,0.0,True
tx-202603-00003754,2026-03-01T00:00:00Z,wholesaler:413001:01,farmer:413001:029,7158.68,crop_sale,upi,413001,0.0,True
tx-202603-00003755,2026-03-01T00:00:00Z,farmer:413001:029,retailer:413001:03,1729.71,kirana_purchase,upi,413001,0.0,True
tx-202603-00003756,2026-03-01T00:00:00Z,farmer:413001:029,utility:413001,505.0,utility_payment,upi,413001,0.0,True
tx-202603-00003757,2026-03-01T00:00:00Z,farmer:413001:029,lender:vridhi,1350.0,loan_repayment,upi,413001,0.0,True
tx-202603-00003758,2026-03-01T00:00:00Z,wholesaler:413001:01,farmer:413001:030,4864.27,crop_sale,upi,413001,0.0,True
tx-202603-00003759,2026-03-01T00:00:00Z,farmer:413001:030,utility:413001,630.0,utility_payment,upi,413001,0.0,True
tx-202603-00003760,2026-03-01T00:00:00Z,farmer:413001:030,lender:vridhi,1350.0,loan_repayment,upi,413001,0.0,True
tx-202603-00003761,2026-03-01T00:00:00Z,wholesaler:413001:01,farmer:413001:031,13237.13,crop_sale,upi,413001,0.0,True
tx-202603-00003762,2026-03-01T00:00:00Z,farmer:413001:031,retailer:413001:01,2678.63,kirana_purchase,upi,413001,0.0,True
tx-202603-00003763,2026-03-01T00:00:00Z,farmer:413001:031,utility:413001,505.0,utility_payment,upi,413001,0.0,True
tx-202603-00003764,2026-03-01T00:00:00Z,farmer:413001:031,lender:vridhi,1350.0,loan_repayment,upi,413001,0.0,True
tx-202603-00003765,2026-03-01T00:00:00Z,wholesaler:413001:01,farmer:413001:032,4618.61,crop_sale,upi,413001,0.0,True
tx-202603-00003766,2026-03-01T00:00:00Z,farmer:413001:032,lender:vridhi,1350.0,loan_repayment,upi,413001,0.0,True
tx-202603-00003767,2026-03-01T00:00:00Z,wholesaler:413001:01,farmer:413001:034,3811.62,crop_sale,upi,413001,0.0,True
tx-202603-00003768,2026-03-01T00:00:00Z,farmer:413001:034,utility:413001,630.0,utility_payment,upi,413001,0.0,True
tx-202603-00003769,2026-03-01T00:00:00Z,farmer:413001:034,lender:vridhi,1350.0,loan_repayment,upi,413001,0.0,True
tx-202603-00003770,2026-03-01T00:00:00Z,wholesaler:413001:01,farmer:413001:035,11845.1,crop_sale,upi,413001,0.0,True
tx-202603-00003771,2026-03-01T00:00:00Z,farmer:413001:035,lender:vridhi,1350.0,loan_repayment,upi,413001,0.0,True
tx-202603-00003772,2026-03-01T00:00:00Z,retailer:413001:01,utility:413001,1050.0,utility_payment,upi,413001,0.0,True
tx-202603-00003773,2026-03-01T00:00:00Z,retailer:413001:02,wholesaler:413001:01,8857.58,retailer_restock,upi,413001,0.0,True
tx-202603-00003774,2026-03-01T00:00:00Z,retailer:413001:03,wholesaler:413001:01,8299.4,retailer_restock,upi,413001,0.0,True
tx-202603-00003775,2026-03-01T00:00:00Z,retailer:413001:03,utility:413001,1050.0,utility_payment,upi,413001,0.0,True
tx-202603-00003776,2026-03-01T00:00:00Z,retailer:413001:04,wholesaler:413001:01,16054.35,retailer_restock,upi,413001,0.0,True
tx-202603-00003777,2026-03-01T00:00:00Z,retailer:413001:04,utility:413001,1050.0,utility_payment,upi,413001,0.0,True
tx-202603-00003778,2026-03-01T00:00:00Z,wholesaler:413001:01,utility:413001,2400.0,utility_payment,upi,413001,0.0,True
tx-202603-00003779,2026-03-01T00:00:00Z,wholesaler:431001:01,farmer:431001:001,4365.1,crop_sale,upi,431001,0.0,True
tx-202603-00003780,2026-03-01T00:00:00Z,farmer:431001:001,retailer:431001:04,2084.31,kirana_purchase,upi,431001,0.0,True
tx-202603-00003781,2026-03-01T00:00:00Z,farmer:431001:001,utility:431001,630.0,utility_payment,upi,431001,0.0,True
tx-202603-00003782,2026-03-01T00:00:00Z,farmer:431001:001,lender:vridhi,1350.0,loan_repayment,upi,431001,0.0,True
tx-202603-00003783,2026-03-01T00:00:00Z,wholesaler:431001:01,farmer:431001:002,15920.34,crop_sale,upi,431001,0.0,True
tx-202603-00003784,2026-03-01T00:00:00Z,wholesaler:431001:01,farmer:431001:003,9277.33,crop_sale,upi,431001,0.0,True
tx-202603-00003785,2026-03-01T00:00:00Z,farmer:431001:003,retailer:431001:01,1602.38,kirana_purchase,upi,431001,0.0,True
tx-202603-00003786,2026-03-01T00:00:00Z,farmer:431001:003,lender:vridhi,1350.0,loan_repayment,upi,431001,0.0,True
tx-202603-00003787,2026-03-01T00:00:00Z,wholesaler:431001:01,farmer:431001:004,16830.85,crop_sale,upi,431001,0.0,True
tx-202603-00003788,2026-03-01T00:00:00Z,farmer:431001:004,retailer:431001:01,2526.99,kirana_purchase,upi,431001,0.0,True
tx-202603-00003789,2026-03-01T00:00:00Z,farmer:431001:004,lender:vridhi,1350.0,loan_repayment,upi,431001,0.0,True
tx-202603-00003790,2026-03-01T00:00:00Z,wholesaler:431001:01,farmer:431001:005,13170.74,crop_sale,upi,431001,0.0,True
tx-202603-00003791,2026-03-01T00:00:00Z,farmer:431001:005,retailer:431001:04,2387.7,kirana_purchase,upi,431001,0.0,True
tx-202603-00003792,2026-03-01T00:00:00Z,farmer:431001:006,lender:vridhi,1350.0,loan_repayment,upi,431001,0.0,True
tx-202603-00003793,2026-03-01T00:00:00Z,wholesaler:431001:01,farmer:431001:007,2845.03,crop_sale,upi,431001,0.0,True
tx-202603-00003794,2026-03-01T00:00:00Z,farmer:431001:007,retailer:431001:02,2312.85,kirana_purchase,upi,431001,0.0,True
tx-202603-00003795,2026-03-01T00:00:00Z,farmer:431001:007,utility:431001,532.18,utility_payment,upi,431001,0.0,True
tx-202603-00003796,2026-03-01T00:00:00Z,farmer:431001:008,retailer:431001:04,2594.61,kirana_purchase,upi,431001,0.0,True
tx-202603-00003797,2026-03-01T00:00:00Z,farmer:431001:008,lender:vridhi,1350.0,loan_repayment,upi,431001,0.0,True
tx-202603-00003798,2026-03-01T00:00:00Z,farmer:431001:009,lender:vridhi,1350.0,loan_repayment,upi,431001,0.0,True
tx-202603-00003799,2026-03-01T00:00:00Z,wholesaler:431001:01,farmer:431001:010,19061.28,crop_sale,upi,431001,0.0,True
tx-202603-00003800,2026-03-01T00:00:00Z,farmer:431001:010,utility:431001,630.0,utility_payment,upi,431001,0.0,True
tx-202603-00003801,2026-03-01T00:00:00Z,farmer:431001:010,lender:vridhi,1350.0,loan_repayment,upi,431001,0.0,True
tx-202603-00003802,2026-03-01T00:00:00Z,farmer:431001:011,retailer:431001:02,2135.3,kirana_purchase,upi,431001,0.0,True
tx-202603-00003803,2026-03-01T00:00:00Z,farmer:431001:011,utility:431001,505.0,utility_payment,upi,431001,0.0,True
tx-202603-00003804,2026-03-01T00:00:00Z,farmer:431001:011,lender:vridhi,1350.0,loan_repayment,upi,431001,0.0,True
tx-202603-00003805,2026-03-01T00:00:00Z,wholesaler:431001:01,farmer:431001:012,5415.8,crop_sale,upi,431001,0.0,True
tx-202603-00003806,2026-03-01T00:00:00Z,farmer:431001:012,lender:vridhi,1350.0,loan_repayment,upi,431001,0.0,True
tx-202603-00003807,2026-03-01T00:00:00Z,wholesaler:431001:01,farmer:431001:013,6618.67,crop_sale,upi,431001,0.0,True
tx-202603-00003808,2026-03-01T00:00:00Z,farmer:431001:013,retailer:431001:03,1796.4,kirana_purchase,upi,431001,0.0,True
tx-202603-00003809,2026-03-01T00:00:00Z,farmer:431001:013,utility:431001,630.0,utility_payment,upi,431001,0.0,True
tx-202603-00003810,2026-03-01T00:00:00Z,farmer:431001:013,lender:vridhi,1350.0,loan_repayment,upi,431001,0.0,True
tx-202603-00003811,2026-03-01T00:00:00Z,wholesaler:431001:01,farmer:431001:014,6490.21,crop_sale,upi,431001,0.0,True
tx-202603-00003812,2026-03-01T00:00:00Z,farmer:431001:014,retailer:431001:01,2422.05,kirana_purchase,upi,431001,0.0,True
tx-202603-00003813,2026-03-01T00:00:00Z,wholesaler:431001:01,farmer:431001:015,6391.92,crop_sale,upi,431001,0.0,True
tx-202603-00003814,2026-03-01T00:00:00Z,farmer:431001:015,utility:431001,630.0,utility_payment,upi,431001,0.0,True
tx-202603-00003815,2026-03-01T00:00:00Z,farmer:431001:015,lender:vridhi,1350.0,loan_repayment,upi,431001,0.0,True
tx-202603-00003816,2026-03-01T00:00:00Z,farmer:431001:016,retailer:431001:04,2759.67,kirana_purchase,upi,431001,0.0,True
tx-202603-00003817,2026-03-01T00:00:00Z,farmer:431001:016,utility:431001,630.0,utility_payment,upi,431001,0.0,True
tx-202603-00003818,2026-03-01T00:00:00Z,wholesaler:431001:01,farmer:431001:017,5183.59,crop_sale,upi,431001,0.0,True
tx-202603-00003819,2026-03-01T00:00:00Z,farmer:431001:017,utility:431001,630.0,utility_payment,upi,431001,0.0,True
tx-202603-00003820,2026-03-01T00:00:00Z,farmer:431001:017,lender:vridhi,1350.0,loan_repayment,upi,431001,0.0,True
tx-202603-00003821,2026-03-01T00:00:00Z,wholesaler:431001:01,farmer:431001:018,10934.29,crop_sale,upi,431001,0.0,True
tx-202603-00003822,2026-03-01T00:00:00Z,farmer:431001:018,retailer:431001:01,2290.22,kirana_purchase,upi,431001,0.0,True
tx-202603-00003823,2026-03-01T00:00:00Z,farmer:431001:018,lender:vridhi,1350.0,loan_repayment,upi,431001,0.0,True
tx-202603-00003824,2026-03-01T00:00:00Z,wholesaler:431001:01,farmer:431001:019,4279.23,crop_sale,upi,431001,0.0,True
tx-202603-00003825,2026-03-01T00:00:00Z,farmer:431001:019,retailer:431001:01,2277.08,kirana_purchase,upi,431001,0.0,True
tx-202603-00003826,2026-03-01T00:00:00Z,farmer:431001:019,utility:431001,505.0,utility_payment,upi,431001,0.0,True
tx-202603-00003827,2026-03-01T00:00:00Z,farmer:431001:019,lender:vridhi,1350.0,loan_repayment,upi,431001,0.0,True
tx-202603-00003828,2026-03-01T00:00:00Z,wholesaler:431001:01,farmer:431001:020,17995.47,crop_sale,upi,431001,0.0,True
tx-202603-00003829,2026-03-01T00:00:00Z,farmer:431001:020,retailer:431001:04,2824.53,kirana_purchase,upi,431001,0.0,True
tx-202603-00003830,2026-03-01T00:00:00Z,farmer:431001:020,utility:431001,505.0,utility_payment,upi,431001,0.0,True
tx-202603-00003831,2026-03-01T00:00:00Z,farmer:431001:020,lender:vridhi,1350.0,loan_repayment,upi,431001,0.0,True
tx-202603-00003832,2026-03-01T00:00:00Z,wholesaler:431001:01,farmer:431001:021,6836.43,crop_sale,upi,431001,0.0,True
tx-202603-00003833,2026-03-01T00:00:00Z,farmer:431001:021,retailer:431001:01,1649.25,kirana_purchase,upi,431001,0.0,True
tx-202603-00003834,2026-03-01T00:00:00Z,farmer:431001:021,utility:431001,505.0,utility_payment,upi,431001,0.0,True
tx-202603-00003835,2026-03-01T00:00:00Z,wholesaler:431001:01,farmer:431001:022,5314.75,crop_sale,upi,431001,0.0,True
tx-202603-00003836,2026-03-01T00:00:00Z,farmer:431001:022,retailer:431001:03,3025.19,kirana_purchase,upi,431001,0.0,True
tx-202603-00003837,2026-03-01T00:00:00Z,farmer:431001:022,utility:431001,505.0,utility_payment,upi,431001,0.0,True
tx-202603-00003838,2026-03-01T00:00:00Z,farmer:431001:022,lender:vridhi,1350.0,loan_repayment,upi,431001,0.0,True
tx-202603-00003839,2026-03-01T00:00:00Z,wholesaler:431001:01,farmer:431001:023,10098.1,crop_sale,upi,431001,0.0,True
tx-202603-00003840,2026-03-01T00:00:00Z,farmer:431001:023,retailer:431001:03,1645.14,kirana_purchase,upi,431001,0.0,True
tx-202603-00003841,2026-03-01T00:00:00Z,farmer:431001:023,utility:431001,630.0,utility_payment,upi,431001,0.0,True
tx-202603-00003842,2026-03-01T00:00:00Z,farmer:431001:023,lender:vridhi,1350.0,loan_repayment,upi,431001,0.0,True
tx-202603-00003843,2026-03-01T00:00:00Z,farmer:431001:024,retailer:431001:03,1915.23,kirana_purchase,upi,431001,0.0,True
tx-202603-00003844,2026-03-01T00:00:00Z,farmer:431001:024,utility:431001,630.0,utility_payment,upi,431001,0.0,True
tx-202603-00003845,2026-03-01T00:00:00Z,farmer:431001:024,lender:vridhi,1350.0,loan_repayment,upi,431001,0.0,True
tx-202603-00003846,2026-03-01T00:00:00Z,wholesaler:431001:01,farmer:431001:025,9747.74,crop_sale,upi,431001,0.0,True
tx-202603-00003847,2026-03-01T00:00:00Z,farmer:431001:025,lender:vridhi,1350.0,loan_repayment,upi,431001,0.0,True
tx-202603-00003848,2026-03-01T00:00:00Z,farmer:431001:026,retailer:431001:03,3085.18,kirana_purchase,upi,431001,0.0,True
tx-202603-00003849,2026-03-01T00:00:00Z,farmer:431001:026,lender:vridhi,1350.0,loan_repayment,upi,431001,0.0,True
tx-202603-00003850,2026-03-01T00:00:00Z,wholesaler:431001:01,farmer:431001:027,8225.42,crop_sale,upi,431001,0.0,True
tx-202603-00003851,2026-03-01T00:00:00Z,farmer:431001:027,retailer:431001:04,2186.9,kirana_purchase,upi,431001,0.0,True
tx-202603-00003852,2026-03-01T00:00:00Z,farmer:431001:027,utility:431001,505.0,utility_payment,upi,431001,0.0,True
tx-202603-00003853,2026-03-01T00:00:00Z,farmer:431001:027,lender:vridhi,1350.0,loan_repayment,upi,431001,0.0,True
tx-202603-00003854,2026-03-01T00:00:00Z,wholesaler:431001:01,farmer:431001:028,6526.09,crop_sale,upi,431001,0.0,True
tx-202603-00003855,2026-03-01T00:00:00Z,farmer:431001:028,retailer:431001:04,2179.83,kirana_purchase,upi,431001,0.0,True
tx-202603-00003856,2026-03-01T00:00:00Z,farmer:431001:028,utility:431001,630.0,utility_payment,upi,431001,0.0,True
tx-202603-00003857,2026-03-01T00:00:00Z,farmer:431001:028,lender:vridhi,1350.0,loan_repayment,upi,431001,0.0,True
tx-202603-00003858,2026-03-01T00:00:00Z,wholesaler:431001:01,farmer:431001:029,8209.25,crop_sale,upi,431001,0.0,True
tx-202603-00003859,2026-03-01T00:00:00Z,farmer:431001:029,retailer:431001:01,3078.77,kirana_purchase,upi,431001,0.0,True
tx-202603-00003860,2026-03-01T00:00:00Z,farmer:431001:029,utility:431001,505.0,utility_payment,upi,431001,0.0,True
tx-202603-00003861,2026-03-01T00:00:00Z,farmer:431001:029,lender:vridhi,1350.0,loan_repayment,upi,431001,0.0,True
tx-202603-00003862,2026-03-01T00:00:00Z,farmer:431001:030,retailer:431001:03,2127.12,kirana_purchase,upi,431001,0.0,True
tx-202603-00003863,2026-03-01T00:00:00Z,farmer:431001:030,lender:vridhi,1350.0,loan_repayment,upi,431001,0.0,True
tx-202603-00003864,2026-03-01T00:00:00Z,wholesaler:431001:01,farmer:431001:031,10183.11,crop_sale,upi,431001,0.0,True
tx-202603-00003865,2026-03-01T00:00:00Z,farmer:431001:031,retailer:431001:02,2566.82,kirana_purchase,upi,431001,0.0,True
tx-202603-00003866,2026-03-01T00:00:00Z,farmer:431001:031,lender:vridhi,1350.0,loan_repayment,upi,431001,0.0,True
tx-202603-00003867,2026-03-01T00:00:00Z,wholesaler:431001:01,farmer:431001:032,14461.14,crop_sale,upi,431001,0.0,True
tx-202603-00003868,2026-03-01T00:00:00Z,farmer:431001:032,retailer:431001:03,1813.41,kirana_purchase,upi,431001,0.0,True
tx-202603-00003869,2026-03-01T00:00:00Z,farmer:431001:032,utility:431001,630.0,utility_payment,upi,431001,0.0,True
tx-202603-00003870,2026-03-01T00:00:00Z,farmer:431001:032,lender:vridhi,1350.0,loan_repayment,upi,431001,0.0,True
tx-202603-00003871,2026-03-01T00:00:00Z,wholesaler:431001:01,farmer:431001:033,13577.93,crop_sale,upi,431001,0.0,True
tx-202603-00003872,2026-03-01T00:00:00Z,farmer:431001:033,retailer:431001:02,2346.35,kirana_purchase,upi,431001,0.0,True
tx-202603-00003873,2026-03-01T00:00:00Z,farmer:431001:033,utility:431001,630.0,utility_payment,upi,431001,0.0,True
tx-202603-00003874,2026-03-01T00:00:00Z,farmer:431001:033,lender:vridhi,1350.0,loan_repayment,upi,431001,0.0,True
tx-202603-00003875,2026-03-01T00:00:00Z,farmer:431001:034,retailer:431001:01,2425.71,kirana_purchase,upi,431001,0.0,True
tx-202603-00003876,2026-03-01T00:00:00Z,farmer:431001:034,utility:431001,505.0,utility_payment,upi,431001,0.0,True
tx-202603-00003877,2026-03-01T00:00:00Z,farmer:431001:034,lender:vridhi,1350.0,loan_repayment,upi,431001,0.0,True
tx-202603-00003878,2026-03-01T00:00:00Z,wholesaler:431001:01,farmer:431001:035,9512.38,crop_sale,upi,431001,0.0,True
tx-202603-00003879,2026-03-01T00:00:00Z,farmer:431001:035,retailer:431001:01,2814.63,kirana_purchase,upi,431001,0.0,True
tx-202603-00003880,2026-03-01T00:00:00Z,farmer:431001:035,lender:vridhi,1350.0,loan_repayment,upi,431001,0.0,True
tx-202603-00003881,2026-03-01T00:00:00Z,retailer:431001:01,wholesaler:431001:01,13251.2,retailer_restock,upi,431001,0.0,True
tx-202603-00003882,2026-03-01T00:00:00Z,retailer:431001:01,utility:431001,1050.0,utility_payment,upi,431001,0.0,True
tx-202603-00003883,2026-03-01T00:00:00Z,retailer:431001:02,wholesaler:431001:01,6468.47,retailer_restock,upi,431001,0.0,True
tx-202603-00003884,2026-03-01T00:00:00Z,retailer:431001:02,utility:431001,1050.0,utility_payment,upi,431001,0.0,True
tx-202603-00003885,2026-03-01T00:00:00Z,retailer:431001:04,wholesaler:431001:01,18250.49,retailer_restock,upi,431001,0.0,True
tx-202603-00003886,2026-03-01T00:00:00Z,wholesaler:431001:01,utility:431001,2400.0,utility_payment,upi,431001,0.0,True
tx-202603-00003887,2026-03-01T00:00:00Z,wholesaler:440001:01,farmer:440001:001,13858.89,crop_sale,upi,440001,0.0,True
tx-202603-00003888,2026-03-01T00:00:00Z,farmer:440001:001,lender:vridhi,1350.0,loan_repayment,upi,440001,0.0,True
tx-202603-00003889,2026-03-01T00:00:00Z,wholesaler:440001:01,farmer:440001:002,18202.22,crop_sale,upi,440001,0.0,True
tx-202603-00003890,2026-03-01T00:00:00Z,farmer:440001:002,retailer:440001:03,2289.49,kirana_purchase,upi,440001,0.0,True
tx-202603-00003891,2026-03-01T00:00:00Z,farmer:440001:002,utility:440001,505.0,utility_payment,upi,440001,0.0,True
tx-202603-00003892,2026-03-01T00:00:00Z,wholesaler:440001:01,farmer:440001:003,13559.65,crop_sale,upi,440001,0.0,True
tx-202603-00003893,2026-03-01T00:00:00Z,farmer:440001:003,utility:440001,630.0,utility_payment,upi,440001,0.0,True
tx-202603-00003894,2026-03-01T00:00:00Z,farmer:440001:003,lender:vridhi,1350.0,loan_repayment,upi,440001,0.0,True
tx-202603-00003895,2026-03-01T00:00:00Z,wholesaler:440001:01,farmer:440001:004,18723.75,crop_sale,upi,440001,0.0,True
tx-202603-00003896,2026-03-01T00:00:00Z,farmer:440001:004,utility:440001,505.0,utility_payment,upi,440001,0.0,True
tx-202603-00003897,2026-03-01T00:00:00Z,farmer:440001:004,lender:vridhi,1350.0,loan_repayment,upi,440001,0.0,True
tx-202603-00003898,2026-03-01T00:00:00Z,farmer:440001:005,utility:440001,630.0,utility_payment,upi,440001,0.0,True
tx-202603-00003899,2026-03-01T00:00:00Z,farmer:440001:005,lender:vridhi,1350.0,loan_repayment,upi,440001,0.0,True
tx-202603-00003900,2026-03-01T00:00:00Z,farmer:440001:006,lender:vridhi,1350.0,loan_repayment,upi,440001,0.0,True
tx-202603-00003901,2026-03-01T00:00:00Z,farmer:440001:007,retailer:440001:04,1653.83,kirana_purchase,upi,440001,0.0,True
tx-202603-00003902,2026-03-01T00:00:00Z,farmer:440001:007,utility:440001,505.0,utility_payment,upi,440001,0.0,True
tx-202603-00003903,2026-03-01T00:00:00Z,farmer:440001:007,lender:vridhi,1350.0,loan_repayment,upi,440001,0.0,True
tx-202603-00003904,2026-03-01T00:00:00Z,farmer:440001:008,retailer:440001:04,2586.0,kirana_purchase,upi,440001,0.0,True
tx-202603-00003905,2026-03-01T00:00:00Z,farmer:440001:008,utility:440001,505.0,utility_payment,upi,440001,0.0,True
tx-202603-00003906,2026-03-01T00:00:00Z,farmer:440001:008,lender:vridhi,1350.0,loan_repayment,upi,440001,0.0,True
tx-202603-00003907,2026-03-01T00:00:00Z,wholesaler:440001:01,farmer:440001:009,4991.13,crop_sale,upi,440001,0.0,True
tx-202603-00003908,2026-03-01T00:00:00Z,farmer:440001:009,retailer:440001:04,1833.91,kirana_purchase,upi,440001,0.0,True
tx-202603-00003909,2026-03-01T00:00:00Z,farmer:440001:009,utility:440001,505.0,utility_payment,upi,440001,0.0,True
tx-202603-00003910,2026-03-01T00:00:00Z,farmer:440001:009,lender:vridhi,1350.0,loan_repayment,upi,440001,0.0,True
tx-202603-00003911,2026-03-01T00:00:00Z,farmer:440001:010,retailer:440001:02,2631.44,kirana_purchase,upi,440001,0.0,True
tx-202603-00003912,2026-03-01T00:00:00Z,farmer:440001:010,utility:440001,505.0,utility_payment,upi,440001,0.0,True
tx-202603-00003913,2026-03-01T00:00:00Z,farmer:440001:010,lender:vridhi,1350.0,loan_repayment,upi,440001,0.0,True
tx-202603-00003914,2026-03-01T00:00:00Z,wholesaler:440001:01,farmer:440001:011,12216.64,crop_sale,upi,440001,0.0,True
tx-202603-00003915,2026-03-01T00:00:00Z,farmer:440001:011,retailer:440001:04,1769.46,kirana_purchase,upi,440001,0.0,True
tx-202603-00003916,2026-03-01T00:00:00Z,farmer:440001:011,utility:440001,505.0,utility_payment,upi,440001,0.0,True
tx-202603-00003917,2026-03-01T00:00:00Z,farmer:440001:011,lender:vridhi,1350.0,loan_repayment,upi,440001,0.0,True
tx-202603-00003918,2026-03-01T00:00:00Z,farmer:440001:012,retailer:440001:03,2654.47,kirana_purchase,upi,440001,0.0,True
tx-202603-00003919,2026-03-01T00:00:00Z,farmer:440001:012,lender:vridhi,1350.0,loan_repayment,upi,440001,0.0,True
tx-202603-00003920,2026-03-01T00:00:00Z,farmer:440001:013,utility:440001,505.0,utility_payment,upi,440001,0.0,True
tx-202603-00003921,2026-03-01T00:00:00Z,farmer:440001:013,lender:vridhi,1350.0,loan_repayment,upi,440001,0.0,True
tx-202603-00003922,2026-03-01T00:00:00Z,wholesaler:440001:01,farmer:440001:014,7127.62,crop_sale,upi,440001,0.0,True
tx-202603-00003923,2026-03-01T00:00:00Z,farmer:440001:014,utility:440001,505.0,utility_payment,upi,440001,0.0,True
tx-202603-00003924,2026-03-01T00:00:00Z,farmer:440001:014,lender:vridhi,1350.0,loan_repayment,upi,440001,0.0,True
tx-202603-00003925,2026-03-01T00:00:00Z,wholesaler:440001:01,farmer:440001:015,9737.37,crop_sale,upi,440001,0.0,True
tx-202603-00003926,2026-03-01T00:00:00Z,farmer:440001:015,utility:440001,505.0,utility_payment,upi,440001,0.0,True
tx-202603-00003927,2026-03-01T00:00:00Z,farmer:440001:015,lender:vridhi,1350.0,loan_repayment,upi,440001,0.0,True
tx-202603-00003928,2026-03-01T00:00:00Z,wholesaler:440001:01,farmer:440001:016,4541.95,crop_sale,upi,440001,0.0,True
tx-202603-00003929,2026-03-01T00:00:00Z,farmer:440001:016,retailer:440001:03,1651.15,kirana_purchase,upi,440001,0.0,True
tx-202603-00003930,2026-03-01T00:00:00Z,farmer:440001:016,utility:440001,630.0,utility_payment,upi,440001,0.0,True
tx-202603-00003931,2026-03-01T00:00:00Z,farmer:440001:016,lender:vridhi,1350.0,loan_repayment,upi,440001,0.0,True
tx-202603-00003932,2026-03-01T00:00:00Z,wholesaler:440001:01,farmer:440001:017,16184.05,crop_sale,upi,440001,0.0,True
tx-202603-00003933,2026-03-01T00:00:00Z,farmer:440001:017,retailer:440001:03,1540.37,kirana_purchase,upi,440001,0.0,True
tx-202603-00003934,2026-03-01T00:00:00Z,farmer:440001:017,utility:440001,505.0,utility_payment,upi,440001,0.0,True
tx-202603-00003935,2026-03-01T00:00:00Z,farmer:440001:017,lender:vridhi,1350.0,loan_repayment,upi,440001,0.0,True
tx-202603-00003936,2026-03-01T00:00:00Z,wholesaler:440001:01,farmer:440001:018,9137.36,crop_sale,upi,440001,0.0,True
tx-202603-00003937,2026-03-01T00:00:00Z,farmer:440001:018,retailer:440001:03,1772.06,kirana_purchase,upi,440001,0.0,True
tx-202603-00003938,2026-03-01T00:00:00Z,farmer:440001:018,utility:440001,630.0,utility_payment,upi,440001,0.0,True
tx-202603-00003939,2026-03-01T00:00:00Z,farmer:440001:018,lender:vridhi,1350.0,loan_repayment,upi,440001,0.0,True
tx-202603-00003940,2026-03-01T00:00:00Z,wholesaler:440001:01,farmer:440001:019,13434.67,crop_sale,upi,440001,0.0,True
tx-202603-00003941,2026-03-01T00:00:00Z,farmer:440001:019,utility:440001,630.0,utility_payment,upi,440001,0.0,True
tx-202603-00003942,2026-03-01T00:00:00Z,farmer:440001:019,lender:vridhi,1350.0,loan_repayment,upi,440001,0.0,True
tx-202603-00003943,2026-03-01T00:00:00Z,wholesaler:440001:01,farmer:440001:020,11005.41,crop_sale,upi,440001,0.0,True
tx-202603-00003944,2026-03-01T00:00:00Z,farmer:440001:020,retailer:440001:01,2354.62,kirana_purchase,upi,440001,0.0,True
tx-202603-00003945,2026-03-01T00:00:00Z,farmer:440001:020,lender:vridhi,1350.0,loan_repayment,upi,440001,0.0,True
tx-202603-00003946,2026-03-01T00:00:00Z,wholesaler:440001:01,farmer:440001:021,7387.17,crop_sale,upi,440001,0.0,True
tx-202603-00003947,2026-03-01T00:00:00Z,farmer:440001:021,utility:440001,630.0,utility_payment,upi,440001,0.0,True
tx-202603-00003948,2026-03-01T00:00:00Z,farmer:440001:021,lender:vridhi,1350.0,loan_repayment,upi,440001,0.0,True
tx-202603-00003949,2026-03-01T00:00:00Z,wholesaler:440001:01,farmer:440001:022,5643.02,crop_sale,upi,440001,0.0,True
tx-202603-00003950,2026-03-01T00:00:00Z,farmer:440001:022,retailer:440001:03,2649.95,kirana_purchase,upi,440001,0.0,True
tx-202603-00003951,2026-03-01T00:00:00Z,farmer:440001:022,utility:440001,630.0,utility_payment,upi,440001,0.0,True
tx-202603-00003952,2026-03-01T00:00:00Z,farmer:440001:022,lender:vridhi,1350.0,loan_repayment,upi,440001,0.0,True
tx-202603-00003953,2026-03-01T00:00:00Z,wholesaler:440001:01,farmer:440001:023,12501.09,crop_sale,upi,440001,0.0,True
tx-202603-00003954,2026-03-01T00:00:00Z,farmer:440001:023,utility:440001,505.0,utility_payment,upi,440001,0.0,True
tx-202603-00003955,2026-03-01T00:00:00Z,farmer:440001:023,lender:vridhi,1350.0,loan_repayment,upi,440001,0.0,True
tx-202603-00003956,2026-03-01T00:00:00Z,wholesaler:440001:01,farmer:440001:024,12316.99,crop_sale,upi,440001,0.0,True
tx-202603-00003957,2026-03-01T00:00:00Z,farmer:440001:024,retailer:440001:04,1691.12,kirana_purchase,upi,440001,0.0,True
tx-202603-00003958,2026-03-01T00:00:00Z,farmer:440001:024,utility:440001,630.0,utility_payment,upi,440001,0.0,True
tx-202603-00003959,2026-03-01T00:00:00Z,farmer:440001:024,lender:vridhi,1350.0,loan_repayment,upi,440001,0.0,True
tx-202603-00003960,2026-03-01T00:00:00Z,wholesaler:440001:01,farmer:440001:025,6454.35,crop_sale,upi,440001,0.0,True
tx-202603-00003961,2026-03-01T00:00:00Z,farmer:440001:025,utility:440001,630.0,utility_payment,upi,440001,0.0,True
tx-202603-00003962,2026-03-01T00:00:00Z,farmer:440001:025,lender:vridhi,1350.0,loan_repayment,upi,440001,0.0,True
tx-202603-00003963,2026-03-01T00:00:00Z,wholesaler:440001:01,farmer:440001:026,15287.16,crop_sale,upi,440001,0.0,True
tx-202603-00003964,2026-03-01T00:00:00Z,farmer:440001:026,retailer:440001:02,2253.37,kirana_purchase,upi,440001,0.0,True
tx-202603-00003965,2026-03-01T00:00:00Z,farmer:440001:026,utility:440001,630.0,utility_payment,upi,440001,0.0,True
tx-202603-00003966,2026-03-01T00:00:00Z,farmer:440001:026,lender:vridhi,1350.0,loan_repayment,upi,440001,0.0,True
tx-202603-00003967,2026-03-01T00:00:00Z,wholesaler:440001:01,farmer:440001:027,6834.45,crop_sale,upi,440001,0.0,True
tx-202603-00003968,2026-03-01T00:00:00Z,farmer:440001:027,utility:440001,505.0,utility_payment,upi,440001,0.0,True
tx-202603-00003969,2026-03-01T00:00:00Z,farmer:440001:027,lender:vridhi,1350.0,loan_repayment,upi,440001,0.0,True
tx-202603-00003970,2026-03-01T00:00:00Z,wholesaler:440001:01,farmer:440001:028,11858.09,crop_sale,upi,440001,0.0,True
tx-202603-00003971,2026-03-01T00:00:00Z,farmer:440001:028,retailer:440001:03,3132.65,kirana_purchase,upi,440001,0.0,True
tx-202603-00003972,2026-03-01T00:00:00Z,farmer:440001:028,utility:440001,630.0,utility_payment,upi,440001,0.0,True
tx-202603-00003973,2026-03-01T00:00:00Z,farmer:440001:028,lender:vridhi,1350.0,loan_repayment,upi,440001,0.0,True
tx-202603-00003974,2026-03-01T00:00:00Z,wholesaler:440001:01,farmer:440001:029,9644.29,crop_sale,upi,440001,0.0,True
tx-202603-00003975,2026-03-01T00:00:00Z,wholesaler:440001:01,farmer:440001:030,4517.96,crop_sale,upi,440001,0.0,True
tx-202603-00003976,2026-03-01T00:00:00Z,farmer:440001:030,retailer:440001:01,1701.43,kirana_purchase,upi,440001,0.0,True
tx-202603-00003977,2026-03-01T00:00:00Z,farmer:440001:030,utility:440001,505.0,utility_payment,upi,440001,0.0,True
tx-202603-00003978,2026-03-01T00:00:00Z,wholesaler:440001:01,farmer:440001:031,10665.76,crop_sale,upi,440001,0.0,True
tx-202603-00003979,2026-03-01T00:00:00Z,farmer:440001:031,utility:440001,630.0,utility_payment,upi,440001,0.0,True
tx-202603-00003980,2026-03-01T00:00:00Z,farmer:440001:032,utility:440001,630.0,utility_payment,upi,440001,0.0,True
tx-202603-00003981,2026-03-01T00:00:00Z,wholesaler:440001:01,farmer:440001:033,15485.63,crop_sale,upi,440001,0.0,True
tx-202603-00003982,2026-03-01T00:00:00Z,farmer:440001:033,retailer:440001:04,3056.95,kirana_purchase,upi,440001,0.0,True
tx-202603-00003983,2026-03-01T00:00:00Z,farmer:440001:033,utility:440001,505.0,utility_payment,upi,440001,0.0,True
tx-202603-00003984,2026-03-01T00:00:00Z,farmer:440001:033,lender:vridhi,1350.0,loan_repayment,upi,440001,0.0,True
tx-202603-00003985,2026-03-01T00:00:00Z,farmer:440001:034,retailer:440001:01,2186.88,kirana_purchase,upi,440001,0.0,True
tx-202603-00003986,2026-03-01T00:00:00Z,farmer:440001:034,lender:vridhi,1350.0,loan_repayment,upi,440001,0.0,True
tx-202603-00003987,2026-03-01T00:00:00Z,farmer:440001:035,retailer:440001:04,3026.3,kirana_purchase,upi,440001,0.0,True
tx-202603-00003988,2026-03-01T00:00:00Z,farmer:440001:035,utility:440001,505.0,utility_payment,upi,440001,0.0,True
tx-202603-00003989,2026-03-01T00:00:00Z,farmer:440001:035,lender:vridhi,1350.0,loan_repayment,upi,440001,0.0,True
tx-202603-00003990,2026-03-01T00:00:00Z,retailer:440001:01,wholesaler:440001:01,11276.56,retailer_restock,upi,440001,0.0,True
tx-202603-00003991,2026-03-01T00:00:00Z,retailer:440001:01,utility:440001,1050.0,utility_payment,upi,440001,0.0,True
tx-202603-00003992,2026-03-01T00:00:00Z,retailer:440001:02,wholesaler:440001:01,7725.49,retailer_restock,upi,440001,0.0,True
tx-202603-00003993,2026-03-01T00:00:00Z,retailer:440001:02,utility:440001,1050.0,utility_payment,upi,440001,0.0,True
tx-202603-00003994,2026-03-01T00:00:00Z,retailer:440001:03,wholesaler:440001:01,14455.7,retailer_restock,upi,440001,0.0,True
tx-202603-00003995,2026-03-01T00:00:00Z,retailer:440001:04,wholesaler:440001:01,13393.35,retailer_restock,upi,440001,0.0,True
tx-202603-00003996,2026-03-01T00:00:00Z,retailer:440001:04,utility:440001,1050.0,utility_payment,upi,440001,0.0,True
tx-202603-00003997,2026-03-01T00:00:00Z,wholesaler:440001:01,utility:440001,2400.0,utility_payment,upi,440001,0.0,True
tx-202604-00003998,2026-04-01T00:00:00Z,wholesaler:413001:01,farmer:413001:001,3220.59,crop_sale,upi,413001,0.0,True
tx-202604-00003999,2026-04-01T00:00:00Z,farmer:413001:001,retailer:413001:03,2784.95,kirana_purchase,upi,413001,0.0,True
tx-202604-00004000,2026-04-01T00:00:00Z,farmer:413001:002,utility:413001,505.0,utility_payment,upi,413001,0.0,True
tx-202604-00004001,2026-04-01T00:00:00Z,wholesaler:413001:01,farmer:413001:003,4297.6,crop_sale,upi,413001,0.0,True
tx-202604-00004002,2026-04-01T00:00:00Z,farmer:413001:003,utility:413001,630.0,utility_payment,upi,413001,0.0,True
tx-202604-00004003,2026-04-01T00:00:00Z,farmer:413001:003,lender:vridhi,1350.0,loan_repayment,upi,413001,0.0,True
tx-202604-00004004,2026-04-01T00:00:00Z,farmer:413001:004,retailer:413001:03,2464.97,kirana_purchase,upi,413001,0.0,True
tx-202604-00004005,2026-04-01T00:00:00Z,farmer:413001:004,utility:413001,505.0,utility_payment,upi,413001,0.0,True
tx-202604-00004006,2026-04-01T00:00:00Z,wholesaler:413001:01,farmer:413001:005,6685.0,crop_sale,upi,413001,0.0,True
tx-202604-00004007,2026-04-01T00:00:00Z,farmer:413001:005,retailer:413001:02,1875.03,kirana_purchase,upi,413001,0.0,True
tx-202604-00004008,2026-04-01T00:00:00Z,farmer:413001:005,utility:413001,505.0,utility_payment,upi,413001,0.0,True
tx-202604-00004009,2026-04-01T00:00:00Z,farmer:413001:005,lender:vridhi,1350.0,loan_repayment,upi,413001,0.0,True
tx-202604-00004010,2026-04-01T00:00:00Z,farmer:413001:006,retailer:413001:04,2377.91,kirana_purchase,upi,413001,0.0,True
tx-202604-00004011,2026-04-01T00:00:00Z,farmer:413001:006,lender:vridhi,1350.0,loan_repayment,upi,413001,0.0,True
tx-202604-00004012,2026-04-01T00:00:00Z,wholesaler:413001:01,farmer:413001:007,3064.94,crop_sale,upi,413001,0.0,True
tx-202604-00004013,2026-04-01T00:00:00Z,farmer:413001:007,utility:413001,630.0,utility_payment,upi,413001,0.0,True
tx-202604-00004014,2026-04-01T00:00:00Z,farmer:413001:007,lender:vridhi,128.45,loan_repayment,upi,413001,0.0,True
tx-202604-00004015,2026-04-01T00:00:00Z,farmer:413001:008,retailer:413001:04,1497.04,kirana_purchase,upi,413001,0.0,True
tx-202604-00004016,2026-04-01T00:00:00Z,farmer:413001:008,lender:vridhi,1350.0,loan_repayment,upi,413001,0.0,True
tx-202604-00004017,2026-04-01T00:00:00Z,wholesaler:413001:01,farmer:413001:009,8723.15,crop_sale,upi,413001,0.0,True
tx-202604-00004018,2026-04-01T00:00:00Z,farmer:413001:009,retailer:413001:03,2787.27,kirana_purchase,upi,413001,0.0,True
tx-202604-00004019,2026-04-01T00:00:00Z,farmer:413001:009,utility:413001,630.0,utility_payment,upi,413001,0.0,True
tx-202604-00004020,2026-04-01T00:00:00Z,farmer:413001:009,lender:vridhi,1350.0,loan_repayment,upi,413001,0.0,True
tx-202604-00004021,2026-04-01T00:00:00Z,farmer:413001:010,retailer:413001:01,2734.07,kirana_purchase,upi,413001,0.0,True
tx-202604-00004022,2026-04-01T00:00:00Z,farmer:413001:010,utility:413001,505.0,utility_payment,upi,413001,0.0,True
tx-202604-00004023,2026-04-01T00:00:00Z,farmer:413001:010,lender:vridhi,1350.0,loan_repayment,upi,413001,0.0,True
tx-202604-00004024,2026-04-01T00:00:00Z,farmer:413001:011,retailer:413001:04,2876.64,kirana_purchase,upi,413001,0.0,True
tx-202604-00004025,2026-04-01T00:00:00Z,farmer:413001:011,utility:413001,630.0,utility_payment,upi,413001,0.0,True
tx-202604-00004026,2026-04-01T00:00:00Z,wholesaler:413001:01,farmer:413001:012,7733.87,crop_sale,upi,413001,0.0,True
tx-202604-00004027,2026-04-01T00:00:00Z,farmer:413001:012,lender:vridhi,1350.0,loan_repayment,upi,413001,0.0,True
tx-202604-00004028,2026-04-01T00:00:00Z,wholesaler:413001:01,farmer:413001:013,12442.99,crop_sale,upi,413001,0.0,True
tx-202604-00004029,2026-04-01T00:00:00Z,farmer:413001:013,retailer:413001:01,2642.67,kirana_purchase,upi,413001,0.0,True
tx-202604-00004030,2026-04-01T00:00:00Z,farmer:413001:013,utility:413001,630.0,utility_payment,upi,413001,0.0,True
tx-202604-00004031,2026-04-01T00:00:00Z,farmer:413001:014,retailer:413001:02,1961.52,kirana_purchase,upi,413001,0.0,True
tx-202604-00004032,2026-04-01T00:00:00Z,farmer:413001:014,lender:vridhi,1350.0,loan_repayment,upi,413001,0.0,True
tx-202604-00004033,2026-04-01T00:00:00Z,wholesaler:413001:01,farmer:413001:015,7393.72,crop_sale,upi,413001,0.0,True
tx-202604-00004034,2026-04-01T00:00:00Z,farmer:413001:015,retailer:413001:01,1564.14,kirana_purchase,upi,413001,0.0,True
tx-202604-00004035,2026-04-01T00:00:00Z,farmer:413001:015,lender:vridhi,1350.0,loan_repayment,upi,413001,0.0,True
tx-202604-00004036,2026-04-01T00:00:00Z,wholesaler:413001:01,farmer:413001:016,4395.2,crop_sale,upi,413001,0.0,True
tx-202604-00004037,2026-04-01T00:00:00Z,farmer:413001:016,retailer:413001:01,2865.63,kirana_purchase,upi,413001,0.0,True
tx-202604-00004038,2026-04-01T00:00:00Z,farmer:413001:016,utility:413001,505.0,utility_payment,upi,413001,0.0,True
tx-202604-00004039,2026-04-01T00:00:00Z,farmer:413001:016,lender:vridhi,1350.0,loan_repayment,upi,413001,0.0,True
tx-202604-00004040,2026-04-01T00:00:00Z,farmer:413001:017,retailer:413001:02,2880.93,kirana_purchase,upi,413001,0.0,True
tx-202604-00004041,2026-04-01T00:00:00Z,farmer:413001:017,lender:vridhi,1350.0,loan_repayment,upi,413001,0.0,True
tx-202604-00004042,2026-04-01T00:00:00Z,wholesaler:413001:01,farmer:413001:018,7808.81,crop_sale,upi,413001,0.0,True
tx-202604-00004043,2026-04-01T00:00:00Z,farmer:413001:018,retailer:413001:04,1698.62,kirana_purchase,upi,413001,0.0,True
tx-202604-00004044,2026-04-01T00:00:00Z,farmer:413001:018,utility:413001,505.0,utility_payment,upi,413001,0.0,True
tx-202604-00004045,2026-04-01T00:00:00Z,farmer:413001:018,lender:vridhi,1350.0,loan_repayment,upi,413001,0.0,True
tx-202604-00004046,2026-04-01T00:00:00Z,wholesaler:413001:01,farmer:413001:019,11119.42,crop_sale,upi,413001,0.0,True
tx-202604-00004047,2026-04-01T00:00:00Z,farmer:413001:019,retailer:413001:02,2259.47,kirana_purchase,upi,413001,0.0,True
tx-202604-00004048,2026-04-01T00:00:00Z,farmer:413001:019,utility:413001,630.0,utility_payment,upi,413001,0.0,True
tx-202604-00004049,2026-04-01T00:00:00Z,wholesaler:413001:01,farmer:413001:020,5598.95,crop_sale,upi,413001,0.0,True
tx-202604-00004050,2026-04-01T00:00:00Z,farmer:413001:020,utility:413001,630.0,utility_payment,upi,413001,0.0,True
tx-202604-00004051,2026-04-01T00:00:00Z,farmer:413001:020,lender:vridhi,1350.0,loan_repayment,upi,413001,0.0,True
tx-202604-00004052,2026-04-01T00:00:00Z,wholesaler:413001:01,farmer:413001:021,11205.48,crop_sale,upi,413001,0.0,True
tx-202604-00004053,2026-04-01T00:00:00Z,farmer:413001:021,retailer:413001:01,2409.16,kirana_purchase,upi,413001,0.0,True
tx-202604-00004054,2026-04-01T00:00:00Z,farmer:413001:021,utility:413001,630.0,utility_payment,upi,413001,0.0,True
tx-202604-00004055,2026-04-01T00:00:00Z,farmer:413001:021,lender:vridhi,1350.0,loan_repayment,upi,413001,0.0,True
tx-202604-00004056,2026-04-01T00:00:00Z,wholesaler:413001:01,farmer:413001:022,17034.51,crop_sale,upi,413001,0.0,True
tx-202604-00004057,2026-04-01T00:00:00Z,farmer:413001:022,retailer:413001:01,2993.78,kirana_purchase,upi,413001,0.0,True
tx-202604-00004058,2026-04-01T00:00:00Z,farmer:413001:022,utility:413001,630.0,utility_payment,upi,413001,0.0,True
tx-202604-00004059,2026-04-01T00:00:00Z,wholesaler:413001:01,farmer:413001:023,3696.38,crop_sale,upi,413001,0.0,True
tx-202604-00004060,2026-04-01T00:00:00Z,farmer:413001:023,utility:413001,505.0,utility_payment,upi,413001,0.0,True
tx-202604-00004061,2026-04-01T00:00:00Z,farmer:413001:023,lender:vridhi,1133.21,loan_repayment,upi,413001,0.0,True
tx-202604-00004062,2026-04-01T00:00:00Z,wholesaler:413001:01,farmer:413001:024,6690.22,crop_sale,upi,413001,0.0,True
tx-202604-00004063,2026-04-01T00:00:00Z,farmer:413001:024,retailer:413001:01,1746.64,kirana_purchase,upi,413001,0.0,True
tx-202604-00004064,2026-04-01T00:00:00Z,farmer:413001:024,utility:413001,505.0,utility_payment,upi,413001,0.0,True
tx-202604-00004065,2026-04-01T00:00:00Z,farmer:413001:024,lender:vridhi,1350.0,loan_repayment,upi,413001,0.0,True
tx-202604-00004066,2026-04-01T00:00:00Z,farmer:413001:025,utility:413001,630.0,utility_payment,upi,413001,0.0,True
tx-202604-00004067,2026-04-01T00:00:00Z,farmer:413001:025,lender:vridhi,1350.0,loan_repayment,upi,413001,0.0,True
tx-202604-00004068,2026-04-01T00:00:00Z,wholesaler:413001:01,farmer:413001:026,18299.84,crop_sale,upi,413001,0.0,True
tx-202604-00004069,2026-04-01T00:00:00Z,farmer:413001:026,retailer:413001:04,3086.34,kirana_purchase,upi,413001,0.0,True
tx-202604-00004070,2026-04-01T00:00:00Z,farmer:413001:026,utility:413001,505.0,utility_payment,upi,413001,0.0,True
tx-202604-00004071,2026-04-01T00:00:00Z,farmer:413001:026,lender:vridhi,1350.0,loan_repayment,upi,413001,0.0,True
tx-202604-00004072,2026-04-01T00:00:00Z,wholesaler:413001:01,farmer:413001:027,6833.33,crop_sale,upi,413001,0.0,True
tx-202604-00004073,2026-04-01T00:00:00Z,farmer:413001:027,retailer:413001:03,1670.02,kirana_purchase,upi,413001,0.0,True
tx-202604-00004074,2026-04-01T00:00:00Z,farmer:413001:027,lender:vridhi,1350.0,loan_repayment,upi,413001,0.0,True
tx-202604-00004075,2026-04-01T00:00:00Z,wholesaler:413001:01,farmer:413001:028,12043.53,crop_sale,upi,413001,0.0,True
tx-202604-00004076,2026-04-01T00:00:00Z,farmer:413001:028,utility:413001,505.0,utility_payment,upi,413001,0.0,True
tx-202604-00004077,2026-04-01T00:00:00Z,farmer:413001:028,lender:vridhi,1350.0,loan_repayment,upi,413001,0.0,True
tx-202604-00004078,2026-04-01T00:00:00Z,wholesaler:413001:01,farmer:413001:029,6433.98,crop_sale,upi,413001,0.0,True
tx-202604-00004079,2026-04-01T00:00:00Z,farmer:413001:029,lender:vridhi,1350.0,loan_repayment,upi,413001,0.0,True
tx-202604-00004080,2026-04-01T00:00:00Z,farmer:413001:030,retailer:413001:02,2687.88,kirana_purchase,upi,413001,0.0,True
tx-202604-00004081,2026-04-01T00:00:00Z,wholesaler:413001:01,farmer:413001:031,10760.57,crop_sale,upi,413001,0.0,True
tx-202604-00004082,2026-04-01T00:00:00Z,farmer:413001:031,retailer:413001:01,2889.56,kirana_purchase,upi,413001,0.0,True
tx-202604-00004083,2026-04-01T00:00:00Z,farmer:413001:031,lender:vridhi,1350.0,loan_repayment,upi,413001,0.0,True
tx-202604-00004084,2026-04-01T00:00:00Z,farmer:413001:032,retailer:413001:03,1633.02,kirana_purchase,upi,413001,0.0,True
tx-202604-00004085,2026-04-01T00:00:00Z,farmer:413001:032,utility:413001,505.0,utility_payment,upi,413001,0.0,True
tx-202604-00004086,2026-04-01T00:00:00Z,farmer:413001:032,lender:vridhi,1350.0,loan_repayment,upi,413001,0.0,True
tx-202604-00004087,2026-04-01T00:00:00Z,wholesaler:413001:01,farmer:413001:033,11062.18,crop_sale,upi,413001,0.0,True
tx-202604-00004088,2026-04-01T00:00:00Z,farmer:413001:033,retailer:413001:04,2193.78,kirana_purchase,upi,413001,0.0,True
tx-202604-00004089,2026-04-01T00:00:00Z,farmer:413001:033,utility:413001,630.0,utility_payment,upi,413001,0.0,True
tx-202604-00004090,2026-04-01T00:00:00Z,farmer:413001:033,lender:vridhi,1350.0,loan_repayment,upi,413001,0.0,True
tx-202604-00004091,2026-04-01T00:00:00Z,farmer:413001:034,retailer:413001:02,1596.23,kirana_purchase,upi,413001,0.0,True
tx-202604-00004092,2026-04-01T00:00:00Z,farmer:413001:034,lender:vridhi,1350.0,loan_repayment,upi,413001,0.0,True
tx-202604-00004093,2026-04-01T00:00:00Z,wholesaler:413001:01,farmer:413001:035,9562.38,crop_sale,upi,413001,0.0,True
tx-202604-00004094,2026-04-01T00:00:00Z,farmer:413001:035,retailer:413001:01,2061.25,kirana_purchase,upi,413001,0.0,True
tx-202604-00004095,2026-04-01T00:00:00Z,farmer:413001:035,utility:413001,630.0,utility_payment,upi,413001,0.0,True
tx-202604-00004096,2026-04-01T00:00:00Z,farmer:413001:035,lender:vridhi,1350.0,loan_repayment,upi,413001,0.0,True
tx-202604-00004097,2026-04-01T00:00:00Z,retailer:413001:01,wholesaler:413001:01,12571.03,retailer_restock,upi,413001,0.0,True
tx-202604-00004098,2026-04-01T00:00:00Z,retailer:413001:02,wholesaler:413001:01,10835.93,retailer_restock,upi,413001,0.0,True
tx-202604-00004099,2026-04-01T00:00:00Z,retailer:413001:03,wholesaler:413001:01,13733.86,retailer_restock,upi,413001,0.0,True
tx-202604-00004100,2026-04-01T00:00:00Z,retailer:413001:03,utility:413001,1050.0,utility_payment,upi,413001,0.0,True
tx-202604-00004101,2026-04-01T00:00:00Z,retailer:413001:04,wholesaler:413001:01,9876.99,retailer_restock,upi,413001,0.0,True
tx-202604-00004102,2026-04-01T00:00:00Z,retailer:413001:04,utility:413001,1050.0,utility_payment,upi,413001,0.0,True
tx-202604-00004103,2026-04-01T00:00:00Z,wholesaler:413001:01,utility:413001,2400.0,utility_payment,upi,413001,0.0,True
tx-202604-00004104,2026-04-01T00:00:00Z,farmer:431001:001,retailer:431001:01,1666.23,kirana_purchase,upi,431001,0.0,True
tx-202604-00004105,2026-04-01T00:00:00Z,farmer:431001:001,utility:431001,630.0,utility_payment,upi,431001,0.0,True
tx-202604-00004106,2026-04-01T00:00:00Z,farmer:431001:001,lender:vridhi,1350.0,loan_repayment,upi,431001,0.0,True
tx-202604-00004107,2026-04-01T00:00:00Z,wholesaler:431001:01,farmer:431001:002,14812.58,crop_sale,upi,431001,0.0,True
tx-202604-00004108,2026-04-01T00:00:00Z,farmer:431001:002,lender:vridhi,1350.0,loan_repayment,upi,431001,0.0,True
tx-202604-00004109,2026-04-01T00:00:00Z,wholesaler:431001:01,farmer:431001:003,11044.78,crop_sale,upi,431001,0.0,True
tx-202604-00004110,2026-04-01T00:00:00Z,farmer:431001:003,retailer:431001:02,3095.8,kirana_purchase,upi,431001,0.0,True
tx-202604-00004111,2026-04-01T00:00:00Z,farmer:431001:003,utility:431001,505.0,utility_payment,upi,431001,0.0,True
tx-202604-00004112,2026-04-01T00:00:00Z,wholesaler:431001:01,farmer:431001:004,17631.86,crop_sale,upi,431001,0.0,True
tx-202604-00004113,2026-04-01T00:00:00Z,farmer:431001:004,retailer:431001:04,2501.7,kirana_purchase,upi,431001,0.0,True
tx-202604-00004114,2026-04-01T00:00:00Z,farmer:431001:004,lender:vridhi,1350.0,loan_repayment,upi,431001,0.0,True
tx-202604-00004115,2026-04-01T00:00:00Z,farmer:431001:005,retailer:431001:01,1504.87,kirana_purchase,upi,431001,0.0,True
tx-202604-00004116,2026-04-01T00:00:00Z,farmer:431001:005,utility:431001,630.0,utility_payment,upi,431001,0.0,True
tx-202604-00004117,2026-04-01T00:00:00Z,wholesaler:431001:01,farmer:431001:006,9642.93,crop_sale,upi,431001,0.0,True
tx-202604-00004118,2026-04-01T00:00:00Z,farmer:431001:006,lender:vridhi,1350.0,loan_repayment,upi,431001,0.0,True
tx-202604-00004119,2026-04-01T00:00:00Z,farmer:431001:007,retailer:431001:01,2037.94,kirana_purchase,upi,431001,0.0,True
tx-202604-00004120,2026-04-01T00:00:00Z,farmer:431001:007,utility:431001,630.0,utility_payment,upi,431001,0.0,True
tx-202604-00004121,2026-04-01T00:00:00Z,farmer:431001:007,lender:vridhi,237.43,loan_repayment,upi,431001,0.0,True
tx-202604-00004122,2026-04-01T00:00:00Z,farmer:431001:008,retailer:431001:04,3059.22,kirana_purchase,upi,431001,0.0,True
tx-202604-00004123,2026-04-01T00:00:00Z,farmer:431001:008,utility:431001,505.0,utility_payment,upi,431001,0.0,True
tx-202604-00004124,2026-04-01T00:00:00Z,farmer:431001:008,lender:vridhi,1350.0,loan_repayment,upi,431001,0.0,True
tx-202604-00004125,2026-04-01T00:00:00Z,wholesaler:431001:01,farmer:431001:009,7716.39,crop_sale,upi,431001,0.0,True
tx-202604-00004126,2026-04-01T00:00:00Z,farmer:431001:009,lender:vridhi,1350.0,loan_repayment,upi,431001,0.0,True
tx-202604-00004127,2026-04-01T00:00:00Z,wholesaler:431001:01,farmer:431001:010,18862.21,crop_sale,upi,431001,0.0,True
tx-202604-00004128,2026-04-01T00:00:00Z,farmer:431001:010,utility:431001,630.0,utility_payment,upi,431001,0.0,True
tx-202604-00004129,2026-04-01T00:00:00Z,farmer:431001:010,lender:vridhi,1350.0,loan_repayment,upi,431001,0.0,True
tx-202604-00004130,2026-04-01T00:00:00Z,wholesaler:431001:01,farmer:431001:011,4353.06,crop_sale,upi,431001,0.0,True
tx-202604-00004131,2026-04-01T00:00:00Z,farmer:431001:011,retailer:431001:04,2632.25,kirana_purchase,upi,431001,0.0,True
tx-202604-00004132,2026-04-01T00:00:00Z,farmer:431001:011,utility:431001,505.0,utility_payment,upi,431001,0.0,True
tx-202604-00004133,2026-04-01T00:00:00Z,farmer:431001:011,lender:vridhi,1350.0,loan_repayment,upi,431001,0.0,True
tx-202604-00004134,2026-04-01T00:00:00Z,farmer:431001:012,retailer:431001:03,2048.04,kirana_purchase,upi,431001,0.0,True
tx-202604-00004135,2026-04-01T00:00:00Z,farmer:431001:012,lender:vridhi,1350.0,loan_repayment,upi,431001,0.0,True
tx-202604-00004136,2026-04-01T00:00:00Z,wholesaler:431001:01,farmer:431001:013,6284.45,crop_sale,upi,431001,0.0,True
tx-202604-00004137,2026-04-01T00:00:00Z,farmer:431001:013,lender:vridhi,1350.0,loan_repayment,upi,431001,0.0,True
tx-202604-00004138,2026-04-01T00:00:00Z,wholesaler:431001:01,farmer:431001:014,7194.45,crop_sale,upi,431001,0.0,True
tx-202604-00004139,2026-04-01T00:00:00Z,farmer:431001:014,retailer:431001:02,2831.46,kirana_purchase,upi,431001,0.0,True
tx-202604-00004140,2026-04-01T00:00:00Z,farmer:431001:014,utility:431001,505.0,utility_payment,upi,431001,0.0,True
tx-202604-00004141,2026-04-01T00:00:00Z,farmer:431001:014,lender:vridhi,1350.0,loan_repayment,upi,431001,0.0,True
tx-202604-00004142,2026-04-01T00:00:00Z,wholesaler:431001:01,farmer:431001:015,5373.01,crop_sale,upi,431001,0.0,True
tx-202604-00004143,2026-04-01T00:00:00Z,farmer:431001:015,retailer:431001:02,3146.75,kirana_purchase,upi,431001,0.0,True
tx-202604-00004144,2026-04-01T00:00:00Z,farmer:431001:015,utility:431001,630.0,utility_payment,upi,431001,0.0,True
tx-202604-00004145,2026-04-01T00:00:00Z,farmer:431001:015,lender:vridhi,1350.0,loan_repayment,upi,431001,0.0,True
tx-202604-00004146,2026-04-01T00:00:00Z,wholesaler:431001:01,farmer:431001:016,13147.23,crop_sale,upi,431001,0.0,True
tx-202604-00004147,2026-04-01T00:00:00Z,farmer:431001:016,utility:431001,630.0,utility_payment,upi,431001,0.0,True
tx-202604-00004148,2026-04-01T00:00:00Z,wholesaler:431001:01,farmer:431001:017,4613.01,crop_sale,upi,431001,0.0,True
tx-202604-00004149,2026-04-01T00:00:00Z,farmer:431001:017,retailer:431001:03,2776.35,kirana_purchase,upi,431001,0.0,True
tx-202604-00004150,2026-04-01T00:00:00Z,farmer:431001:017,utility:431001,630.0,utility_payment,upi,431001,0.0,True
tx-202604-00004151,2026-04-01T00:00:00Z,farmer:431001:017,lender:vridhi,1350.0,loan_repayment,upi,431001,0.0,True
tx-202604-00004152,2026-04-01T00:00:00Z,wholesaler:431001:01,farmer:431001:018,10952.47,crop_sale,upi,431001,0.0,True
tx-202604-00004153,2026-04-01T00:00:00Z,farmer:431001:018,lender:vridhi,1350.0,loan_repayment,upi,431001,0.0,True
tx-202604-00004154,2026-04-01T00:00:00Z,wholesaler:431001:01,farmer:431001:019,4025.48,crop_sale,upi,431001,0.0,True
tx-202604-00004155,2026-04-01T00:00:00Z,farmer:431001:019,retailer:431001:02,2880.42,kirana_purchase,upi,431001,0.0,True
tx-202604-00004156,2026-04-01T00:00:00Z,farmer:431001:019,utility:431001,505.0,utility_payment,upi,431001,0.0,True
tx-202604-00004157,2026-04-01T00:00:00Z,farmer:431001:019,lender:vridhi,787.21,loan_repayment,upi,431001,0.0,True
tx-202604-00004158,2026-04-01T00:00:00Z,wholesaler:431001:01,farmer:431001:020,14511.14,crop_sale,upi,431001,0.0,True
tx-202604-00004159,2026-04-01T00:00:00Z,farmer:431001:020,retailer:431001:02,1510.98,kirana_purchase,upi,431001,0.0,True
tx-202604-00004160,2026-04-01T00:00:00Z,farmer:431001:020,utility:431001,505.0,utility_payment,upi,431001,0.0,True
tx-202604-00004161,2026-04-01T00:00:00Z,farmer:431001:020,lender:vridhi,1350.0,loan_repayment,upi,431001,0.0,True
tx-202604-00004162,2026-04-01T00:00:00Z,wholesaler:431001:01,farmer:431001:021,7561.18,crop_sale,upi,431001,0.0,True
tx-202604-00004163,2026-04-01T00:00:00Z,farmer:431001:021,retailer:431001:01,1909.51,kirana_purchase,upi,431001,0.0,True
tx-202604-00004164,2026-04-01T00:00:00Z,farmer:431001:021,utility:431001,505.0,utility_payment,upi,431001,0.0,True
tx-202604-00004165,2026-04-01T00:00:00Z,farmer:431001:022,utility:431001,505.0,utility_payment,upi,431001,0.0,True
tx-202604-00004166,2026-04-01T00:00:00Z,farmer:431001:022,lender:vridhi,1350.0,loan_repayment,upi,431001,0.0,True
tx-202604-00004167,2026-04-01T00:00:00Z,wholesaler:431001:01,farmer:431001:023,9235.69,crop_sale,upi,431001,0.0,True
tx-202604-00004168,2026-04-01T00:00:00Z,farmer:431001:023,utility:431001,630.0,utility_payment,upi,431001,0.0,True
tx-202604-00004169,2026-04-01T00:00:00Z,farmer:431001:023,lender:vridhi,1350.0,loan_repayment,upi,431001,0.0,True
tx-202604-00004170,2026-04-01T00:00:00Z,farmer:431001:024,lender:vridhi,1350.0,loan_repayment,upi,431001,0.0,True
tx-202604-00004171,2026-04-01T00:00:00Z,wholesaler:431001:01,farmer:431001:025,10023.49,crop_sale,upi,431001,0.0,True
tx-202604-00004172,2026-04-01T00:00:00Z,farmer:431001:025,lender:vridhi,1350.0,loan_repayment,upi,431001,0.0,True
tx-202604-00004173,2026-04-01T00:00:00Z,wholesaler:431001:01,farmer:431001:026,14037.47,crop_sale,upi,431001,0.0,True
tx-202604-00004174,2026-04-01T00:00:00Z,farmer:431001:026,utility:431001,630.0,utility_payment,upi,431001,0.0,True
tx-202604-00004175,2026-04-01T00:00:00Z,farmer:431001:026,lender:vridhi,1350.0,loan_repayment,upi,431001,0.0,True
tx-202604-00004176,2026-04-01T00:00:00Z,wholesaler:431001:01,farmer:431001:027,9248.56,crop_sale,upi,431001,0.0,True
tx-202604-00004177,2026-04-01T00:00:00Z,farmer:431001:027,retailer:431001:02,3082.52,kirana_purchase,upi,431001,0.0,True
tx-202604-00004178,2026-04-01T00:00:00Z,farmer:431001:027,lender:vridhi,1350.0,loan_repayment,upi,431001,0.0,True
tx-202604-00004179,2026-04-01T00:00:00Z,wholesaler:431001:01,farmer:431001:028,7659.85,crop_sale,upi,431001,0.0,True
tx-202604-00004180,2026-04-01T00:00:00Z,farmer:431001:028,retailer:431001:03,1595.41,kirana_purchase,upi,431001,0.0,True
tx-202604-00004181,2026-04-01T00:00:00Z,farmer:431001:028,utility:431001,630.0,utility_payment,upi,431001,0.0,True
tx-202604-00004182,2026-04-01T00:00:00Z,farmer:431001:028,lender:vridhi,1350.0,loan_repayment,upi,431001,0.0,True
tx-202604-00004183,2026-04-01T00:00:00Z,wholesaler:431001:01,farmer:431001:029,9074.07,crop_sale,upi,431001,0.0,True
tx-202604-00004184,2026-04-01T00:00:00Z,farmer:431001:029,retailer:431001:03,1906.87,kirana_purchase,upi,431001,0.0,True
tx-202604-00004185,2026-04-01T00:00:00Z,farmer:431001:029,utility:431001,505.0,utility_payment,upi,431001,0.0,True
tx-202604-00004186,2026-04-01T00:00:00Z,farmer:431001:029,lender:vridhi,1350.0,loan_repayment,upi,431001,0.0,True
tx-202604-00004187,2026-04-01T00:00:00Z,wholesaler:431001:01,farmer:431001:030,14247.01,crop_sale,upi,431001,0.0,True
tx-202604-00004188,2026-04-01T00:00:00Z,farmer:431001:030,utility:431001,505.0,utility_payment,upi,431001,0.0,True
tx-202604-00004189,2026-04-01T00:00:00Z,farmer:431001:030,lender:vridhi,1350.0,loan_repayment,upi,431001,0.0,True
tx-202604-00004190,2026-04-01T00:00:00Z,wholesaler:431001:01,farmer:431001:031,9629.63,crop_sale,upi,431001,0.0,True
tx-202604-00004191,2026-04-01T00:00:00Z,farmer:431001:031,utility:431001,630.0,utility_payment,upi,431001,0.0,True
tx-202604-00004192,2026-04-01T00:00:00Z,farmer:431001:031,lender:vridhi,1350.0,loan_repayment,upi,431001,0.0,True
tx-202604-00004193,2026-04-01T00:00:00Z,wholesaler:431001:01,farmer:431001:032,17106.98,crop_sale,upi,431001,0.0,True
tx-202604-00004194,2026-04-01T00:00:00Z,farmer:431001:032,retailer:431001:03,3070.6,kirana_purchase,upi,431001,0.0,True
tx-202604-00004195,2026-04-01T00:00:00Z,farmer:431001:032,utility:431001,630.0,utility_payment,upi,431001,0.0,True
tx-202604-00004196,2026-04-01T00:00:00Z,farmer:431001:032,lender:vridhi,1350.0,loan_repayment,upi,431001,0.0,True
tx-202604-00004197,2026-04-01T00:00:00Z,wholesaler:431001:01,farmer:431001:033,14414.44,crop_sale,upi,431001,0.0,True
tx-202604-00004198,2026-04-01T00:00:00Z,farmer:431001:033,retailer:431001:02,2521.57,kirana_purchase,upi,431001,0.0,True
tx-202604-00004199,2026-04-01T00:00:00Z,farmer:431001:033,utility:431001,630.0,utility_payment,upi,431001,0.0,True
tx-202604-00004200,2026-04-01T00:00:00Z,farmer:431001:033,lender:vridhi,1350.0,loan_repayment,upi,431001,0.0,True
tx-202604-00004201,2026-04-01T00:00:00Z,wholesaler:431001:01,farmer:431001:034,5691.25,crop_sale,upi,431001,0.0,True
tx-202604-00004202,2026-04-01T00:00:00Z,farmer:431001:034,retailer:431001:04,2435.81,kirana_purchase,upi,431001,0.0,True
tx-202604-00004203,2026-04-01T00:00:00Z,farmer:431001:034,lender:vridhi,1350.0,loan_repayment,upi,431001,0.0,True
tx-202604-00004204,2026-04-01T00:00:00Z,wholesaler:431001:01,farmer:431001:035,9270.35,crop_sale,upi,431001,0.0,True
tx-202604-00004205,2026-04-01T00:00:00Z,farmer:431001:035,lender:vridhi,1350.0,loan_repayment,upi,431001,0.0,True
tx-202604-00004206,2026-04-01T00:00:00Z,retailer:431001:01,wholesaler:431001:01,5339.46,retailer_restock,upi,431001,0.0,True
tx-202604-00004207,2026-04-01T00:00:00Z,retailer:431001:01,utility:431001,1050.0,utility_payment,upi,431001,0.0,True
tx-202604-00004208,2026-04-01T00:00:00Z,retailer:431001:02,wholesaler:431001:01,14264.31,retailer_restock,upi,431001,0.0,True
tx-202604-00004209,2026-04-01T00:00:00Z,retailer:431001:02,utility:431001,1050.0,utility_payment,upi,431001,0.0,True
tx-202604-00004210,2026-04-01T00:00:00Z,retailer:431001:03,wholesaler:431001:01,14580.94,retailer_restock,upi,431001,0.0,True
tx-202604-00004211,2026-04-01T00:00:00Z,retailer:431001:04,wholesaler:431001:01,14747.64,retailer_restock,upi,431001,0.0,True
tx-202604-00004212,2026-04-01T00:00:00Z,retailer:431001:04,utility:431001,1050.0,utility_payment,upi,431001,0.0,True
tx-202604-00004213,2026-04-01T00:00:00Z,wholesaler:431001:01,utility:431001,2400.0,utility_payment,upi,431001,0.0,True
tx-202604-00004214,2026-04-01T00:00:00Z,farmer:440001:001,utility:440001,505.0,utility_payment,upi,440001,0.0,True
tx-202604-00004215,2026-04-01T00:00:00Z,wholesaler:440001:01,farmer:440001:002,16015.03,crop_sale,upi,440001,0.0,True
tx-202604-00004216,2026-04-01T00:00:00Z,farmer:440001:002,lender:vridhi,1350.0,loan_repayment,upi,440001,0.0,True
tx-202604-00004217,2026-04-01T00:00:00Z,farmer:440001:003,retailer:440001:03,3047.9,kirana_purchase,upi,440001,0.0,True
tx-202604-00004218,2026-04-01T00:00:00Z,farmer:440001:003,utility:440001,630.0,utility_payment,upi,440001,0.0,True
tx-202604-00004219,2026-04-01T00:00:00Z,farmer:440001:003,lender:vridhi,1350.0,loan_repayment,upi,440001,0.0,True
tx-202604-00004220,2026-04-01T00:00:00Z,wholesaler:440001:01,farmer:440001:004,15478.68,crop_sale,upi,440001,0.0,True
tx-202604-00004221,2026-04-01T00:00:00Z,farmer:440001:004,lender:vridhi,1350.0,loan_repayment,upi,440001,0.0,True
tx-202604-00004222,2026-04-01T00:00:00Z,wholesaler:440001:01,farmer:440001:005,15917.25,crop_sale,upi,440001,0.0,True
tx-202604-00004223,2026-04-01T00:00:00Z,farmer:440001:005,retailer:440001:04,2366.24,kirana_purchase,upi,440001,0.0,True
tx-202604-00004224,2026-04-01T00:00:00Z,farmer:440001:005,lender:vridhi,1350.0,loan_repayment,upi,440001,0.0,True
tx-202604-00004225,2026-04-01T00:00:00Z,wholesaler:440001:01,farmer:440001:006,10820.03,crop_sale,upi,440001,0.0,True
tx-202604-00004226,2026-04-01T00:00:00Z,farmer:440001:006,retailer:440001:04,1988.8,kirana_purchase,upi,440001,0.0,True
tx-202604-00004227,2026-04-01T00:00:00Z,farmer:440001:006,utility:440001,630.0,utility_payment,upi,440001,0.0,True
tx-202604-00004228,2026-04-01T00:00:00Z,farmer:440001:007,retailer:440001:03,1842.51,kirana_purchase,upi,440001,0.0,True
tx-202604-00004229,2026-04-01T00:00:00Z,farmer:440001:007,lender:vridhi,1350.0,loan_repayment,upi,440001,0.0,True
tx-202604-00004230,2026-04-01T00:00:00Z,farmer:440001:008,retailer:440001:04,2065.2,kirana_purchase,upi,440001,0.0,True
tx-202604-00004231,2026-04-01T00:00:00Z,farmer:440001:008,utility:440001,505.0,utility_payment,upi,440001,0.0,True
tx-202604-00004232,2026-04-01T00:00:00Z,wholesaler:440001:01,farmer:440001:009,5219.88,crop_sale,upi,440001,0.0,True
tx-202604-00004233,2026-04-01T00:00:00Z,farmer:440001:009,retailer:440001:04,2786.72,kirana_purchase,upi,440001,0.0,True
tx-202604-00004234,2026-04-01T00:00:00Z,wholesaler:440001:01,farmer:440001:010,13234.55,crop_sale,upi,440001,0.0,True
tx-202604-00004235,2026-04-01T00:00:00Z,farmer:440001:010,utility:440001,505.0,utility_payment,upi,440001,0.0,True
tx-202604-00004236,2026-04-01T00:00:00Z,farmer:440001:010,lender:vridhi,1350.0,loan_repayment,upi,440001,0.0,True
tx-202604-00004237,2026-04-01T00:00:00Z,wholesaler:440001:01,farmer:440001:011,11142.76,crop_sale,upi,440001,0.0,True
tx-202604-00004238,2026-04-01T00:00:00Z,farmer:440001:011,utility:440001,505.0,utility_payment,upi,440001,0.0,True
tx-202604-00004239,2026-04-01T00:00:00Z,farmer:440001:011,lender:vridhi,1350.0,loan_repayment,upi,440001,0.0,True
tx-202604-00004240,2026-04-01T00:00:00Z,farmer:440001:012,retailer:440001:04,1476.37,kirana_purchase,upi,440001,0.0,True
tx-202604-00004241,2026-04-01T00:00:00Z,farmer:440001:012,utility:440001,630.0,utility_payment,upi,440001,0.0,True
tx-202604-00004242,2026-04-01T00:00:00Z,farmer:440001:012,lender:vridhi,1350.0,loan_repayment,upi,440001,0.0,True
tx-202604-00004243,2026-04-01T00:00:00Z,wholesaler:440001:01,farmer:440001:013,10044.7,crop_sale,upi,440001,0.0,True
tx-202604-00004244,2026-04-01T00:00:00Z,farmer:440001:013,utility:440001,505.0,utility_payment,upi,440001,0.0,True
tx-202604-00004245,2026-04-01T00:00:00Z,farmer:440001:013,lender:vridhi,1350.0,loan_repayment,upi,440001,0.0,True
tx-202604-00004246,2026-04-01T00:00:00Z,wholesaler:440001:01,farmer:440001:014,6876.27,crop_sale,upi,440001,0.0,True
tx-202604-00004247,2026-04-01T00:00:00Z,farmer:440001:014,retailer:440001:04,2987.24,kirana_purchase,upi,440001,0.0,True
tx-202604-00004248,2026-04-01T00:00:00Z,farmer:440001:014,utility:440001,505.0,utility_payment,upi,440001,0.0,True
tx-202604-00004249,2026-04-01T00:00:00Z,farmer:440001:014,lender:vridhi,1350.0,loan_repayment,upi,440001,0.0,True
tx-202604-00004250,2026-04-01T00:00:00Z,wholesaler:440001:01,farmer:440001:015,10429.35,crop_sale,upi,440001,0.0,True
tx-202604-00004251,2026-04-01T00:00:00Z,farmer:440001:015,retailer:440001:03,2455.51,kirana_purchase,upi,440001,0.0,True
tx-202604-00004252,2026-04-01T00:00:00Z,farmer:440001:015,lender:vridhi,1350.0,loan_repayment,upi,440001,0.0,True
tx-202604-00004253,2026-04-01T00:00:00Z,wholesaler:440001:01,farmer:440001:016,4635.46,crop_sale,upi,440001,0.0,True
tx-202604-00004254,2026-04-01T00:00:00Z,farmer:440001:016,retailer:440001:04,2998.15,kirana_purchase,upi,440001,0.0,True
tx-202604-00004255,2026-04-01T00:00:00Z,farmer:440001:016,lender:vridhi,1350.0,loan_repayment,upi,440001,0.0,True
tx-202604-00004256,2026-04-01T00:00:00Z,wholesaler:440001:01,farmer:440001:017,17867.29,crop_sale,upi,440001,0.0,True
tx-202604-00004257,2026-04-01T00:00:00Z,farmer:440001:017,retailer:440001:02,2680.3,kirana_purchase,upi,440001,0.0,True
tx-202604-00004258,2026-04-01T00:00:00Z,farmer:440001:017,lender:vridhi,1350.0,loan_repayment,upi,440001,0.0,True
tx-202604-00004259,2026-04-01T00:00:00Z,wholesaler:440001:01,farmer:440001:018,7744.58,crop_sale,upi,440001,0.0,True
tx-202604-00004260,2026-04-01T00:00:00Z,farmer:440001:018,retailer:440001:03,2595.64,kirana_purchase,upi,440001,0.0,True
tx-202604-00004261,2026-04-01T00:00:00Z,farmer:440001:018,utility:440001,630.0,utility_payment,upi,440001,0.0,True
tx-202604-00004262,2026-04-01T00:00:00Z,farmer:440001:018,lender:vridhi,1350.0,loan_repayment,upi,440001,0.0,True
tx-202604-00004263,2026-04-01T00:00:00Z,wholesaler:440001:01,farmer:440001:019,14197.76,crop_sale,upi,440001,0.0,True
tx-202604-00004264,2026-04-01T00:00:00Z,farmer:440001:019,retailer:440001:01,1844.85,kirana_purchase,upi,440001,0.0,True
tx-202604-00004265,2026-04-01T00:00:00Z,farmer:440001:019,utility:440001,630.0,utility_payment,upi,440001,0.0,True
tx-202604-00004266,2026-04-01T00:00:00Z,farmer:440001:019,lender:vridhi,1350.0,loan_repayment,upi,440001,0.0,True
tx-202604-00004267,2026-04-01T00:00:00Z,wholesaler:440001:01,farmer:440001:020,12739.24,crop_sale,upi,440001,0.0,True
tx-202604-00004268,2026-04-01T00:00:00Z,farmer:440001:020,retailer:440001:04,1934.94,kirana_purchase,upi,440001,0.0,True
tx-202604-00004269,2026-04-01T00:00:00Z,farmer:440001:021,retailer:440001:02,2181.91,kirana_purchase,upi,440001,0.0,True
tx-202604-00004270,2026-04-01T00:00:00Z,farmer:440001:021,lender:vridhi,1350.0,loan_repayment,upi,440001,0.0,True
tx-202604-00004271,2026-04-01T00:00:00Z,wholesaler:440001:01,farmer:440001:022,5001.67,crop_sale,upi,440001,0.0,True
tx-202604-00004272,2026-04-01T00:00:00Z,farmer:440001:022,retailer:440001:03,1915.54,kirana_purchase,upi,440001,0.0,True
tx-202604-00004273,2026-04-01T00:00:00Z,farmer:440001:022,lender:vridhi,1350.0,loan_repayment,upi,440001,0.0,True
tx-202604-00004274,2026-04-01T00:00:00Z,farmer:440001:023,utility:440001,505.0,utility_payment,upi,440001,0.0,True
tx-202604-00004275,2026-04-01T00:00:00Z,farmer:440001:023,lender:vridhi,1350.0,loan_repayment,upi,440001,0.0,True
tx-202604-00004276,2026-04-01T00:00:00Z,wholesaler:440001:01,farmer:440001:024,14873.69,crop_sale,upi,440001,0.0,True
tx-202604-00004277,2026-04-01T00:00:00Z,farmer:440001:024,retailer:440001:01,2467.27,kirana_purchase,upi,440001,0.0,True
tx-202604-00004278,2026-04-01T00:00:00Z,farmer:440001:024,lender:vridhi,1350.0,loan_repayment,upi,440001,0.0,True
tx-202604-00004279,2026-04-01T00:00:00Z,wholesaler:440001:01,farmer:440001:025,6489.35,crop_sale,upi,440001,0.0,True
tx-202604-00004280,2026-04-01T00:00:00Z,farmer:440001:025,retailer:440001:01,2078.22,kirana_purchase,upi,440001,0.0,True
tx-202604-00004281,2026-04-01T00:00:00Z,farmer:440001:025,lender:vridhi,1350.0,loan_repayment,upi,440001,0.0,True
tx-202604-00004282,2026-04-01T00:00:00Z,wholesaler:440001:01,farmer:440001:026,15162.08,crop_sale,upi,440001,0.0,True
tx-202604-00004283,2026-04-01T00:00:00Z,farmer:440001:026,retailer:440001:04,1951.4,kirana_purchase,upi,440001,0.0,True
tx-202604-00004284,2026-04-01T00:00:00Z,wholesaler:440001:01,farmer:440001:027,7146.99,crop_sale,upi,440001,0.0,True
tx-202604-00004285,2026-04-01T00:00:00Z,farmer:440001:027,retailer:440001:03,1597.67,kirana_purchase,upi,440001,0.0,True
tx-202604-00004286,2026-04-01T00:00:00Z,farmer:440001:027,utility:440001,505.0,utility_payment,upi,440001,0.0,True
tx-202604-00004287,2026-04-01T00:00:00Z,farmer:440001:027,lender:vridhi,1350.0,loan_repayment,upi,440001,0.0,True
tx-202604-00004288,2026-04-01T00:00:00Z,farmer:440001:028,retailer:440001:02,2686.51,kirana_purchase,upi,440001,0.0,True
tx-202604-00004289,2026-04-01T00:00:00Z,farmer:440001:028,utility:440001,630.0,utility_payment,upi,440001,0.0,True
tx-202604-00004290,2026-04-01T00:00:00Z,farmer:440001:028,lender:vridhi,1350.0,loan_repayment,upi,440001,0.0,True
tx-202604-00004291,2026-04-01T00:00:00Z,wholesaler:440001:01,farmer:440001:029,11573.36,crop_sale,upi,440001,0.0,True
tx-202604-00004292,2026-04-01T00:00:00Z,farmer:440001:029,retailer:440001:01,2651.58,kirana_purchase,upi,440001,0.0,True
tx-202604-00004293,2026-04-01T00:00:00Z,farmer:440001:029,lender:vridhi,1350.0,loan_repayment,upi,440001,0.0,True
tx-202604-00004294,2026-04-01T00:00:00Z,farmer:440001:030,retailer:440001:03,1773.68,kirana_purchase,upi,440001,0.0,True
tx-202604-00004295,2026-04-01T00:00:00Z,farmer:440001:030,lender:vridhi,1350.0,loan_repayment,upi,440001,0.0,True
tx-202604-00004296,2026-04-01T00:00:00Z,wholesaler:440001:01,farmer:440001:031,12507.32,crop_sale,upi,440001,0.0,True
tx-202604-00004297,2026-04-01T00:00:00Z,farmer:440001:031,retailer:440001:02,1682.69,kirana_purchase,upi,440001,0.0,True
tx-202604-00004298,2026-04-01T00:00:00Z,farmer:440001:031,lender:vridhi,1350.0,loan_repayment,upi,440001,0.0,True
tx-202604-00004299,2026-04-01T00:00:00Z,wholesaler:440001:01,farmer:440001:032,5087.16,crop_sale,upi,440001,0.0,True
tx-202604-00004300,2026-04-01T00:00:00Z,farmer:440001:032,retailer:440001:02,2697.05,kirana_purchase,upi,440001,0.0,True
tx-202604-00004301,2026-04-01T00:00:00Z,farmer:440001:032,utility:440001,630.0,utility_payment,upi,440001,0.0,True
tx-202604-00004302,2026-04-01T00:00:00Z,farmer:440001:033,retailer:440001:02,1455.44,kirana_purchase,upi,440001,0.0,True
tx-202604-00004303,2026-04-01T00:00:00Z,farmer:440001:033,utility:440001,505.0,utility_payment,upi,440001,0.0,True
tx-202604-00004304,2026-04-01T00:00:00Z,farmer:440001:033,lender:vridhi,1350.0,loan_repayment,upi,440001,0.0,True
tx-202604-00004305,2026-04-01T00:00:00Z,wholesaler:440001:01,farmer:440001:034,14712.63,crop_sale,upi,440001,0.0,True
tx-202604-00004306,2026-04-01T00:00:00Z,farmer:440001:034,retailer:440001:03,2492.74,kirana_purchase,upi,440001,0.0,True
tx-202604-00004307,2026-04-01T00:00:00Z,farmer:440001:034,utility:440001,630.0,utility_payment,upi,440001,0.0,True
tx-202604-00004308,2026-04-01T00:00:00Z,farmer:440001:034,lender:vridhi,1350.0,loan_repayment,upi,440001,0.0,True
tx-202604-00004309,2026-04-01T00:00:00Z,farmer:440001:035,utility:440001,505.0,utility_payment,upi,440001,0.0,True
tx-202604-00004310,2026-04-01T00:00:00Z,farmer:440001:035,lender:vridhi,1350.0,loan_repayment,upi,440001,0.0,True
tx-202604-00004311,2026-04-01T00:00:00Z,retailer:440001:01,wholesaler:440001:01,9476.1,retailer_restock,upi,440001,0.0,True
tx-202604-00004312,2026-04-01T00:00:00Z,retailer:440001:01,utility:440001,1050.0,utility_payment,upi,440001,0.0,True
tx-202604-00004313,2026-04-01T00:00:00Z,retailer:440001:02,wholesaler:440001:01,9119.76,retailer_restock,upi,440001,0.0,True
tx-202604-00004314,2026-04-01T00:00:00Z,retailer:440001:03,utility:440001,1050.0,utility_payment,upi,440001,0.0,True
tx-202604-00004315,2026-04-01T00:00:00Z,retailer:440001:04,wholesaler:440001:01,14922.59,retailer_restock,upi,440001,0.0,True
tx-202604-00004316,2026-04-01T00:00:00Z,retailer:440001:04,utility:440001,1050.0,utility_payment,upi,440001,0.0,True
tx-202604-00004317,2026-04-01T00:00:00Z,wholesaler:440001:01,utility:440001,2400.0,utility_payment,upi,440001,0.0,True
tx-202605-00004318,2026-05-01T00:00:00Z,farmer:413001:002,utility:413001,505.0,utility_payment,upi,413001,0.0,True
tx-202605-00004319,2026-05-01T00:00:00Z,farmer:413001:002,lender:vridhi,1350.0,loan_repayment,upi,413001,0.0,True
tx-202605-00004320,2026-05-01T00:00:00Z,farmer:413001:004,retailer:413001:01,1944.58,kirana_purchase,upi,413001,0.0,True
tx-202605-00004321,2026-05-01T00:00:00Z,farmer:413001:004,lender:vridhi,1350.0,loan_repayment,upi,413001,0.0,True
tx-202605-00004322,2026-05-01T00:00:00Z,farmer:413001:005,retailer:413001:01,2405.84,kirana_purchase,upi,413001,0.0,True
tx-202605-00004323,2026-05-01T00:00:00Z,farmer:413001:005,utility:413001,505.0,utility_payment,upi,413001,0.0,True
tx-202605-00004324,2026-05-01T00:00:00Z,farmer:413001:005,lender:vridhi,1350.0,loan_repayment,upi,413001,0.0,True
tx-202605-00004325,2026-05-01T00:00:00Z,farmer:413001:006,retailer:413001:04,2172.84,kirana_purchase,upi,413001,0.0,True
tx-202605-00004326,2026-05-01T00:00:00Z,farmer:413001:006,utility:413001,630.0,utility_payment,upi,413001,0.0,True
tx-202605-00004327,2026-05-01T00:00:00Z,farmer:413001:006,lender:vridhi,1350.0,loan_repayment,upi,413001,0.0,True
tx-202605-00004328,2026-05-01T00:00:00Z,farmer:413001:008,retailer:413001:01,1974.47,kirana_purchase,upi,413001,0.0,True
tx-202605-00004329,2026-05-01T00:00:00Z,farmer:413001:008,utility:413001,630.0,utility_payment,upi,413001,0.0,True
tx-202605-00004330,2026-05-01T00:00:00Z,farmer:413001:008,lender:vridhi,1350.0,loan_repayment,upi,413001,0.0,True
tx-202605-00004331,2026-05-01T00:00:00Z,farmer:413001:009,retailer:413001:02,2775.24,kirana_purchase,upi,413001,0.0,True
tx-202605-00004332,2026-05-01T00:00:00Z,farmer:413001:009,lender:vridhi,1350.0,loan_repayment,upi,413001,0.0,True
tx-202605-00004333,2026-05-01T00:00:00Z,farmer:413001:010,retailer:413001:02,2478.43,kirana_purchase,upi,413001,0.0,True
tx-202605-00004334,2026-05-01T00:00:00Z,farmer:413001:010,lender:vridhi,1350.0,loan_repayment,upi,413001,0.0,True
tx-202605-00004335,2026-05-01T00:00:00Z,farmer:413001:011,retailer:413001:01,2776.74,kirana_purchase,upi,413001,0.0,True
tx-202605-00004336,2026-05-01T00:00:00Z,farmer:413001:011,utility:413001,630.0,utility_payment,upi,413001,0.0,True
tx-202605-00004337,2026-05-01T00:00:00Z,farmer:413001:011,lender:vridhi,1350.0,loan_repayment,upi,413001,0.0,True
tx-202605-00004338,2026-05-01T00:00:00Z,farmer:413001:012,retailer:413001:01,2563.38,kirana_purchase,upi,413001,0.0,True
tx-202605-00004339,2026-05-01T00:00:00Z,farmer:413001:012,utility:413001,630.0,utility_payment,upi,413001,0.0,True
tx-202605-00004340,2026-05-01T00:00:00Z,farmer:413001:012,lender:vridhi,1350.0,loan_repayment,upi,413001,0.0,True
tx-202605-00004341,2026-05-01T00:00:00Z,farmer:413001:013,retailer:413001:02,2874.85,kirana_purchase,upi,413001,0.0,True
tx-202605-00004342,2026-05-01T00:00:00Z,farmer:413001:013,lender:vridhi,1350.0,loan_repayment,upi,413001,0.0,True
tx-202605-00004343,2026-05-01T00:00:00Z,farmer:413001:014,retailer:413001:02,2998.11,kirana_purchase,upi,413001,0.0,True
tx-202605-00004344,2026-05-01T00:00:00Z,farmer:413001:014,utility:413001,630.0,utility_payment,upi,413001,0.0,True
tx-202605-00004345,2026-05-01T00:00:00Z,farmer:413001:014,lender:vridhi,1350.0,loan_repayment,upi,413001,0.0,True
tx-202605-00004346,2026-05-01T00:00:00Z,farmer:413001:015,retailer:413001:01,1511.33,kirana_purchase,upi,413001,0.0,True
tx-202605-00004347,2026-05-01T00:00:00Z,farmer:413001:015,lender:vridhi,1350.0,loan_repayment,upi,413001,0.0,True
tx-202605-00004348,2026-05-01T00:00:00Z,farmer:413001:016,retailer:413001:04,375.95,kirana_purchase,upi,413001,0.0,True
tx-202605-00004349,2026-05-01T00:00:00Z,farmer:413001:017,retailer:413001:03,1962.49,kirana_purchase,upi,413001,0.0,True
tx-202605-00004350,2026-05-01T00:00:00Z,farmer:413001:017,lender:vridhi,1350.0,loan_repayment,upi,413001,0.0,True
tx-202605-00004351,2026-05-01T00:00:00Z,farmer:413001:018,utility:413001,505.0,utility_payment,upi,413001,0.0,True
tx-202605-00004352,2026-05-01T00:00:00Z,farmer:413001:018,lender:vridhi,1350.0,loan_repayment,upi,413001,0.0,True
tx-202605-00004353,2026-05-01T00:00:00Z,farmer:413001:019,retailer:413001:03,2915.37,kirana_purchase,upi,413001,0.0,True
tx-202605-00004354,2026-05-01T00:00:00Z,farmer:413001:019,utility:413001,630.0,utility_payment,upi,413001,0.0,True
tx-202605-00004355,2026-05-01T00:00:00Z,farmer:413001:019,lender:vridhi,1350.0,loan_repayment,upi,413001,0.0,True
tx-202605-00004356,2026-05-01T00:00:00Z,farmer:413001:020,utility:413001,630.0,utility_payment,upi,413001,0.0,True
tx-202605-00004357,2026-05-01T00:00:00Z,farmer:413001:021,utility:413001,630.0,utility_payment,upi,413001,0.0,True
tx-202605-00004358,2026-05-01T00:00:00Z,farmer:413001:021,lender:vridhi,1350.0,loan_repayment,upi,413001,0.0,True
tx-202605-00004359,2026-05-01T00:00:00Z,farmer:413001:022,retailer:413001:03,2784.11,kirana_purchase,upi,413001,0.0,True
tx-202605-00004360,2026-05-01T00:00:00Z,farmer:413001:022,lender:vridhi,1350.0,loan_repayment,upi,413001,0.0,True
tx-202605-00004361,2026-05-01T00:00:00Z,farmer:413001:024,retailer:413001:03,3097.75,kirana_purchase,upi,413001,0.0,True
tx-202605-00004362,2026-05-01T00:00:00Z,farmer:413001:024,utility:413001,505.0,utility_payment,upi,413001,0.0,True
tx-202605-00004363,2026-05-01T00:00:00Z,farmer:413001:024,lender:vridhi,1350.0,loan_repayment,upi,413001,0.0,True
tx-202605-00004364,2026-05-01T00:00:00Z,farmer:413001:025,retailer:413001:02,3093.71,kirana_purchase,upi,413001,0.0,True
tx-202605-00004365,2026-05-01T00:00:00Z,farmer:413001:025,utility:413001,630.0,utility_payment,upi,413001,0.0,True
tx-202605-00004366,2026-05-01T00:00:00Z,farmer:413001:027,retailer:413001:01,2218.86,kirana_purchase,upi,413001,0.0,True
tx-202605-00004367,2026-05-01T00:00:00Z,farmer:413001:027,utility:413001,505.0,utility_payment,upi,413001,0.0,True
tx-202605-00004368,2026-05-01T00:00:00Z,farmer:413001:027,lender:vridhi,1350.0,loan_repayment,upi,413001,0.0,True
tx-202605-00004369,2026-05-01T00:00:00Z,farmer:413001:028,retailer:413001:04,2078.7,kirana_purchase,upi,413001,0.0,True
tx-202605-00004370,2026-05-01T00:00:00Z,farmer:413001:028,utility:413001,505.0,utility_payment,upi,413001,0.0,True
tx-202605-00004371,2026-05-01T00:00:00Z,farmer:413001:028,lender:vridhi,1350.0,loan_repayment,upi,413001,0.0,True
tx-202605-00004372,2026-05-01T00:00:00Z,farmer:413001:029,retailer:413001:01,1612.16,kirana_purchase,upi,413001,0.0,True
tx-202605-00004373,2026-05-01T00:00:00Z,farmer:413001:029,lender:vridhi,1350.0,loan_repayment,upi,413001,0.0,True
tx-202605-00004374,2026-05-01T00:00:00Z,farmer:413001:030,retailer:413001:02,442.7,kirana_purchase,upi,413001,0.0,True
tx-202605-00004375,2026-05-01T00:00:00Z,farmer:413001:031,lender:vridhi,1350.0,loan_repayment,upi,413001,0.0,True
tx-202605-00004376,2026-05-01T00:00:00Z,farmer:413001:032,retailer:413001:04,1878.44,kirana_purchase,upi,413001,0.0,True
tx-202605-00004377,2026-05-01T00:00:00Z,farmer:413001:032,utility:413001,505.0,utility_payment,upi,413001,0.0,True
tx-202605-00004378,2026-05-01T00:00:00Z,farmer:413001:032,lender:vridhi,57.01,loan_repayment,upi,413001,0.0,True
tx-202605-00004379,2026-05-01T00:00:00Z,farmer:413001:033,retailer:413001:03,2621.3,kirana_purchase,upi,413001,0.0,True
tx-202605-00004380,2026-05-01T00:00:00Z,farmer:413001:033,lender:vridhi,1350.0,loan_repayment,upi,413001,0.0,True
tx-202605-00004381,2026-05-01T00:00:00Z,farmer:413001:035,retailer:413001:04,1982.13,kirana_purchase,upi,413001,0.0,True
tx-202605-00004382,2026-05-01T00:00:00Z,farmer:413001:035,utility:413001,630.0,utility_payment,upi,413001,0.0,True
tx-202605-00004383,2026-05-01T00:00:00Z,farmer:413001:035,lender:vridhi,1350.0,loan_repayment,upi,413001,0.0,True
tx-202605-00004384,2026-05-01T00:00:00Z,retailer:413001:02,wholesaler:413001:01,8919.36,retailer_restock,upi,413001,0.0,True
tx-202605-00004385,2026-05-01T00:00:00Z,retailer:413001:02,utility:413001,1050.0,utility_payment,upi,413001,0.0,True
tx-202605-00004386,2026-05-01T00:00:00Z,retailer:413001:03,utility:413001,1050.0,utility_payment,upi,413001,0.0,True
tx-202605-00004387,2026-05-01T00:00:00Z,retailer:413001:04,wholesaler:413001:01,10501.41,retailer_restock,upi,413001,0.0,True
tx-202605-00004388,2026-05-01T00:00:00Z,retailer:413001:04,utility:413001,1050.0,utility_payment,upi,413001,0.0,True
tx-202605-00004389,2026-05-01T00:00:00Z,farmer:431001:001,retailer:431001:04,1721.53,kirana_purchase,upi,431001,0.0,True
tx-202605-00004390,2026-05-01T00:00:00Z,farmer:431001:002,utility:431001,505.0,utility_payment,upi,431001,0.0,True
tx-202605-00004391,2026-05-01T00:00:00Z,farmer:431001:002,lender:vridhi,1350.0,loan_repayment,upi,431001,0.0,True
tx-202605-00004392,2026-05-01T00:00:00Z,farmer:431001:003,retailer:431001:01,2190.31,kirana_purchase,upi,431001,0.0,True
tx-202605-00004393,2026-05-01T00:00:00Z,farmer:431001:003,lender:vridhi,1350.0,loan_repayment,upi,431001,0.0,True
tx-202605-00004394,2026-05-01T00:00:00Z,farmer:431001:004,retailer:431001:03,2495.67,kirana_purchase,upi,431001,0.0,True
tx-202605-00004395,2026-05-01T00:00:00Z,farmer:431001:004,utility:431001,630.0,utility_payment,upi,431001,0.0,True
tx-202605-00004396,2026-05-01T00:00:00Z,farmer:431001:004,lender:vridhi,1350.0,loan_repayment,upi,431001,0.0,True
tx-202605-00004397,2026-05-01T00:00:00Z,farmer:431001:005,utility:431001,630.0,utility_payment,upi,431001,0.0,True
tx-202605-00004398,2026-05-01T00:00:00Z,farmer:431001:005,lender:vridhi,1350.0,loan_repayment,upi,431001,0.0,True
tx-202605-00004399,2026-05-01T00:00:00Z,farmer:431001:006,lender:vridhi,1350.0,loan_repayment,upi,431001,0.0,True
tx-202605-00004400,2026-05-01T00:00:00Z,farmer:431001:008,retailer:431001:04,1466.7,kirana_purchase,upi,431001,0.0,True
tx-202605-00004401,2026-05-01T00:00:00Z,farmer:431001:008,utility:431001,505.0,utility_payment,upi,431001,0.0,True
tx-202605-00004402,2026-05-01T00:00:00Z,farmer:431001:008,lender:vridhi,1350.0,loan_repayment,upi,431001,0.0,True
tx-202605-00004403,2026-05-01T00:00:00Z,farmer:431001:009,retailer:431001:01,1980.13,kirana_purchase,upi,431001,0.0,True
tx-202605-00004404,2026-05-01T00:00:00Z,farmer:431001:009,lender:vridhi,1350.0,loan_repayment,upi,431001,0.0,True
tx-202605-00004405,2026-05-01T00:00:00Z,farmer:431001:010,retailer:431001:03,1611.01,kirana_purchase,upi,431001,0.0,True
tx-202605-00004406,2026-05-01T00:00:00Z,farmer:431001:010,utility:431001,630.0,utility_payment,upi,431001,0.0,True
tx-202605-00004407,2026-05-01T00:00:00Z,farmer:431001:010,lender:vridhi,1350.0,loan_repayment,upi,431001,0.0,True
tx-202605-00004408,2026-05-01T00:00:00Z,farmer:431001:011,retailer:431001:02,2036.43,kirana_purchase,upi,431001,0.0,True
tx-202605-00004409,2026-05-01T00:00:00Z,farmer:431001:011,utility:431001,505.0,utility_payment,upi,431001,0.0,True
tx-202605-00004410,2026-05-01T00:00:00Z,farmer:431001:011,lender:vridhi,1350.0,loan_repayment,upi,431001,0.0,True
tx-202605-00004411,2026-05-01T00:00:00Z,farmer:431001:012,retailer:431001:04,1910.45,kirana_purchase,upi,431001,0.0,True
tx-202605-00004412,2026-05-01T00:00:00Z,farmer:431001:013,retailer:431001:04,3038.32,kirana_purchase,upi,431001,0.0,True
tx-202605-00004413,2026-05-01T00:00:00Z,farmer:431001:013,utility:431001,630.0,utility_payment,upi,431001,0.0,True
tx-202605-00004414,2026-05-01T00:00:00Z,farmer:431001:013,lender:vridhi,1350.0,loan_repayment,upi,431001,0.0,True
tx-202605-00004415,2026-05-01T00:00:00Z,farmer:431001:014,retailer:431001:02,1625.06,kirana_purchase,upi,431001,0.0,True
tx-202605-00004416,2026-05-01T00:00:00Z,farmer:431001:014,utility:431001,505.0,utility_payment,upi,431001,0.0,True
tx-202605-00004417,2026-05-01T00:00:00Z,farmer:431001:014,lender:vridhi,1350.0,loan_repayment,upi,431001,0.0,True
tx-202605-00004418,2026-05-01T00:00:00Z,farmer:431001:015,retailer:431001:02,2800.65,kirana_purchase,upi,431001,0.0,True
tx-202605-00004419,2026-05-01T00:00:00Z,farmer:431001:016,utility:431001,630.0,utility_payment,upi,431001,0.0,True
tx-202605-00004420,2026-05-01T00:00:00Z,farmer:431001:016,lender:vridhi,1350.0,loan_repayment,upi,431001,0.0,True
tx-202605-00004421,2026-05-01T00:00:00Z,farmer:431001:017,retailer:431001:04,1421.67,kirana_purchase,upi,431001,0.0,True
tx-202605-00004422,2026-05-01T00:00:00Z,farmer:431001:018,retailer:431001:02,3131.45,kirana_purchase,upi,431001,0.0,True
tx-202605-00004423,2026-05-01T00:00:00Z,farmer:431001:018,lender:vridhi,1350.0,loan_repayment,upi,431001,0.0,True
tx-202605-00004424,2026-05-01T00:00:00Z,farmer:431001:020,utility:431001,505.0,utility_payment,upi,431001,0.0,True
tx-202605-00004425,2026-05-01T00:00:00Z,farmer:431001:020,lender:vridhi,1350.0,loan_repayment,upi,431001,0.0,True
tx-202605-00004426,2026-05-01T00:00:00Z,farmer:431001:021,retailer:431001:04,2173.19,kirana_purchase,upi,431001,0.0,True
tx-202605-00004427,2026-05-01T00:00:00Z,farmer:431001:021,utility:431001,505.0,utility_payment,upi,431001,0.0,True
tx-202605-00004428,2026-05-01T00:00:00Z,farmer:431001:021,lender:vridhi,1350.0,loan_repayment,upi,431001,0.0,True
tx-202605-00004429,2026-05-01T00:00:00Z,farmer:431001:022,retailer:431001:02,2402.25,kirana_purchase,upi,431001,0.0,True
tx-202605-00004430,2026-05-01T00:00:00Z,farmer:431001:022,utility:431001,505.0,utility_payment,upi,431001,0.0,True
tx-202605-00004431,2026-05-01T00:00:00Z,farmer:431001:022,lender:vridhi,1350.0,loan_repayment,upi,431001,0.0,True
tx-202605-00004432,2026-05-01T00:00:00Z,farmer:431001:023,retailer:431001:03,2875.7,kirana_purchase,upi,431001,0.0,True
tx-202605-00004433,2026-05-01T00:00:00Z,farmer:431001:023,utility:431001,630.0,utility_payment,upi,431001,0.0,True
tx-202605-00004434,2026-05-01T00:00:00Z,farmer:431001:023,lender:vridhi,1350.0,loan_repayment,upi,431001,0.0,True
tx-202605-00004435,2026-05-01T00:00:00Z,farmer:431001:024,lender:vridhi,628.53,loan_repayment,upi,431001,0.0,True
tx-202605-00004436,2026-05-01T00:00:00Z,farmer:431001:025,retailer:431001:04,2402.83,kirana_purchase,upi,431001,0.0,True
tx-202605-00004437,2026-05-01T00:00:00Z,farmer:431001:025,lender:vridhi,1350.0,loan_repayment,upi,431001,0.0,True
tx-202605-00004438,2026-05-01T00:00:00Z,farmer:431001:026,retailer:431001:04,2558.56,kirana_purchase,upi,431001,0.0,True
tx-202605-00004439,2026-05-01T00:00:00Z,farmer:431001:027,retailer:431001:03,2688.44,kirana_purchase,upi,431001,0.0,True
tx-202605-00004440,2026-05-01T00:00:00Z,farmer:431001:027,utility:431001,505.0,utility_payment,upi,431001,0.0,True
tx-202605-00004441,2026-05-01T00:00:00Z,farmer:431001:028,retailer:431001:02,2100.18,kirana_purchase,upi,431001,0.0,True
tx-202605-00004442,2026-05-01T00:00:00Z,farmer:431001:028,lender:vridhi,1350.0,loan_repayment,upi,431001,0.0,True
tx-202605-00004443,2026-05-01T00:00:00Z,farmer:431001:029,retailer:431001:04,2063.69,kirana_purchase,upi,431001,0.0,True
tx-202605-00004444,2026-05-01T00:00:00Z,farmer:431001:029,utility:431001,505.0,utility_payment,upi,431001,0.0,True
tx-202605-00004445,2026-05-01T00:00:00Z,farmer:431001:029,lender:vridhi,1350.0,loan_repayment,upi,431001,0.0,True
tx-202605-00004446,2026-05-01T00:00:00Z,farmer:431001:030,retailer:431001:03,3006.87,kirana_purchase,upi,431001,0.0,True
tx-202605-00004447,2026-05-01T00:00:00Z,farmer:431001:030,utility:431001,505.0,utility_payment,upi,431001,0.0,True
tx-202605-00004448,2026-05-01T00:00:00Z,farmer:431001:030,lender:vridhi,1350.0,loan_repayment,upi,431001,0.0,True
tx-202605-00004449,2026-05-01T00:00:00Z,farmer:431001:031,retailer:431001:03,2540.85,kirana_purchase,upi,431001,0.0,True
tx-202605-00004450,2026-05-01T00:00:00Z,farmer:431001:031,lender:vridhi,1350.0,loan_repayment,upi,431001,0.0,True
tx-202605-00004451,2026-05-01T00:00:00Z,farmer:431001:033,retailer:431001:04,3145.29,kirana_purchase,upi,431001,0.0,True
tx-202605-00004452,2026-05-01T00:00:00Z,farmer:431001:033,utility:431001,630.0,utility_payment,upi,431001,0.0,True
tx-202605-00004453,2026-05-01T00:00:00Z,farmer:431001:033,lender:vridhi,1350.0,loan_repayment,upi,431001,0.0,True
tx-202605-00004454,2026-05-01T00:00:00Z,farmer:431001:034,retailer:431001:01,1514.93,kirana_purchase,upi,431001,0.0,True
tx-202605-00004455,2026-05-01T00:00:00Z,farmer:431001:034,lender:vridhi,1350.0,loan_repayment,upi,431001,0.0,True
tx-202605-00004456,2026-05-01T00:00:00Z,farmer:431001:035,retailer:431001:02,2930.55,kirana_purchase,upi,431001,0.0,True
tx-202605-00004457,2026-05-01T00:00:00Z,farmer:431001:035,utility:431001,505.0,utility_payment,upi,431001,0.0,True
tx-202605-00004458,2026-05-01T00:00:00Z,retailer:431001:01,wholesaler:431001:01,3928.67,retailer_restock,upi,431001,0.0,True
tx-202605-00004459,2026-05-01T00:00:00Z,retailer:431001:01,utility:431001,1050.0,utility_payment,upi,431001,0.0,True
tx-202605-00004460,2026-05-01T00:00:00Z,retailer:431001:02,wholesaler:431001:01,11904.47,retailer_restock,upi,431001,0.0,True
tx-202605-00004461,2026-05-01T00:00:00Z,retailer:431001:03,wholesaler:431001:01,9554.38,retailer_restock,upi,431001,0.0,True
tx-202605-00004462,2026-05-01T00:00:00Z,retailer:431001:03,utility:431001,1050.0,utility_payment,upi,431001,0.0,True
tx-202605-00004463,2026-05-01T00:00:00Z,retailer:431001:04,utility:431001,1050.0,utility_payment,upi,431001,0.0,True
tx-202605-00004464,2026-05-01T00:00:00Z,wholesaler:431001:01,utility:431001,2400.0,utility_payment,upi,431001,0.0,True
tx-202605-00004465,2026-05-01T00:00:00Z,farmer:440001:001,retailer:440001:01,3048.93,kirana_purchase,upi,440001,0.0,True
tx-202605-00004466,2026-05-01T00:00:00Z,farmer:440001:001,lender:vridhi,1350.0,loan_repayment,upi,440001,0.0,True
tx-202605-00004467,2026-05-01T00:00:00Z,farmer:440001:002,utility:440001,505.0,utility_payment,upi,440001,0.0,True
tx-202605-00004468,2026-05-01T00:00:00Z,farmer:440001:002,lender:vridhi,1350.0,loan_repayment,upi,440001,0.0,True
tx-202605-00004469,2026-05-01T00:00:00Z,farmer:440001:003,retailer:440001:02,2203.78,kirana_purchase,upi,440001,0.0,True
tx-202605-00004470,2026-05-01T00:00:00Z,farmer:440001:003,utility:440001,630.0,utility_payment,upi,440001,0.0,True
tx-202605-00004471,2026-05-01T00:00:00Z,farmer:440001:003,lender:vridhi,1350.0,loan_repayment,upi,440001,0.0,True
tx-202605-00004472,2026-05-01T00:00:00Z,farmer:440001:004,lender:vridhi,1350.0,loan_repayment,upi,440001,0.0,True
tx-202605-00004473,2026-05-01T00:00:00Z,farmer:440001:005,retailer:440001:03,1650.11,kirana_purchase,upi,440001,0.0,True
tx-202605-00004474,2026-05-01T00:00:00Z,farmer:440001:005,lender:vridhi,1350.0,loan_repayment,upi,440001,0.0,True
tx-202605-00004475,2026-05-01T00:00:00Z,farmer:440001:006,utility:440001,630.0,utility_payment,upi,440001,0.0,True
tx-202605-00004476,2026-05-01T00:00:00Z,farmer:440001:006,lender:vridhi,1350.0,loan_repayment,upi,440001,0.0,True
tx-202605-00004477,2026-05-01T00:00:00Z,farmer:440001:007,lender:vridhi,1350.0,loan_repayment,upi,440001,0.0,True
tx-202605-00004478,2026-05-01T00:00:00Z,farmer:440001:008,retailer:440001:02,2534.51,kirana_purchase,upi,440001,0.0,True
tx-202605-00004479,2026-05-01T00:00:00Z,farmer:440001:009,retailer:440001:03,2873.42,kirana_purchase,upi,440001,0.0,True
tx-202605-00004480,2026-05-01T00:00:00Z,farmer:440001:009,lender:vridhi,1350.0,loan_repayment,upi,440001,0.0,True
tx-202605-00004481,2026-05-01T00:00:00Z,farmer:440001:010,retailer:440001:02,1977.83,kirana_purchase,upi,440001,0.0,True
tx-202605-00004482,2026-05-01T00:00:00Z,farmer:440001:010,utility:440001,505.0,utility_payment,upi,440001,0.0,True
tx-202605-00004483,2026-05-01T00:00:00Z,farmer:440001:010,lender:vridhi,1350.0,loan_repayment,upi,440001,0.0,True
tx-202605-00004484,2026-05-01T00:00:00Z,farmer:440001:011,utility:440001,505.0,utility_payment,upi,440001,0.0,True
tx-202605-00004485,2026-05-01T00:00:00Z,farmer:440001:011,lender:vridhi,1350.0,loan_repayment,upi,440001,0.0,True
tx-202605-00004486,2026-05-01T00:00:00Z,farmer:440001:012,retailer:440001:03,1890.9,kirana_purchase,upi,440001,0.0,True
tx-202605-00004487,2026-05-01T00:00:00Z,farmer:440001:012,utility:440001,630.0,utility_payment,upi,440001,0.0,True
tx-202605-00004488,2026-05-01T00:00:00Z,farmer:440001:012,lender:vridhi,1350.0,loan_repayment,upi,440001,0.0,True
tx-202605-00004489,2026-05-01T00:00:00Z,farmer:440001:013,retailer:440001:03,2043.06,kirana_purchase,upi,440001,0.0,True
tx-202605-00004490,2026-05-01T00:00:00Z,farmer:440001:013,utility:440001,505.0,utility_payment,upi,440001,0.0,True
tx-202605-00004491,2026-05-01T00:00:00Z,farmer:440001:013,lender:vridhi,1350.0,loan_repayment,upi,440001,0.0,True
tx-202605-00004492,2026-05-01T00:00:00Z,farmer:440001:014,utility:440001,505.0,utility_payment,upi,440001,0.0,True
tx-202605-00004493,2026-05-01T00:00:00Z,farmer:440001:014,lender:vridhi,1350.0,loan_repayment,upi,440001,0.0,True
tx-202605-00004494,2026-05-01T00:00:00Z,farmer:440001:015,retailer:440001:02,3139.38,kirana_purchase,upi,440001,0.0,True
tx-202605-00004495,2026-05-01T00:00:00Z,farmer:440001:015,utility:440001,505.0,utility_payment,upi,440001,0.0,True
tx-202605-00004496,2026-05-01T00:00:00Z,farmer:440001:015,lender:vridhi,1350.0,loan_repayment,upi,440001,0.0,True
tx-202605-00004497,2026-05-01T00:00:00Z,farmer:440001:017,utility:440001,505.0,utility_payment,upi,440001,0.0,True
tx-202605-00004498,2026-05-01T00:00:00Z,farmer:440001:017,lender:vridhi,1350.0,loan_repayment,upi,440001,0.0,True
tx-202605-00004499,2026-05-01T00:00:00Z,farmer:440001:018,retailer:440001:01,3017.26,kirana_purchase,upi,440001,0.0,True
tx-202605-00004500,2026-05-01T00:00:00Z,farmer:440001:018,utility:440001,630.0,utility_payment,upi,440001,0.0,True
tx-202605-00004501,2026-05-01T00:00:00Z,farmer:440001:018,lender:vridhi,1350.0,loan_repayment,upi,440001,0.0,True
tx-202605-00004502,2026-05-01T00:00:00Z,farmer:440001:019,retailer:440001:04,2447.6,kirana_purchase,upi,440001,0.0,True
tx-202605-00004503,2026-05-01T00:00:00Z,farmer:440001:019,utility:440001,630.0,utility_payment,upi,440001,0.0,True
tx-202605-00004504,2026-05-01T00:00:00Z,farmer:440001:019,lender:vridhi,1350.0,loan_repayment,upi,440001,0.0,True
tx-202605-00004505,2026-05-01T00:00:00Z,farmer:440001:020,retailer:440001:01,1998.03,kirana_purchase,upi,440001,0.0,True
tx-202605-00004506,2026-05-01T00:00:00Z,farmer:440001:020,utility:440001,630.0,utility_payment,upi,440001,0.0,True
tx-202605-00004507,2026-05-01T00:00:00Z,farmer:440001:021,retailer:440001:02,2166.39,kirana_purchase,upi,440001,0.0,True
tx-202605-00004508,2026-05-01T00:00:00Z,farmer:440001:021,utility:440001,630.0,utility_payment,upi,440001,0.0,True
tx-202605-00004509,2026-05-01T00:00:00Z,farmer:440001:021,lender:vridhi,1350.0,loan_repayment,upi,440001,0.0,True
tx-202605-00004510,2026-05-01T00:00:00Z,farmer:440001:022,retailer:440001:03,1970.67,kirana_purchase,upi,440001,0.0,True
tx-202605-00004511,2026-05-01T00:00:00Z,farmer:440001:022,utility:440001,148.53,utility_payment,upi,440001,0.0,True
tx-202605-00004512,2026-05-01T00:00:00Z,farmer:440001:023,retailer:440001:01,2196.31,kirana_purchase,upi,440001,0.0,True
tx-202605-00004513,2026-05-01T00:00:00Z,farmer:440001:023,utility:440001,505.0,utility_payment,upi,440001,0.0,True
tx-202605-00004514,2026-05-01T00:00:00Z,farmer:440001:023,lender:vridhi,1350.0,loan_repayment,upi,440001,0.0,True
tx-202605-00004515,2026-05-01T00:00:00Z,farmer:440001:024,retailer:440001:04,2255.07,kirana_purchase,upi,440001,0.0,True
tx-202605-00004516,2026-05-01T00:00:00Z,farmer:440001:024,lender:vridhi,1350.0,loan_repayment,upi,440001,0.0,True
tx-202605-00004517,2026-05-01T00:00:00Z,farmer:440001:025,retailer:440001:04,2603.54,kirana_purchase,upi,440001,0.0,True
tx-202605-00004518,2026-05-01T00:00:00Z,farmer:440001:026,lender:vridhi,1350.0,loan_repayment,upi,440001,0.0,True
tx-202605-00004519,2026-05-01T00:00:00Z,farmer:440001:027,retailer:440001:01,1728.84,kirana_purchase,upi,440001,0.0,True
tx-202605-00004520,2026-05-01T00:00:00Z,farmer:440001:027,utility:440001,505.0,utility_payment,upi,440001,0.0,True
tx-202605-00004521,2026-05-01T00:00:00Z,farmer:440001:027,lender:vridhi,1350.0,loan_repayment,upi,440001,0.0,True
tx-202605-00004522,2026-05-01T00:00:00Z,farmer:440001:028,retailer:440001:02,3067.54,kirana_purchase,upi,440001,0.0,True
tx-202605-00004523,2026-05-01T00:00:00Z,farmer:440001:028,utility:440001,630.0,utility_payment,upi,440001,0.0,True
tx-202605-00004524,2026-05-01T00:00:00Z,farmer:440001:028,lender:vridhi,1350.0,loan_repayment,upi,440001,0.0,True
tx-202605-00004525,2026-05-01T00:00:00Z,farmer:440001:029,retailer:440001:01,3099.55,kirana_purchase,upi,440001,0.0,True
tx-202605-00004526,2026-05-01T00:00:00Z,farmer:440001:029,lender:vridhi,1350.0,loan_repayment,upi,440001,0.0,True
tx-202605-00004527,2026-05-01T00:00:00Z,farmer:440001:030,retailer:440001:04,2123.19,kirana_purchase,upi,440001,0.0,True
tx-202605-00004528,2026-05-01T00:00:00Z,farmer:440001:030,utility:440001,505.0,utility_payment,upi,440001,0.0,True
tx-202605-00004529,2026-05-01T00:00:00Z,farmer:440001:030,lender:vridhi,1350.0,loan_repayment,upi,440001,0.0,True
tx-202605-00004530,2026-05-01T00:00:00Z,farmer:440001:031,retailer:440001:02,1962.18,kirana_purchase,upi,440001,0.0,True
tx-202605-00004531,2026-05-01T00:00:00Z,farmer:440001:031,utility:440001,630.0,utility_payment,upi,440001,0.0,True
tx-202605-00004532,2026-05-01T00:00:00Z,farmer:440001:031,lender:vridhi,1350.0,loan_repayment,upi,440001,0.0,True
tx-202605-00004533,2026-05-01T00:00:00Z,farmer:440001:032,retailer:440001:01,958.16,kirana_purchase,upi,440001,0.0,True
tx-202605-00004534,2026-05-01T00:00:00Z,farmer:440001:033,retailer:440001:03,1458.41,kirana_purchase,upi,440001,0.0,True
tx-202605-00004535,2026-05-01T00:00:00Z,farmer:440001:033,utility:440001,505.0,utility_payment,upi,440001,0.0,True
tx-202605-00004536,2026-05-01T00:00:00Z,farmer:440001:033,lender:vridhi,1350.0,loan_repayment,upi,440001,0.0,True
tx-202605-00004537,2026-05-01T00:00:00Z,farmer:440001:034,utility:440001,630.0,utility_payment,upi,440001,0.0,True
tx-202605-00004538,2026-05-01T00:00:00Z,farmer:440001:035,retailer:440001:02,2747.2,kirana_purchase,upi,440001,0.0,True
tx-202605-00004539,2026-05-01T00:00:00Z,farmer:440001:035,utility:440001,472.41,utility_payment,upi,440001,0.0,True
tx-202605-00004540,2026-05-01T00:00:00Z,retailer:440001:01,wholesaler:440001:01,13046.15,retailer_restock,upi,440001,0.0,True
tx-202605-00004541,2026-05-01T00:00:00Z,retailer:440001:01,utility:440001,1050.0,utility_payment,upi,440001,0.0,True
tx-202605-00004542,2026-05-01T00:00:00Z,retailer:440001:02,utility:440001,1050.0,utility_payment,upi,440001,0.0,True
tx-202605-00004543,2026-05-01T00:00:00Z,retailer:440001:03,wholesaler:440001:01,10919.08,retailer_restock,upi,440001,0.0,True
tx-202605-00004544,2026-05-01T00:00:00Z,retailer:440001:03,utility:440001,1050.0,utility_payment,upi,440001,0.0,True
tx-202605-00004545,2026-05-01T00:00:00Z,retailer:440001:04,utility:440001,1050.0,utility_payment,upi,440001,0.0,True
tx-202605-00004546,2026-05-01T00:00:00Z,wholesaler:440001:01,utility:440001,2400.0,utility_payment,upi,440001,0.0,True
tx-202606-00004547,2026-06-01T00:00:00Z,farmer:413001:002,retailer:413001:03,2302.48,kirana_purchase,upi,413001,0.0,True
tx-202606-00004548,2026-06-01T00:00:00Z,farmer:413001:002,utility:413001,505.0,utility_payment,upi,413001,0.0,True
tx-202606-00004549,2026-06-01T00:00:00Z,farmer:413001:002,lender:vridhi,1350.0,loan_repayment,upi,413001,0.0,True
tx-202606-00004550,2026-06-01T00:00:00Z,farmer:413001:004,retailer:413001:02,2299.91,kirana_purchase,upi,413001,0.0,True
tx-202606-00004551,2026-06-01T00:00:00Z,farmer:413001:004,utility:413001,22.15,utility_payment,upi,413001,0.0,True
tx-202606-00004552,2026-06-01T00:00:00Z,farmer:413001:005,retailer:413001:01,2027.3,kirana_purchase,upi,413001,0.0,True
tx-202606-00004553,2026-06-01T00:00:00Z,farmer:413001:005,utility:413001,505.0,utility_payment,upi,413001,0.0,True
tx-202606-00004554,2026-06-01T00:00:00Z,farmer:413001:005,lender:vridhi,1350.0,loan_repayment,upi,413001,0.0,True
tx-202606-00004555,2026-06-01T00:00:00Z,farmer:413001:006,retailer:413001:04,1708.61,kirana_purchase,upi,413001,0.0,True
tx-202606-00004556,2026-06-01T00:00:00Z,farmer:413001:008,retailer:413001:04,1755.18,kirana_purchase,upi,413001,0.0,True
tx-202606-00004557,2026-06-01T00:00:00Z,farmer:413001:008,utility:413001,630.0,utility_payment,upi,413001,0.0,True
tx-202606-00004558,2026-06-01T00:00:00Z,farmer:413001:008,lender:vridhi,1350.0,loan_repayment,upi,413001,0.0,True
tx-202606-00004559,2026-06-01T00:00:00Z,farmer:413001:009,utility:413001,335.15,utility_payment,upi,413001,0.0,True
tx-202606-00004560,2026-06-01T00:00:00Z,farmer:413001:010,retailer:413001:04,2816.04,kirana_purchase,upi,413001,0.0,True
tx-202606-00004561,2026-06-01T00:00:00Z,farmer:413001:010,utility:413001,505.0,utility_payment,upi,413001,0.0,True
tx-202606-00004562,2026-06-01T00:00:00Z,farmer:413001:010,lender:vridhi,1350.0,loan_repayment,upi,413001,0.0,True
tx-202606-00004563,2026-06-01T00:00:00Z,farmer:413001:011,retailer:413001:04,2616.71,kirana_purchase,upi,413001,0.0,True
tx-202606-00004564,2026-06-01T00:00:00Z,farmer:413001:011,utility:413001,630.0,utility_payment,upi,413001,0.0,True
tx-202606-00004565,2026-06-01T00:00:00Z,farmer:413001:011,lender:vridhi,1350.0,loan_repayment,upi,413001,0.0,True
tx-202606-00004566,2026-06-01T00:00:00Z,farmer:413001:012,retailer:413001:04,2761.31,kirana_purchase,upi,413001,0.0,True
tx-202606-00004567,2026-06-01T00:00:00Z,farmer:413001:012,utility:413001,630.0,utility_payment,upi,413001,0.0,True
tx-202606-00004568,2026-06-01T00:00:00Z,farmer:413001:012,lender:vridhi,1350.0,loan_repayment,upi,413001,0.0,True
tx-202606-00004569,2026-06-01T00:00:00Z,farmer:413001:014,retailer:413001:03,1639.84,kirana_purchase,upi,413001,0.0,True
tx-202606-00004570,2026-06-01T00:00:00Z,farmer:413001:014,utility:413001,630.0,utility_payment,upi,413001,0.0,True
tx-202606-00004571,2026-06-01T00:00:00Z,farmer:413001:014,lender:vridhi,1350.0,loan_repayment,upi,413001,0.0,True
tx-202606-00004572,2026-06-01T00:00:00Z,farmer:413001:015,retailer:413001:01,1705.66,kirana_purchase,upi,413001,0.0,True
tx-202606-00004573,2026-06-01T00:00:00Z,farmer:413001:015,lender:vridhi,1350.0,loan_repayment,upi,413001,0.0,True
tx-202606-00004574,2026-06-01T00:00:00Z,farmer:413001:017,retailer:413001:04,2189.31,kirana_purchase,upi,413001,0.0,True
tx-202606-00004575,2026-06-01T00:00:00Z,farmer:413001:017,utility:413001,630.0,utility_payment,upi,413001,0.0,True
tx-202606-00004576,2026-06-01T00:00:00Z,farmer:413001:018,utility:413001,505.0,utility_payment,upi,413001,0.0,True
tx-202606-00004577,2026-06-01T00:00:00Z,farmer:413001:018,lender:vridhi,1350.0,loan_repayment,upi,413001,0.0,True
tx-202606-00004578,2026-06-01T00:00:00Z,farmer:413001:019,utility:413001,630.0,utility_payment,upi,413001,0.0,True
tx-202606-00004579,2026-06-01T00:00:00Z,farmer:413001:019,lender:vridhi,1350.0,loan_repayment,upi,413001,0.0,True
tx-202606-00004580,2026-06-01T00:00:00Z,farmer:413001:021,retailer:413001:01,2209.51,kirana_purchase,upi,413001,0.0,True
tx-202606-00004581,2026-06-01T00:00:00Z,farmer:413001:021,utility:413001,630.0,utility_payment,upi,413001,0.0,True
tx-202606-00004582,2026-06-01T00:00:00Z,farmer:413001:021,lender:vridhi,1350.0,loan_repayment,upi,413001,0.0,True
tx-202606-00004583,2026-06-01T00:00:00Z,farmer:413001:022,retailer:413001:01,2353.16,kirana_purchase,upi,413001,0.0,True
tx-202606-00004584,2026-06-01T00:00:00Z,farmer:413001:022,utility:413001,630.0,utility_payment,upi,413001,0.0,True
tx-202606-00004585,2026-06-01T00:00:00Z,farmer:413001:022,lender:vridhi,1350.0,loan_repayment,upi,413001,0.0,True
tx-202606-00004586,2026-06-01T00:00:00Z,farmer:413001:024,retailer:413001:04,2182.87,kirana_purchase,upi,413001,0.0,True
tx-202606-00004587,2026-06-01T00:00:00Z,farmer:413001:024,lender:vridhi,1350.0,loan_repayment,upi,413001,0.0,True
tx-202606-00004588,2026-06-01T00:00:00Z,farmer:413001:026,retailer:413001:04,1519.09,kirana_purchase,upi,413001,0.0,True
tx-202606-00004589,2026-06-01T00:00:00Z,farmer:413001:026,utility:413001,505.0,utility_payment,upi,413001,0.0,True
tx-202606-00004590,2026-06-01T00:00:00Z,farmer:413001:026,lender:vridhi,1350.0,loan_repayment,upi,413001,0.0,True
tx-202606-00004591,2026-06-01T00:00:00Z,farmer:413001:027,utility:413001,505.0,utility_payment,upi,413001,0.0,True
tx-202606-00004592,2026-06-01T00:00:00Z,farmer:413001:028,retailer:413001:03,2168.3,kirana_purchase,upi,413001,0.0,True
tx-202606-00004593,2026-06-01T00:00:00Z,farmer:413001:028,lender:vridhi,1350.0,loan_repayment,upi,413001,0.0,True
tx-202606-00004594,2026-06-01T00:00:00Z,farmer:413001:029,retailer:413001:01,2872.65,kirana_purchase,upi,413001,0.0,True
tx-202606-00004595,2026-06-01T00:00:00Z,farmer:413001:029,utility:413001,505.0,utility_payment,upi,413001,0.0,True
tx-202606-00004596,2026-06-01T00:00:00Z,farmer:413001:029,lender:vridhi,1350.0,loan_repayment,upi,413001,0.0,True
tx-202606-00004597,2026-06-01T00:00:00Z,farmer:413001:031,retailer:413001:02,2630.24,kirana_purchase,upi,413001,0.0,True
tx-202606-00004598,2026-06-01T00:00:00Z,farmer:413001:031,utility:413001,505.0,utility_payment,upi,413001,0.0,True
tx-202606-00004599,2026-06-01T00:00:00Z,farmer:413001:031,lender:vridhi,1350.0,loan_repayment,upi,413001,0.0,True
tx-202606-00004600,2026-06-01T00:00:00Z,farmer:413001:033,utility:413001,630.0,utility_payment,upi,413001,0.0,True
tx-202606-00004601,2026-06-01T00:00:00Z,farmer:413001:035,utility:413001,630.0,utility_payment,upi,413001,0.0,True
tx-202606-00004602,2026-06-01T00:00:00Z,farmer:413001:035,lender:vridhi,1350.0,loan_repayment,upi,413001,0.0,True
tx-202606-00004603,2026-06-01T00:00:00Z,retailer:413001:01,utility:413001,1050.0,utility_payment,upi,413001,0.0,True
tx-202606-00004604,2026-06-01T00:00:00Z,retailer:413001:02,wholesaler:413001:01,5122.99,retailer_restock,upi,413001,0.0,True
tx-202606-00004605,2026-06-01T00:00:00Z,retailer:413001:02,utility:413001,1050.0,utility_payment,upi,413001,0.0,True
tx-202606-00004606,2026-06-01T00:00:00Z,retailer:413001:03,wholesaler:413001:01,4739.05,retailer_restock,upi,413001,0.0,True
tx-202606-00004607,2026-06-01T00:00:00Z,retailer:413001:03,utility:413001,1050.0,utility_payment,upi,413001,0.0,True
tx-202606-00004608,2026-06-01T00:00:00Z,retailer:413001:04,wholesaler:413001:01,14756.09,retailer_restock,upi,413001,0.0,True
tx-202606-00004609,2026-06-01T00:00:00Z,retailer:413001:04,utility:413001,1050.0,utility_payment,upi,413001,0.0,True
tx-202606-00004610,2026-06-01T00:00:00Z,wholesaler:413001:01,utility:413001,2400.0,utility_payment,upi,413001,0.0,True
tx-202606-00004611,2026-06-01T00:00:00Z,farmer:431001:002,retailer:431001:01,2033.02,kirana_purchase,upi,431001,0.0,True
tx-202606-00004612,2026-06-01T00:00:00Z,farmer:431001:002,lender:vridhi,1350.0,loan_repayment,upi,431001,0.0,True
tx-202606-00004613,2026-06-01T00:00:00Z,farmer:431001:003,utility:431001,505.0,utility_payment,upi,431001,0.0,True
tx-202606-00004614,2026-06-01T00:00:00Z,farmer:431001:003,lender:vridhi,1350.0,loan_repayment,upi,431001,0.0,True
tx-202606-00004615,2026-06-01T00:00:00Z,farmer:431001:004,retailer:431001:01,2573.19,kirana_purchase,upi,431001,0.0,True
tx-202606-00004616,2026-06-01T00:00:00Z,farmer:431001:004,utility:431001,630.0,utility_payment,upi,431001,0.0,True
tx-202606-00004617,2026-06-01T00:00:00Z,farmer:431001:004,lender:vridhi,1350.0,loan_repayment,upi,431001,0.0,True
tx-202606-00004618,2026-06-01T00:00:00Z,farmer:431001:005,utility:431001,630.0,utility_payment,upi,431001,0.0,True
tx-202606-00004619,2026-06-01T00:00:00Z,farmer:431001:005,lender:vridhi,1350.0,loan_repayment,upi,431001,0.0,True
tx-202606-00004620,2026-06-01T00:00:00Z,farmer:431001:006,retailer:431001:03,2217.55,kirana_purchase,upi,431001,0.0,True
tx-202606-00004621,2026-06-01T00:00:00Z,farmer:431001:006,utility:431001,630.0,utility_payment,upi,431001,0.0,True
tx-202606-00004622,2026-06-01T00:00:00Z,farmer:431001:006,lender:vridhi,1350.0,loan_repayment,upi,431001,0.0,True
tx-202606-00004623,2026-06-01T00:00:00Z,farmer:431001:008,retailer:431001:04,3142.9,kirana_purchase,upi,431001,0.0,True
tx-202606-00004624,2026-06-01T00:00:00Z,farmer:431001:008,lender:vridhi,1350.0,loan_repayment,upi,431001,0.0,True
tx-202606-00004625,2026-06-01T00:00:00Z,farmer:431001:009,retailer:431001:04,2193.29,kirana_purchase,upi,431001,0.0,True
tx-202606-00004626,2026-06-01T00:00:00Z,farmer:431001:010,utility:431001,630.0,utility_payment,upi,431001,0.0,True
tx-202606-00004627,2026-06-01T00:00:00Z,farmer:431001:010,lender:vridhi,1350.0,loan_repayment,upi,431001,0.0,True
tx-202606-00004628,2026-06-01T00:00:00Z,farmer:431001:011,retailer:431001:02,1485.41,kirana_purchase,upi,431001,0.0,True
tx-202606-00004629,2026-06-01T00:00:00Z,farmer:431001:013,retailer:431001:04,2385.12,kirana_purchase,upi,431001,0.0,True
tx-202606-00004630,2026-06-01T00:00:00Z,farmer:431001:013,utility:431001,630.0,utility_payment,upi,431001,0.0,True
tx-202606-00004631,2026-06-01T00:00:00Z,farmer:431001:014,retailer:431001:03,1992.99,kirana_purchase,upi,431001,0.0,True
tx-202606-00004632,2026-06-01T00:00:00Z,farmer:431001:014,utility:431001,505.0,utility_payment,upi,431001,0.0,True
tx-202606-00004633,2026-06-01T00:00:00Z,farmer:431001:016,retailer:431001:04,1832.67,kirana_purchase,upi,431001,0.0,True
tx-202606-00004634,2026-06-01T00:00:00Z,farmer:431001:016,lender:vridhi,1350.0,loan_repayment,upi,431001,0.0,True
tx-202606-00004635,2026-06-01T00:00:00Z,farmer:431001:018,retailer:431001:02,2130.09,kirana_purchase,upi,431001,0.0,True
tx-202606-00004636,2026-06-01T00:00:00Z,farmer:431001:018,lender:vridhi,1350.0,loan_repayment,upi,431001,0.0,True
tx-202606-00004637,2026-06-01T00:00:00Z,farmer:431001:020,retailer:431001:01,2101.7,kirana_purchase,upi,431001,0.0,True
tx-202606-00004638,2026-06-01T00:00:00Z,farmer:431001:020,lender:vridhi,1350.0,loan_repayment,upi,431001,0.0,True
tx-202606-00004639,2026-06-01T00:00:00Z,farmer:431001:021,retailer:431001:01,2502.09,kirana_purchase,upi,431001,0.0,True
tx-202606-00004640,2026-06-01T00:00:00Z,farmer:431001:021,utility:431001,505.0,utility_payment,upi,431001,0.0,True
tx-202606-00004641,2026-06-01T00:00:00Z,farmer:431001:022,retailer:431001:04,3057.33,kirana_purchase,upi,431001,0.0,True
tx-202606-00004642,2026-06-01T00:00:00Z,farmer:431001:022,utility:431001,505.0,utility_payment,upi,431001,0.0,True
tx-202606-00004643,2026-06-01T00:00:00Z,farmer:431001:022,lender:vridhi,1350.0,loan_repayment,upi,431001,0.0,True
tx-202606-00004644,2026-06-01T00:00:00Z,farmer:431001:023,utility:431001,630.0,utility_payment,upi,431001,0.0,True
tx-202606-00004645,2026-06-01T00:00:00Z,farmer:431001:023,lender:vridhi,1350.0,loan_repayment,upi,431001,0.0,True
tx-202606-00004646,2026-06-01T00:00:00Z,farmer:431001:025,retailer:431001:02,2895.53,kirana_purchase,upi,431001,0.0,True
tx-202606-00004647,2026-06-01T00:00:00Z,farmer:431001:025,utility:431001,505.0,utility_payment,upi,431001,0.0,True
tx-202606-00004648,2026-06-01T00:00:00Z,farmer:431001:026,utility:431001,630.0,utility_payment,upi,431001,0.0,True
tx-202606-00004649,2026-06-01T00:00:00Z,farmer:431001:026,lender:vridhi,1350.0,loan_repayment,upi,431001,0.0,True
tx-202606-00004650,2026-06-01T00:00:00Z,farmer:431001:027,retailer:431001:01,2970.56,kirana_purchase,upi,431001,0.0,True
tx-202606-00004651,2026-06-01T00:00:00Z,farmer:431001:027,utility:431001,505.0,utility_payment,upi,431001,0.0,True
tx-202606-00004652,2026-06-01T00:00:00Z,farmer:431001:027,lender:vridhi,1350.0,loan_repayment,upi,431001,0.0,True
tx-202606-00004653,2026-06-01T00:00:00Z,farmer:431001:029,retailer:431001:04,2300.37,kirana_purchase,upi,431001,0.0,True
tx-202606-00004654,2026-06-01T00:00:00Z,farmer:431001:029,utility:431001,505.0,utility_payment,upi,431001,0.0,True
tx-202606-00004655,2026-06-01T00:00:00Z,farmer:431001:029,lender:vridhi,1350.0,loan_repayment,upi,431001,0.0,True
tx-202606-00004656,2026-06-01T00:00:00Z,farmer:431001:030,utility:431001,505.0,utility_payment,upi,431001,0.0,True
tx-202606-00004657,2026-06-01T00:00:00Z,farmer:431001:030,lender:vridhi,1350.0,loan_repayment,upi,431001,0.0,True
tx-202606-00004658,2026-06-01T00:00:00Z,farmer:431001:031,lender:vridhi,1350.0,loan_repayment,upi,431001,0.0,True
tx-202606-00004659,2026-06-01T00:00:00Z,farmer:431001:032,utility:431001,630.0,utility_payment,upi,431001,0.0,True
tx-202606-00004660,2026-06-01T00:00:00Z,farmer:431001:032,lender:vridhi,1350.0,loan_repayment,upi,431001,0.0,True
tx-202606-00004661,2026-06-01T00:00:00Z,farmer:431001:033,utility:431001,630.0,utility_payment,upi,431001,0.0,True
tx-202606-00004662,2026-06-01T00:00:00Z,farmer:431001:033,lender:vridhi,1350.0,loan_repayment,upi,431001,0.0,True
tx-202606-00004663,2026-06-01T00:00:00Z,farmer:431001:035,retailer:431001:04,2178.6,kirana_purchase,upi,431001,0.0,True
tx-202606-00004664,2026-06-01T00:00:00Z,farmer:431001:035,utility:431001,505.0,utility_payment,upi,431001,0.0,True
tx-202606-00004665,2026-06-01T00:00:00Z,farmer:431001:035,lender:vridhi,1350.0,loan_repayment,upi,431001,0.0,True
tx-202606-00004666,2026-06-01T00:00:00Z,retailer:431001:01,utility:431001,1050.0,utility_payment,upi,431001,0.0,True
tx-202606-00004667,2026-06-01T00:00:00Z,retailer:431001:02,wholesaler:431001:01,6791.59,retailer_restock,upi,431001,0.0,True
tx-202606-00004668,2026-06-01T00:00:00Z,retailer:431001:02,utility:431001,1050.0,utility_payment,upi,431001,0.0,True
tx-202606-00004669,2026-06-01T00:00:00Z,retailer:431001:03,utility:431001,1050.0,utility_payment,upi,431001,0.0,True
tx-202606-00004670,2026-06-01T00:00:00Z,retailer:431001:04,wholesaler:431001:01,15522.6,retailer_restock,upi,431001,0.0,True
tx-202606-00004671,2026-06-01T00:00:00Z,retailer:431001:04,utility:431001,1050.0,utility_payment,upi,431001,0.0,True
tx-202606-00004672,2026-06-01T00:00:00Z,farmer:440001:001,retailer:440001:02,2736.87,kirana_purchase,upi,440001,0.0,True
tx-202606-00004673,2026-06-01T00:00:00Z,farmer:440001:001,utility:440001,505.0,utility_payment,upi,440001,0.0,True
tx-202606-00004674,2026-06-01T00:00:00Z,farmer:440001:001,lender:vridhi,1350.0,loan_repayment,upi,440001,0.0,True
tx-202606-00004675,2026-06-01T00:00:00Z,farmer:440001:002,retailer:440001:04,2639.25,kirana_purchase,upi,440001,0.0,True
tx-202606-00004676,2026-06-01T00:00:00Z,farmer:440001:002,utility:440001,505.0,utility_payment,upi,440001,0.0,True
tx-202606-00004677,2026-06-01T00:00:00Z,farmer:440001:002,lender:vridhi,1350.0,loan_repayment,upi,440001,0.0,True
tx-202606-00004678,2026-06-01T00:00:00Z,farmer:440001:003,retailer:440001:02,2337.02,kirana_purchase,upi,440001,0.0,True
tx-202606-00004679,2026-06-01T00:00:00Z,farmer:440001:003,lender:vridhi,1350.0,loan_repayment,upi,440001,0.0,True
tx-202606-00004680,2026-06-01T00:00:00Z,farmer:440001:004,utility:440001,505.0,utility_payment,upi,440001,0.0,True
tx-202606-00004681,2026-06-01T00:00:00Z,farmer:440001:004,lender:vridhi,1350.0,loan_repayment,upi,440001,0.0,True
tx-202606-00004682,2026-06-01T00:00:00Z,farmer:440001:005,retailer:440001:04,2594.57,kirana_purchase,upi,440001,0.0,True
tx-202606-00004683,2026-06-01T00:00:00Z,farmer:440001:005,lender:vridhi,1350.0,loan_repayment,upi,440001,0.0,True
tx-202606-00004684,2026-06-01T00:00:00Z,farmer:440001:006,retailer:440001:03,2910.55,kirana_purchase,upi,440001,0.0,True
tx-202606-00004685,2026-06-01T00:00:00Z,farmer:440001:006,utility:440001,630.0,utility_payment,upi,440001,0.0,True
tx-202606-00004686,2026-06-01T00:00:00Z,farmer:440001:007,retailer:440001:03,1702.22,kirana_purchase,upi,440001,0.0,True
tx-202606-00004687,2026-06-01T00:00:00Z,farmer:440001:007,utility:440001,505.0,utility_payment,upi,440001,0.0,True
tx-202606-00004688,2026-06-01T00:00:00Z,farmer:440001:007,lender:vridhi,1350.0,loan_repayment,upi,440001,0.0,True
tx-202606-00004689,2026-06-01T00:00:00Z,farmer:440001:008,lender:vridhi,1350.0,loan_repayment,upi,440001,0.0,True
tx-202606-00004690,2026-06-01T00:00:00Z,farmer:440001:009,retailer:440001:03,2339.67,kirana_purchase,upi,440001,0.0,True
tx-202606-00004691,2026-06-01T00:00:00Z,farmer:440001:009,lender:vridhi,1350.0,loan_repayment,upi,440001,0.0,True
tx-202606-00004692,2026-06-01T00:00:00Z,farmer:440001:010,utility:440001,505.0,utility_payment,upi,440001,0.0,True
tx-202606-00004693,2026-06-01T00:00:00Z,farmer:440001:011,retailer:440001:03,1832.2,kirana_purchase,upi,440001,0.0,True
tx-202606-00004694,2026-06-01T00:00:00Z,farmer:440001:011,utility:440001,505.0,utility_payment,upi,440001,0.0,True
tx-202606-00004695,2026-06-01T00:00:00Z,farmer:440001:011,lender:vridhi,1350.0,loan_repayment,upi,440001,0.0,True
tx-202606-00004696,2026-06-01T00:00:00Z,farmer:440001:012,retailer:440001:01,2554.99,kirana_purchase,upi,440001,0.0,True
tx-202606-00004697,2026-06-01T00:00:00Z,farmer:440001:012,utility:440001,630.0,utility_payment,upi,440001,0.0,True
tx-202606-00004698,2026-06-01T00:00:00Z,farmer:440001:013,lender:vridhi,1350.0,loan_repayment,upi,440001,0.0,True
tx-202606-00004699,2026-06-01T00:00:00Z,farmer:440001:014,retailer:440001:02,2710.34,kirana_purchase,upi,440001,0.0,True
tx-202606-00004700,2026-06-01T00:00:00Z,farmer:440001:014,utility:440001,505.0,utility_payment,upi,440001,0.0,True
tx-202606-00004701,2026-06-01T00:00:00Z,farmer:440001:014,lender:vridhi,1350.0,loan_repayment,upi,440001,0.0,True
tx-202606-00004702,2026-06-01T00:00:00Z,farmer:440001:015,retailer:440001:03,2312.61,kirana_purchase,upi,440001,0.0,True
tx-202606-00004703,2026-06-01T00:00:00Z,farmer:440001:017,retailer:440001:01,2209.28,kirana_purchase,upi,440001,0.0,True
tx-202606-00004704,2026-06-01T00:00:00Z,farmer:440001:017,utility:440001,505.0,utility_payment,upi,440001,0.0,True
tx-202606-00004705,2026-06-01T00:00:00Z,farmer:440001:017,lender:vridhi,1350.0,loan_repayment,upi,440001,0.0,True
tx-202606-00004706,2026-06-01T00:00:00Z,farmer:440001:018,retailer:440001:02,2622.49,kirana_purchase,upi,440001,0.0,True
tx-202606-00004707,2026-06-01T00:00:00Z,farmer:440001:018,utility:440001,630.0,utility_payment,upi,440001,0.0,True
tx-202606-00004708,2026-06-01T00:00:00Z,farmer:440001:018,lender:vridhi,304.49,loan_repayment,upi,440001,0.0,True
tx-202606-00004709,2026-06-01T00:00:00Z,farmer:440001:019,utility:440001,630.0,utility_payment,upi,440001,0.0,True
tx-202606-00004710,2026-06-01T00:00:00Z,farmer:440001:019,lender:vridhi,1350.0,loan_repayment,upi,440001,0.0,True
tx-202606-00004711,2026-06-01T00:00:00Z,farmer:440001:020,lender:vridhi,1350.0,loan_repayment,upi,440001,0.0,True
tx-202606-00004712,2026-06-01T00:00:00Z,farmer:440001:021,retailer:440001:03,1553.47,kirana_purchase,upi,440001,0.0,True
tx-202606-00004713,2026-06-01T00:00:00Z,farmer:440001:021,utility:440001,630.0,utility_payment,upi,440001,0.0,True
tx-202606-00004714,2026-06-01T00:00:00Z,farmer:440001:021,lender:vridhi,1350.0,loan_repayment,upi,440001,0.0,True
tx-202606-00004715,2026-06-01T00:00:00Z,farmer:440001:023,retailer:440001:01,1992.06,kirana_purchase,upi,440001,0.0,True
tx-202606-00004716,2026-06-01T00:00:00Z,farmer:440001:023,utility:440001,505.0,utility_payment,upi,440001,0.0,True
tx-202606-00004717,2026-06-01T00:00:00Z,farmer:440001:023,lender:vridhi,1350.0,loan_repayment,upi,440001,0.0,True
tx-202606-00004718,2026-06-01T00:00:00Z,farmer:440001:024,retailer:440001:01,2259.26,kirana_purchase,upi,440001,0.0,True
tx-202606-00004719,2026-06-01T00:00:00Z,farmer:440001:024,utility:440001,630.0,utility_payment,upi,440001,0.0,True
tx-202606-00004720,2026-06-01T00:00:00Z,farmer:440001:024,lender:vridhi,1350.0,loan_repayment,upi,440001,0.0,True
tx-202606-00004721,2026-06-01T00:00:00Z,farmer:440001:025,retailer:440001:03,2417.86,kirana_purchase,upi,440001,0.0,True
tx-202606-00004722,2026-06-01T00:00:00Z,farmer:440001:025,lender:vridhi,622.37,loan_repayment,upi,440001,0.0,True
tx-202606-00004723,2026-06-01T00:00:00Z,farmer:440001:026,retailer:440001:04,2771.57,kirana_purchase,upi,440001,0.0,True
tx-202606-00004724,2026-06-01T00:00:00Z,farmer:440001:026,lender:vridhi,1350.0,loan_repayment,upi,440001,0.0,True
tx-202606-00004725,2026-06-01T00:00:00Z,farmer:440001:027,retailer:440001:04,2356.44,kirana_purchase,upi,440001,0.0,True
tx-202606-00004726,2026-06-01T00:00:00Z,farmer:440001:028,retailer:440001:04,2472.3,kirana_purchase,upi,440001,0.0,True
tx-202606-00004727,2026-06-01T00:00:00Z,farmer:440001:028,utility:440001,630.0,utility_payment,upi,440001,0.0,True
tx-202606-00004728,2026-06-01T00:00:00Z,farmer:440001:028,lender:vridhi,1350.0,loan_repayment,upi,440001,0.0,True
tx-202606-00004729,2026-06-01T00:00:00Z,farmer:440001:029,retailer:440001:03,3067.44,kirana_purchase,upi,440001,0.0,True
tx-202606-00004730,2026-06-01T00:00:00Z,farmer:440001:029,lender:vridhi,1350.0,loan_repayment,upi,440001,0.0,True
tx-202606-00004731,2026-06-01T00:00:00Z,farmer:440001:030,retailer:440001:03,2602.33,kirana_purchase,upi,440001,0.0,True
tx-202606-00004732,2026-06-01T00:00:00Z,farmer:440001:030,utility:440001,505.0,utility_payment,upi,440001,0.0,True
tx-202606-00004733,2026-06-01T00:00:00Z,farmer:440001:030,lender:vridhi,695.3,loan_repayment,upi,440001,0.0,True
tx-202606-00004734,2026-06-01T00:00:00Z,farmer:440001:031,retailer:440001:02,2278.89,kirana_purchase,upi,440001,0.0,True
tx-202606-00004735,2026-06-01T00:00:00Z,farmer:440001:031,lender:vridhi,1350.0,loan_repayment,upi,440001,0.0,True
tx-202606-00004736,2026-06-01T00:00:00Z,farmer:440001:033,retailer:440001:04,2594.06,kirana_purchase,upi,440001,0.0,True
tx-202606-00004737,2026-06-01T00:00:00Z,farmer:440001:033,lender:vridhi,1350.0,loan_repayment,upi,440001,0.0,True
tx-202606-00004738,2026-06-01T00:00:00Z,farmer:440001:034,retailer:440001:02,1779.11,kirana_purchase,upi,440001,0.0,True
tx-202606-00004739,2026-06-01T00:00:00Z,farmer:440001:034,utility:440001,630.0,utility_payment,upi,440001,0.0,True
tx-202606-00004740,2026-06-01T00:00:00Z,farmer:440001:034,lender:vridhi,1350.0,loan_repayment,upi,440001,0.0,True
tx-202606-00004741,2026-06-01T00:00:00Z,retailer:440001:01,wholesaler:440001:01,7208.44,retailer_restock,upi,440001,0.0,True
tx-202606-00004742,2026-06-01T00:00:00Z,retailer:440001:01,utility:440001,1050.0,utility_payment,upi,440001,0.0,True
tx-202606-00004743,2026-06-01T00:00:00Z,retailer:440001:02,wholesaler:440001:01,10672.76,retailer_restock,upi,440001,0.0,True
tx-202606-00004744,2026-06-01T00:00:00Z,retailer:440001:02,utility:440001,1050.0,utility_payment,upi,440001,0.0,True
tx-202606-00004745,2026-06-01T00:00:00Z,retailer:440001:04,wholesaler:440001:01,14206.51,retailer_restock,upi,440001,0.0,True
tx-202606-00004746,2026-06-01T00:00:00Z,retailer:440001:04,utility:440001,1050.0,utility_payment,upi,440001,0.0,True
tx-202607-00004747,2026-07-01T00:00:00Z,farmer:413001:002,retailer:413001:03,1838.83,kirana_purchase,upi,413001,0.0,True
tx-202607-00004748,2026-07-01T00:00:00Z,farmer:413001:005,retailer:413001:03,2214.5,kirana_purchase,upi,413001,0.0,True
tx-202607-00004749,2026-07-01T00:00:00Z,farmer:413001:005,utility:413001,505.0,utility_payment,upi,413001,0.0,True
tx-202607-00004750,2026-07-01T00:00:00Z,farmer:413001:005,lender:vridhi,773.38,loan_repayment,upi,413001,0.0,True
tx-202607-00004751,2026-07-01T00:00:00Z,farmer:413001:010,utility:413001,505.0,utility_payment,upi,413001,0.0,True
tx-202607-00004752,2026-07-01T00:00:00Z,farmer:413001:010,lender:vridhi,1350.0,loan_repayment,upi,413001,0.0,True
tx-202607-00004753,2026-07-01T00:00:00Z,farmer:413001:011,retailer:413001:03,2176.75,kirana_purchase,upi,413001,0.0,True
tx-202607-00004754,2026-07-01T00:00:00Z,farmer:413001:011,utility:413001,630.0,utility_payment,upi,413001,0.0,True
tx-202607-00004755,2026-07-01T00:00:00Z,farmer:413001:011,lender:vridhi,1350.0,loan_repayment,upi,413001,0.0,True
tx-202607-00004756,2026-07-01T00:00:00Z,farmer:413001:012,retailer:413001:02,2499.84,kirana_purchase,upi,413001,0.0,True
tx-202607-00004757,2026-07-01T00:00:00Z,farmer:413001:012,utility:413001,630.0,utility_payment,upi,413001,0.0,True
tx-202607-00004758,2026-07-01T00:00:00Z,farmer:413001:012,lender:vridhi,1350.0,loan_repayment,upi,413001,0.0,True
tx-202607-00004759,2026-07-01T00:00:00Z,farmer:413001:013,retailer:413001:02,2003.32,kirana_purchase,upi,413001,0.0,True
tx-202607-00004760,2026-07-01T00:00:00Z,farmer:413001:013,lender:vridhi,1350.0,loan_repayment,upi,413001,0.0,True
tx-202607-00004761,2026-07-01T00:00:00Z,farmer:413001:014,retailer:413001:01,2778.09,kirana_purchase,upi,413001,0.0,True
tx-202607-00004762,2026-07-01T00:00:00Z,farmer:413001:014,lender:vridhi,1350.0,loan_repayment,upi,413001,0.0,True
tx-202607-00004763,2026-07-01T00:00:00Z,farmer:413001:015,retailer:413001:02,1294.38,kirana_purchase,upi,413001,0.0,True
tx-202607-00004764,2026-07-01T00:00:00Z,farmer:413001:017,retailer:413001:01,2537.37,kirana_purchase,upi,413001,0.0,True
tx-202607-00004765,2026-07-01T00:00:00Z,farmer:413001:017,utility:413001,630.0,utility_payment,upi,413001,0.0,True
tx-202607-00004766,2026-07-01T00:00:00Z,farmer:413001:018,utility:413001,505.0,utility_payment,upi,413001,0.0,True
tx-202607-00004767,2026-07-01T00:00:00Z,farmer:413001:019,utility:413001,630.0,utility_payment,upi,413001,0.0,True
tx-202607-00004768,2026-07-01T00:00:00Z,farmer:413001:019,lender:vridhi,1350.0,loan_repayment,upi,413001,0.0,True
tx-202607-00004769,2026-07-01T00:00:00Z,farmer:413001:021,utility:413001,630.0,utility_payment,upi,413001,0.0,True
tx-202607-00004770,2026-07-01T00:00:00Z,farmer:413001:021,lender:vridhi,1350.0,loan_repayment,upi,413001,0.0,True
tx-202607-00004771,2026-07-01T00:00:00Z,farmer:413001:022,retailer:413001:03,2622.27,kirana_purchase,upi,413001,0.0,True
tx-202607-00004772,2026-07-01T00:00:00Z,farmer:413001:024,retailer:413001:03,2988.68,kirana_purchase,upi,413001,0.0,True
tx-202607-00004773,2026-07-01T00:00:00Z,farmer:413001:024,lender:vridhi,1350.0,loan_repayment,upi,413001,0.0,True
tx-202607-00004774,2026-07-01T00:00:00Z,farmer:413001:025,retailer:413001:04,1837.06,kirana_purchase,upi,413001,0.0,True
tx-202607-00004775,2026-07-01T00:00:00Z,farmer:413001:025,utility:413001,630.0,utility_payment,upi,413001,0.0,True
tx-202607-00004776,2026-07-01T00:00:00Z,farmer:413001:026,utility:413001,505.0,utility_payment,upi,413001,0.0,True
tx-202607-00004777,2026-07-01T00:00:00Z,farmer:413001:026,lender:vridhi,1350.0,loan_repayment,upi,413001,0.0,True
tx-202607-00004778,2026-07-01T00:00:00Z,farmer:413001:028,retailer:413001:01,3002.07,kirana_purchase,upi,413001,0.0,True
tx-202607-00004779,2026-07-01T00:00:00Z,farmer:413001:028,utility:413001,505.0,utility_payment,upi,413001,0.0,True
tx-202607-00004780,2026-07-01T00:00:00Z,farmer:413001:028,lender:vridhi,1350.0,loan_repayment,upi,413001,0.0,True
tx-202607-00004781,2026-07-01T00:00:00Z,farmer:413001:029,utility:413001,505.0,utility_payment,upi,413001,0.0,True
tx-202607-00004782,2026-07-01T00:00:00Z,farmer:413001:029,lender:vridhi,1350.0,loan_repayment,upi,413001,0.0,True
tx-202607-00004783,2026-07-01T00:00:00Z,farmer:413001:031,retailer:413001:01,2698.54,kirana_purchase,upi,413001,0.0,True
tx-202607-00004784,2026-07-01T00:00:00Z,farmer:413001:031,lender:vridhi,1350.0,loan_repayment,upi,413001,0.0,True
tx-202607-00004785,2026-07-01T00:00:00Z,farmer:413001:033,retailer:413001:01,2425.67,kirana_purchase,upi,413001,0.0,True
tx-202607-00004786,2026-07-01T00:00:00Z,farmer:413001:033,utility:413001,630.0,utility_payment,upi,413001,0.0,True
tx-202607-00004787,2026-07-01T00:00:00Z,farmer:413001:033,lender:vridhi,1350.0,loan_repayment,upi,413001,0.0,True
tx-202607-00004788,2026-07-01T00:00:00Z,farmer:413001:035,retailer:413001:04,2840.18,kirana_purchase,upi,413001,0.0,True
tx-202607-00004789,2026-07-01T00:00:00Z,retailer:413001:01,wholesaler:413001:01,9959.3,retailer_restock,upi,413001,0.0,True
tx-202607-00004790,2026-07-01T00:00:00Z,retailer:413001:01,utility:413001,1050.0,utility_payment,upi,413001,0.0,True
tx-202607-00004791,2026-07-01T00:00:00Z,retailer:413001:02,wholesaler:413001:01,4940.14,retailer_restock,upi,413001,0.0,True
tx-202607-00004792,2026-07-01T00:00:00Z,retailer:413001:04,wholesaler:413001:01,5631.76,retailer_restock,upi,413001,0.0,True
tx-202607-00004793,2026-07-01T00:00:00Z,retailer:413001:04,utility:413001,1050.0,utility_payment,upi,413001,0.0,True
tx-202607-00004794,2026-07-01T00:00:00Z,wholesaler:413001:01,utility:413001,2400.0,utility_payment,upi,413001,0.0,True
tx-202607-00004795,2026-07-01T00:00:00Z,farmer:431001:002,retailer:431001:02,1890.05,kirana_purchase,upi,431001,0.0,True
tx-202607-00004796,2026-07-01T00:00:00Z,farmer:431001:002,utility:431001,505.0,utility_payment,upi,431001,0.0,True
tx-202607-00004797,2026-07-01T00:00:00Z,farmer:431001:002,lender:vridhi,1350.0,loan_repayment,upi,431001,0.0,True
tx-202607-00004798,2026-07-01T00:00:00Z,farmer:431001:003,retailer:431001:04,2561.14,kirana_purchase,upi,431001,0.0,True
tx-202607-00004799,2026-07-01T00:00:00Z,farmer:431001:004,retailer:431001:02,1771.04,kirana_purchase,upi,431001,0.0,True
tx-202607-00004800,2026-07-01T00:00:00Z,farmer:431001:004,utility:431001,630.0,utility_payment,upi,431001,0.0,True
tx-202607-00004801,2026-07-01T00:00:00Z,farmer:431001:004,lender:vridhi,1350.0,loan_repayment,upi,431001,0.0,True
tx-202607-00004802,2026-07-01T00:00:00Z,farmer:431001:005,retailer:431001:01,2775.09,kirana_purchase,upi,431001,0.0,True
tx-202607-00004803,2026-07-01T00:00:00Z,farmer:431001:005,lender:vridhi,1350.0,loan_repayment,upi,431001,0.0,True
tx-202607-00004804,2026-07-01T00:00:00Z,farmer:431001:006,retailer:431001:03,3028.39,kirana_purchase,upi,431001,0.0,True
tx-202607-00004805,2026-07-01T00:00:00Z,farmer:431001:006,utility:431001,630.0,utility_payment,upi,431001,0.0,True
tx-202607-00004806,2026-07-01T00:00:00Z,farmer:431001:006,lender:vridhi,1350.0,loan_repayment,upi,431001,0.0,True
tx-202607-00004807,2026-07-01T00:00:00Z,farmer:431001:008,retailer:431001:02,2762.99,kirana_purchase,upi,431001,0.0,True
tx-202607-00004808,2026-07-01T00:00:00Z,farmer:431001:010,lender:vridhi,1350.0,loan_repayment,upi,431001,0.0,True
tx-202607-00004809,2026-07-01T00:00:00Z,farmer:431001:013,retailer:431001:04,2453.37,kirana_purchase,upi,431001,0.0,True
tx-202607-00004810,2026-07-01T00:00:00Z,farmer:431001:013,lender:vridhi,1350.0,loan_repayment,upi,431001,0.0,True
tx-202607-00004811,2026-07-01T00:00:00Z,farmer:431001:014,retailer:431001:01,242.65,kirana_purchase,upi,431001,0.0,True
tx-202607-00004812,2026-07-01T00:00:00Z,farmer:431001:016,retailer:431001:03,2724.46,kirana_purchase,upi,431001,0.0,True
tx-202607-00004813,2026-07-01T00:00:00Z,farmer:431001:016,utility:431001,630.0,utility_payment,upi,431001,0.0,True
tx-202607-00004814,2026-07-01T00:00:00Z,farmer:431001:018,retailer:431001:01,3056.32,kirana_purchase,upi,431001,0.0,True
tx-202607-00004815,2026-07-01T00:00:00Z,farmer:431001:018,utility:431001,505.0,utility_payment,upi,431001,0.0,True
tx-202607-00004816,2026-07-01T00:00:00Z,farmer:431001:018,lender:vridhi,1350.0,loan_repayment,upi,431001,0.0,True
tx-202607-00004817,2026-07-01T00:00:00Z,farmer:431001:020,retailer:431001:03,2872.11,kirana_purchase,upi,431001,0.0,True
tx-202607-00004818,2026-07-01T00:00:00Z,farmer:431001:020,lender:vridhi,1350.0,loan_repayment,upi,431001,0.0,True
tx-202607-00004819,2026-07-01T00:00:00Z,farmer:431001:021,lender:vridhi,1350.0,loan_repayment,upi,431001,0.0,True
tx-202607-00004820,2026-07-01T00:00:00Z,farmer:431001:022,utility:431001,505.0,utility_payment,upi,431001,0.0,True
tx-202607-00004821,2026-07-01T00:00:00Z,farmer:431001:023,retailer:431001:02,2409.78,kirana_purchase,upi,431001,0.0,True
tx-202607-00004822,2026-07-01T00:00:00Z,farmer:431001:023,utility:431001,630.0,utility_payment,upi,431001,0.0,True
tx-202607-00004823,2026-07-01T00:00:00Z,farmer:431001:023,lender:vridhi,1350.0,loan_repayment,upi,431001,0.0,True
tx-202607-00004824,2026-07-01T00:00:00Z,farmer:431001:025,utility:431001,505.0,utility_payment,upi,431001,0.0,True
tx-202607-00004825,2026-07-01T00:00:00Z,farmer:431001:025,lender:vridhi,1350.0,loan_repayment,upi,431001,0.0,True
tx-202607-00004826,2026-07-01T00:00:00Z,farmer:431001:026,retailer:431001:02,2162.71,kirana_purchase,upi,431001,0.0,True
tx-202607-00004827,2026-07-01T00:00:00Z,farmer:431001:026,utility:431001,630.0,utility_payment,upi,431001,0.0,True
tx-202607-00004828,2026-07-01T00:00:00Z,farmer:431001:026,lender:vridhi,1350.0,loan_repayment,upi,431001,0.0,True
tx-202607-00004829,2026-07-01T00:00:00Z,farmer:431001:027,lender:vridhi,1350.0,loan_repayment,upi,431001,0.0,True
tx-202607-00004830,2026-07-01T00:00:00Z,farmer:431001:029,retailer:431001:03,2995.27,kirana_purchase,upi,431001,0.0,True
tx-202607-00004831,2026-07-01T00:00:00Z,farmer:431001:029,utility:431001,256.79,utility_payment,upi,431001,0.0,True
tx-202607-00004832,2026-07-01T00:00:00Z,farmer:431001:030,utility:431001,505.0,utility_payment,upi,431001,0.0,True
tx-202607-00004833,2026-07-01T00:00:00Z,farmer:431001:031,retailer:431001:04,1529.05,kirana_purchase,upi,431001,0.0,True
tx-202607-00004834,2026-07-01T00:00:00Z,farmer:431001:031,utility:431001,630.0,utility_payment,upi,431001,0.0,True
tx-202607-00004835,2026-07-01T00:00:00Z,farmer:431001:031,lender:vridhi,1350.0,loan_repayment,upi,431001,0.0,True
tx-202607-00004836,2026-07-01T00:00:00Z,farmer:431001:032,retailer:431001:02,1620.2,kirana_purchase,upi,431001,0.0,True
tx-202607-00004837,2026-07-01T00:00:00Z,farmer:431001:032,utility:431001,630.0,utility_payment,upi,431001,0.0,True
tx-202607-00004838,2026-07-01T00:00:00Z,farmer:431001:032,lender:vridhi,1350.0,loan_repayment,upi,431001,0.0,True
tx-202607-00004839,2026-07-01T00:00:00Z,farmer:431001:033,retailer:431001:01,1641.1,kirana_purchase,upi,431001,0.0,True
tx-202607-00004840,2026-07-01T00:00:00Z,farmer:431001:035,retailer:431001:01,1979.43,kirana_purchase,upi,431001,0.0,True
tx-202607-00004841,2026-07-01T00:00:00Z,farmer:431001:035,lender:vridhi,1350.0,loan_repayment,upi,431001,0.0,True
tx-202607-00004842,2026-07-01T00:00:00Z,retailer:431001:01,wholesaler:431001:01,9004.52,retailer_restock,upi,431001,0.0,True
tx-202607-00004843,2026-07-01T00:00:00Z,retailer:431001:01,utility:431001,1050.0,utility_payment,upi,431001,0.0,True
tx-202607-00004844,2026-07-01T00:00:00Z,retailer:431001:02,wholesaler:431001:01,11327.98,retailer_restock,upi,431001,0.0,True
tx-202607-00004845,2026-07-01T00:00:00Z,retailer:431001:02,utility:431001,1050.0,utility_payment,upi,431001,0.0,True
tx-202607-00004846,2026-07-01T00:00:00Z,retailer:431001:03,wholesaler:431001:01,9593.74,retailer_restock,upi,431001,0.0,True
tx-202607-00004847,2026-07-01T00:00:00Z,retailer:431001:03,utility:431001,1050.0,utility_payment,upi,431001,0.0,True
tx-202607-00004848,2026-07-01T00:00:00Z,retailer:431001:04,utility:431001,1050.0,utility_payment,upi,431001,0.0,True
tx-202607-00004849,2026-07-01T00:00:00Z,wholesaler:431001:01,utility:431001,2400.0,utility_payment,upi,431001,0.0,True
tx-202607-00004850,2026-07-01T00:00:00Z,farmer:440001:001,retailer:440001:04,1929.91,kirana_purchase,upi,440001,0.0,True
tx-202607-00004851,2026-07-01T00:00:00Z,farmer:440001:001,utility:440001,505.0,utility_payment,upi,440001,0.0,True
tx-202607-00004852,2026-07-01T00:00:00Z,farmer:440001:001,lender:vridhi,1350.0,loan_repayment,upi,440001,0.0,True
tx-202607-00004853,2026-07-01T00:00:00Z,farmer:440001:002,utility:440001,505.0,utility_payment,upi,440001,0.0,True
tx-202607-00004854,2026-07-01T00:00:00Z,farmer:440001:002,lender:vridhi,1350.0,loan_repayment,upi,440001,0.0,True
tx-202607-00004855,2026-07-01T00:00:00Z,farmer:440001:003,retailer:440001:03,2741.82,kirana_purchase,upi,440001,0.0,True
tx-202607-00004856,2026-07-01T00:00:00Z,farmer:440001:003,utility:440001,630.0,utility_payment,upi,440001,0.0,True
tx-202607-00004857,2026-07-01T00:00:00Z,farmer:440001:003,lender:vridhi,1350.0,loan_repayment,upi,440001,0.0,True
tx-202607-00004858,2026-07-01T00:00:00Z,farmer:440001:004,utility:440001,505.0,utility_payment,upi,440001,0.0,True
tx-202607-00004859,2026-07-01T00:00:00Z,farmer:440001:004,lender:vridhi,1350.0,loan_repayment,upi,440001,0.0,True
tx-202607-00004860,2026-07-01T00:00:00Z,farmer:440001:005,retailer:440001:02,1474.35,kirana_purchase,upi,440001,0.0,True
tx-202607-00004861,2026-07-01T00:00:00Z,farmer:440001:005,lender:vridhi,1350.0,loan_repayment,upi,440001,0.0,True
tx-202607-00004862,2026-07-01T00:00:00Z,farmer:440001:006,retailer:440001:04,1998.31,kirana_purchase,upi,440001,0.0,True
tx-202607-00004863,2026-07-01T00:00:00Z,farmer:440001:006,utility:440001,630.0,utility_payment,upi,440001,0.0,True
tx-202607-00004864,2026-07-01T00:00:00Z,farmer:440001:006,lender:vridhi,1350.0,loan_repayment,upi,440001,0.0,True
tx-202607-00004865,2026-07-01T00:00:00Z,farmer:440001:007,retailer:440001:04,2218.58,kirana_purchase,upi,440001,0.0,True
tx-202607-00004866,2026-07-01T00:00:00Z,farmer:440001:007,utility:440001,505.0,utility_payment,upi,440001,0.0,True
tx-202607-00004867,2026-07-01T00:00:00Z,farmer:440001:007,lender:vridhi,1350.0,loan_repayment,upi,440001,0.0,True
tx-202607-00004868,2026-07-01T00:00:00Z,farmer:440001:008,retailer:440001:01,2716.43,kirana_purchase,upi,440001,0.0,True
tx-202607-00004869,2026-07-01T00:00:00Z,farmer:440001:008,utility:440001,505.0,utility_payment,upi,440001,0.0,True
tx-202607-00004870,2026-07-01T00:00:00Z,farmer:440001:008,lender:vridhi,1350.0,loan_repayment,upi,440001,0.0,True
tx-202607-00004871,2026-07-01T00:00:00Z,farmer:440001:009,utility:440001,505.0,utility_payment,upi,440001,0.0,True
tx-202607-00004872,2026-07-01T00:00:00Z,farmer:440001:009,lender:vridhi,315.22,loan_repayment,upi,440001,0.0,True
tx-202607-00004873,2026-07-01T00:00:00Z,farmer:440001:010,retailer:440001:01,2585.62,kirana_purchase,upi,440001,0.0,True
tx-202607-00004874,2026-07-01T00:00:00Z,farmer:440001:010,utility:440001,505.0,utility_payment,upi,440001,0.0,True
tx-202607-00004875,2026-07-01T00:00:00Z,farmer:440001:010,lender:vridhi,1350.0,loan_repayment,upi,440001,0.0,True
tx-202607-00004876,2026-07-01T00:00:00Z,farmer:440001:011,retailer:440001:03,2175.07,kirana_purchase,upi,440001,0.0,True
tx-202607-00004877,2026-07-01T00:00:00Z,farmer:440001:011,utility:440001,505.0,utility_payment,upi,440001,0.0,True
tx-202607-00004878,2026-07-01T00:00:00Z,farmer:440001:011,lender:vridhi,1350.0,loan_repayment,upi,440001,0.0,True
tx-202607-00004879,2026-07-01T00:00:00Z,farmer:440001:012,retailer:440001:04,1228.07,kirana_purchase,upi,440001,0.0,True
tx-202607-00004880,2026-07-01T00:00:00Z,farmer:440001:013,retailer:440001:03,1664.71,kirana_purchase,upi,440001,0.0,True
tx-202607-00004881,2026-07-01T00:00:00Z,farmer:440001:013,utility:440001,505.0,utility_payment,upi,440001,0.0,True
tx-202607-00004882,2026-07-01T00:00:00Z,farmer:440001:013,lender:vridhi,1350.0,loan_repayment,upi,440001,0.0,True
tx-202607-00004883,2026-07-01T00:00:00Z,farmer:440001:014,utility:440001,505.0,utility_payment,upi,440001,0.0,True
tx-202607-00004884,2026-07-01T00:00:00Z,farmer:440001:015,lender:vridhi,1350.0,loan_repayment,upi,440001,0.0,True
tx-202607-00004885,2026-07-01T00:00:00Z,farmer:440001:017,retailer:440001:02,2406.9,kirana_purchase,upi,440001,0.0,True
tx-202607-00004886,2026-07-01T00:00:00Z,farmer:440001:017,utility:440001,505.0,utility_payment,upi,440001,0.0,True
tx-202607-00004887,2026-07-01T00:00:00Z,farmer:440001:017,lender:vridhi,1350.0,loan_repayment,upi,440001,0.0,True
tx-202607-00004888,2026-07-01T00:00:00Z,farmer:440001:019,retailer:440001:02,2086.6,kirana_purchase,upi,440001,0.0,True
tx-202607-00004889,2026-07-01T00:00:00Z,farmer:440001:019,utility:440001,630.0,utility_payment,upi,440001,0.0,True
tx-202607-00004890,2026-07-01T00:00:00Z,farmer:440001:019,lender:vridhi,1350.0,loan_repayment,upi,440001,0.0,True
tx-202607-00004891,2026-07-01T00:00:00Z,farmer:440001:020,utility:440001,630.0,utility_payment,upi,440001,0.0,True
tx-202607-00004892,2026-07-01T00:00:00Z,farmer:440001:021,retailer:440001:04,2909.1,kirana_purchase,upi,440001,0.0,True
tx-202607-00004893,2026-07-01T00:00:00Z,farmer:440001:023,retailer:440001:04,2969.37,kirana_purchase,upi,440001,0.0,True
tx-202607-00004894,2026-07-01T00:00:00Z,farmer:440001:023,utility:440001,505.0,utility_payment,upi,440001,0.0,True
tx-202607-00004895,2026-07-01T00:00:00Z,farmer:440001:024,utility:440001,630.0,utility_payment,upi,440001,0.0,True
tx-202607-00004896,2026-07-01T00:00:00Z,farmer:440001:024,lender:vridhi,1350.0,loan_repayment,upi,440001,0.0,True
tx-202607-00004897,2026-07-01T00:00:00Z,farmer:440001:026,retailer:440001:04,1688.52,kirana_purchase,upi,440001,0.0,True
tx-202607-00004898,2026-07-01T00:00:00Z,farmer:440001:026,utility:440001,630.0,utility_payment,upi,440001,0.0,True
tx-202607-00004899,2026-07-01T00:00:00Z,farmer:440001:028,retailer:440001:02,2548.34,kirana_purchase,upi,440001,0.0,True
tx-202607-00004900,2026-07-01T00:00:00Z,farmer:440001:028,utility:440001,630.0,utility_payment,upi,440001,0.0,True
tx-202607-00004901,2026-07-01T00:00:00Z,farmer:440001:029,utility:440001,630.0,utility_payment,upi,440001,0.0,True
tx-202607-00004902,2026-07-01T00:00:00Z,farmer:440001:029,lender:vridhi,1350.0,loan_repayment,upi,440001,0.0,True
tx-202607-00004903,2026-07-01T00:00:00Z,farmer:440001:031,utility:440001,630.0,utility_payment,upi,440001,0.0,True
tx-202607-00004904,2026-07-01T00:00:00Z,farmer:440001:031,lender:vridhi,1350.0,loan_repayment,upi,440001,0.0,True
tx-202607-00004905,2026-07-01T00:00:00Z,farmer:440001:033,retailer:440001:04,1844.71,kirana_purchase,upi,440001,0.0,True
tx-202607-00004906,2026-07-01T00:00:00Z,farmer:440001:033,lender:vridhi,1350.0,loan_repayment,upi,440001,0.0,True
tx-202607-00004907,2026-07-01T00:00:00Z,farmer:440001:034,lender:vridhi,1350.0,loan_repayment,upi,440001,0.0,True
tx-202607-00004908,2026-07-01T00:00:00Z,retailer:440001:01,utility:440001,1050.0,utility_payment,upi,440001,0.0,True
tx-202607-00004909,2026-07-01T00:00:00Z,retailer:440001:02,wholesaler:440001:01,10986.28,retailer_restock,upi,440001,0.0,True
tx-202607-00004910,2026-07-01T00:00:00Z,retailer:440001:02,utility:440001,1050.0,utility_payment,upi,440001,0.0,True
tx-202607-00004911,2026-07-01T00:00:00Z,retailer:440001:03,utility:440001,1050.0,utility_payment,upi,440001,0.0,True
tx-202607-00004912,2026-07-01T00:00:00Z,retailer:440001:04,wholesaler:440001:01,10325.88,retailer_restock,upi,440001,0.0,True
tx-202607-00004913,2026-07-01T00:00:00Z,retailer:440001:04,utility:440001,1050.0,utility_payment,upi,440001,0.0,True
tx-202607-00004914,2026-07-01T00:00:00Z,wholesaler:440001:01,utility:440001,2400.0,utility_payment,upi,440001,0.0,True
tx-202608-00004915,2026-08-01T00:00:00Z,farmer:413001:002,utility:413001,505.0,utility_payment,upi,413001,0.0,True
tx-202608-00004916,2026-08-01T00:00:00Z,farmer:413001:002,lender:vridhi,1350.0,loan_repayment,upi,413001,0.0,True
tx-202608-00004917,2026-08-01T00:00:00Z,farmer:413001:010,retailer:413001:04,2581.57,kirana_purchase,upi,413001,0.0,True
tx-202608-00004918,2026-08-01T00:00:00Z,farmer:413001:010,lender:vridhi,1350.0,loan_repayment,upi,413001,0.0,True
tx-202608-00004919,2026-08-01T00:00:00Z,farmer:413001:011,utility:413001,630.0,utility_payment,upi,413001,0.0,True
tx-202608-00004920,2026-08-01T00:00:00Z,farmer:413001:011,lender:vridhi,1350.0,loan_repayment,upi,413001,0.0,True
tx-202608-00004921,2026-08-01T00:00:00Z,farmer:413001:013,retailer:413001:01,2428.56,kirana_purchase,upi,413001,0.0,True
tx-202608-00004922,2026-08-01T00:00:00Z,farmer:413001:013,lender:vridhi,1350.0,loan_repayment,upi,413001,0.0,True
tx-202608-00004923,2026-08-01T00:00:00Z,farmer:413001:014,utility:413001,630.0,utility_payment,upi,413001,0.0,True
tx-202608-00004924,2026-08-01T00:00:00Z,farmer:413001:014,lender:vridhi,1350.0,loan_repayment,upi,413001,0.0,True
tx-202608-00004925,2026-08-01T00:00:00Z,farmer:413001:017,retailer:413001:04,1476.48,kirana_purchase,upi,413001,0.0,True
tx-202608-00004926,2026-08-01T00:00:00Z,farmer:413001:018,utility:413001,505.0,utility_payment,upi,413001,0.0,True
tx-202608-00004927,2026-08-01T00:00:00Z,farmer:413001:019,utility:413001,630.0,utility_payment,upi,413001,0.0,True
tx-202608-00004928,2026-08-01T00:00:00Z,farmer:413001:019,lender:vridhi,1350.0,loan_repayment,upi,413001,0.0,True
tx-202608-00004929,2026-08-01T00:00:00Z,farmer:413001:021,utility:413001,630.0,utility_payment,upi,413001,0.0,True
tx-202608-00004930,2026-08-01T00:00:00Z,farmer:413001:021,lender:vridhi,1350.0,loan_repayment,upi,413001,0.0,True
tx-202608-00004931,2026-08-01T00:00:00Z,farmer:413001:022,retailer:413001:03,2756.64,kirana_purchase,upi,413001,0.0,True
tx-202608-00004932,2026-08-01T00:00:00Z,farmer:413001:022,utility:413001,630.0,utility_payment,upi,413001,0.0,True
tx-202608-00004933,2026-08-01T00:00:00Z,farmer:413001:024,retailer:413001:03,2777.65,kirana_purchase,upi,413001,0.0,True
tx-202608-00004934,2026-08-01T00:00:00Z,farmer:413001:024,utility:413001,505.0,utility_payment,upi,413001,0.0,True
tx-202608-00004935,2026-08-01T00:00:00Z,farmer:413001:024,lender:vridhi,1350.0,loan_repayment,upi,413001,0.0,True
tx-202608-00004936,2026-08-01T00:00:00Z,farmer:413001:026,retailer:413001:02,1988.11,kirana_purchase,upi,413001,0.0,True
tx-202608-00004937,2026-08-01T00:00:00Z,farmer:413001:026,lender:vridhi,1350.0,loan_repayment,upi,413001,0.0,True
tx-202608-00004938,2026-08-01T00:00:00Z,farmer:413001:028,utility:413001,505.0,utility_payment,upi,413001,0.0,True
tx-202608-00004939,2026-08-01T00:00:00Z,farmer:413001:029,lender:vridhi,1350.0,loan_repayment,upi,413001,0.0,True
tx-202608-00004940,2026-08-01T00:00:00Z,farmer:413001:031,retailer:413001:01,1772.64,kirana_purchase,upi,413001,0.0,True
tx-202608-00004941,2026-08-01T00:00:00Z,farmer:413001:031,utility:413001,505.0,utility_payment,upi,413001,0.0,True
tx-202608-00004942,2026-08-01T00:00:00Z,farmer:413001:031,lender:vridhi,1350.0,loan_repayment,upi,413001,0.0,True
tx-202608-00004943,2026-08-01T00:00:00Z,farmer:413001:033,utility:413001,630.0,utility_payment,upi,413001,0.0,True
tx-202608-00004944,2026-08-01T00:00:00Z,farmer:413001:033,lender:vridhi,1350.0,loan_repayment,upi,413001,0.0,True
tx-202608-00004945,2026-08-01T00:00:00Z,farmer:413001:035,retailer:413001:02,2667.01,kirana_purchase,upi,413001,0.0,True
tx-202608-00004946,2026-08-01T00:00:00Z,farmer:413001:035,utility:413001,630.0,utility_payment,upi,413001,0.0,True
tx-202608-00004947,2026-08-01T00:00:00Z,retailer:413001:02,wholesaler:413001:01,6905.66,retailer_restock,upi,413001,0.0,True
tx-202608-00004948,2026-08-01T00:00:00Z,retailer:413001:02,utility:413001,1050.0,utility_payment,upi,413001,0.0,True
tx-202608-00004949,2026-08-01T00:00:00Z,retailer:413001:03,utility:413001,1050.0,utility_payment,upi,413001,0.0,True
tx-202608-00004950,2026-08-01T00:00:00Z,retailer:413001:04,wholesaler:413001:01,8552.66,retailer_restock,upi,413001,0.0,True
tx-202608-00004951,2026-08-01T00:00:00Z,retailer:413001:04,utility:413001,1050.0,utility_payment,upi,413001,0.0,True
tx-202608-00004952,2026-08-01T00:00:00Z,wholesaler:413001:01,utility:413001,2400.0,utility_payment,upi,413001,0.0,True
tx-202608-00004953,2026-08-01T00:00:00Z,farmer:431001:002,retailer:431001:02,1867.1,kirana_purchase,upi,431001,0.0,True
tx-202608-00004954,2026-08-01T00:00:00Z,farmer:431001:002,utility:431001,505.0,utility_payment,upi,431001,0.0,True
tx-202608-00004955,2026-08-01T00:00:00Z,farmer:431001:002,lender:vridhi,1350.0,loan_repayment,upi,431001,0.0,True
tx-202608-00004956,2026-08-01T00:00:00Z,farmer:431001:003,lender:vridhi,1350.0,loan_repayment,upi,431001,0.0,True
tx-202608-00004957,2026-08-01T00:00:00Z,farmer:431001:004,retailer:431001:04,2154.69,kirana_purchase,upi,431001,0.0,True
tx-202608-00004958,2026-08-01T00:00:00Z,farmer:431001:004,utility:431001,630.0,utility_payment,upi,431001,0.0,True
tx-202608-00004959,2026-08-01T00:00:00Z,farmer:431001:004,lender:vridhi,1350.0,loan_repayment,upi,431001,0.0,True
tx-202608-00004960,2026-08-01T00:00:00Z,farmer:431001:005,lender:vridhi,1350.0,loan_repayment,upi,431001,0.0,True
tx-202608-00004961,2026-08-01T00:00:00Z,farmer:431001:006,retailer:431001:03,2815.82,kirana_purchase,upi,431001,0.0,True
tx-202608-00004962,2026-08-01T00:00:00Z,farmer:431001:006,utility:431001,630.0,utility_payment,upi,431001,0.0,True
tx-202608-00004963,2026-08-01T00:00:00Z,farmer:431001:008,utility:431001,505.0,utility_payment,upi,431001,0.0,True
tx-202608-00004964,2026-08-01T00:00:00Z,farmer:431001:010,lender:vridhi,1350.0,loan_repayment,upi,431001,0.0,True
tx-202608-00004965,2026-08-01T00:00:00Z,farmer:431001:013,retailer:431001:02,2240.99,kirana_purchase,upi,431001,0.0,True
tx-202608-00004966,2026-08-01T00:00:00Z,farmer:431001:013,utility:431001,630.0,utility_payment,upi,431001,0.0,True
tx-202608-00004967,2026-08-01T00:00:00Z,farmer:431001:013,lender:vridhi,1350.0,loan_repayment,upi,431001,0.0,True
tx-202608-00004968,2026-08-01T00:00:00Z,farmer:431001:016,retailer:431001:02,1487.6,kirana_purchase,upi,431001,0.0,True
tx-202608-00004969,2026-08-01T00:00:00Z,farmer:431001:016,utility:431001,630.0,utility_payment,upi,431001,0.0,True
tx-202608-00004970,2026-08-01T00:00:00Z,farmer:431001:018,retailer:431001:02,1558.42,kirana_purchase,upi,431001,0.0,True
tx-202608-00004971,2026-08-01T00:00:00Z,farmer:431001:018,lender:vridhi,1350.0,loan_repayment,upi,431001,0.0,True
tx-202608-00004972,2026-08-01T00:00:00Z,farmer:431001:020,retailer:431001:01,2663.14,kirana_purchase,upi,431001,0.0,True
tx-202608-00004973,2026-08-01T00:00:00Z,farmer:431001:021,retailer:431001:04,1815.85,kirana_purchase,upi,431001,0.0,True
tx-202608-00004974,2026-08-01T00:00:00Z,farmer:431001:021,utility:431001,505.0,utility_payment,upi,431001,0.0,True
tx-202608-00004975,2026-08-01T00:00:00Z,farmer:431001:021,lender:vridhi,851.45,loan_repayment,upi,431001,0.0,True
tx-202608-00004976,2026-08-01T00:00:00Z,farmer:431001:023,retailer:431001:04,1695.2,kirana_purchase,upi,431001,0.0,True
tx-202608-00004977,2026-08-01T00:00:00Z,farmer:431001:023,utility:431001,630.0,utility_payment,upi,431001,0.0,True
tx-202608-00004978,2026-08-01T00:00:00Z,farmer:431001:023,lender:vridhi,1350.0,loan_repayment,upi,431001,0.0,True
tx-202608-00004979,2026-08-01T00:00:00Z,farmer:431001:025,retailer:431001:01,2660.59,kirana_purchase,upi,431001,0.0,True
tx-202608-00004980,2026-08-01T00:00:00Z,farmer:431001:025,utility:431001,505.0,utility_payment,upi,431001,0.0,True
tx-202608-00004981,2026-08-01T00:00:00Z,farmer:431001:026,lender:vridhi,1350.0,loan_repayment,upi,431001,0.0,True
tx-202608-00004982,2026-08-01T00:00:00Z,farmer:431001:027,retailer:431001:02,2150.52,kirana_purchase,upi,431001,0.0,True
tx-202608-00004983,2026-08-01T00:00:00Z,farmer:431001:030,utility:431001,505.0,utility_payment,upi,431001,0.0,True
tx-202608-00004984,2026-08-01T00:00:00Z,farmer:431001:030,lender:vridhi,1350.0,loan_repayment,upi,431001,0.0,True
tx-202608-00004985,2026-08-01T00:00:00Z,farmer:431001:031,retailer:431001:04,1685.47,kirana_purchase,upi,431001,0.0,True
tx-202608-00004986,2026-08-01T00:00:00Z,farmer:431001:031,utility:431001,630.0,utility_payment,upi,431001,0.0,True
tx-202608-00004987,2026-08-01T00:00:00Z,farmer:431001:031,lender:vridhi,1350.0,loan_repayment,upi,431001,0.0,True
tx-202608-00004988,2026-08-01T00:00:00Z,farmer:431001:032,retailer:431001:04,2944.41,kirana_purchase,upi,431001,0.0,True
tx-202608-00004989,2026-08-01T00:00:00Z,farmer:431001:032,utility:431001,630.0,utility_payment,upi,431001,0.0,True
tx-202608-00004990,2026-08-01T00:00:00Z,farmer:431001:032,lender:vridhi,1350.0,loan_repayment,upi,431001,0.0,True
tx-202608-00004991,2026-08-01T00:00:00Z,farmer:431001:033,retailer:431001:02,2047.04,kirana_purchase,upi,431001,0.0,True
tx-202608-00004992,2026-08-01T00:00:00Z,farmer:431001:033,utility:431001,630.0,utility_payment,upi,431001,0.0,True
tx-202608-00004993,2026-08-01T00:00:00Z,farmer:431001:033,lender:vridhi,1350.0,loan_repayment,upi,431001,0.0,True
tx-202608-00004994,2026-08-01T00:00:00Z,farmer:431001:035,retailer:431001:01,2944.81,kirana_purchase,upi,431001,0.0,True
tx-202608-00004995,2026-08-01T00:00:00Z,farmer:431001:035,utility:431001,505.0,utility_payment,upi,431001,0.0,True
tx-202608-00004996,2026-08-01T00:00:00Z,farmer:431001:035,lender:vridhi,1350.0,loan_repayment,upi,431001,0.0,True
tx-202608-00004997,2026-08-01T00:00:00Z,retailer:431001:01,wholesaler:431001:01,6526.98,retailer_restock,upi,431001,0.0,True
tx-202608-00004998,2026-08-01T00:00:00Z,retailer:431001:02,wholesaler:431001:01,6515.58,retailer_restock,upi,431001,0.0,True
tx-202608-00004999,2026-08-01T00:00:00Z,retailer:431001:02,utility:431001,1050.0,utility_payment,upi,431001,0.0,True
tx-202608-00005000,2026-08-01T00:00:00Z,retailer:431001:03,wholesaler:431001:01,2901.91,retailer_restock,upi,431001,0.0,True
tx-202608-00005001,2026-08-01T00:00:00Z,retailer:431001:03,utility:431001,1050.0,utility_payment,upi,431001,0.0,True
tx-202608-00005002,2026-08-01T00:00:00Z,retailer:431001:04,wholesaler:431001:01,7830.34,retailer_restock,upi,431001,0.0,True
tx-202608-00005003,2026-08-01T00:00:00Z,retailer:431001:04,utility:431001,1050.0,utility_payment,upi,431001,0.0,True
tx-202608-00005004,2026-08-01T00:00:00Z,wholesaler:431001:01,utility:431001,2400.0,utility_payment,upi,431001,0.0,True
tx-202608-00005005,2026-08-01T00:00:00Z,farmer:440001:001,utility:440001,505.0,utility_payment,upi,440001,0.0,True
tx-202608-00005006,2026-08-01T00:00:00Z,farmer:440001:001,lender:vridhi,1350.0,loan_repayment,upi,440001,0.0,True
tx-202608-00005007,2026-08-01T00:00:00Z,farmer:440001:002,lender:vridhi,1350.0,loan_repayment,upi,440001,0.0,True
tx-202608-00005008,2026-08-01T00:00:00Z,farmer:440001:003,retailer:440001:02,2834.41,kirana_purchase,upi,440001,0.0,True
tx-202608-00005009,2026-08-01T00:00:00Z,farmer:440001:003,utility:440001,630.0,utility_payment,upi,440001,0.0,True
tx-202608-00005010,2026-08-01T00:00:00Z,farmer:440001:004,retailer:440001:01,2822.25,kirana_purchase,upi,440001,0.0,True
tx-202608-00005011,2026-08-01T00:00:00Z,farmer:440001:004,utility:440001,505.0,utility_payment,upi,440001,0.0,True
tx-202608-00005012,2026-08-01T00:00:00Z,farmer:440001:004,lender:vridhi,1350.0,loan_repayment,upi,440001,0.0,True
tx-202608-00005013,2026-08-01T00:00:00Z,farmer:440001:005,retailer:440001:02,2453.18,kirana_purchase,upi,440001,0.0,True
tx-202608-00005014,2026-08-01T00:00:00Z,farmer:440001:005,utility:440001,630.0,utility_payment,upi,440001,0.0,True
tx-202608-00005015,2026-08-01T00:00:00Z,farmer:440001:005,lender:vridhi,1350.0,loan_repayment,upi,440001,0.0,True
tx-202608-00005016,2026-08-01T00:00:00Z,farmer:440001:007,utility:440001,505.0,utility_payment,upi,440001,0.0,True
tx-202608-00005017,2026-08-01T00:00:00Z,farmer:440001:007,lender:vridhi,1350.0,loan_repayment,upi,440001,0.0,True
tx-202608-00005018,2026-08-01T00:00:00Z,farmer:440001:008,retailer:440001:02,2071.68,kirana_purchase,upi,440001,0.0,True
tx-202608-00005019,2026-08-01T00:00:00Z,farmer:440001:008,lender:vridhi,1350.0,loan_repayment,upi,440001,0.0,True
tx-202608-00005020,2026-08-01T00:00:00Z,farmer:440001:011,retailer:440001:01,2891.22,kirana_purchase,upi,440001,0.0,True
tx-202608-00005021,2026-08-01T00:00:00Z,farmer:440001:011,utility:440001,505.0,utility_payment,upi,440001,0.0,True
tx-202608-00005022,2026-08-01T00:00:00Z,farmer:440001:013,retailer:440001:02,1930.35,kirana_purchase,upi,440001,0.0,True
tx-202608-00005023,2026-08-01T00:00:00Z,farmer:440001:013,lender:vridhi,1350.0,loan_repayment,upi,440001,0.0,True
tx-202608-00005024,2026-08-01T00:00:00Z,farmer:440001:014,retailer:440001:04,2137.2,kirana_purchase,upi,440001,0.0,True
tx-202608-00005025,2026-08-01T00:00:00Z,farmer:440001:014,utility:440001,505.0,utility_payment,upi,440001,0.0,True
tx-202608-00005026,2026-08-01T00:00:00Z,farmer:440001:014,lender:vridhi,1350.0,loan_repayment,upi,440001,0.0,True
tx-202608-00005027,2026-08-01T00:00:00Z,farmer:440001:015,retailer:440001:03,2404.13,kirana_purchase,upi,440001,0.0,True
tx-202608-00005028,2026-08-01T00:00:00Z,farmer:440001:015,utility:440001,505.0,utility_payment,upi,440001,0.0,True
tx-202608-00005029,2026-08-01T00:00:00Z,farmer:440001:017,retailer:440001:01,2346.84,kirana_purchase,upi,440001,0.0,True
tx-202608-00005030,2026-08-01T00:00:00Z,farmer:440001:017,lender:vridhi,1350.0,loan_repayment,upi,440001,0.0,True
tx-202608-00005031,2026-08-01T00:00:00Z,farmer:440001:019,retailer:440001:01,2358.3,kirana_purchase,upi,440001,0.0,True
tx-202608-00005032,2026-08-01T00:00:00Z,farmer:440001:019,utility:440001,630.0,utility_payment,upi,440001,0.0,True
tx-202608-00005033,2026-08-01T00:00:00Z,farmer:440001:019,lender:vridhi,1350.0,loan_repayment,upi,440001,0.0,True
tx-202608-00005034,2026-08-01T00:00:00Z,farmer:440001:020,utility:440001,630.0,utility_payment,upi,440001,0.0,True
tx-202608-00005035,2026-08-01T00:00:00Z,farmer:440001:020,lender:vridhi,1350.0,loan_repayment,upi,440001,0.0,True
tx-202608-00005036,2026-08-01T00:00:00Z,farmer:440001:021,utility:440001,51.22,utility_payment,upi,440001,0.0,True
tx-202608-00005037,2026-08-01T00:00:00Z,farmer:440001:023,utility:440001,505.0,utility_payment,upi,440001,0.0,True
tx-202608-00005038,2026-08-01T00:00:00Z,farmer:440001:023,lender:vridhi,1350.0,loan_repayment,upi,440001,0.0,True
tx-202608-00005039,2026-08-01T00:00:00Z,farmer:440001:024,retailer:440001:02,2420.95,kirana_purchase,upi,440001,0.0,True
tx-202608-00005040,2026-08-01T00:00:00Z,farmer:440001:024,utility:440001,630.0,utility_payment,upi,440001,0.0,True
tx-202608-00005041,2026-08-01T00:00:00Z,farmer:440001:024,lender:vridhi,1350.0,loan_repayment,upi,440001,0.0,True
tx-202608-00005042,2026-08-01T00:00:00Z,farmer:440001:026,retailer:440001:01,2987.47,kirana_purchase,upi,440001,0.0,True
tx-202608-00005043,2026-08-01T00:00:00Z,farmer:440001:026,lender:vridhi,1350.0,loan_repayment,upi,440001,0.0,True
tx-202608-00005044,2026-08-01T00:00:00Z,farmer:440001:028,utility:440001,630.0,utility_payment,upi,440001,0.0,True
tx-202608-00005045,2026-08-01T00:00:00Z,farmer:440001:028,lender:vridhi,1350.0,loan_repayment,upi,440001,0.0,True
tx-202608-00005046,2026-08-01T00:00:00Z,farmer:440001:029,retailer:440001:02,2507.0,kirana_purchase,upi,440001,0.0,True
tx-202608-00005047,2026-08-01T00:00:00Z,farmer:440001:029,lender:vridhi,1350.0,loan_repayment,upi,440001,0.0,True
tx-202608-00005048,2026-08-01T00:00:00Z,farmer:440001:031,retailer:440001:03,2145.65,kirana_purchase,upi,440001,0.0,True
tx-202608-00005049,2026-08-01T00:00:00Z,farmer:440001:031,lender:vridhi,1350.0,loan_repayment,upi,440001,0.0,True
tx-202608-00005050,2026-08-01T00:00:00Z,farmer:440001:033,retailer:440001:04,1880.82,kirana_purchase,upi,440001,0.0,True
tx-202608-00005051,2026-08-01T00:00:00Z,farmer:440001:033,lender:vridhi,1350.0,loan_repayment,upi,440001,0.0,True
tx-202608-00005052,2026-08-01T00:00:00Z,farmer:440001:034,utility:440001,630.0,utility_payment,upi,440001,0.0,True
tx-202608-00005053,2026-08-01T00:00:00Z,farmer:440001:034,lender:vridhi,1350.0,loan_repayment,upi,440001,0.0,True
tx-202608-00005054,2026-08-01T00:00:00Z,retailer:440001:01,wholesaler:440001:01,11514.65,retailer_restock,upi,440001,0.0,True
tx-202608-00005055,2026-08-01T00:00:00Z,retailer:440001:01,utility:440001,1050.0,utility_payment,upi,440001,0.0,True
tx-202608-00005056,2026-08-01T00:00:00Z,retailer:440001:02,wholesaler:440001:01,19071.77,retailer_restock,upi,440001,0.0,True
tx-202608-00005057,2026-08-01T00:00:00Z,retailer:440001:02,utility:440001,1050.0,utility_payment,upi,440001,0.0,True
tx-202608-00005058,2026-08-01T00:00:00Z,retailer:440001:03,wholesaler:440001:01,4229.69,retailer_restock,upi,440001,0.0,True
tx-202608-00005059,2026-08-01T00:00:00Z,retailer:440001:03,utility:440001,1050.0,utility_payment,upi,440001,0.0,True
tx-202608-00005060,2026-08-01T00:00:00Z,retailer:440001:04,wholesaler:440001:01,4717.31,retailer_restock,upi,440001,0.0,True
tx-202608-00005061,2026-08-01T00:00:00Z,retailer:440001:04,utility:440001,1050.0,utility_payment,upi,440001,0.0,True
tx-202608-00005062,2026-08-01T00:00:00Z,wholesaler:440001:01,utility:440001,2400.0,utility_payment,upi,440001,0.0,True
tx-202609-00005063,2026-09-01T00:00:00Z,farmer:413001:002,retailer:413001:04,1791.34,kirana_purchase,upi,413001,0.0,True
tx-202609-00005064,2026-09-01T00:00:00Z,farmer:413001:002,utility:413001,505.0,utility_payment,upi,413001,0.0,True
tx-202609-00005065,2026-09-01T00:00:00Z,farmer:413001:002,lender:vridhi,1350.0,loan_repayment,upi,413001,0.0,True
tx-202609-00005066,2026-09-01T00:00:00Z,farmer:413001:010,retailer:413001:03,1524.39,kirana_purchase,upi,413001,0.0,True
tx-202609-00005067,2026-09-01T00:00:00Z,farmer:413001:010,utility:413001,505.0,utility_payment,upi,413001,0.0,True
tx-202609-00005068,2026-09-01T00:00:00Z,farmer:413001:011,retailer:413001:03,3017.13,kirana_purchase,upi,413001,0.0,True
tx-202609-00005069,2026-09-01T00:00:00Z,farmer:413001:011,utility:413001,630.0,utility_payment,upi,413001,0.0,True
tx-202609-00005070,2026-09-01T00:00:00Z,farmer:413001:011,lender:vridhi,1350.0,loan_repayment,upi,413001,0.0,True
tx-202609-00005071,2026-09-01T00:00:00Z,farmer:413001:013,retailer:413001:03,2309.51,kirana_purchase,upi,413001,0.0,True
tx-202609-00005072,2026-09-01T00:00:00Z,farmer:413001:013,utility:413001,630.0,utility_payment,upi,413001,0.0,True
tx-202609-00005073,2026-09-01T00:00:00Z,farmer:413001:013,lender:vridhi,1350.0,loan_repayment,upi,413001,0.0,True
tx-202609-00005074,2026-09-01T00:00:00Z,farmer:413001:014,retailer:413001:04,1493.03,kirana_purchase,upi,413001,0.0,True
tx-202609-00005075,2026-09-01T00:00:00Z,farmer:413001:014,lender:vridhi,1350.0,loan_repayment,upi,413001,0.0,True
tx-202609-00005076,2026-09-01T00:00:00Z,farmer:413001:018,retailer:413001:01,2146.87,kirana_purchase,upi,413001,0.0,True
tx-202609-00005077,2026-09-01T00:00:00Z,farmer:413001:018,utility:413001,505.0,utility_payment,upi,413001,0.0,True
tx-202609-00005078,2026-09-01T00:00:00Z,farmer:413001:018,lender:vridhi,1350.0,loan_repayment,upi,413001,0.0,True
tx-202609-00005079,2026-09-01T00:00:00Z,farmer:413001:019,retailer:413001:03,2079.63,kirana_purchase,upi,413001,0.0,True
tx-202609-00005080,2026-09-01T00:00:00Z,farmer:413001:019,utility:413001,630.0,utility_payment,upi,413001,0.0,True
tx-202609-00005081,2026-09-01T00:00:00Z,farmer:413001:019,lender:vridhi,1350.0,loan_repayment,upi,413001,0.0,True
tx-202609-00005082,2026-09-01T00:00:00Z,farmer:413001:021,utility:413001,630.0,utility_payment,upi,413001,0.0,True
tx-202609-00005083,2026-09-01T00:00:00Z,farmer:413001:021,lender:vridhi,1350.0,loan_repayment,upi,413001,0.0,True
tx-202609-00005084,2026-09-01T00:00:00Z,farmer:413001:022,retailer:413001:01,2408.19,kirana_purchase,upi,413001,0.0,True
tx-202609-00005085,2026-09-01T00:00:00Z,farmer:413001:022,utility:413001,630.0,utility_payment,upi,413001,0.0,True
tx-202609-00005086,2026-09-01T00:00:00Z,farmer:413001:024,utility:413001,505.0,utility_payment,upi,413001,0.0,True
tx-202609-00005087,2026-09-01T00:00:00Z,farmer:413001:024,lender:vridhi,1348.99,loan_repayment,upi,413001,0.0,True
tx-202609-00005088,2026-09-01T00:00:00Z,farmer:413001:026,utility:413001,505.0,utility_payment,upi,413001,0.0,True
tx-202609-00005089,2026-09-01T00:00:00Z,farmer:413001:028,retailer:413001:02,3087.17,kirana_purchase,upi,413001,0.0,True
tx-202609-00005090,2026-09-01T00:00:00Z,farmer:413001:028,utility:413001,505.0,utility_payment,upi,413001,0.0,True
tx-202609-00005091,2026-09-01T00:00:00Z,farmer:413001:028,lender:vridhi,1350.0,loan_repayment,upi,413001,0.0,True
tx-202609-00005092,2026-09-01T00:00:00Z,farmer:413001:029,retailer:413001:01,2183.95,kirana_purchase,upi,413001,0.0,True
tx-202609-00005093,2026-09-01T00:00:00Z,farmer:413001:029,utility:413001,505.0,utility_payment,upi,413001,0.0,True
tx-202609-00005094,2026-09-01T00:00:00Z,farmer:413001:029,lender:vridhi,1350.0,loan_repayment,upi,413001,0.0,True
tx-202609-00005095,2026-09-01T00:00:00Z,farmer:413001:031,retailer:413001:02,2878.23,kirana_purchase,upi,413001,0.0,True
tx-202609-00005096,2026-09-01T00:00:00Z,farmer:413001:031,lender:vridhi,1350.0,loan_repayment,upi,413001,0.0,True
tx-202609-00005097,2026-09-01T00:00:00Z,farmer:413001:033,retailer:413001:04,2204.62,kirana_purchase,upi,413001,0.0,True
tx-202609-00005098,2026-09-01T00:00:00Z,farmer:413001:033,utility:413001,630.0,utility_payment,upi,413001,0.0,True
tx-202609-00005099,2026-09-01T00:00:00Z,farmer:413001:033,lender:vridhi,1350.0,loan_repayment,upi,413001,0.0,True
tx-202609-00005100,2026-09-01T00:00:00Z,farmer:413001:035,utility:413001,630.0,utility_payment,upi,413001,0.0,True
tx-202609-00005101,2026-09-01T00:00:00Z,retailer:413001:01,utility:413001,1050.0,utility_payment,upi,413001,0.0,True
tx-202609-00005102,2026-09-01T00:00:00Z,retailer:413001:03,wholesaler:413001:01,5134.8,retailer_restock,upi,413001,0.0,True
tx-202609-00005103,2026-09-01T00:00:00Z,retailer:413001:03,utility:413001,1050.0,utility_payment,upi,413001,0.0,True
tx-202609-00005104,2026-09-01T00:00:00Z,retailer:413001:04,wholesaler:413001:01,5921.43,retailer_restock,upi,413001,0.0,True
tx-202609-00005105,2026-09-01T00:00:00Z,retailer:413001:04,utility:413001,1050.0,utility_payment,upi,413001,0.0,True
tx-202609-00005106,2026-09-01T00:00:00Z,farmer:431001:002,retailer:431001:03,2387.88,kirana_purchase,upi,431001,0.0,True
tx-202609-00005107,2026-09-01T00:00:00Z,farmer:431001:002,utility:431001,505.0,utility_payment,upi,431001,0.0,True
tx-202609-00005108,2026-09-01T00:00:00Z,farmer:431001:002,lender:vridhi,1350.0,loan_repayment,upi,431001,0.0,True
tx-202609-00005109,2026-09-01T00:00:00Z,farmer:431001:003,retailer:431001:02,3053.44,kirana_purchase,upi,431001,0.0,True
tx-202609-00005110,2026-09-01T00:00:00Z,farmer:431001:003,utility:431001,505.0,utility_payment,upi,431001,0.0,True
tx-202609-00005111,2026-09-01T00:00:00Z,farmer:431001:003,lender:vridhi,1350.0,loan_repayment,upi,431001,0.0,True
tx-202609-00005112,2026-09-01T00:00:00Z,farmer:431001:004,utility:431001,630.0,utility_payment,upi,431001,0.0,True
tx-202609-00005113,2026-09-01T00:00:00Z,farmer:431001:004,lender:vridhi,1350.0,loan_repayment,upi,431001,0.0,True
tx-202609-00005114,2026-09-01T00:00:00Z,farmer:431001:005,utility:431001,630.0,utility_payment,upi,431001,0.0,True
tx-202609-00005115,2026-09-01T00:00:00Z,farmer:431001:005,lender:vridhi,1350.0,loan_repayment,upi,431001,0.0,True
tx-202609-00005116,2026-09-01T00:00:00Z,farmer:431001:006,retailer:431001:02,2925.65,kirana_purchase,upi,431001,0.0,True
tx-202609-00005117,2026-09-01T00:00:00Z,farmer:431001:006,lender:vridhi,1350.0,loan_repayment,upi,431001,0.0,True
tx-202609-00005118,2026-09-01T00:00:00Z,farmer:431001:008,retailer:431001:01,1595.78,kirana_purchase,upi,431001,0.0,True
tx-202609-00005119,2026-09-01T00:00:00Z,farmer:431001:008,lender:vridhi,1350.0,loan_repayment,upi,431001,0.0,True
tx-202609-00005120,2026-09-01T00:00:00Z,farmer:431001:010,retailer:431001:03,1795.11,kirana_purchase,upi,431001,0.0,True
tx-202609-00005121,2026-09-01T00:00:00Z,farmer:431001:010,utility:431001,630.0,utility_payment,upi,431001,0.0,True
tx-202609-00005122,2026-09-01T00:00:00Z,farmer:431001:013,utility:431001,630.0,utility_payment,upi,431001,0.0,True
tx-202609-00005123,2026-09-01T00:00:00Z,farmer:431001:013,lender:vridhi,900.84,loan_repayment,upi,431001,0.0,True
tx-202609-00005124,2026-09-01T00:00:00Z,farmer:431001:016,retailer:431001:01,2354.92,kirana_purchase,upi,431001,0.0,True
tx-202609-00005125,2026-09-01T00:00:00Z,farmer:431001:016,utility:431001,630.0,utility_payment,upi,431001,0.0,True
tx-202609-00005126,2026-09-01T00:00:00Z,farmer:431001:016,lender:vridhi,1350.0,loan_repayment,upi,431001,0.0,True
tx-202609-00005127,2026-09-01T00:00:00Z,farmer:431001:018,lender:vridhi,1350.0,loan_repayment,upi,431001,0.0,True
tx-202609-00005128,2026-09-01T00:00:00Z,farmer:431001:020,retailer:431001:01,2734.64,kirana_purchase,upi,431001,0.0,True
tx-202609-00005129,2026-09-01T00:00:00Z,farmer:431001:020,utility:431001,505.0,utility_payment,upi,431001,0.0,True
tx-202609-00005130,2026-09-01T00:00:00Z,farmer:431001:020,lender:vridhi,1350.0,loan_repayment,upi,431001,0.0,True
tx-202609-00005131,2026-09-01T00:00:00Z,farmer:431001:023,retailer:431001:02,2210.47,kirana_purchase,upi,431001,0.0,True
tx-202609-00005132,2026-09-01T00:00:00Z,farmer:431001:023,utility:431001,630.0,utility_payment,upi,431001,0.0,True
tx-202609-00005133,2026-09-01T00:00:00Z,farmer:431001:023,lender:vridhi,1350.0,loan_repayment,upi,431001,0.0,True
tx-202609-00005134,2026-09-01T00:00:00Z,farmer:431001:025,retailer:431001:01,2957.03,kirana_purchase,upi,431001,0.0,True
tx-202609-00005135,2026-09-01T00:00:00Z,farmer:431001:025,utility:431001,505.0,utility_payment,upi,431001,0.0,True
tx-202609-00005136,2026-09-01T00:00:00Z,farmer:431001:025,lender:vridhi,1350.0,loan_repayment,upi,431001,0.0,True
tx-202609-00005137,2026-09-01T00:00:00Z,farmer:431001:026,retailer:431001:04,3008.5,kirana_purchase,upi,431001,0.0,True
tx-202609-00005138,2026-09-01T00:00:00Z,farmer:431001:030,utility:431001,505.0,utility_payment,upi,431001,0.0,True
tx-202609-00005139,2026-09-01T00:00:00Z,farmer:431001:030,lender:vridhi,1350.0,loan_repayment,upi,431001,0.0,True
tx-202609-00005140,2026-09-01T00:00:00Z,farmer:431001:031,retailer:431001:03,53.88,kirana_purchase,upi,431001,0.0,True
tx-202609-00005141,2026-09-01T00:00:00Z,farmer:431001:032,utility:431001,630.0,utility_payment,upi,431001,0.0,True
tx-202609-00005142,2026-09-01T00:00:00Z,farmer:431001:032,lender:vridhi,1350.0,loan_repayment,upi,431001,0.0,True
tx-202609-00005143,2026-09-01T00:00:00Z,farmer:431001:033,utility:431001,630.0,utility_payment,upi,431001,0.0,True
tx-202609-00005144,2026-09-01T00:00:00Z,farmer:431001:033,lender:vridhi,1350.0,loan_repayment,upi,431001,0.0,True
tx-202609-00005145,2026-09-01T00:00:00Z,farmer:431001:035,retailer:431001:03,2387.17,kirana_purchase,upi,431001,0.0,True
tx-202609-00005146,2026-09-01T00:00:00Z,farmer:431001:035,lender:vridhi,1350.0,loan_repayment,upi,431001,0.0,True
tx-202609-00005147,2026-09-01T00:00:00Z,retailer:431001:01,wholesaler:431001:01,7714.43,retailer_restock,upi,431001,0.0,True
tx-202609-00005148,2026-09-01T00:00:00Z,retailer:431001:01,utility:431001,1050.0,utility_payment,upi,431001,0.0,True
tx-202609-00005149,2026-09-01T00:00:00Z,retailer:431001:02,wholesaler:431001:01,6880.02,retailer_restock,upi,431001,0.0,True
tx-202609-00005150,2026-09-01T00:00:00Z,retailer:431001:02,utility:431001,1050.0,utility_payment,upi,431001,0.0,True
tx-202609-00005151,2026-09-01T00:00:00Z,retailer:431001:03,wholesaler:431001:01,7069.71,retailer_restock,upi,431001,0.0,True
tx-202609-00005152,2026-09-01T00:00:00Z,retailer:431001:03,utility:431001,1050.0,utility_payment,upi,431001,0.0,True
tx-202609-00005153,2026-09-01T00:00:00Z,wholesaler:431001:01,utility:431001,2400.0,utility_payment,upi,431001,0.0,True
tx-202609-00005154,2026-09-01T00:00:00Z,farmer:440001:001,utility:440001,505.0,utility_payment,upi,440001,0.0,True
tx-202609-00005155,2026-09-01T00:00:00Z,farmer:440001:001,lender:vridhi,1350.0,loan_repayment,upi,440001,0.0,True
tx-202609-00005156,2026-09-01T00:00:00Z,farmer:440001:002,retailer:440001:03,1591.62,kirana_purchase,upi,440001,0.0,True
tx-202609-00005157,2026-09-01T00:00:00Z,farmer:440001:002,utility:440001,505.0,utility_payment,upi,440001,0.0,True
tx-202609-00005158,2026-09-01T00:00:00Z,farmer:440001:002,lender:vridhi,1350.0,loan_repayment,upi,440001,0.0,True
tx-202609-00005159,2026-09-01T00:00:00Z,farmer:440001:003,utility:440001,630.0,utility_payment,upi,440001,0.0,True
tx-202609-00005160,2026-09-01T00:00:00Z,farmer:440001:003,lender:vridhi,1350.0,loan_repayment,upi,440001,0.0,True
tx-202609-00005161,2026-09-01T00:00:00Z,farmer:440001:004,retailer:440001:01,1863.03,kirana_purchase,upi,440001,0.0,True
tx-202609-00005162,2026-09-01T00:00:00Z,farmer:440001:004,utility:440001,505.0,utility_payment,upi,440001,0.0,True
tx-202609-00005163,2026-09-01T00:00:00Z,farmer:440001:004,lender:vridhi,1350.0,loan_repayment,upi,440001,0.0,True
tx-202609-00005164,2026-09-01T00:00:00Z,farmer:440001:005,utility:440001,630.0,utility_payment,upi,440001,0.0,True
tx-202609-00005165,2026-09-01T00:00:00Z,farmer:440001:005,lender:vridhi,1350.0,loan_repayment,upi,440001,0.0,True
tx-202609-00005166,2026-09-01T00:00:00Z,farmer:440001:006,retailer:440001:03,2929.27,kirana_purchase,upi,440001,0.0,True
tx-202609-00005167,2026-09-01T00:00:00Z,farmer:440001:006,utility:440001,630.0,utility_payment,upi,440001,0.0,True
tx-202609-00005168,2026-09-01T00:00:00Z,farmer:440001:006,lender:vridhi,1350.0,loan_repayment,upi,440001,0.0,True
tx-202609-00005169,2026-09-01T00:00:00Z,farmer:440001:007,retailer:440001:04,2522.7,kirana_purchase,upi,440001,0.0,True
tx-202609-00005170,2026-09-01T00:00:00Z,farmer:440001:007,utility:440001,505.0,utility_payment,upi,440001,0.0,True
tx-202609-00005171,2026-09-01T00:00:00Z,farmer:440001:007,lender:vridhi,1350.0,loan_repayment,upi,440001,0.0,True
tx-202609-00005172,2026-09-01T00:00:00Z,farmer:440001:008,retailer:440001:01,2647.05,kirana_purchase,upi,440001,0.0,True
tx-202609-00005173,2026-09-01T00:00:00Z,farmer:440001:008,lender:vridhi,1350.0,loan_repayment,upi,440001,0.0,True
tx-202609-00005174,2026-09-01T00:00:00Z,farmer:440001:010,utility:440001,505.0,utility_payment,upi,440001,0.0,True
tx-202609-00005175,2026-09-01T00:00:00Z,farmer:440001:010,lender:vridhi,1350.0,loan_repayment,upi,440001,0.0,True
tx-202609-00005176,2026-09-01T00:00:00Z,farmer:440001:011,retailer:440001:01,2107.73,kirana_purchase,upi,440001,0.0,True
tx-202609-00005177,2026-09-01T00:00:00Z,farmer:440001:011,utility:440001,505.0,utility_payment,upi,440001,0.0,True
tx-202609-00005178,2026-09-01T00:00:00Z,farmer:440001:011,lender:vridhi,1350.0,loan_repayment,upi,440001,0.0,True
tx-202609-00005179,2026-09-01T00:00:00Z,farmer:440001:013,utility:440001,505.0,utility_payment,upi,440001,0.0,True
tx-202609-00005180,2026-09-01T00:00:00Z,farmer:440001:014,retailer:440001:04,1764.38,kirana_purchase,upi,440001,0.0,True
tx-202609-00005181,2026-09-01T00:00:00Z,farmer:440001:014,utility:440001,359.11,utility_payment,upi,440001,0.0,True
tx-202609-00005182,2026-09-01T00:00:00Z,farmer:440001:015,utility:440001,505.0,utility_payment,upi,440001,0.0,True
tx-202609-00005183,2026-09-01T00:00:00Z,farmer:440001:015,lender:vridhi,1350.0,loan_repayment,upi,440001,0.0,True
tx-202609-00005184,2026-09-01T00:00:00Z,farmer:440001:017,lender:vridhi,1350.0,loan_repayment,upi,440001,0.0,True
tx-202609-00005185,2026-09-01T00:00:00Z,farmer:440001:019,retailer:440001:03,2472.64,kirana_purchase,upi,440001,0.0,True
tx-202609-00005186,2026-09-01T00:00:00Z,farmer:440001:019,utility:440001,630.0,utility_payment,upi,440001,0.0,True
tx-202609-00005187,2026-09-01T00:00:00Z,farmer:440001:019,lender:vridhi,1350.0,loan_repayment,upi,440001,0.0,True
tx-202609-00005188,2026-09-01T00:00:00Z,farmer:440001:020,retailer:440001:03,1466.19,kirana_purchase,upi,440001,0.0,True
tx-202609-00005189,2026-09-01T00:00:00Z,farmer:440001:023,utility:440001,505.0,utility_payment,upi,440001,0.0,True
tx-202609-00005190,2026-09-01T00:00:00Z,farmer:440001:023,lender:vridhi,1350.0,loan_repayment,upi,440001,0.0,True
tx-202609-00005191,2026-09-01T00:00:00Z,farmer:440001:024,lender:vridhi,1350.0,loan_repayment,upi,440001,0.0,True
tx-202609-00005192,2026-09-01T00:00:00Z,farmer:440001:026,retailer:440001:03,2636.73,kirana_purchase,upi,440001,0.0,True
tx-202609-00005193,2026-09-01T00:00:00Z,farmer:440001:026,lender:vridhi,1350.0,loan_repayment,upi,440001,0.0,True
tx-202609-00005194,2026-09-01T00:00:00Z,farmer:440001:028,retailer:440001:04,2079.75,kirana_purchase,upi,440001,0.0,True
tx-202609-00005195,2026-09-01T00:00:00Z,farmer:440001:028,utility:440001,630.0,utility_payment,upi,440001,0.0,True
tx-202609-00005196,2026-09-01T00:00:00Z,farmer:440001:028,lender:vridhi,1350.0,loan_repayment,upi,440001,0.0,True
tx-202609-00005197,2026-09-01T00:00:00Z,farmer:440001:029,retailer:440001:02,1837.79,kirana_purchase,upi,440001,0.0,True
tx-202609-00005198,2026-09-01T00:00:00Z,farmer:440001:029,lender:vridhi,1350.0,loan_repayment,upi,440001,0.0,True
tx-202609-00005199,2026-09-01T00:00:00Z,farmer:440001:031,utility:440001,630.0,utility_payment,upi,440001,0.0,True
tx-202609-00005200,2026-09-01T00:00:00Z,farmer:440001:031,lender:vridhi,1350.0,loan_repayment,upi,440001,0.0,True
tx-202609-00005201,2026-09-01T00:00:00Z,farmer:440001:033,utility:440001,505.0,utility_payment,upi,440001,0.0,True
tx-202609-00005202,2026-09-01T00:00:00Z,farmer:440001:034,retailer:440001:02,2129.01,kirana_purchase,upi,440001,0.0,True
tx-202609-00005203,2026-09-01T00:00:00Z,farmer:440001:034,lender:vridhi,1350.0,loan_repayment,upi,440001,0.0,True
tx-202609-00005204,2026-09-01T00:00:00Z,retailer:440001:01,wholesaler:440001:01,10385.45,retailer_restock,upi,440001,0.0,True
tx-202609-00005205,2026-09-01T00:00:00Z,retailer:440001:01,utility:440001,1050.0,utility_payment,upi,440001,0.0,True
tx-202609-00005206,2026-09-01T00:00:00Z,retailer:440001:02,wholesaler:440001:01,8286.16,retailer_restock,upi,440001,0.0,True
tx-202609-00005207,2026-09-01T00:00:00Z,retailer:440001:02,utility:440001,1050.0,utility_payment,upi,440001,0.0,True
tx-202609-00005208,2026-09-01T00:00:00Z,retailer:440001:03,wholesaler:440001:01,8399.07,retailer_restock,upi,440001,0.0,True
tx-202609-00005209,2026-09-01T00:00:00Z,retailer:440001:04,wholesaler:440001:01,6835.68,retailer_restock,upi,440001,0.0,True
tx-202609-00005210,2026-09-01T00:00:00Z,retailer:440001:04,utility:440001,1050.0,utility_payment,upi,440001,0.0,True
tx-202609-00005211,2026-09-01T00:00:00Z,wholesaler:440001:01,utility:440001,2400.0,utility_payment,upi,440001,0.0,True
tx-202610-00005212,2026-10-01T00:00:00Z,farmer:413001:001,utility:413001,630.0,utility_payment,upi,413001,0.0,True
tx-202610-00005213,2026-10-01T00:00:00Z,farmer:413001:001,lender:vridhi,707.24,loan_repayment,upi,413001,0.0,True
tx-202610-00005214,2026-10-01T00:00:00Z,wholesaler:413001:01,farmer:413001:002,15555.83,crop_sale,upi,413001,0.0,True
tx-202610-00005215,2026-10-01T00:00:00Z,farmer:413001:002,retailer:413001:03,1690.51,kirana_purchase,upi,413001,0.0,True
tx-202610-00005216,2026-10-01T00:00:00Z,farmer:413001:002,utility:413001,505.0,utility_payment,upi,413001,0.0,True
tx-202610-00005217,2026-10-01T00:00:00Z,farmer:413001:002,lender:vridhi,1350.0,loan_repayment,upi,413001,0.0,True
tx-202610-00005218,2026-10-01T00:00:00Z,farmer:413001:003,retailer:413001:02,2025.59,kirana_purchase,upi,413001,0.0,True
tx-202610-00005219,2026-10-01T00:00:00Z,farmer:413001:003,utility:413001,630.0,utility_payment,upi,413001,0.0,True
tx-202610-00005220,2026-10-01T00:00:00Z,farmer:413001:003,lender:vridhi,1350.0,loan_repayment,upi,413001,0.0,True
tx-202610-00005221,2026-10-01T00:00:00Z,wholesaler:413001:01,farmer:413001:004,6613.59,crop_sale,upi,413001,0.0,True
tx-202610-00005222,2026-10-01T00:00:00Z,farmer:413001:004,lender:vridhi,1350.0,loan_repayment,upi,413001,0.0,True
tx-202610-00005223,2026-10-01T00:00:00Z,wholesaler:413001:01,farmer:413001:005,6971.4,crop_sale,upi,413001,0.0,True
tx-202610-00005224,2026-10-01T00:00:00Z,farmer:413001:005,retailer:413001:04,2079.01,kirana_purchase,upi,413001,0.0,True
tx-202610-00005225,2026-10-01T00:00:00Z,farmer:413001:005,lender:vridhi,1350.0,loan_repayment,upi,413001,0.0,True
tx-202610-00005226,2026-10-01T00:00:00Z,farmer:413001:006,retailer:413001:04,2787.57,kirana_purchase,upi,413001,0.0,True
tx-202610-00005227,2026-10-01T00:00:00Z,farmer:413001:006,utility:413001,630.0,utility_payment,upi,413001,0.0,True
tx-202610-00005228,2026-10-01T00:00:00Z,farmer:413001:006,lender:vridhi,1350.0,loan_repayment,upi,413001,0.0,True
tx-202610-00005229,2026-10-01T00:00:00Z,wholesaler:413001:01,farmer:413001:007,3118.19,crop_sale,upi,413001,0.0,True
tx-202610-00005230,2026-10-01T00:00:00Z,farmer:413001:007,retailer:413001:03,2778.71,kirana_purchase,upi,413001,0.0,True
tx-202610-00005231,2026-10-01T00:00:00Z,wholesaler:413001:01,farmer:413001:008,8614.31,crop_sale,upi,413001,0.0,True
tx-202610-00005232,2026-10-01T00:00:00Z,farmer:413001:008,retailer:413001:02,2280.6,kirana_purchase,upi,413001,0.0,True
tx-202610-00005233,2026-10-01T00:00:00Z,farmer:413001:008,utility:413001,630.0,utility_payment,upi,413001,0.0,True
tx-202610-00005234,2026-10-01T00:00:00Z,farmer:413001:008,lender:vridhi,1350.0,loan_repayment,upi,413001,0.0,True
tx-202610-00005235,2026-10-01T00:00:00Z,wholesaler:413001:01,farmer:413001:009,7218.25,crop_sale,upi,413001,0.0,True
tx-202610-00005236,2026-10-01T00:00:00Z,farmer:413001:009,retailer:413001:03,1588.22,kirana_purchase,upi,413001,0.0,True
tx-202610-00005237,2026-10-01T00:00:00Z,farmer:413001:009,utility:413001,630.0,utility_payment,upi,413001,0.0,True
tx-202610-00005238,2026-10-01T00:00:00Z,wholesaler:413001:01,farmer:413001:010,17376.07,crop_sale,upi,413001,0.0,True
tx-202610-00005239,2026-10-01T00:00:00Z,farmer:413001:010,retailer:413001:04,2112.28,kirana_purchase,upi,413001,0.0,True
tx-202610-00005240,2026-10-01T00:00:00Z,farmer:413001:010,lender:vridhi,1350.0,loan_repayment,upi,413001,0.0,True
tx-202610-00005241,2026-10-01T00:00:00Z,wholesaler:413001:01,farmer:413001:011,13225.56,crop_sale,upi,413001,0.0,True
tx-202610-00005242,2026-10-01T00:00:00Z,farmer:413001:011,retailer:413001:04,1869.2,kirana_purchase,upi,413001,0.0,True
tx-202610-00005243,2026-10-01T00:00:00Z,farmer:413001:011,utility:413001,630.0,utility_payment,upi,413001,0.0,True
tx-202610-00005244,2026-10-01T00:00:00Z,wholesaler:413001:01,farmer:413001:012,8647.55,crop_sale,upi,413001,0.0,True
tx-202610-00005245,2026-10-01T00:00:00Z,farmer:413001:012,retailer:413001:03,3076.33,kirana_purchase,upi,413001,0.0,True
tx-202610-00005246,2026-10-01T00:00:00Z,farmer:413001:012,utility:413001,630.0,utility_payment,upi,413001,0.0,True
tx-202610-00005247,2026-10-01T00:00:00Z,farmer:413001:013,retailer:413001:02,3078.13,kirana_purchase,upi,413001,0.0,True
tx-202610-00005248,2026-10-01T00:00:00Z,farmer:413001:013,utility:413001,630.0,utility_payment,upi,413001,0.0,True
tx-202610-00005249,2026-10-01T00:00:00Z,farmer:413001:013,lender:vridhi,1350.0,loan_repayment,upi,413001,0.0,True
tx-202610-00005250,2026-10-01T00:00:00Z,wholesaler:413001:01,farmer:413001:014,14246.27,crop_sale,upi,413001,0.0,True
tx-202610-00005251,2026-10-01T00:00:00Z,farmer:413001:014,retailer:413001:03,1871.98,kirana_purchase,upi,413001,0.0,True
tx-202610-00005252,2026-10-01T00:00:00Z,wholesaler:413001:01,farmer:413001:015,7005.41,crop_sale,upi,413001,0.0,True
tx-202610-00005253,2026-10-01T00:00:00Z,farmer:413001:015,retailer:413001:03,1492.98,kirana_purchase,upi,413001,0.0,True
tx-202610-00005254,2026-10-01T00:00:00Z,farmer:413001:015,lender:vridhi,1350.0,loan_repayment,upi,413001,0.0,True
tx-202610-00005255,2026-10-01T00:00:00Z,farmer:413001:016,retailer:413001:02,2209.36,kirana_purchase,upi,413001,0.0,True
tx-202610-00005256,2026-10-01T00:00:00Z,farmer:413001:016,utility:413001,505.0,utility_payment,upi,413001,0.0,True
tx-202610-00005257,2026-10-01T00:00:00Z,farmer:413001:016,lender:vridhi,1350.0,loan_repayment,upi,413001,0.0,True
tx-202610-00005258,2026-10-01T00:00:00Z,farmer:413001:017,utility:413001,630.0,utility_payment,upi,413001,0.0,True
tx-202610-00005259,2026-10-01T00:00:00Z,farmer:413001:017,lender:vridhi,1350.0,loan_repayment,upi,413001,0.0,True
tx-202610-00005260,2026-10-01T00:00:00Z,farmer:413001:018,retailer:413001:01,1539.12,kirana_purchase,upi,413001,0.0,True
tx-202610-00005261,2026-10-01T00:00:00Z,farmer:413001:018,utility:413001,505.0,utility_payment,upi,413001,0.0,True
tx-202610-00005262,2026-10-01T00:00:00Z,farmer:413001:018,lender:vridhi,1350.0,loan_repayment,upi,413001,0.0,True
tx-202610-00005263,2026-10-01T00:00:00Z,wholesaler:413001:01,farmer:413001:019,13103.93,crop_sale,upi,413001,0.0,True
tx-202610-00005264,2026-10-01T00:00:00Z,farmer:413001:019,retailer:413001:01,2519.11,kirana_purchase,upi,413001,0.0,True
tx-202610-00005265,2026-10-01T00:00:00Z,farmer:413001:019,utility:413001,630.0,utility_payment,upi,413001,0.0,True
tx-202610-00005266,2026-10-01T00:00:00Z,farmer:413001:019,lender:vridhi,1350.0,loan_repayment,upi,413001,0.0,True
tx-202610-00005267,2026-10-01T00:00:00Z,wholesaler:413001:01,farmer:413001:020,6137.9,crop_sale,upi,413001,0.0,True
tx-202610-00005268,2026-10-01T00:00:00Z,farmer:413001:020,utility:413001,630.0,utility_payment,upi,413001,0.0,True
tx-202610-00005269,2026-10-01T00:00:00Z,farmer:413001:020,lender:vridhi,1350.0,loan_repayment,upi,413001,0.0,True
tx-202610-00005270,2026-10-01T00:00:00Z,wholesaler:413001:01,farmer:413001:021,13205.35,crop_sale,upi,413001,0.0,True
tx-202610-00005271,2026-10-01T00:00:00Z,farmer:413001:021,retailer:413001:04,1558.59,kirana_purchase,upi,413001,0.0,True
tx-202610-00005272,2026-10-01T00:00:00Z,farmer:413001:021,utility:413001,630.0,utility_payment,upi,413001,0.0,True
tx-202610-00005273,2026-10-01T00:00:00Z,farmer:413001:021,lender:vridhi,1350.0,loan_repayment,upi,413001,0.0,True
tx-202610-00005274,2026-10-01T00:00:00Z,wholesaler:413001:01,farmer:413001:022,17236.03,crop_sale,upi,413001,0.0,True
tx-202610-00005275,2026-10-01T00:00:00Z,farmer:413001:022,retailer:413001:03,3102.94,kirana_purchase,upi,413001,0.0,True
tx-202610-00005276,2026-10-01T00:00:00Z,farmer:413001:022,utility:413001,630.0,utility_payment,upi,413001,0.0,True
tx-202610-00005277,2026-10-01T00:00:00Z,farmer:413001:022,lender:vridhi,1350.0,loan_repayment,upi,413001,0.0,True
tx-202610-00005278,2026-10-01T00:00:00Z,wholesaler:413001:01,farmer:413001:023,3732.1,crop_sale,upi,413001,0.0,True
tx-202610-00005279,2026-10-01T00:00:00Z,farmer:413001:023,retailer:413001:04,2541.09,kirana_purchase,upi,413001,0.0,True
tx-202610-00005280,2026-10-01T00:00:00Z,farmer:413001:023,utility:413001,505.0,utility_payment,upi,413001,0.0,True
tx-202610-00005281,2026-10-01T00:00:00Z,wholesaler:413001:01,farmer:413001:024,6881.74,crop_sale,upi,413001,0.0,True
tx-202610-00005282,2026-10-01T00:00:00Z,farmer:413001:024,utility:413001,505.0,utility_payment,upi,413001,0.0,True
tx-202610-00005283,2026-10-01T00:00:00Z,farmer:413001:024,lender:vridhi,1350.0,loan_repayment,upi,413001,0.0,True
tx-202610-00005284,2026-10-01T00:00:00Z,wholesaler:413001:01,farmer:413001:025,8211.33,crop_sale,upi,413001,0.0,True
tx-202610-00005285,2026-10-01T00:00:00Z,farmer:413001:025,retailer:413001:02,2263.78,kirana_purchase,upi,413001,0.0,True
tx-202610-00005286,2026-10-01T00:00:00Z,wholesaler:413001:01,farmer:413001:026,18475.43,crop_sale,upi,413001,0.0,True
tx-202610-00005287,2026-10-01T00:00:00Z,farmer:413001:026,utility:413001,505.0,utility_payment,upi,413001,0.0,True
tx-202610-00005288,2026-10-01T00:00:00Z,farmer:413001:026,lender:vridhi,1350.0,loan_repayment,upi,413001,0.0,True
tx-202610-00005289,2026-10-01T00:00:00Z,wholesaler:413001:01,farmer:413001:027,7327.07,crop_sale,upi,413001,0.0,True
tx-202610-00005290,2026-10-01T00:00:00Z,farmer:413001:027,retailer:413001:04,2385.05,kirana_purchase,upi,413001,0.0,True
tx-202610-00005291,2026-10-01T00:00:00Z,farmer:413001:027,utility:413001,505.0,utility_payment,upi,413001,0.0,True
tx-202610-00005292,2026-10-01T00:00:00Z,farmer:413001:027,lender:vridhi,1350.0,loan_repayment,upi,413001,0.0,True
tx-202610-00005293,2026-10-01T00:00:00Z,wholesaler:413001:01,farmer:413001:028,11930.13,crop_sale,upi,413001,0.0,True
tx-202610-00005294,2026-10-01T00:00:00Z,farmer:413001:028,retailer:413001:01,2438.69,kirana_purchase,upi,413001,0.0,True
tx-202610-00005295,2026-10-01T00:00:00Z,farmer:413001:028,lender:vridhi,1350.0,loan_repayment,upi,413001,0.0,True
tx-202610-00005296,2026-10-01T00:00:00Z,wholesaler:413001:01,farmer:413001:029,5917.48,crop_sale,upi,413001,0.0,True
tx-202610-00005297,2026-10-01T00:00:00Z,farmer:413001:029,retailer:413001:03,1901.6,kirana_purchase,upi,413001,0.0,True
tx-202610-00005298,2026-10-01T00:00:00Z,farmer:413001:029,utility:413001,505.0,utility_payment,upi,413001,0.0,True
tx-202610-00005299,2026-10-01T00:00:00Z,wholesaler:413001:01,farmer:413001:030,4948.8,crop_sale,upi,413001,0.0,True
tx-202610-00005300,2026-10-01T00:00:00Z,farmer:413001:030,retailer:413001:02,2006.0,kirana_purchase,upi,413001,0.0,True
tx-202610-00005301,2026-10-01T00:00:00Z,farmer:413001:030,utility:413001,630.0,utility_payment,upi,413001,0.0,True
tx-202610-00005302,2026-10-01T00:00:00Z,farmer:413001:030,lender:vridhi,1350.0,loan_repayment,upi,413001,0.0,True
tx-202610-00005303,2026-10-01T00:00:00Z,wholesaler:413001:01,farmer:413001:031,10646.86,crop_sale,upi,413001,0.0,True
tx-202610-00005304,2026-10-01T00:00:00Z,farmer:413001:031,retailer:413001:04,1797.8,kirana_purchase,upi,413001,0.0,True
tx-202610-00005305,2026-10-01T00:00:00Z,farmer:413001:031,utility:413001,505.0,utility_payment,upi,413001,0.0,True
tx-202610-00005306,2026-10-01T00:00:00Z,farmer:413001:031,lender:vridhi,1350.0,loan_repayment,upi,413001,0.0,True
tx-202610-00005307,2026-10-01T00:00:00Z,wholesaler:413001:01,farmer:413001:032,4748.55,crop_sale,upi,413001,0.0,True
tx-202610-00005308,2026-10-01T00:00:00Z,farmer:413001:032,lender:vridhi,1350.0,loan_repayment,upi,413001,0.0,True
tx-202610-00005309,2026-10-01T00:00:00Z,wholesaler:413001:01,farmer:413001:033,10465.97,crop_sale,upi,413001,0.0,True
tx-202610-00005310,2026-10-01T00:00:00Z,farmer:413001:033,utility:413001,630.0,utility_payment,upi,413001,0.0,True
tx-202610-00005311,2026-10-01T00:00:00Z,farmer:413001:033,lender:vridhi,1350.0,loan_repayment,upi,413001,0.0,True
tx-202610-00005312,2026-10-01T00:00:00Z,wholesaler:413001:01,farmer:413001:034,3280.57,crop_sale,upi,413001,0.0,True
tx-202610-00005313,2026-10-01T00:00:00Z,farmer:413001:034,retailer:413001:02,2912.61,kirana_purchase,upi,413001,0.0,True
tx-202610-00005314,2026-10-01T00:00:00Z,wholesaler:413001:01,farmer:413001:035,10656.8,crop_sale,upi,413001,0.0,True
tx-202610-00005315,2026-10-01T00:00:00Z,farmer:413001:035,retailer:413001:04,2473.08,kirana_purchase,upi,413001,0.0,True
tx-202610-00005316,2026-10-01T00:00:00Z,farmer:413001:035,utility:413001,630.0,utility_payment,upi,413001,0.0,True
tx-202610-00005317,2026-10-01T00:00:00Z,farmer:413001:035,lender:vridhi,1350.0,loan_repayment,upi,413001,0.0,True
tx-202610-00005318,2026-10-01T00:00:00Z,retailer:413001:02,wholesaler:413001:01,11801.14,retailer_restock,upi,413001,0.0,True
tx-202610-00005319,2026-10-01T00:00:00Z,retailer:413001:03,wholesaler:413001:01,18138.8,retailer_restock,upi,413001,0.0,True
tx-202610-00005320,2026-10-01T00:00:00Z,retailer:413001:04,utility:413001,1050.0,utility_payment,upi,413001,0.0,True
tx-202610-00005321,2026-10-01T00:00:00Z,wholesaler:413001:01,utility:413001,2400.0,utility_payment,upi,413001,0.0,True
tx-202610-00005322,2026-10-01T00:00:00Z,wholesaler:431001:01,farmer:431001:001,4342.97,crop_sale,upi,431001,0.0,True
tx-202610-00005323,2026-10-01T00:00:00Z,farmer:431001:001,utility:431001,630.0,utility_payment,upi,431001,0.0,True
tx-202610-00005324,2026-10-01T00:00:00Z,farmer:431001:001,lender:vridhi,612.37,loan_repayment,upi,431001,0.0,True
tx-202610-00005325,2026-10-01T00:00:00Z,wholesaler:431001:01,farmer:431001:002,17668.68,crop_sale,upi,431001,0.0,True
tx-202610-00005326,2026-10-01T00:00:00Z,farmer:431001:002,retailer:431001:01,2977.49,kirana_purchase,upi,431001,0.0,True
tx-202610-00005327,2026-10-01T00:00:00Z,farmer:431001:002,utility:431001,505.0,utility_payment,upi,431001,0.0,True
tx-202610-00005328,2026-10-01T00:00:00Z,farmer:431001:003,retailer:431001:02,1654.55,kirana_purchase,upi,431001,0.0,True
tx-202610-00005329,2026-10-01T00:00:00Z,farmer:431001:003,lender:vridhi,1350.0,loan_repayment,upi,431001,0.0,True
tx-202610-00005330,2026-10-01T00:00:00Z,farmer:431001:004,retailer:431001:02,1474.38,kirana_purchase,upi,431001,0.0,True
tx-202610-00005331,2026-10-01T00:00:00Z,farmer:431001:004,utility:431001,630.0,utility_payment,upi,431001,0.0,True
tx-202610-00005332,2026-10-01T00:00:00Z,wholesaler:431001:01,farmer:431001:005,12257.83,crop_sale,upi,431001,0.0,True
tx-202610-00005333,2026-10-01T00:00:00Z,farmer:431001:005,retailer:431001:03,1488.35,kirana_purchase,upi,431001,0.0,True
tx-202610-00005334,2026-10-01T00:00:00Z,farmer:431001:005,utility:431001,630.0,utility_payment,upi,431001,0.0,True
tx-202610-00005335,2026-10-01T00:00:00Z,farmer:431001:005,lender:vridhi,1350.0,loan_repayment,upi,431001,0.0,True
tx-202610-00005336,2026-10-01T00:00:00Z,wholesaler:431001:01,farmer:431001:006,10123.66,crop_sale,upi,431001,0.0,True
tx-202610-00005337,2026-10-01T00:00:00Z,farmer:431001:006,retailer:431001:04,1500.83,kirana_purchase,upi,431001,0.0,True
tx-202610-00005338,2026-10-01T00:00:00Z,farmer:431001:006,lender:vridhi,1350.0,loan_repayment,upi,431001,0.0,True
tx-202610-00005339,2026-10-01T00:00:00Z,wholesaler:431001:01,farmer:431001:007,3736.97,crop_sale,upi,431001,0.0,True
tx-202610-00005340,2026-10-01T00:00:00Z,farmer:431001:007,lender:vridhi,540.73,loan_repayment,upi,431001,0.0,True
tx-202610-00005341,2026-10-01T00:00:00Z,wholesaler:431001:01,farmer:431001:008,17627.92,crop_sale,upi,431001,0.0,True
tx-202610-00005342,2026-10-01T00:00:00Z,farmer:431001:008,retailer:431001:03,1491.5,kirana_purchase,upi,431001,0.0,True
tx-202610-00005343,2026-10-01T00:00:00Z,farmer:431001:008,lender:vridhi,1350.0,loan_repayment,upi,431001,0.0,True
tx-202610-00005344,2026-10-01T00:00:00Z,wholesaler:431001:01,farmer:431001:009,7587.86,crop_sale,upi,431001,0.0,True
tx-202610-00005345,2026-10-01T00:00:00Z,farmer:431001:009,utility:431001,630.0,utility_payment,upi,431001,0.0,True
tx-202610-00005346,2026-10-01T00:00:00Z,wholesaler:431001:01,farmer:431001:010,16775.94,crop_sale,upi,431001,0.0,True
tx-202610-00005347,2026-10-01T00:00:00Z,farmer:431001:010,retailer:431001:01,1937.08,kirana_purchase,upi,431001,0.0,True
tx-202610-00005348,2026-10-01T00:00:00Z,farmer:431001:010,utility:431001,630.0,utility_payment,upi,431001,0.0,True
tx-202610-00005349,2026-10-01T00:00:00Z,wholesaler:431001:01,farmer:431001:011,4343.56,crop_sale,upi,431001,0.0,True
tx-202610-00005350,2026-10-01T00:00:00Z,farmer:431001:011,retailer:431001:03,2684.54,kirana_purchase,upi,431001,0.0,True
tx-202610-00005351,2026-10-01T00:00:00Z,farmer:431001:011,utility:431001,505.0,utility_payment,upi,431001,0.0,True
tx-202610-00005352,2026-10-01T00:00:00Z,farmer:431001:011,lender:vridhi,1154.02,loan_repayment,upi,431001,0.0,True
tx-202610-00005353,2026-10-01T00:00:00Z,wholesaler:431001:01,farmer:431001:012,4981.81,crop_sale,upi,431001,0.0,True
tx-202610-00005354,2026-10-01T00:00:00Z,farmer:431001:012,retailer:431001:03,2244.72,kirana_purchase,upi,431001,0.0,True
tx-202610-00005355,2026-10-01T00:00:00Z,farmer:431001:012,utility:431001,630.0,utility_payment,upi,431001,0.0,True
tx-202610-00005356,2026-10-01T00:00:00Z,farmer:431001:012,lender:vridhi,1350.0,loan_repayment,upi,431001,0.0,True
tx-202610-00005357,2026-10-01T00:00:00Z,wholesaler:431001:01,farmer:431001:013,7594.95,crop_sale,upi,431001,0.0,True
tx-202610-00005358,2026-10-01T00:00:00Z,farmer:431001:013,retailer:431001:04,2062.56,kirana_purchase,upi,431001,0.0,True
tx-202610-00005359,2026-10-01T00:00:00Z,farmer:431001:013,utility:431001,630.0,utility_payment,upi,431001,0.0,True
tx-202610-00005360,2026-10-01T00:00:00Z,wholesaler:431001:01,farmer:431001:014,6028.9,crop_sale,upi,431001,0.0,True
tx-202610-00005361,2026-10-01T00:00:00Z,farmer:431001:014,retailer:431001:04,2216.31,kirana_purchase,upi,431001,0.0,True
tx-202610-00005362,2026-10-01T00:00:00Z,farmer:431001:014,utility:431001,505.0,utility_payment,upi,431001,0.0,True
tx-202610-00005363,2026-10-01T00:00:00Z,farmer:431001:015,retailer:431001:02,2467.95,kirana_purchase,upi,431001,0.0,True
tx-202610-00005364,2026-10-01T00:00:00Z,farmer:431001:015,lender:vridhi,1350.0,loan_repayment,upi,431001,0.0,True
tx-202610-00005365,2026-10-01T00:00:00Z,wholesaler:431001:01,farmer:431001:016,13648.52,crop_sale,upi,431001,0.0,True
tx-202610-00005366,2026-10-01T00:00:00Z,farmer:431001:016,retailer:431001:02,2851.97,kirana_purchase,upi,431001,0.0,True
tx-202610-00005367,2026-10-01T00:00:00Z,wholesaler:431001:01,farmer:431001:017,5692.39,crop_sale,upi,431001,0.0,True
tx-202610-00005368,2026-10-01T00:00:00Z,farmer:431001:017,retailer:431001:01,2428.29,kirana_purchase,upi,431001,0.0,True
tx-202610-00005369,2026-10-01T00:00:00Z,farmer:431001:017,utility:431001,630.0,utility_payment,upi,431001,0.0,True
tx-202610-00005370,2026-10-01T00:00:00Z,wholesaler:431001:01,farmer:431001:018,12501.3,crop_sale,upi,431001,0.0,True
tx-202610-00005371,2026-10-01T00:00:00Z,farmer:431001:018,retailer:431001:03,2281.61,kirana_purchase,upi,431001,0.0,True
tx-202610-00005372,2026-10-01T00:00:00Z,farmer:431001:018,lender:vridhi,1350.0,loan_repayment,upi,431001,0.0,True
tx-202610-00005373,2026-10-01T00:00:00Z,wholesaler:431001:01,farmer:431001:019,4814.84,crop_sale,upi,431001,0.0,True
tx-202610-00005374,2026-10-01T00:00:00Z,farmer:431001:019,retailer:431001:04,1822.42,kirana_purchase,upi,431001,0.0,True
tx-202610-00005375,2026-10-01T00:00:00Z,farmer:431001:019,utility:431001,505.0,utility_payment,upi,431001,0.0,True
tx-202610-00005376,2026-10-01T00:00:00Z,farmer:431001:019,lender:vridhi,1350.0,loan_repayment,upi,431001,0.0,True
tx-202610-00005377,2026-10-01T00:00:00Z,wholesaler:431001:01,farmer:431001:020,14437.0,crop_sale,upi,431001,0.0,True
tx-202610-00005378,2026-10-01T00:00:00Z,farmer:431001:020,lender:vridhi,1350.0,loan_repayment,upi,431001,0.0,True
tx-202610-00005379,2026-10-01T00:00:00Z,farmer:431001:021,lender:vridhi,1350.0,loan_repayment,upi,431001,0.0,True
tx-202610-00005380,2026-10-01T00:00:00Z,wholesaler:431001:01,farmer:431001:022,5540.3,crop_sale,upi,431001,0.0,True
tx-202610-00005381,2026-10-01T00:00:00Z,farmer:431001:022,retailer:431001:02,2371.34,kirana_purchase,upi,431001,0.0,True
tx-202610-00005382,2026-10-01T00:00:00Z,farmer:431001:022,lender:vridhi,1350.0,loan_repayment,upi,431001,0.0,True
tx-202610-00005383,2026-10-01T00:00:00Z,wholesaler:431001:01,farmer:431001:023,8743.54,crop_sale,upi,431001,0.0,True
tx-202610-00005384,2026-10-01T00:00:00Z,farmer:431001:023,utility:431001,630.0,utility_payment,upi,431001,0.0,True
tx-202610-00005385,2026-10-01T00:00:00Z,farmer:431001:023,lender:vridhi,1350.0,loan_repayment,upi,431001,0.0,True
tx-202610-00005386,2026-10-01T00:00:00Z,farmer:431001:024,retailer:431001:04,1467.97,kirana_purchase,upi,431001,0.0,True
tx-202610-00005387,2026-10-01T00:00:00Z,farmer:431001:024,utility:431001,630.0,utility_payment,upi,431001,0.0,True
tx-202610-00005388,2026-10-01T00:00:00Z,farmer:431001:024,lender:vridhi,1350.0,loan_repayment,upi,431001,0.0,True
tx-202610-00005389,2026-10-01T00:00:00Z,wholesaler:431001:01,farmer:431001:025,8836.31,crop_sale,upi,431001,0.0,True
tx-202610-00005390,2026-10-01T00:00:00Z,farmer:431001:025,retailer:431001:04,2529.87,kirana_purchase,upi,431001,0.0,True
tx-202610-00005391,2026-10-01T00:00:00Z,farmer:431001:025,utility:431001,505.0,utility_payment,upi,431001,0.0,True
tx-202610-00005392,2026-10-01T00:00:00Z,wholesaler:431001:01,farmer:431001:026,12924.98,crop_sale,upi,431001,0.0,True
tx-202610-00005393,2026-10-01T00:00:00Z,farmer:431001:026,utility:431001,630.0,utility_payment,upi,431001,0.0,True
tx-202610-00005394,2026-10-01T00:00:00Z,farmer:431001:026,lender:vridhi,1350.0,loan_repayment,upi,431001,0.0,True
tx-202610-00005395,2026-10-01T00:00:00Z,wholesaler:431001:01,farmer:431001:027,8053.54,crop_sale,upi,431001,0.0,True
tx-202610-00005396,2026-10-01T00:00:00Z,farmer:431001:027,lender:vridhi,1350.0,loan_repayment,upi,431001,0.0,True
tx-202610-00005397,2026-10-01T00:00:00Z,wholesaler:431001:01,farmer:431001:028,7765.83,crop_sale,upi,431001,0.0,True
tx-202610-00005398,2026-10-01T00:00:00Z,farmer:431001:028,retailer:431001:01,2257.28,kirana_purchase,upi,431001,0.0,True
tx-202610-00005399,2026-10-01T00:00:00Z,farmer:431001:028,utility:431001,630.0,utility_payment,upi,431001,0.0,True
tx-202610-00005400,2026-10-01T00:00:00Z,farmer:431001:028,lender:vridhi,1350.0,loan_repayment,upi,431001,0.0,True
tx-202610-00005401,2026-10-01T00:00:00Z,farmer:431001:029,retailer:431001:04,2095.75,kirana_purchase,upi,431001,0.0,True
tx-202610-00005402,2026-10-01T00:00:00Z,farmer:431001:029,utility:431001,505.0,utility_payment,upi,431001,0.0,True
tx-202610-00005403,2026-10-01T00:00:00Z,farmer:431001:029,lender:vridhi,1350.0,loan_repayment,upi,431001,0.0,True
tx-202610-00005404,2026-10-01T00:00:00Z,wholesaler:431001:01,farmer:431001:030,15681.67,crop_sale,upi,431001,0.0,True
tx-202610-00005405,2026-10-01T00:00:00Z,farmer:431001:030,retailer:431001:04,1818.14,kirana_purchase,upi,431001,0.0,True
tx-202610-00005406,2026-10-01T00:00:00Z,farmer:431001:030,utility:431001,505.0,utility_payment,upi,431001,0.0,True
tx-202610-00005407,2026-10-01T00:00:00Z,farmer:431001:030,lender:vridhi,1350.0,loan_repayment,upi,431001,0.0,True
tx-202610-00005408,2026-10-01T00:00:00Z,farmer:431001:031,retailer:431001:04,1567.47,kirana_purchase,upi,431001,0.0,True
tx-202610-00005409,2026-10-01T00:00:00Z,farmer:431001:031,utility:431001,630.0,utility_payment,upi,431001,0.0,True
tx-202610-00005410,2026-10-01T00:00:00Z,farmer:431001:031,lender:vridhi,1350.0,loan_repayment,upi,431001,0.0,True
tx-202610-00005411,2026-10-01T00:00:00Z,wholesaler:431001:01,farmer:431001:032,16520.32,crop_sale,upi,431001,0.0,True
tx-202610-00005412,2026-10-01T00:00:00Z,farmer:431001:032,retailer:431001:01,1880.45,kirana_purchase,upi,431001,0.0,True
tx-202610-00005413,2026-10-01T00:00:00Z,farmer:431001:032,utility:431001,630.0,utility_payment,upi,431001,0.0,True
tx-202610-00005414,2026-10-01T00:00:00Z,farmer:431001:032,lender:vridhi,1350.0,loan_repayment,upi,431001,0.0,True
tx-202610-00005415,2026-10-01T00:00:00Z,farmer:431001:033,retailer:431001:01,1943.49,kirana_purchase,upi,431001,0.0,True
tx-202610-00005416,2026-10-01T00:00:00Z,farmer:431001:033,utility:431001,630.0,utility_payment,upi,431001,0.0,True
tx-202610-00005417,2026-10-01T00:00:00Z,farmer:431001:033,lender:vridhi,1350.0,loan_repayment,upi,431001,0.0,True
tx-202610-00005418,2026-10-01T00:00:00Z,wholesaler:431001:01,farmer:431001:034,6982.69,crop_sale,upi,431001,0.0,True
tx-202610-00005419,2026-10-01T00:00:00Z,farmer:431001:034,retailer:431001:04,1873.37,kirana_purchase,upi,431001,0.0,True
tx-202610-00005420,2026-10-01T00:00:00Z,farmer:431001:034,lender:vridhi,1350.0,loan_repayment,upi,431001,0.0,True
tx-202610-00005421,2026-10-01T00:00:00Z,wholesaler:431001:01,farmer:431001:035,7953.2,crop_sale,upi,431001,0.0,True
tx-202610-00005422,2026-10-01T00:00:00Z,farmer:431001:035,retailer:431001:03,1760.55,kirana_purchase,upi,431001,0.0,True
tx-202610-00005423,2026-10-01T00:00:00Z,farmer:431001:035,utility:431001,505.0,utility_payment,upi,431001,0.0,True
tx-202610-00005424,2026-10-01T00:00:00Z,retailer:431001:01,wholesaler:431001:01,11579.19,retailer_restock,upi,431001,0.0,True
tx-202610-00005425,2026-10-01T00:00:00Z,retailer:431001:01,utility:431001,1050.0,utility_payment,upi,431001,0.0,True
tx-202610-00005426,2026-10-01T00:00:00Z,retailer:431001:02,wholesaler:431001:01,11448.02,retailer_restock,upi,431001,0.0,True
tx-202610-00005427,2026-10-01T00:00:00Z,retailer:431001:02,utility:431001,1050.0,utility_payment,upi,431001,0.0,True
tx-202610-00005428,2026-10-01T00:00:00Z,retailer:431001:03,utility:431001,1050.0,utility_payment,upi,431001,0.0,True
tx-202610-00005429,2026-10-01T00:00:00Z,retailer:431001:04,wholesaler:431001:01,12145.73,retailer_restock,upi,431001,0.0,True
tx-202610-00005430,2026-10-01T00:00:00Z,retailer:431001:04,utility:431001,1050.0,utility_payment,upi,431001,0.0,True
tx-202610-00005431,2026-10-01T00:00:00Z,wholesaler:431001:01,utility:431001,2400.0,utility_payment,upi,431001,0.0,True
tx-202610-00005432,2026-10-01T00:00:00Z,wholesaler:440001:01,farmer:440001:001,15068.17,crop_sale,upi,440001,0.0,True
tx-202610-00005433,2026-10-01T00:00:00Z,farmer:440001:001,retailer:440001:04,1507.01,kirana_purchase,upi,440001,0.0,True
tx-202610-00005434,2026-10-01T00:00:00Z,farmer:440001:001,lender:vridhi,1350.0,loan_repayment,upi,440001,0.0,True
tx-202610-00005435,2026-10-01T00:00:00Z,farmer:440001:002,retailer:440001:03,2256.86,kirana_purchase,upi,440001,0.0,True
tx-202610-00005436,2026-10-01T00:00:00Z,farmer:440001:002,utility:440001,505.0,utility_payment,upi,440001,0.0,True
tx-202610-00005437,2026-10-01T00:00:00Z,wholesaler:440001:01,farmer:440001:003,12206.23,crop_sale,upi,440001,0.0,True
tx-202610-00005438,2026-10-01T00:00:00Z,farmer:440001:003,utility:440001,630.0,utility_payment,upi,440001,0.0,True
tx-202610-00005439,2026-10-01T00:00:00Z,wholesaler:440001:01,farmer:440001:004,16551.31,crop_sale,upi,440001,0.0,True
tx-202610-00005440,2026-10-01T00:00:00Z,farmer:440001:004,retailer:440001:01,3100.47,kirana_purchase,upi,440001,0.0,True
tx-202610-00005441,2026-10-01T00:00:00Z,farmer:440001:004,utility:440001,505.0,utility_payment,upi,440001,0.0,True
tx-202610-00005442,2026-10-01T00:00:00Z,farmer:440001:004,lender:vridhi,1350.0,loan_repayment,upi,440001,0.0,True
tx-202610-00005443,2026-10-01T00:00:00Z,wholesaler:440001:01,farmer:440001:005,12169.71,crop_sale,upi,440001,0.0,True
tx-202610-00005444,2026-10-01T00:00:00Z,farmer:440001:005,utility:440001,630.0,utility_payment,upi,440001,0.0,True
tx-202610-00005445,2026-10-01T00:00:00Z,farmer:440001:005,lender:vridhi,1350.0,loan_repayment,upi,440001,0.0,True
tx-202610-00005446,2026-10-01T00:00:00Z,wholesaler:440001:01,farmer:440001:006,11352.38,crop_sale,upi,440001,0.0,True
tx-202610-00005447,2026-10-01T00:00:00Z,farmer:440001:006,retailer:440001:03,2445.47,kirana_purchase,upi,440001,0.0,True
tx-202610-00005448,2026-10-01T00:00:00Z,farmer:440001:006,lender:vridhi,1350.0,loan_repayment,upi,440001,0.0,True
tx-202610-00005449,2026-10-01T00:00:00Z,farmer:440001:007,retailer:440001:02,1770.73,kirana_purchase,upi,440001,0.0,True
tx-202610-00005450,2026-10-01T00:00:00Z,farmer:440001:007,utility:440001,505.0,utility_payment,upi,440001,0.0,True
tx-202610-00005451,2026-10-01T00:00:00Z,farmer:440001:007,lender:vridhi,1350.0,loan_repayment,upi,440001,0.0,True
tx-202610-00005452,2026-10-01T00:00:00Z,wholesaler:440001:01,farmer:440001:008,11453.7,crop_sale,upi,440001,0.0,True
tx-202610-00005453,2026-10-01T00:00:00Z,farmer:440001:008,retailer:440001:01,1698.39,kirana_purchase,upi,440001,0.0,True
tx-202610-00005454,2026-10-01T00:00:00Z,farmer:440001:008,utility:440001,505.0,utility_payment,upi,440001,0.0,True
tx-202610-00005455,2026-10-01T00:00:00Z,wholesaler:440001:01,farmer:440001:009,4399.59,crop_sale,upi,440001,0.0,True
tx-202610-00005456,2026-10-01T00:00:00Z,farmer:440001:009,retailer:440001:01,2412.47,kirana_purchase,upi,440001,0.0,True
tx-202610-00005457,2026-10-01T00:00:00Z,wholesaler:440001:01,farmer:440001:010,11367.16,crop_sale,upi,440001,0.0,True
tx-202610-00005458,2026-10-01T00:00:00Z,farmer:440001:010,utility:440001,505.0,utility_payment,upi,440001,0.0,True
tx-202610-00005459,2026-10-01T00:00:00Z,farmer:440001:010,lender:vridhi,1350.0,loan_repayment,upi,440001,0.0,True
tx-202610-00005460,2026-10-01T00:00:00Z,wholesaler:440001:01,farmer:440001:011,11315.98,crop_sale,upi,440001,0.0,True
tx-202610-00005461,2026-10-01T00:00:00Z,farmer:440001:011,retailer:440001:03,2114.32,kirana_purchase,upi,440001,0.0,True
tx-202610-00005462,2026-10-01T00:00:00Z,farmer:440001:011,lender:vridhi,1350.0,loan_repayment,upi,440001,0.0,True
tx-202610-00005463,2026-10-01T00:00:00Z,wholesaler:440001:01,farmer:440001:012,5566.47,crop_sale,upi,440001,0.0,True
tx-202610-00005464,2026-10-01T00:00:00Z,farmer:440001:012,utility:440001,630.0,utility_payment,upi,440001,0.0,True
tx-202610-00005465,2026-10-01T00:00:00Z,farmer:440001:012,lender:vridhi,1350.0,loan_repayment,upi,440001,0.0,True
tx-202610-00005466,2026-10-01T00:00:00Z,wholesaler:440001:01,farmer:440001:013,8431.9,crop_sale,upi,440001,0.0,True
tx-202610-00005467,2026-10-01T00:00:00Z,farmer:440001:013,retailer:440001:04,2469.7,kirana_purchase,upi,440001,0.0,True
tx-202610-00005468,2026-10-01T00:00:00Z,farmer:440001:013,utility:440001,505.0,utility_payment,upi,440001,0.0,True
tx-202610-00005469,2026-10-01T00:00:00Z,farmer:440001:013,lender:vridhi,1350.0,loan_repayment,upi,440001,0.0,True
tx-202610-00005470,2026-10-01T00:00:00Z,wholesaler:440001:01,farmer:440001:014,8415.85,crop_sale,upi,440001,0.0,True
tx-202610-00005471,2026-10-01T00:00:00Z,farmer:440001:014,retailer:440001:01,2078.19,kirana_purchase,upi,440001,0.0,True
tx-202610-00005472,2026-10-01T00:00:00Z,farmer:440001:014,utility:440001,505.0,utility_payment,upi,440001,0.0,True
tx-202610-00005473,2026-10-01T00:00:00Z,farmer:440001:014,lender:vridhi,1350.0,loan_repayment,upi,440001,0.0,True
tx-202610-00005474,2026-10-01T00:00:00Z,wholesaler:440001:01,farmer:440001:015,10994.81,crop_sale,upi,440001,0.0,True
tx-202610-00005475,2026-10-01T00:00:00Z,farmer:440001:015,utility:440001,505.0,utility_payment,upi,440001,0.0,True
tx-202610-00005476,2026-10-01T00:00:00Z,farmer:440001:015,lender:vridhi,1350.0,loan_repayment,upi,440001,0.0,True
tx-202610-00005477,2026-10-01T00:00:00Z,farmer:440001:016,retailer:440001:02,2247.86,kirana_purchase,upi,440001,0.0,True
tx-202610-00005478,2026-10-01T00:00:00Z,farmer:440001:016,utility:440001,630.0,utility_payment,upi,440001,0.0,True
tx-202610-00005479,2026-10-01T00:00:00Z,farmer:440001:016,lender:vridhi,1350.0,loan_repayment,upi,440001,0.0,True
tx-202610-00005480,2026-10-01T00:00:00Z,wholesaler:440001:01,farmer:440001:017,16744.31,crop_sale,upi,440001,0.0,True
tx-202610-00005481,2026-10-01T00:00:00Z,farmer:440001:017,lender:vridhi,1350.0,loan_repayment,upi,440001,0.0,True
tx-202610-00005482,2026-10-01T00:00:00Z,farmer:440001:018,retailer:440001:03,2992.27,kirana_purchase,upi,440001,0.0,True
tx-202610-00005483,2026-10-01T00:00:00Z,farmer:440001:018,utility:440001,630.0,utility_payment,upi,440001,0.0,True
tx-202610-00005484,2026-10-01T00:00:00Z,farmer:440001:018,lender:vridhi,1350.0,loan_repayment,upi,440001,0.0,True
tx-202610-00005485,2026-10-01T00:00:00Z,wholesaler:440001:01,farmer:440001:019,14583.97,crop_sale,upi,440001,0.0,True
tx-202610-00005486,2026-10-01T00:00:00Z,farmer:440001:019,retailer:440001:04,1923.49,kirana_purchase,upi,440001,0.0,True
tx-202610-00005487,2026-10-01T00:00:00Z,farmer:440001:019,utility:440001,630.0,utility_payment,upi,440001,0.0,True
tx-202610-00005488,2026-10-01T00:00:00Z,farmer:440001:019,lender:vridhi,1350.0,loan_repayment,upi,440001,0.0,True
tx-202610-00005489,2026-10-01T00:00:00Z,farmer:440001:020,lender:vridhi,1350.0,loan_repayment,upi,440001,0.0,True
tx-202610-00005490,2026-10-01T00:00:00Z,wholesaler:440001:01,farmer:440001:021,6961.93,crop_sale,upi,440001,0.0,True
tx-202610-00005491,2026-10-01T00:00:00Z,farmer:440001:021,utility:440001,630.0,utility_payment,upi,440001,0.0,True
tx-202610-00005492,2026-10-01T00:00:00Z,farmer:440001:021,lender:vridhi,1350.0,loan_repayment,upi,440001,0.0,True
tx-202610-00005493,2026-10-01T00:00:00Z,wholesaler:440001:01,farmer:440001:022,5368.57,crop_sale,upi,440001,0.0,True
tx-202610-00005494,2026-10-01T00:00:00Z,farmer:440001:022,retailer:440001:03,1761.23,kirana_purchase,upi,440001,0.0,True
tx-202610-00005495,2026-10-01T00:00:00Z,farmer:440001:022,utility:440001,630.0,utility_payment,upi,440001,0.0,True
tx-202610-00005496,2026-10-01T00:00:00Z,farmer:440001:022,lender:vridhi,1350.0,loan_repayment,upi,440001,0.0,True
tx-202610-00005497,2026-10-01T00:00:00Z,wholesaler:440001:01,farmer:440001:023,11170.81,crop_sale,upi,440001,0.0,True
tx-202610-00005498,2026-10-01T00:00:00Z,farmer:440001:023,retailer:440001:04,2363.59,kirana_purchase,upi,440001,0.0,True
tx-202610-00005499,2026-10-01T00:00:00Z,farmer:440001:023,utility:440001,505.0,utility_payment,upi,440001,0.0,True
tx-202610-00005500,2026-10-01T00:00:00Z,farmer:440001:023,lender:vridhi,1350.0,loan_repayment,upi,440001,0.0,True
tx-202610-00005501,2026-10-01T00:00:00Z,farmer:440001:024,retailer:440001:04,1455.55,kirana_purchase,upi,440001,0.0,True
tx-202610-00005502,2026-10-01T00:00:00Z,farmer:440001:025,retailer:440001:03,2318.9,kirana_purchase,upi,440001,0.0,True
tx-202610-00005503,2026-10-01T00:00:00Z,farmer:440001:025,utility:440001,630.0,utility_payment,upi,440001,0.0,True
tx-202610-00005504,2026-10-01T00:00:00Z,wholesaler:440001:01,farmer:440001:026,15952.42,crop_sale,upi,440001,0.0,True
tx-202610-00005505,2026-10-01T00:00:00Z,farmer:440001:026,retailer:440001:01,2259.83,kirana_purchase,upi,440001,0.0,True
tx-202610-00005506,2026-10-01T00:00:00Z,farmer:440001:026,utility:440001,630.0,utility_payment,upi,440001,0.0,True
tx-202610-00005507,2026-10-01T00:00:00Z,farmer:440001:026,lender:vridhi,1350.0,loan_repayment,upi,440001,0.0,True
tx-202610-00005508,2026-10-01T00:00:00Z,farmer:440001:027,retailer:440001:01,1519.76,kirana_purchase,upi,440001,0.0,True
tx-202610-00005509,2026-10-01T00:00:00Z,farmer:440001:027,utility:440001,505.0,utility_payment,upi,440001,0.0,True
tx-202610-00005510,2026-10-01T00:00:00Z,farmer:440001:027,lender:vridhi,1350.0,loan_repayment,upi,440001,0.0,True
tx-202610-00005511,2026-10-01T00:00:00Z,wholesaler:440001:01,farmer:440001:028,11133.28,crop_sale,upi,440001,0.0,True
tx-202610-00005512,2026-10-01T00:00:00Z,farmer:440001:028,utility:440001,630.0,utility_payment,upi,440001,0.0,True
tx-202610-00005513,2026-10-01T00:00:00Z,farmer:440001:028,lender:vridhi,1350.0,loan_repayment,upi,440001,0.0,True
tx-202610-00005514,2026-10-01T00:00:00Z,wholesaler:440001:01,farmer:440001:029,10657.32,crop_sale,upi,440001,0.0,True
tx-202610-00005515,2026-10-01T00:00:00Z,farmer:440001:029,retailer:440001:03,1933.12,kirana_purchase,upi,440001,0.0,True
tx-202610-00005516,2026-10-01T00:00:00Z,farmer:440001:029,utility:440001,630.0,utility_payment,upi,440001,0.0,True
tx-202610-00005517,2026-10-01T00:00:00Z,farmer:440001:029,lender:vridhi,1350.0,loan_repayment,upi,440001,0.0,True
tx-202610-00005518,2026-10-01T00:00:00Z,farmer:440001:030,retailer:440001:03,2879.31,kirana_purchase,upi,440001,0.0,True
tx-202610-00005519,2026-10-01T00:00:00Z,farmer:440001:030,utility:440001,505.0,utility_payment,upi,440001,0.0,True
tx-202610-00005520,2026-10-01T00:00:00Z,farmer:440001:030,lender:vridhi,1325.82,loan_repayment,upi,440001,0.0,True
tx-202610-00005521,2026-10-01T00:00:00Z,farmer:440001:031,retailer:440001:04,1795.34,kirana_purchase,upi,440001,0.0,True
tx-202610-00005522,2026-10-01T00:00:00Z,farmer:440001:031,lender:vridhi,1350.0,loan_repayment,upi,440001,0.0,True
tx-202610-00005523,2026-10-01T00:00:00Z,farmer:440001:032,retailer:440001:03,2826.24,kirana_purchase,upi,440001,0.0,True
tx-202610-00005524,2026-10-01T00:00:00Z,farmer:440001:032,utility:440001,630.0,utility_payment,upi,440001,0.0,True
tx-202610-00005525,2026-10-01T00:00:00Z,farmer:440001:032,lender:vridhi,1350.0,loan_repayment,upi,440001,0.0,True
tx-202610-00005526,2026-10-01T00:00:00Z,wholesaler:440001:01,farmer:440001:033,15001.99,crop_sale,upi,440001,0.0,True
tx-202610-00005527,2026-10-01T00:00:00Z,farmer:440001:033,retailer:440001:02,3009.96,kirana_purchase,upi,440001,0.0,True
tx-202610-00005528,2026-10-01T00:00:00Z,farmer:440001:033,utility:440001,505.0,utility_payment,upi,440001,0.0,True
tx-202610-00005529,2026-10-01T00:00:00Z,farmer:440001:033,lender:vridhi,1350.0,loan_repayment,upi,440001,0.0,True
tx-202610-00005530,2026-10-01T00:00:00Z,farmer:440001:034,retailer:440001:04,2208.48,kirana_purchase,upi,440001,0.0,True
tx-202610-00005531,2026-10-01T00:00:00Z,farmer:440001:034,lender:vridhi,1350.0,loan_repayment,upi,440001,0.0,True
tx-202610-00005532,2026-10-01T00:00:00Z,wholesaler:440001:01,farmer:440001:035,4710.15,crop_sale,upi,440001,0.0,True
tx-202610-00005533,2026-10-01T00:00:00Z,farmer:440001:035,utility:440001,505.0,utility_payment,upi,440001,0.0,True
tx-202610-00005534,2026-10-01T00:00:00Z,farmer:440001:035,lender:vridhi,1309.15,loan_repayment,upi,440001,0.0,True
tx-202610-00005535,2026-10-01T00:00:00Z,retailer:440001:01,wholesaler:440001:01,8379.86,retailer_restock,upi,440001,0.0,True
tx-202610-00005536,2026-10-01T00:00:00Z,retailer:440001:01,utility:440001,1050.0,utility_payment,upi,440001,0.0,True
tx-202610-00005537,2026-10-01T00:00:00Z,retailer:440001:02,wholesaler:440001:01,5857.78,retailer_restock,upi,440001,0.0,True
tx-202610-00005538,2026-10-01T00:00:00Z,retailer:440001:02,utility:440001,1050.0,utility_payment,upi,440001,0.0,True
tx-202610-00005539,2026-10-01T00:00:00Z,retailer:440001:03,wholesaler:440001:01,19639.59,retailer_restock,upi,440001,0.0,True
tx-202610-00005540,2026-10-01T00:00:00Z,retailer:440001:03,utility:440001,1050.0,utility_payment,upi,440001,0.0,True
tx-202610-00005541,2026-10-01T00:00:00Z,retailer:440001:04,wholesaler:440001:01,11344.44,retailer_restock,upi,440001,0.0,True
tx-202610-00005542,2026-10-01T00:00:00Z,retailer:440001:04,utility:440001,1050.0,utility_payment,upi,440001,0.0,True
tx-202611-00005543,2026-11-01T00:00:00Z,wholesaler:413001:01,farmer:413001:001,3342.84,crop_sale,upi,413001,0.0,True
tx-202611-00005544,2026-11-01T00:00:00Z,farmer:413001:001,retailer:413001:02,1984.16,kirana_purchase,upi,413001,0.0,True
tx-202611-00005545,2026-11-01T00:00:00Z,farmer:413001:001,utility:413001,630.0,utility_payment,upi,413001,0.0,True
tx-202611-00005546,2026-11-01T00:00:00Z,farmer:413001:001,lender:vridhi,728.68,loan_repayment,upi,413001,0.0,True
tx-202611-00005547,2026-11-01T00:00:00Z,wholesaler:413001:01,farmer:413001:002,12764.8,crop_sale,upi,413001,0.0,True
tx-202611-00005548,2026-11-01T00:00:00Z,farmer:413001:002,utility:413001,505.0,utility_payment,upi,413001,0.0,True
tx-202611-00005549,2026-11-01T00:00:00Z,farmer:413001:002,lender:vridhi,1350.0,loan_repayment,upi,413001,0.0,True
tx-202611-00005550,2026-11-01T00:00:00Z,wholesaler:413001:01,farmer:413001:003,4008.59,crop_sale,upi,413001,0.0,True
tx-202611-00005551,2026-11-01T00:00:00Z,farmer:413001:003,retailer:413001:01,2111.08,kirana_purchase,upi,413001,0.0,True
tx-202611-00005552,2026-11-01T00:00:00Z,farmer:413001:003,utility:413001,630.0,utility_payment,upi,413001,0.0,True
tx-202611-00005553,2026-11-01T00:00:00Z,farmer:413001:003,lender:vridhi,1350.0,loan_repayment,upi,413001,0.0,True
tx-202611-00005554,2026-11-01T00:00:00Z,farmer:413001:004,retailer:413001:01,2193.52,kirana_purchase,upi,413001,0.0,True
tx-202611-00005555,2026-11-01T00:00:00Z,farmer:413001:004,utility:413001,505.0,utility_payment,upi,413001,0.0,True
tx-202611-00005556,2026-11-01T00:00:00Z,wholesaler:413001:01,farmer:413001:005,5745.8,crop_sale,upi,413001,0.0,True
tx-202611-00005557,2026-11-01T00:00:00Z,farmer:413001:005,retailer:413001:02,2901.2,kirana_purchase,upi,413001,0.0,True
tx-202611-00005558,2026-11-01T00:00:00Z,farmer:413001:005,utility:413001,505.0,utility_payment,upi,413001,0.0,True
tx-202611-00005559,2026-11-01T00:00:00Z,farmer:413001:005,lender:vridhi,1350.0,loan_repayment,upi,413001,0.0,True
tx-202611-00005560,2026-11-01T00:00:00Z,farmer:413001:006,retailer:413001:03,1531.56,kirana_purchase,upi,413001,0.0,True
tx-202611-00005561,2026-11-01T00:00:00Z,farmer:413001:006,lender:vridhi,1350.0,loan_repayment,upi,413001,0.0,True
tx-202611-00005562,2026-11-01T00:00:00Z,wholesaler:413001:01,farmer:413001:007,3520.23,crop_sale,upi,413001,0.0,True
tx-202611-00005563,2026-11-01T00:00:00Z,farmer:413001:007,utility:413001,630.0,utility_payment,upi,413001,0.0,True
tx-202611-00005564,2026-11-01T00:00:00Z,farmer:413001:007,lender:vridhi,1305.5,loan_repayment,upi,413001,0.0,True
tx-202611-00005565,2026-11-01T00:00:00Z,wholesaler:413001:01,farmer:413001:008,8957.09,crop_sale,upi,413001,0.0,True
tx-202611-00005566,2026-11-01T00:00:00Z,farmer:413001:008,retailer:413001:02,1839.45,kirana_purchase,upi,413001,0.0,True
tx-202611-00005567,2026-11-01T00:00:00Z,farmer:413001:008,utility:413001,630.0,utility_payment,upi,413001,0.0,True
tx-202611-00005568,2026-11-01T00:00:00Z,farmer:413001:008,lender:vridhi,1350.0,loan_repayment,upi,413001,0.0,True
tx-202611-00005569,2026-11-01T00:00:00Z,wholesaler:413001:01,farmer:413001:009,7210.7,crop_sale,upi,413001,0.0,True
tx-202611-00005570,2026-11-01T00:00:00Z,farmer:413001:009,retailer:413001:02,1940.01,kirana_purchase,upi,413001,0.0,True
tx-202611-00005571,2026-11-01T00:00:00Z,farmer:413001:009,utility:413001,630.0,utility_payment,upi,413001,0.0,True
tx-202611-00005572,2026-11-01T00:00:00Z,farmer:413001:009,lender:vridhi,1350.0,loan_repayment,upi,413001,0.0,True
tx-202611-00005573,2026-11-01T00:00:00Z,farmer:413001:010,retailer:413001:01,1564.55,kirana_purchase,upi,413001,0.0,True
tx-202611-00005574,2026-11-01T00:00:00Z,farmer:413001:010,lender:vridhi,1350.0,loan_repayment,upi,413001,0.0,True
tx-202611-00005575,2026-11-01T00:00:00Z,wholesaler:413001:01,farmer:413001:011,12302.93,crop_sale,upi,413001,0.0,True
tx-202611-00005576,2026-11-01T00:00:00Z,farmer:413001:011,retailer:413001:03,2679.45,kirana_purchase,upi,413001,0.0,True
tx-202611-00005577,2026-11-01T00:00:00Z,farmer:413001:011,lender:vridhi,1350.0,loan_repayment,upi,413001,0.0,True
tx-202611-00005578,2026-11-01T00:00:00Z,farmer:413001:012,retailer:413001:03,2322.52,kirana_purchase,upi,413001,0.0,True
tx-202611-00005579,2026-11-01T00:00:00Z,farmer:413001:012,utility:413001,630.0,utility_payment,upi,413001,0.0,True
tx-202611-00005580,2026-11-01T00:00:00Z,farmer:413001:012,lender:vridhi,1350.0,loan_repayment,upi,413001,0.0,True
tx-202611-00005581,2026-11-01T00:00:00Z,wholesaler:413001:01,farmer:413001:013,10912.59,crop_sale,upi,413001,0.0,True
tx-202611-00005582,2026-11-01T00:00:00Z,farmer:413001:013,retailer:413001:02,2889.11,kirana_purchase,upi,413001,0.0,True
tx-202611-00005583,2026-11-01T00:00:00Z,farmer:413001:013,utility:413001,630.0,utility_payment,upi,413001,0.0,True
tx-202611-00005584,2026-11-01T00:00:00Z,farmer:413001:013,lender:vridhi,1350.0,loan_repayment,upi,413001,0.0,True
tx-202611-00005585,2026-11-01T00:00:00Z,wholesaler:413001:01,farmer:413001:014,14424.63,crop_sale,upi,413001,0.0,True
tx-202611-00005586,2026-11-01T00:00:00Z,farmer:413001:014,retailer:413001:04,1747.75,kirana_purchase,upi,413001,0.0,True
tx-202611-00005587,2026-11-01T00:00:00Z,farmer:413001:014,utility:413001,630.0,utility_payment,upi,413001,0.0,True
tx-202611-00005588,2026-11-01T00:00:00Z,farmer:413001:014,lender:vridhi,1350.0,loan_repayment,upi,413001,0.0,True
tx-202611-00005589,2026-11-01T00:00:00Z,wholesaler:413001:01,farmer:413001:015,7954.13,crop_sale,upi,413001,0.0,True
tx-202611-00005590,2026-11-01T00:00:00Z,farmer:413001:015,retailer:413001:04,1681.04,kirana_purchase,upi,413001,0.0,True
tx-202611-00005591,2026-11-01T00:00:00Z,farmer:413001:015,utility:413001,505.0,utility_payment,upi,413001,0.0,True
tx-202611-00005592,2026-11-01T00:00:00Z,farmer:413001:015,lender:vridhi,1350.0,loan_repayment,upi,413001,0.0,True
tx-202611-00005593,2026-11-01T00:00:00Z,wholesaler:413001:01,farmer:413001:016,5066.74,crop_sale,upi,413001,0.0,True
tx-202611-00005594,2026-11-01T00:00:00Z,farmer:413001:016,retailer:413001:04,2960.95,kirana_purchase,upi,413001,0.0,True
tx-202611-00005595,2026-11-01T00:00:00Z,farmer:413001:016,utility:413001,505.0,utility_payment,upi,413001,0.0,True
tx-202611-00005596,2026-11-01T00:00:00Z,farmer:413001:016,lender:vridhi,1350.0,loan_repayment,upi,413001,0.0,True
tx-202611-00005597,2026-11-01T00:00:00Z,wholesaler:413001:01,farmer:413001:017,9208.6,crop_sale,upi,413001,0.0,True
tx-202611-00005598,2026-11-01T00:00:00Z,farmer:413001:017,retailer:413001:04,2727.77,kirana_purchase,upi,413001,0.0,True
tx-202611-00005599,2026-11-01T00:00:00Z,farmer:413001:017,utility:413001,630.0,utility_payment,upi,413001,0.0,True
tx-202611-00005600,2026-11-01T00:00:00Z,farmer:413001:017,lender:vridhi,1350.0,loan_repayment,upi,413001,0.0,True
tx-202611-00005601,2026-11-01T00:00:00Z,farmer:413001:018,lender:vridhi,1350.0,loan_repayment,upi,413001,0.0,True
tx-202611-00005602,2026-11-01T00:00:00Z,wholesaler:413001:01,farmer:413001:019,13346.86,crop_sale,upi,413001,0.0,True
tx-202611-00005603,2026-11-01T00:00:00Z,farmer:413001:019,retailer:413001:03,2085.16,kirana_purchase,upi,413001,0.0,True
tx-202611-00005604,2026-11-01T00:00:00Z,farmer:413001:019,utility:413001,630.0,utility_payment,upi,413001,0.0,True
tx-202611-00005605,2026-11-01T00:00:00Z,farmer:413001:019,lender:vridhi,1350.0,loan_repayment,upi,413001,0.0,True
tx-202611-00005606,2026-11-01T00:00:00Z,wholesaler:413001:01,farmer:413001:020,5508.74,crop_sale,upi,413001,0.0,True
tx-202611-00005607,2026-11-01T00:00:00Z,farmer:413001:020,retailer:413001:02,2214.9,kirana_purchase,upi,413001,0.0,True
tx-202611-00005608,2026-11-01T00:00:00Z,farmer:413001:020,lender:vridhi,1350.0,loan_repayment,upi,413001,0.0,True
tx-202611-00005609,2026-11-01T00:00:00Z,wholesaler:413001:01,farmer:413001:021,13452.4,crop_sale,upi,413001,0.0,True
tx-202611-00005610,2026-11-01T00:00:00Z,farmer:413001:021,retailer:413001:02,1477.84,kirana_purchase,upi,413001,0.0,True
tx-202611-00005611,2026-11-01T00:00:00Z,farmer:413001:021,utility:413001,630.0,utility_payment,upi,413001,0.0,True
tx-202611-00005612,2026-11-01T00:00:00Z,farmer:413001:021,lender:vridhi,1350.0,loan_repayment,upi,413001,0.0,True
tx-202611-00005613,2026-11-01T00:00:00Z,wholesaler:413001:01,farmer:413001:022,15200.42,crop_sale,upi,413001,0.0,True
tx-202611-00005614,2026-11-01T00:00:00Z,farmer:413001:022,retailer:413001:02,2237.61,kirana_purchase,upi,413001,0.0,True
tx-202611-00005615,2026-11-01T00:00:00Z,farmer:413001:022,utility:413001,630.0,utility_payment,upi,413001,0.0,True
tx-202611-00005616,2026-11-01T00:00:00Z,farmer:413001:023,retailer:413001:03,2085.86,kirana_purchase,upi,413001,0.0,True
tx-202611-00005617,2026-11-01T00:00:00Z,wholesaler:413001:01,farmer:413001:024,6984.01,crop_sale,upi,413001,0.0,True
tx-202611-00005618,2026-11-01T00:00:00Z,farmer:413001:024,retailer:413001:03,2053.12,kirana_purchase,upi,413001,0.0,True
tx-202611-00005619,2026-11-01T00:00:00Z,farmer:413001:024,utility:413001,505.0,utility_payment,upi,413001,0.0,True
tx-202611-00005620,2026-11-01T00:00:00Z,wholesaler:413001:01,farmer:413001:025,8616.12,crop_sale,upi,413001,0.0,True
tx-202611-00005621,2026-11-01T00:00:00Z,farmer:413001:025,retailer:413001:03,2013.47,kirana_purchase,upi,413001,0.0,True
tx-202611-00005622,2026-11-01T00:00:00Z,farmer:413001:025,utility:413001,630.0,utility_payment,upi,413001,0.0,True
tx-202611-00005623,2026-11-01T00:00:00Z,farmer:413001:025,lender:vridhi,1350.0,loan_repayment,upi,413001,0.0,True
tx-202611-00005624,2026-11-01T00:00:00Z,wholesaler:413001:01,farmer:413001:026,14560.3,crop_sale,upi,413001,0.0,True
tx-202611-00005625,2026-11-01T00:00:00Z,farmer:413001:026,retailer:413001:03,1551.81,kirana_purchase,upi,413001,0.0,True
tx-202611-00005626,2026-11-01T00:00:00Z,farmer:413001:026,utility:413001,505.0,utility_payment,upi,413001,0.0,True
tx-202611-00005627,2026-11-01T00:00:00Z,farmer:413001:026,lender:vridhi,1350.0,loan_repayment,upi,413001,0.0,True
tx-202611-00005628,2026-11-01T00:00:00Z,wholesaler:413001:01,farmer:413001:027,6721.39,crop_sale,upi,413001,0.0,True
tx-202611-00005629,2026-11-01T00:00:00Z,farmer:413001:027,retailer:413001:04,2039.77,kirana_purchase,upi,413001,0.0,True
tx-202611-00005630,2026-11-01T00:00:00Z,farmer:413001:027,utility:413001,505.0,utility_payment,upi,413001,0.0,True
tx-202611-00005631,2026-11-01T00:00:00Z,farmer:413001:027,lender:vridhi,1350.0,loan_repayment,upi,413001,0.0,True
tx-202611-00005632,2026-11-01T00:00:00Z,farmer:413001:028,retailer:413001:04,2186.79,kirana_purchase,upi,413001,0.0,True
tx-202611-00005633,2026-11-01T00:00:00Z,farmer:413001:028,utility:413001,505.0,utility_payment,upi,413001,0.0,True
tx-202611-00005634,2026-11-01T00:00:00Z,farmer:413001:028,lender:vridhi,1350.0,loan_repayment,upi,413001,0.0,True
tx-202611-00005635,2026-11-01T00:00:00Z,wholesaler:413001:01,farmer:413001:029,6883.54,crop_sale,upi,413001,0.0,True
tx-202611-00005636,2026-11-01T00:00:00Z,farmer:413001:029,retailer:413001:02,3036.01,kirana_purchase,upi,413001,0.0,True
tx-202611-00005637,2026-11-01T00:00:00Z,farmer:413001:029,utility:413001,505.0,utility_payment,upi,413001,0.0,True
tx-202611-00005638,2026-11-01T00:00:00Z,farmer:413001:029,lender:vridhi,1350.0,loan_repayment,upi,413001,0.0,True
tx-202611-00005639,2026-11-01T00:00:00Z,wholesaler:413001:01,farmer:413001:030,4907.88,crop_sale,upi,413001,0.0,True
tx-202611-00005640,2026-11-01T00:00:00Z,farmer:413001:030,retailer:413001:02,2745.58,kirana_purchase,upi,413001,0.0,True
tx-202611-00005641,2026-11-01T00:00:00Z,farmer:413001:030,utility:413001,630.0,utility_payment,upi,413001,0.0,True
tx-202611-00005642,2026-11-01T00:00:00Z,farmer:413001:030,lender:vridhi,1350.0,loan_repayment,upi,413001,0.0,True
tx-202611-00005643,2026-11-01T00:00:00Z,wholesaler:413001:01,farmer:413001:031,11304.24,crop_sale,upi,413001,0.0,True
tx-202611-00005644,2026-11-01T00:00:00Z,farmer:413001:031,retailer:413001:01,3071.05,kirana_purchase,upi,413001,0.0,True
tx-202611-00005645,2026-11-01T00:00:00Z,farmer:413001:031,utility:413001,505.0,utility_payment,upi,413001,0.0,True
tx-202611-00005646,2026-11-01T00:00:00Z,farmer:413001:031,lender:vridhi,1350.0,loan_repayment,upi,413001,0.0,True
tx-202611-00005647,2026-11-01T00:00:00Z,wholesaler:413001:01,farmer:413001:032,4621.48,crop_sale,upi,413001,0.0,True
tx-202611-00005648,2026-11-01T00:00:00Z,farmer:413001:032,retailer:413001:03,3133.72,kirana_purchase,upi,413001,0.0,True
tx-202611-00005649,2026-11-01T00:00:00Z,farmer:413001:032,lender:vridhi,1010.33,loan_repayment,upi,413001,0.0,True
tx-202611-00005650,2026-11-01T00:00:00Z,wholesaler:413001:01,farmer:413001:033,9479.63,crop_sale,upi,413001,0.0,True
tx-202611-00005651,2026-11-01T00:00:00Z,farmer:413001:033,utility:413001,630.0,utility_payment,upi,413001,0.0,True
tx-202611-00005652,2026-11-01T00:00:00Z,farmer:413001:033,lender:vridhi,1350.0,loan_repayment,upi,413001,0.0,True
tx-202611-00005653,2026-11-01T00:00:00Z,wholesaler:413001:01,farmer:413001:034,3090.73,crop_sale,upi,413001,0.0,True
tx-202611-00005654,2026-11-01T00:00:00Z,wholesaler:413001:01,farmer:413001:035,12403.46,crop_sale,upi,413001,0.0,True
tx-202611-00005655,2026-11-01T00:00:00Z,farmer:413001:035,retailer:413001:03,2523.59,kirana_purchase,upi,413001,0.0,True
tx-202611-00005656,2026-11-01T00:00:00Z,farmer:413001:035,utility:413001,630.0,utility_payment,upi,413001,0.0,True
tx-202611-00005657,2026-11-01T00:00:00Z,farmer:413001:035,lender:vridhi,1350.0,loan_repayment,upi,413001,0.0,True
tx-202611-00005658,2026-11-01T00:00:00Z,retailer:413001:01,wholesaler:413001:01,6923.76,retailer_restock,upi,413001,0.0,True
tx-202611-00005659,2026-11-01T00:00:00Z,retailer:413001:01,utility:413001,1050.0,utility_payment,upi,413001,0.0,True
tx-202611-00005660,2026-11-01T00:00:00Z,retailer:413001:02,utility:413001,1050.0,utility_payment,upi,413001,0.0,True
tx-202611-00005661,2026-11-01T00:00:00Z,retailer:413001:03,wholesaler:413001:01,13147.63,retailer_restock,upi,413001,0.0,True
tx-202611-00005662,2026-11-01T00:00:00Z,retailer:413001:03,utility:413001,1050.0,utility_payment,upi,413001,0.0,True
tx-202611-00005663,2026-11-01T00:00:00Z,retailer:413001:04,wholesaler:413001:01,9885.33,retailer_restock,upi,413001,0.0,True
tx-202611-00005664,2026-11-01T00:00:00Z,retailer:413001:04,utility:413001,1050.0,utility_payment,upi,413001,0.0,True
tx-202611-00005665,2026-11-01T00:00:00Z,wholesaler:413001:01,utility:413001,2400.0,utility_payment,upi,413001,0.0,True
tx-202611-00005666,2026-11-01T00:00:00Z,wholesaler:431001:01,farmer:431001:001,5308.47,crop_sale,upi,431001,0.0,True
tx-202611-00005667,2026-11-01T00:00:00Z,farmer:431001:001,utility:431001,630.0,utility_payment,upi,431001,0.0,True
tx-202611-00005668,2026-11-01T00:00:00Z,wholesaler:431001:01,farmer:431001:002,16770.89,crop_sale,upi,431001,0.0,True
tx-202611-00005669,2026-11-01T00:00:00Z,farmer:431001:002,retailer:431001:01,2635.55,kirana_purchase,upi,431001,0.0,True
tx-202611-00005670,2026-11-01T00:00:00Z,farmer:431001:002,utility:431001,505.0,utility_payment,upi,431001,0.0,True
tx-202611-00005671,2026-11-01T00:00:00Z,farmer:431001:002,lender:vridhi,1350.0,loan_repayment,upi,431001,0.0,True
tx-202611-00005672,2026-11-01T00:00:00Z,wholesaler:431001:01,farmer:431001:003,10644.79,crop_sale,upi,431001,0.0,True
tx-202611-00005673,2026-11-01T00:00:00Z,farmer:431001:003,retailer:431001:02,1726.16,kirana_purchase,upi,431001,0.0,True
tx-202611-00005674,2026-11-01T00:00:00Z,farmer:431001:003,lender:vridhi,1350.0,loan_repayment,upi,431001,0.0,True
tx-202611-00005675,2026-11-01T00:00:00Z,farmer:431001:004,retailer:431001:04,2140.07,kirana_purchase,upi,431001,0.0,True
tx-202611-00005676,2026-11-01T00:00:00Z,farmer:431001:004,utility:431001,630.0,utility_payment,upi,431001,0.0,True
tx-202611-00005677,2026-11-01T00:00:00Z,wholesaler:431001:01,farmer:431001:005,11431.99,crop_sale,upi,431001,0.0,True
tx-202611-00005678,2026-11-01T00:00:00Z,farmer:431001:005,utility:431001,630.0,utility_payment,upi,431001,0.0,True
tx-202611-00005679,2026-11-01T00:00:00Z,wholesaler:431001:01,farmer:431001:006,11272.34,crop_sale,upi,431001,0.0,True
tx-202611-00005680,2026-11-01T00:00:00Z,farmer:431001:006,retailer:431001:02,1936.99,kirana_purchase,upi,431001,0.0,True
tx-202611-00005681,2026-11-01T00:00:00Z,farmer:431001:006,utility:431001,630.0,utility_payment,upi,431001,0.0,True
tx-202611-00005682,2026-11-01T00:00:00Z,farmer:431001:006,lender:vridhi,1350.0,loan_repayment,upi,431001,0.0,True
tx-202611-00005683,2026-11-01T00:00:00Z,wholesaler:431001:01,farmer:431001:007,3140.28,crop_sale,upi,431001,0.0,True
tx-202611-00005684,2026-11-01T00:00:00Z,farmer:431001:007,retailer:431001:01,1621.12,kirana_purchase,upi,431001,0.0,True
tx-202611-00005685,2026-11-01T00:00:00Z,farmer:431001:007,lender:vridhi,889.16,loan_repayment,upi,431001,0.0,True
tx-202611-00005686,2026-11-01T00:00:00Z,farmer:431001:008,retailer:431001:02,3136.12,kirana_purchase,upi,431001,0.0,True
tx-202611-00005687,2026-11-01T00:00:00Z,farmer:431001:008,utility:431001,505.0,utility_payment,upi,431001,0.0,True
tx-202611-00005688,2026-11-01T00:00:00Z,farmer:431001:008,lender:vridhi,1350.0,loan_repayment,upi,431001,0.0,True
tx-202611-00005689,2026-11-01T00:00:00Z,wholesaler:431001:01,farmer:431001:009,8742.86,crop_sale,upi,431001,0.0,True
tx-202611-00005690,2026-11-01T00:00:00Z,farmer:431001:009,retailer:431001:03,2582.3,kirana_purchase,upi,431001,0.0,True
tx-202611-00005691,2026-11-01T00:00:00Z,farmer:431001:009,utility:431001,630.0,utility_payment,upi,431001,0.0,True
tx-202611-00005692,2026-11-01T00:00:00Z,farmer:431001:009,lender:vridhi,1350.0,loan_repayment,upi,431001,0.0,True
tx-202611-00005693,2026-11-01T00:00:00Z,farmer:431001:010,retailer:431001:01,3129.91,kirana_purchase,upi,431001,0.0,True
tx-202611-00005694,2026-11-01T00:00:00Z,farmer:431001:010,lender:vridhi,1350.0,loan_repayment,upi,431001,0.0,True
tx-202611-00005695,2026-11-01T00:00:00Z,wholesaler:431001:01,farmer:431001:011,3893.53,crop_sale,upi,431001,0.0,True
tx-202611-00005696,2026-11-01T00:00:00Z,farmer:431001:011,retailer:431001:04,1632.82,kirana_purchase,upi,431001,0.0,True
tx-202611-00005697,2026-11-01T00:00:00Z,farmer:431001:011,utility:431001,505.0,utility_payment,upi,431001,0.0,True
tx-202611-00005698,2026-11-01T00:00:00Z,farmer:431001:011,lender:vridhi,1350.0,loan_repayment,upi,431001,0.0,True
tx-202611-00005699,2026-11-01T00:00:00Z,wholesaler:431001:01,farmer:431001:012,5590.21,crop_sale,upi,431001,0.0,True
tx-202611-00005700,2026-11-01T00:00:00Z,farmer:431001:012,utility:431001,630.0,utility_payment,upi,431001,0.0,True
tx-202611-00005701,2026-11-01T00:00:00Z,farmer:431001:012,lender:vridhi,1350.0,loan_repayment,upi,431001,0.0,True
tx-202611-00005702,2026-11-01T00:00:00Z,wholesaler:431001:01,farmer:431001:013,7124.58,crop_sale,upi,431001,0.0,True
tx-202611-00005703,2026-11-01T00:00:00Z,farmer:431001:013,retailer:431001:02,2621.35,kirana_purchase,upi,431001,0.0,True
tx-202611-00005704,2026-11-01T00:00:00Z,farmer:431001:013,lender:vridhi,1350.0,loan_repayment,upi,431001,0.0,True
tx-202611-00005705,2026-11-01T00:00:00Z,farmer:431001:014,retailer:431001:03,3067.9,kirana_purchase,upi,431001,0.0,True
tx-202611-00005706,2026-11-01T00:00:00Z,farmer:431001:014,utility:431001,505.0,utility_payment,upi,431001,0.0,True
tx-202611-00005707,2026-11-01T00:00:00Z,farmer:431001:014,lender:vridhi,1350.0,loan_repayment,upi,431001,0.0,True
tx-202611-00005708,2026-11-01T00:00:00Z,farmer:431001:015,retailer:431001:03,2582.63,kirana_purchase,upi,431001,0.0,True
tx-202611-00005709,2026-11-01T00:00:00Z,farmer:431001:015,utility:431001,630.0,utility_payment,upi,431001,0.0,True
tx-202611-00005710,2026-11-01T00:00:00Z,farmer:431001:015,lender:vridhi,1350.0,loan_repayment,upi,431001,0.0,True
tx-202611-00005711,2026-11-01T00:00:00Z,wholesaler:431001:01,farmer:431001:016,10961.47,crop_sale,upi,431001,0.0,True
tx-202611-00005712,2026-11-01T00:00:00Z,farmer:431001:016,utility:431001,630.0,utility_payment,upi,431001,0.0,True
tx-202611-00005713,2026-11-01T00:00:00Z,farmer:431001:016,lender:vridhi,1350.0,loan_repayment,upi,431001,0.0,True
tx-202611-00005714,2026-11-01T00:00:00Z,wholesaler:431001:01,farmer:431001:017,4700.16,crop_sale,upi,431001,0.0,True
tx-202611-00005715,2026-11-01T00:00:00Z,farmer:431001:017,utility:431001,630.0,utility_payment,upi,431001,0.0,True
tx-202611-00005716,2026-11-01T00:00:00Z,farmer:431001:017,lender:vridhi,1350.0,loan_repayment,upi,431001,0.0,True
tx-202611-00005717,2026-11-01T00:00:00Z,farmer:431001:018,retailer:431001:03,3043.64,kirana_purchase,upi,431001,0.0,True
tx-202611-00005718,2026-11-01T00:00:00Z,farmer:431001:018,utility:431001,505.0,utility_payment,upi,431001,0.0,True
tx-202611-00005719,2026-11-01T00:00:00Z,farmer:431001:018,lender:vridhi,1350.0,loan_repayment,upi,431001,0.0,True
tx-202611-00005720,2026-11-01T00:00:00Z,wholesaler:431001:01,farmer:431001:019,3877.42,crop_sale,upi,431001,0.0,True
tx-202611-00005721,2026-11-01T00:00:00Z,farmer:431001:019,lender:vridhi,1350.0,loan_repayment,upi,431001,0.0,True
tx-202611-00005722,2026-11-01T00:00:00Z,wholesaler:431001:01,farmer:431001:020,17644.77,crop_sale,upi,431001,0.0,True
tx-202611-00005723,2026-11-01T00:00:00Z,farmer:431001:020,utility:431001,505.0,utility_payment,upi,431001,0.0,True
tx-202611-00005724,2026-11-01T00:00:00Z,farmer:431001:020,lender:vridhi,1350.0,loan_repayment,upi,431001,0.0,True
tx-202611-00005725,2026-11-01T00:00:00Z,wholesaler:431001:01,farmer:431001:021,7170.83,crop_sale,upi,431001,0.0,True
tx-202611-00005726,2026-11-01T00:00:00Z,farmer:431001:021,lender:vridhi,1350.0,loan_repayment,upi,431001,0.0,True
tx-202611-00005727,2026-11-01T00:00:00Z,wholesaler:431001:01,farmer:431001:022,5704.42,crop_sale,upi,431001,0.0,True
tx-202611-00005728,2026-11-01T00:00:00Z,farmer:431001:022,retailer:431001:03,2156.86,kirana_purchase,upi,431001,0.0,True
tx-202611-00005729,2026-11-01T00:00:00Z,farmer:431001:022,lender:vridhi,1350.0,loan_repayment,upi,431001,0.0,True
tx-202611-00005730,2026-11-01T00:00:00Z,wholesaler:431001:01,farmer:431001:023,11147.81,crop_sale,upi,431001,0.0,True
tx-202611-00005731,2026-11-01T00:00:00Z,farmer:431001:023,lender:vridhi,1350.0,loan_repayment,upi,431001,0.0,True
tx-202611-00005732,2026-11-01T00:00:00Z,wholesaler:431001:01,farmer:431001:024,6508.84,crop_sale,upi,431001,0.0,True
tx-202611-00005733,2026-11-01T00:00:00Z,farmer:431001:024,retailer:431001:03,2810.35,kirana_purchase,upi,431001,0.0,True
tx-202611-00005734,2026-11-01T00:00:00Z,farmer:431001:024,utility:431001,630.0,utility_payment,upi,431001,0.0,True
tx-202611-00005735,2026-11-01T00:00:00Z,farmer:431001:024,lender:vridhi,1350.0,loan_repayment,upi,431001,0.0,True
tx-202611-00005736,2026-11-01T00:00:00Z,wholesaler:431001:01,farmer:431001:025,10199.08,crop_sale,upi,431001,0.0,True
tx-202611-00005737,2026-11-01T00:00:00Z,farmer:431001:025,lender:vridhi,1350.0,loan_repayment,upi,431001,0.0,True
tx-202611-00005738,2026-11-01T00:00:00Z,wholesaler:431001:01,farmer:431001:026,12105.1,crop_sale,upi,431001,0.0,True
tx-202611-00005739,2026-11-01T00:00:00Z,farmer:431001:026,lender:vridhi,1350.0,loan_repayment,upi,431001,0.0,True
tx-202611-00005740,2026-11-01T00:00:00Z,wholesaler:431001:01,farmer:431001:027,9631.75,crop_sale,upi,431001,0.0,True
tx-202611-00005741,2026-11-01T00:00:00Z,farmer:431001:027,retailer:431001:04,1525.67,kirana_purchase,upi,431001,0.0,True
tx-202611-00005742,2026-11-01T00:00:00Z,farmer:431001:027,utility:431001,505.0,utility_payment,upi,431001,0.0,True
tx-202611-00005743,2026-11-01T00:00:00Z,farmer:431001:027,lender:vridhi,1350.0,loan_repayment,upi,431001,0.0,True
tx-202611-00005744,2026-11-01T00:00:00Z,wholesaler:431001:01,farmer:431001:028,7436.79,crop_sale,upi,431001,0.0,True
tx-202611-00005745,2026-11-01T00:00:00Z,farmer:431001:028,utility:431001,630.0,utility_payment,upi,431001,0.0,True
tx-202611-00005746,2026-11-01T00:00:00Z,farmer:431001:028,lender:vridhi,1350.0,loan_repayment,upi,431001,0.0,True
tx-202611-00005747,2026-11-01T00:00:00Z,wholesaler:431001:01,farmer:431001:029,8866.14,crop_sale,upi,431001,0.0,True
tx-202611-00005748,2026-11-01T00:00:00Z,farmer:431001:029,lender:vridhi,1350.0,loan_repayment,upi,431001,0.0,True
tx-202611-00005749,2026-11-01T00:00:00Z,wholesaler:431001:01,farmer:431001:030,17278.16,crop_sale,upi,431001,0.0,True
tx-202611-00005750,2026-11-01T00:00:00Z,farmer:431001:030,retailer:431001:04,1901.12,kirana_purchase,upi,431001,0.0,True
tx-202611-00005751,2026-11-01T00:00:00Z,farmer:431001:030,utility:431001,505.0,utility_payment,upi,431001,0.0,True
tx-202611-00005752,2026-11-01T00:00:00Z,wholesaler:431001:01,farmer:431001:031,11006.35,crop_sale,upi,431001,0.0,True
tx-202611-00005753,2026-11-01T00:00:00Z,farmer:431001:031,retailer:431001:04,1531.2,kirana_purchase,upi,431001,0.0,True
tx-202611-00005754,2026-11-01T00:00:00Z,farmer:431001:031,lender:vridhi,1350.0,loan_repayment,upi,431001,0.0,True
tx-202611-00005755,2026-11-01T00:00:00Z,farmer:431001:032,lender:vridhi,1350.0,loan_repayment,upi,431001,0.0,True
tx-202611-00005756,2026-11-01T00:00:00Z,wholesaler:431001:01,farmer:431001:033,14616.37,crop_sale,upi,431001,0.0,True
tx-202611-00005757,2026-11-01T00:00:00Z,farmer:431001:033,retailer:431001:01,2294.28,kirana_purchase,upi,431001,0.0,True
tx-202611-00005758,2026-11-01T00:00:00Z,farmer:431001:033,utility:431001,630.0,utility_payment,upi,431001,0.0,True
tx-202611-00005759,2026-11-01T00:00:00Z,farmer:431001:033,lender:vridhi,1350.0,loan_repayment,upi,431001,0.0,True
tx-202611-00005760,2026-11-01T00:00:00Z,farmer:431001:034,retailer:431001:04,2403.28,kirana_purchase,upi,431001,0.0,True
tx-202611-00005761,2026-11-01T00:00:00Z,farmer:431001:034,utility:431001,505.0,utility_payment,upi,431001,0.0,True
tx-202611-00005762,2026-11-01T00:00:00Z,farmer:431001:034,lender:vridhi,1350.0,loan_repayment,upi,431001,0.0,True
tx-202611-00005763,2026-11-01T00:00:00Z,wholesaler:431001:01,farmer:431001:035,9198.2,crop_sale,upi,431001,0.0,True
tx-202611-00005764,2026-11-01T00:00:00Z,farmer:431001:035,retailer:431001:02,3059.18,kirana_purchase,upi,431001,0.0,True
tx-202611-00005765,2026-11-01T00:00:00Z,farmer:431001:035,utility:431001,505.0,utility_payment,upi,431001,0.0,True
tx-202611-00005766,2026-11-01T00:00:00Z,farmer:431001:035,lender:vridhi,1350.0,loan_repayment,upi,431001,0.0,True
tx-202611-00005767,2026-11-01T00:00:00Z,retailer:431001:01,wholesaler:431001:01,9628.31,retailer_restock,upi,431001,0.0,True
tx-202611-00005768,2026-11-01T00:00:00Z,retailer:431001:01,utility:431001,1050.0,utility_payment,upi,431001,0.0,True
tx-202611-00005769,2026-11-01T00:00:00Z,retailer:431001:02,utility:431001,1050.0,utility_payment,upi,431001,0.0,True
tx-202611-00005770,2026-11-01T00:00:00Z,retailer:431001:03,wholesaler:431001:01,12577.8,retailer_restock,upi,431001,0.0,True
tx-202611-00005771,2026-11-01T00:00:00Z,retailer:431001:04,wholesaler:431001:01,12318.43,retailer_restock,upi,431001,0.0,True
tx-202611-00005772,2026-11-01T00:00:00Z,retailer:431001:04,utility:431001,1050.0,utility_payment,upi,431001,0.0,True
tx-202611-00005773,2026-11-01T00:00:00Z,wholesaler:431001:01,utility:431001,2400.0,utility_payment,upi,431001,0.0,True
tx-202611-00005774,2026-11-01T00:00:00Z,farmer:440001:001,retailer:440001:01,3071.1,kirana_purchase,upi,440001,0.0,True
tx-202611-00005775,2026-11-01T00:00:00Z,farmer:440001:001,lender:vridhi,1350.0,loan_repayment,upi,440001,0.0,True
tx-202611-00005776,2026-11-01T00:00:00Z,wholesaler:440001:01,farmer:440001:002,15900.77,crop_sale,upi,440001,0.0,True
tx-202611-00005777,2026-11-01T00:00:00Z,farmer:440001:002,retailer:440001:04,2023.8,kirana_purchase,upi,440001,0.0,True
tx-202611-00005778,2026-11-01T00:00:00Z,farmer:440001:002,lender:vridhi,1350.0,loan_repayment,upi,440001,0.0,True
tx-202611-00005779,2026-11-01T00:00:00Z,wholesaler:440001:01,farmer:440001:003,13626.0,crop_sale,upi,440001,0.0,True
tx-202611-00005780,2026-11-01T00:00:00Z,farmer:440001:003,retailer:440001:03,2785.34,kirana_purchase,upi,440001,0.0,True
tx-202611-00005781,2026-11-01T00:00:00Z,farmer:440001:003,utility:440001,630.0,utility_payment,upi,440001,0.0,True
tx-202611-00005782,2026-11-01T00:00:00Z,farmer:440001:003,lender:vridhi,1350.0,loan_repayment,upi,440001,0.0,True
tx-202611-00005783,2026-11-01T00:00:00Z,wholesaler:440001:01,farmer:440001:004,18633.16,crop_sale,upi,440001,0.0,True
tx-202611-00005784,2026-11-01T00:00:00Z,farmer:440001:004,utility:440001,505.0,utility_payment,upi,440001,0.0,True
tx-202611-00005785,2026-11-01T00:00:00Z,farmer:440001:005,retailer:440001:02,1697.88,kirana_purchase,upi,440001,0.0,True
tx-202611-00005786,2026-11-01T00:00:00Z,farmer:440001:005,lender:vridhi,1350.0,loan_repayment,upi,440001,0.0,True
tx-202611-00005787,2026-11-01T00:00:00Z,farmer:440001:006,lender:vridhi,1350.0,loan_repayment,upi,440001,0.0,True
tx-202611-00005788,2026-11-01T00:00:00Z,wholesaler:440001:01,farmer:440001:007,18516.93,crop_sale,upi,440001,0.0,True
tx-202611-00005789,2026-11-01T00:00:00Z,farmer:440001:007,retailer:440001:04,1811.01,kirana_purchase,upi,440001,0.0,True
tx-202611-00005790,2026-11-01T00:00:00Z,farmer:440001:007,utility:440001,505.0,utility_payment,upi,440001,0.0,True
tx-202611-00005791,2026-11-01T00:00:00Z,farmer:440001:007,lender:vridhi,1350.0,loan_repayment,upi,440001,0.0,True
tx-202611-00005792,2026-11-01T00:00:00Z,wholesaler:440001:01,farmer:440001:008,12645.25,crop_sale,upi,440001,0.0,True
tx-202611-00005793,2026-11-01T00:00:00Z,farmer:440001:008,lender:vridhi,1350.0,loan_repayment,upi,440001,0.0,True
tx-202611-00005794,2026-11-01T00:00:00Z,wholesaler:440001:01,farmer:440001:009,4945.94,crop_sale,upi,440001,0.0,True
tx-202611-00005795,2026-11-01T00:00:00Z,farmer:440001:009,retailer:440001:03,1788.49,kirana_purchase,upi,440001,0.0,True
tx-202611-00005796,2026-11-01T00:00:00Z,farmer:440001:009,utility:440001,505.0,utility_payment,upi,440001,0.0,True
tx-202611-00005797,2026-11-01T00:00:00Z,farmer:440001:009,lender:vridhi,1350.0,loan_repayment,upi,440001,0.0,True
tx-202611-00005798,2026-11-01T00:00:00Z,farmer:440001:010,retailer:440001:03,2552.82,kirana_purchase,upi,440001,0.0,True
tx-202611-00005799,2026-11-01T00:00:00Z,wholesaler:440001:01,farmer:440001:011,12841.88,crop_sale,upi,440001,0.0,True
tx-202611-00005800,2026-11-01T00:00:00Z,farmer:440001:011,retailer:440001:01,2460.9,kirana_purchase,upi,440001,0.0,True
tx-202611-00005801,2026-11-01T00:00:00Z,farmer:440001:011,utility:440001,505.0,utility_payment,upi,440001,0.0,True
tx-202611-00005802,2026-11-01T00:00:00Z,farmer:440001:011,lender:vridhi,1350.0,loan_repayment,upi,440001,0.0,True
tx-202611-00005803,2026-11-01T00:00:00Z,farmer:440001:012,lender:vridhi,1350.0,loan_repayment,upi,440001,0.0,True
tx-202611-00005804,2026-11-01T00:00:00Z,wholesaler:440001:01,farmer:440001:013,8327.5,crop_sale,upi,440001,0.0,True
tx-202611-00005805,2026-11-01T00:00:00Z,farmer:440001:013,utility:440001,505.0,utility_payment,upi,440001,0.0,True
tx-202611-00005806,2026-11-01T00:00:00Z,farmer:440001:013,lender:vridhi,1350.0,loan_repayment,upi,440001,0.0,True
tx-202611-00005807,2026-11-01T00:00:00Z,wholesaler:440001:01,farmer:440001:014,8824.85,crop_sale,upi,440001,0.0,True
tx-202611-00005808,2026-11-01T00:00:00Z,farmer:440001:014,utility:440001,505.0,utility_payment,upi,440001,0.0,True
tx-202611-00005809,2026-11-01T00:00:00Z,farmer:440001:015,retailer:440001:03,1577.69,kirana_purchase,upi,440001,0.0,True
tx-202611-00005810,2026-11-01T00:00:00Z,farmer:440001:015,utility:440001,505.0,utility_payment,upi,440001,0.0,True
tx-202611-00005811,2026-11-01T00:00:00Z,farmer:440001:015,lender:vridhi,1350.0,loan_repayment,upi,440001,0.0,True
tx-202611-00005812,2026-11-01T00:00:00Z,wholesaler:440001:01,farmer:440001:016,4930.49,crop_sale,upi,440001,0.0,True
tx-202611-00005813,2026-11-01T00:00:00Z,farmer:440001:016,utility:440001,630.0,utility_payment,upi,440001,0.0,True
tx-202611-00005814,2026-11-01T00:00:00Z,wholesaler:440001:01,farmer:440001:017,16023.55,crop_sale,upi,440001,0.0,True
tx-202611-00005815,2026-11-01T00:00:00Z,farmer:440001:017,retailer:440001:03,2755.6,kirana_purchase,upi,440001,0.0,True
tx-202611-00005816,2026-11-01T00:00:00Z,farmer:440001:017,utility:440001,505.0,utility_payment,upi,440001,0.0,True
tx-202611-00005817,2026-11-01T00:00:00Z,farmer:440001:017,lender:vridhi,1350.0,loan_repayment,upi,440001,0.0,True
tx-202611-00005818,2026-11-01T00:00:00Z,wholesaler:440001:01,farmer:440001:018,8777.55,crop_sale,upi,440001,0.0,True
tx-202611-00005819,2026-11-01T00:00:00Z,farmer:440001:018,utility:440001,630.0,utility_payment,upi,440001,0.0,True
tx-202611-00005820,2026-11-01T00:00:00Z,farmer:440001:018,lender:vridhi,1350.0,loan_repayment,upi,440001,0.0,True
tx-202611-00005821,2026-11-01T00:00:00Z,farmer:440001:019,retailer:440001:03,2990.74,kirana_purchase,upi,440001,0.0,True
tx-202611-00005822,2026-11-01T00:00:00Z,farmer:440001:019,utility:440001,630.0,utility_payment,upi,440001,0.0,True
tx-202611-00005823,2026-11-01T00:00:00Z,farmer:440001:019,lender:vridhi,1350.0,loan_repayment,upi,440001,0.0,True
tx-202611-00005824,2026-11-01T00:00:00Z,wholesaler:440001:01,farmer:440001:020,14175.85,crop_sale,upi,440001,0.0,True
tx-202611-00005825,2026-11-01T00:00:00Z,farmer:440001:020,retailer:440001:04,1608.04,kirana_purchase,upi,440001,0.0,True
tx-202611-00005826,2026-11-01T00:00:00Z,farmer:440001:020,lender:vridhi,1350.0,loan_repayment,upi,440001,0.0,True
tx-202611-00005827,2026-11-01T00:00:00Z,farmer:440001:021,retailer:440001:01,1631.61,kirana_purchase,upi,440001,0.0,True
tx-202611-00005828,2026-11-01T00:00:00Z,farmer:440001:021,utility:440001,630.0,utility_payment,upi,440001,0.0,True
tx-202611-00005829,2026-11-01T00:00:00Z,farmer:440001:021,lender:vridhi,1350.0,loan_repayment,upi,440001,0.0,True
tx-202611-00005830,2026-11-01T00:00:00Z,wholesaler:440001:01,farmer:440001:022,5286.39,crop_sale,upi,440001,0.0,True
tx-202611-00005831,2026-11-01T00:00:00Z,farmer:440001:022,retailer:440001:02,1589.42,kirana_purchase,upi,440001,0.0,True
tx-202611-00005832,2026-11-01T00:00:00Z,farmer:440001:022,utility:440001,630.0,utility_payment,upi,440001,0.0,True
tx-202611-00005833,2026-11-01T00:00:00Z,farmer:440001:022,lender:vridhi,1350.0,loan_repayment,upi,440001,0.0,True
tx-202611-00005834,2026-11-01T00:00:00Z,wholesaler:440001:01,farmer:440001:023,12372.0,crop_sale,upi,440001,0.0,True
tx-202611-00005835,2026-11-01T00:00:00Z,farmer:440001:023,utility:440001,505.0,utility_payment,upi,440001,0.0,True
tx-202611-00005836,2026-11-01T00:00:00Z,farmer:440001:023,lender:vridhi,1350.0,loan_repayment,upi,440001,0.0,True
tx-202611-00005837,2026-11-01T00:00:00Z,wholesaler:440001:01,farmer:440001:024,3675.67,crop_sale,upi,440001,0.0,True
tx-202611-00005838,2026-11-01T00:00:00Z,farmer:440001:024,retailer:440001:02,3132.4,kirana_purchase,upi,440001,0.0,True
tx-202611-00005839,2026-11-01T00:00:00Z,farmer:440001:024,utility:440001,630.0,utility_payment,upi,440001,0.0,True
tx-202611-00005840,2026-11-01T00:00:00Z,farmer:440001:024,lender:vridhi,1350.0,loan_repayment,upi,440001,0.0,True
tx-202611-00005841,2026-11-01T00:00:00Z,farmer:440001:025,retailer:440001:02,2287.51,kirana_purchase,upi,440001,0.0,True
tx-202611-00005842,2026-11-01T00:00:00Z,farmer:440001:025,utility:440001,418.72,utility_payment,upi,440001,0.0,True
tx-202611-00005843,2026-11-01T00:00:00Z,farmer:440001:026,retailer:440001:04,1777.2,kirana_purchase,upi,440001,0.0,True
tx-202611-00005844,2026-11-01T00:00:00Z,farmer:440001:026,utility:440001,630.0,utility_payment,upi,440001,0.0,True
tx-202611-00005845,2026-11-01T00:00:00Z,farmer:440001:026,lender:vridhi,1350.0,loan_repayment,upi,440001,0.0,True
tx-202611-00005846,2026-11-01T00:00:00Z,farmer:440001:027,retailer:440001:03,1907.91,kirana_purchase,upi,440001,0.0,True
tx-202611-00005847,2026-11-01T00:00:00Z,farmer:440001:027,lender:vridhi,1190.45,loan_repayment,upi,440001,0.0,True
tx-202611-00005848,2026-11-01T00:00:00Z,farmer:440001:028,retailer:440001:04,1452.47,kirana_purchase,upi,440001,0.0,True
tx-202611-00005849,2026-11-01T00:00:00Z,farmer:440001:028,utility:440001,630.0,utility_payment,upi,440001,0.0,True
tx-202611-00005850,2026-11-01T00:00:00Z,farmer:440001:028,lender:vridhi,1350.0,loan_repayment,upi,440001,0.0,True
tx-202611-00005851,2026-11-01T00:00:00Z,farmer:440001:029,retailer:440001:02,2834.56,kirana_purchase,upi,440001,0.0,True
tx-202611-00005852,2026-11-01T00:00:00Z,farmer:440001:029,lender:vridhi,1350.0,loan_repayment,upi,440001,0.0,True
tx-202611-00005853,2026-11-01T00:00:00Z,farmer:440001:031,retailer:440001:01,2612.92,kirana_purchase,upi,440001,0.0,True
tx-202611-00005854,2026-11-01T00:00:00Z,farmer:440001:031,utility:440001,630.0,utility_payment,upi,440001,0.0,True
tx-202611-00005855,2026-11-01T00:00:00Z,farmer:440001:033,retailer:440001:01,2030.31,kirana_purchase,upi,440001,0.0,True
tx-202611-00005856,2026-11-01T00:00:00Z,farmer:440001:033,utility:440001,505.0,utility_payment,upi,440001,0.0,True
tx-202611-00005857,2026-11-01T00:00:00Z,farmer:440001:033,lender:vridhi,1350.0,loan_repayment,upi,440001,0.0,True
tx-202611-00005858,2026-11-01T00:00:00Z,farmer:440001:034,retailer:440001:03,2002.69,kirana_purchase,upi,440001,0.0,True
tx-202611-00005859,2026-11-01T00:00:00Z,farmer:440001:034,utility:440001,630.0,utility_payment,upi,440001,0.0,True
tx-202611-00005860,2026-11-01T00:00:00Z,farmer:440001:034,lender:vridhi,1350.0,loan_repayment,upi,440001,0.0,True
tx-202611-00005861,2026-11-01T00:00:00Z,retailer:440001:01,wholesaler:440001:01,10004.01,retailer_restock,upi,440001,0.0,True
tx-202611-00005862,2026-11-01T00:00:00Z,retailer:440001:01,utility:440001,1050.0,utility_payment,upi,440001,0.0,True
tx-202611-00005863,2026-11-01T00:00:00Z,retailer:440001:02,utility:440001,1050.0,utility_payment,upi,440001,0.0,True
tx-202611-00005864,2026-11-01T00:00:00Z,retailer:440001:03,wholesaler:440001:01,16161.19,retailer_restock,upi,440001,0.0,True
tx-202611-00005865,2026-11-01T00:00:00Z,retailer:440001:03,utility:440001,1050.0,utility_payment,upi,440001,0.0,True
tx-202611-00005866,2026-11-01T00:00:00Z,retailer:440001:04,wholesaler:440001:01,5317.19,retailer_restock,upi,440001,0.0,True
tx-202611-00005867,2026-11-01T00:00:00Z,retailer:440001:04,utility:440001,1050.0,utility_payment,upi,440001,0.0,True
tx-202612-00005868,2026-12-01T00:00:00Z,farmer:413001:002,utility:413001,505.0,utility_payment,upi,413001,0.0,True
tx-202612-00005869,2026-12-01T00:00:00Z,farmer:413001:002,lender:vridhi,1350.0,loan_repayment,upi,413001,0.0,True
tx-202612-00005870,2026-12-01T00:00:00Z,farmer:413001:003,retailer:413001:04,464.79,kirana_purchase,upi,413001,0.0,True
tx-202612-00005871,2026-12-01T00:00:00Z,farmer:413001:004,retailer:413001:01,2447.02,kirana_purchase,upi,413001,0.0,True
tx-202612-00005872,2026-12-01T00:00:00Z,farmer:413001:004,utility:413001,505.0,utility_payment,upi,413001,0.0,True
tx-202612-00005873,2026-12-01T00:00:00Z,farmer:413001:004,lender:vridhi,1350.0,loan_repayment,upi,413001,0.0,True
tx-202612-00005874,2026-12-01T00:00:00Z,farmer:413001:005,utility:413001,505.0,utility_payment,upi,413001,0.0,True
tx-202612-00005875,2026-12-01T00:00:00Z,farmer:413001:005,lender:vridhi,644.89,loan_repayment,upi,413001,0.0,True
tx-202612-00005876,2026-12-01T00:00:00Z,farmer:413001:006,retailer:413001:04,2988.17,kirana_purchase,upi,413001,0.0,True
tx-202612-00005877,2026-12-01T00:00:00Z,farmer:413001:006,utility:413001,630.0,utility_payment,upi,413001,0.0,True
tx-202612-00005878,2026-12-01T00:00:00Z,farmer:413001:006,lender:vridhi,1350.0,loan_repayment,upi,413001,0.0,True
tx-202612-00005879,2026-12-01T00:00:00Z,farmer:413001:008,utility:413001,630.0,utility_payment,upi,413001,0.0,True
tx-202612-00005880,2026-12-01T00:00:00Z,farmer:413001:008,lender:vridhi,1350.0,loan_repayment,upi,413001,0.0,True
tx-202612-00005881,2026-12-01T00:00:00Z,farmer:413001:009,retailer:413001:03,2915.4,kirana_purchase,upi,413001,0.0,True
tx-202612-00005882,2026-12-01T00:00:00Z,farmer:413001:009,utility:413001,630.0,utility_payment,upi,413001,0.0,True
tx-202612-00005883,2026-12-01T00:00:00Z,farmer:413001:009,lender:vridhi,1350.0,loan_repayment,upi,413001,0.0,True
tx-202612-00005884,2026-12-01T00:00:00Z,farmer:413001:010,utility:413001,505.0,utility_payment,upi,413001,0.0,True
tx-202612-00005885,2026-12-01T00:00:00Z,farmer:413001:010,lender:vridhi,1350.0,loan_repayment,upi,413001,0.0,True
tx-202612-00005886,2026-12-01T00:00:00Z,farmer:413001:011,utility:413001,630.0,utility_payment,upi,413001,0.0,True
tx-202612-00005887,2026-12-01T00:00:00Z,farmer:413001:011,lender:vridhi,1350.0,loan_repayment,upi,413001,0.0,True
tx-202612-00005888,2026-12-01T00:00:00Z,farmer:413001:012,utility:413001,630.0,utility_payment,upi,413001,0.0,True
tx-202612-00005889,2026-12-01T00:00:00Z,farmer:413001:013,utility:413001,630.0,utility_payment,upi,413001,0.0,True
tx-202612-00005890,2026-12-01T00:00:00Z,farmer:413001:013,lender:vridhi,1350.0,loan_repayment,upi,413001,0.0,True
tx-202612-00005891,2026-12-01T00:00:00Z,farmer:413001:014,retailer:413001:04,1778.81,kirana_purchase,upi,413001,0.0,True
tx-202612-00005892,2026-12-01T00:00:00Z,farmer:413001:014,utility:413001,630.0,utility_payment,upi,413001,0.0,True
tx-202612-00005893,2026-12-01T00:00:00Z,farmer:413001:014,lender:vridhi,1350.0,loan_repayment,upi,413001,0.0,True
tx-202612-00005894,2026-12-01T00:00:00Z,farmer:413001:015,retailer:413001:03,2633.25,kirana_purchase,upi,413001,0.0,True
tx-202612-00005895,2026-12-01T00:00:00Z,farmer:413001:015,utility:413001,505.0,utility_payment,upi,413001,0.0,True
tx-202612-00005896,2026-12-01T00:00:00Z,farmer:413001:015,lender:vridhi,1350.0,loan_repayment,upi,413001,0.0,True
tx-202612-00005897,2026-12-01T00:00:00Z,farmer:413001:016,retailer:413001:03,870.0,kirana_purchase,upi,413001,0.0,True
tx-202612-00005898,2026-12-01T00:00:00Z,farmer:413001:017,retailer:413001:02,2963.44,kirana_purchase,upi,413001,0.0,True
tx-202612-00005899,2026-12-01T00:00:00Z,farmer:413001:017,lender:vridhi,1350.0,loan_repayment,upi,413001,0.0,True
tx-202612-00005900,2026-12-01T00:00:00Z,farmer:413001:018,retailer:413001:02,2355.23,kirana_purchase,upi,413001,0.0,True
tx-202612-00005901,2026-12-01T00:00:00Z,farmer:413001:018,utility:413001,505.0,utility_payment,upi,413001,0.0,True
tx-202612-00005902,2026-12-01T00:00:00Z,farmer:413001:018,lender:vridhi,1350.0,loan_repayment,upi,413001,0.0,True
tx-202612-00005903,2026-12-01T00:00:00Z,farmer:413001:019,utility:413001,630.0,utility_payment,upi,413001,0.0,True
tx-202612-00005904,2026-12-01T00:00:00Z,farmer:413001:020,retailer:413001:02,2244.04,kirana_purchase,upi,413001,0.0,True
tx-202612-00005905,2026-12-01T00:00:00Z,farmer:413001:020,lender:vridhi,596.88,loan_repayment,upi,413001,0.0,True
tx-202612-00005906,2026-12-01T00:00:00Z,farmer:413001:021,retailer:413001:04,2671.33,kirana_purchase,upi,413001,0.0,True
tx-202612-00005907,2026-12-01T00:00:00Z,farmer:413001:021,utility:413001,630.0,utility_payment,upi,413001,0.0,True
tx-202612-00005908,2026-12-01T00:00:00Z,farmer:413001:021,lender:vridhi,1350.0,loan_repayment,upi,413001,0.0,True
tx-202612-00005909,2026-12-01T00:00:00Z,farmer:413001:022,utility:413001,630.0,utility_payment,upi,413001,0.0,True
tx-202612-00005910,2026-12-01T00:00:00Z,farmer:413001:023,retailer:413001:04,214.92,kirana_purchase,upi,413001,0.0,True
tx-202612-00005911,2026-12-01T00:00:00Z,farmer:413001:024,retailer:413001:02,2490.02,kirana_purchase,upi,413001,0.0,True
tx-202612-00005912,2026-12-01T00:00:00Z,farmer:413001:024,utility:413001,505.0,utility_payment,upi,413001,0.0,True
tx-202612-00005913,2026-12-01T00:00:00Z,farmer:413001:024,lender:vridhi,1350.0,loan_repayment,upi,413001,0.0,True
tx-202612-00005914,2026-12-01T00:00:00Z,farmer:413001:025,utility:413001,630.0,utility_payment,upi,413001,0.0,True
tx-202612-00005915,2026-12-01T00:00:00Z,farmer:413001:025,lender:vridhi,1350.0,loan_repayment,upi,413001,0.0,True
tx-202612-00005916,2026-12-01T00:00:00Z,farmer:413001:026,retailer:413001:01,3024.59,kirana_purchase,upi,413001,0.0,True
tx-202612-00005917,2026-12-01T00:00:00Z,farmer:413001:026,lender:vridhi,1350.0,loan_repayment,upi,413001,0.0,True
tx-202612-00005918,2026-12-01T00:00:00Z,farmer:413001:027,retailer:413001:03,1620.16,kirana_purchase,upi,413001,0.0,True
tx-202612-00005919,2026-12-01T00:00:00Z,farmer:413001:027,utility:413001,505.0,utility_payment,upi,413001,0.0,True
tx-202612-00005920,2026-12-01T00:00:00Z,farmer:413001:027,lender:vridhi,1350.0,loan_repayment,upi,413001,0.0,True
tx-202612-00005921,2026-12-01T00:00:00Z,farmer:413001:028,retailer:413001:01,2176.08,kirana_purchase,upi,413001,0.0,True
tx-202612-00005922,2026-12-01T00:00:00Z,farmer:413001:028,utility:413001,505.0,utility_payment,upi,413001,0.0,True
tx-202612-00005923,2026-12-01T00:00:00Z,farmer:413001:028,lender:vridhi,1350.0,loan_repayment,upi,413001,0.0,True
tx-202612-00005924,2026-12-01T00:00:00Z,farmer:413001:029,retailer:413001:02,1495.73,kirana_purchase,upi,413001,0.0,True
tx-202612-00005925,2026-12-01T00:00:00Z,farmer:413001:029,utility:413001,505.0,utility_payment,upi,413001,0.0,True
tx-202612-00005926,2026-12-01T00:00:00Z,farmer:413001:029,lender:vridhi,1350.0,loan_repayment,upi,413001,0.0,True
tx-202612-00005927,2026-12-01T00:00:00Z,farmer:413001:031,utility:413001,505.0,utility_payment,upi,413001,0.0,True
tx-202612-00005928,2026-12-01T00:00:00Z,farmer:413001:031,lender:vridhi,1350.0,loan_repayment,upi,413001,0.0,True
tx-202612-00005929,2026-12-01T00:00:00Z,farmer:413001:033,retailer:413001:01,2574.82,kirana_purchase,upi,413001,0.0,True
tx-202612-00005930,2026-12-01T00:00:00Z,farmer:413001:033,utility:413001,630.0,utility_payment,upi,413001,0.0,True
tx-202612-00005931,2026-12-01T00:00:00Z,farmer:413001:033,lender:vridhi,1350.0,loan_repayment,upi,413001,0.0,True
tx-202612-00005932,2026-12-01T00:00:00Z,farmer:413001:035,retailer:413001:03,2869.07,kirana_purchase,upi,413001,0.0,True
tx-202612-00005933,2026-12-01T00:00:00Z,farmer:413001:035,utility:413001,630.0,utility_payment,upi,413001,0.0,True
tx-202612-00005934,2026-12-01T00:00:00Z,retailer:413001:01,wholesaler:413001:01,8587.77,retailer_restock,upi,413001,0.0,True
tx-202612-00005935,2026-12-01T00:00:00Z,retailer:413001:01,utility:413001,1050.0,utility_payment,upi,413001,0.0,True
tx-202612-00005936,2026-12-01T00:00:00Z,retailer:413001:02,wholesaler:413001:01,12585.23,retailer_restock,upi,413001,0.0,True
tx-202612-00005937,2026-12-01T00:00:00Z,retailer:413001:03,wholesaler:413001:01,10330.19,retailer_restock,upi,413001,0.0,True
tx-202612-00005938,2026-12-01T00:00:00Z,retailer:413001:03,utility:413001,1050.0,utility_payment,upi,413001,0.0,True
tx-202612-00005939,2026-12-01T00:00:00Z,retailer:413001:04,wholesaler:413001:01,4177.88,retailer_restock,upi,413001,0.0,True
tx-202612-00005940,2026-12-01T00:00:00Z,retailer:413001:04,utility:413001,1050.0,utility_payment,upi,413001,0.0,True
tx-202612-00005941,2026-12-01T00:00:00Z,wholesaler:413001:01,utility:413001,2400.0,utility_payment,upi,413001,0.0,True
tx-202612-00005942,2026-12-01T00:00:00Z,farmer:431001:002,retailer:431001:03,2956.86,kirana_purchase,upi,431001,0.0,True
tx-202612-00005943,2026-12-01T00:00:00Z,farmer:431001:002,lender:vridhi,1350.0,loan_repayment,upi,431001,0.0,True
tx-202612-00005944,2026-12-01T00:00:00Z,farmer:431001:003,retailer:431001:02,3071.15,kirana_purchase,upi,431001,0.0,True
tx-202612-00005945,2026-12-01T00:00:00Z,farmer:431001:003,utility:431001,505.0,utility_payment,upi,431001,0.0,True
tx-202612-00005946,2026-12-01T00:00:00Z,farmer:431001:003,lender:vridhi,1350.0,loan_repayment,upi,431001,0.0,True
tx-202612-00005947,2026-12-01T00:00:00Z,farmer:431001:004,retailer:431001:03,1986.74,kirana_purchase,upi,431001,0.0,True
tx-202612-00005948,2026-12-01T00:00:00Z,farmer:431001:004,lender:vridhi,1350.0,loan_repayment,upi,431001,0.0,True
tx-202612-00005949,2026-12-01T00:00:00Z,farmer:431001:005,retailer:431001:01,1783.66,kirana_purchase,upi,431001,0.0,True
tx-202612-00005950,2026-12-01T00:00:00Z,farmer:431001:005,lender:vridhi,1350.0,loan_repayment,upi,431001,0.0,True
tx-202612-00005951,2026-12-01T00:00:00Z,farmer:431001:006,retailer:431001:01,2937.03,kirana_purchase,upi,431001,0.0,True
tx-202612-00005952,2026-12-01T00:00:00Z,farmer:431001:008,retailer:431001:01,2402.11,kirana_purchase,upi,431001,0.0,True
tx-202612-00005953,2026-12-01T00:00:00Z,farmer:431001:008,utility:431001,505.0,utility_payment,upi,431001,0.0,True
tx-202612-00005954,2026-12-01T00:00:00Z,farmer:431001:008,lender:vridhi,1350.0,loan_repayment,upi,431001,0.0,True
tx-202612-00005955,2026-12-01T00:00:00Z,farmer:431001:009,retailer:431001:02,1539.81,kirana_purchase,upi,431001,0.0,True
tx-202612-00005956,2026-12-01T00:00:00Z,farmer:431001:009,lender:vridhi,1350.0,loan_repayment,upi,431001,0.0,True
tx-202612-00005957,2026-12-01T00:00:00Z,farmer:431001:010,retailer:431001:02,2993.6,kirana_purchase,upi,431001,0.0,True
tx-202612-00005958,2026-12-01T00:00:00Z,farmer:431001:010,utility:431001,630.0,utility_payment,upi,431001,0.0,True
tx-202612-00005959,2026-12-01T00:00:00Z,farmer:431001:011,retailer:431001:02,405.71,kirana_purchase,upi,431001,0.0,True
tx-202612-00005960,2026-12-01T00:00:00Z,farmer:431001:012,retailer:431001:01,1891.42,kirana_purchase,upi,431001,0.0,True
tx-202612-00005961,2026-12-01T00:00:00Z,farmer:431001:012,utility:431001,239.91,utility_payment,upi,431001,0.0,True
tx-202612-00005962,2026-12-01T00:00:00Z,farmer:431001:013,retailer:431001:02,1524.83,kirana_purchase,upi,431001,0.0,True
tx-202612-00005963,2026-12-01T00:00:00Z,farmer:431001:013,lender:vridhi,1350.0,loan_repayment,upi,431001,0.0,True
tx-202612-00005964,2026-12-01T00:00:00Z,farmer:431001:014,retailer:431001:02,2637.92,kirana_purchase,upi,431001,0.0,True
tx-202612-00005965,2026-12-01T00:00:00Z,farmer:431001:014,utility:431001,505.0,utility_payment,upi,431001,0.0,True
tx-202612-00005966,2026-12-01T00:00:00Z,farmer:431001:014,lender:vridhi,561.95,loan_repayment,upi,431001,0.0,True
tx-202612-00005967,2026-12-01T00:00:00Z,farmer:431001:015,retailer:431001:04,2675.56,kirana_purchase,upi,431001,0.0,True
tx-202612-00005968,2026-12-01T00:00:00Z,farmer:431001:016,lender:vridhi,1350.0,loan_repayment,upi,431001,0.0,True
tx-202612-00005969,2026-12-01T00:00:00Z,farmer:431001:018,utility:431001,505.0,utility_payment,upi,431001,0.0,True
tx-202612-00005970,2026-12-01T00:00:00Z,farmer:431001:018,lender:vridhi,1350.0,loan_repayment,upi,431001,0.0,True
tx-202612-00005971,2026-12-01T00:00:00Z,farmer:431001:019,retailer:431001:01,1590.48,kirana_purchase,upi,431001,0.0,True
tx-202612-00005972,2026-12-01T00:00:00Z,farmer:431001:020,utility:431001,505.0,utility_payment,upi,431001,0.0,True
tx-202612-00005973,2026-12-01T00:00:00Z,farmer:431001:020,lender:vridhi,1350.0,loan_repayment,upi,431001,0.0,True
tx-202612-00005974,2026-12-01T00:00:00Z,farmer:431001:021,utility:431001,505.0,utility_payment,upi,431001,0.0,True
tx-202612-00005975,2026-12-01T00:00:00Z,farmer:431001:021,lender:vridhi,1350.0,loan_repayment,upi,431001,0.0,True
tx-202612-00005976,2026-12-01T00:00:00Z,farmer:431001:022,retailer:431001:03,2729.3,kirana_purchase,upi,431001,0.0,True
tx-202612-00005977,2026-12-01T00:00:00Z,farmer:431001:022,utility:431001,277.22,utility_payment,upi,431001,0.0,True
tx-202612-00005978,2026-12-01T00:00:00Z,farmer:431001:023,retailer:431001:02,2470.59,kirana_purchase,upi,431001,0.0,True
tx-202612-00005979,2026-12-01T00:00:00Z,farmer:431001:023,utility:431001,630.0,utility_payment,upi,431001,0.0,True
tx-202612-00005980,2026-12-01T00:00:00Z,farmer:431001:023,lender:vridhi,1350.0,loan_repayment,upi,431001,0.0,True
tx-202612-00005981,2026-12-01T00:00:00Z,farmer:431001:024,utility:431001,630.0,utility_payment,upi,431001,0.0,True
tx-202612-00005982,2026-12-01T00:00:00Z,farmer:431001:024,lender:vridhi,1339.05,loan_repayment,upi,431001,0.0,True
tx-202612-00005983,2026-12-01T00:00:00Z,farmer:431001:025,retailer:431001:01,1983.99,kirana_purchase,upi,431001,0.0,True
tx-202612-00005984,2026-12-01T00:00:00Z,farmer:431001:025,utility:431001,505.0,utility_payment,upi,431001,0.0,True
tx-202612-00005985,2026-12-01T00:00:00Z,farmer:431001:025,lender:vridhi,1350.0,loan_repayment,upi,431001,0.0,True
tx-202612-00005986,2026-12-01T00:00:00Z,farmer:431001:026,retailer:431001:01,2468.66,kirana_purchase,upi,431001,0.0,True
tx-202612-00005987,2026-12-01T00:00:00Z,farmer:431001:026,utility:431001,630.0,utility_payment,upi,431001,0.0,True
tx-202612-00005988,2026-12-01T00:00:00Z,farmer:431001:026,lender:vridhi,1350.0,loan_repayment,upi,431001,0.0,True
tx-202612-00005989,2026-12-01T00:00:00Z,farmer:431001:027,retailer:431001:03,2532.34,kirana_purchase,upi,431001,0.0,True
tx-202612-00005990,2026-12-01T00:00:00Z,farmer:431001:027,lender:vridhi,1350.0,loan_repayment,upi,431001,0.0,True
tx-202612-00005991,2026-12-01T00:00:00Z,farmer:431001:028,retailer:431001:02,2138.81,kirana_purchase,upi,431001,0.0,True
tx-202612-00005992,2026-12-01T00:00:00Z,farmer:431001:028,utility:431001,630.0,utility_payment,upi,431001,0.0,True
tx-202612-00005993,2026-12-01T00:00:00Z,farmer:431001:028,lender:vridhi,1350.0,loan_repayment,upi,431001,0.0,True
tx-202612-00005994,2026-12-01T00:00:00Z,farmer:431001:029,utility:431001,505.0,utility_payment,upi,431001,0.0,True
tx-202612-00005995,2026-12-01T00:00:00Z,farmer:431001:029,lender:vridhi,1350.0,loan_repayment,upi,431001,0.0,True
tx-202612-00005996,2026-12-01T00:00:00Z,farmer:431001:030,utility:431001,505.0,utility_payment,upi,431001,0.0,True
tx-202612-00005997,2026-12-01T00:00:00Z,farmer:431001:030,lender:vridhi,1350.0,loan_repayment,upi,431001,0.0,True
tx-202612-00005998,2026-12-01T00:00:00Z,farmer:431001:031,retailer:431001:01,2512.53,kirana_purchase,upi,431001,0.0,True
tx-202612-00005999,2026-12-01T00:00:00Z,farmer:431001:031,utility:431001,630.0,utility_payment,upi,431001,0.0,True
tx-202612-00006000,2026-12-01T00:00:00Z,farmer:431001:031,lender:vridhi,1350.0,loan_repayment,upi,431001,0.0,True
tx-202612-00006001,2026-12-01T00:00:00Z,farmer:431001:032,utility:431001,630.0,utility_payment,upi,431001,0.0,True
tx-202612-00006002,2026-12-01T00:00:00Z,farmer:431001:032,lender:vridhi,1350.0,loan_repayment,upi,431001,0.0,True
tx-202612-00006003,2026-12-01T00:00:00Z,farmer:431001:033,retailer:431001:02,1663.8,kirana_purchase,upi,431001,0.0,True
tx-202612-00006004,2026-12-01T00:00:00Z,farmer:431001:034,retailer:431001:04,1879.79,kirana_purchase,upi,431001,0.0,True
tx-202612-00006005,2026-12-01T00:00:00Z,farmer:431001:035,lender:vridhi,1350.0,loan_repayment,upi,431001,0.0,True
tx-202612-00006006,2026-12-01T00:00:00Z,retailer:431001:01,wholesaler:431001:01,18605.42,retailer_restock,upi,431001,0.0,True
tx-202612-00006007,2026-12-01T00:00:00Z,retailer:431001:02,wholesaler:431001:01,10141.79,retailer_restock,upi,431001,0.0,True
tx-202612-00006008,2026-12-01T00:00:00Z,retailer:431001:02,utility:431001,1050.0,utility_payment,upi,431001,0.0,True
tx-202612-00006009,2026-12-01T00:00:00Z,retailer:431001:03,wholesaler:431001:01,9966.07,retailer_restock,upi,431001,0.0,True
tx-202612-00006010,2026-12-01T00:00:00Z,retailer:431001:03,utility:431001,1050.0,utility_payment,upi,431001,0.0,True
tx-202612-00006011,2026-12-01T00:00:00Z,retailer:431001:04,wholesaler:431001:01,3869.89,retailer_restock,upi,431001,0.0,True
tx-202612-00006012,2026-12-01T00:00:00Z,retailer:431001:04,utility:431001,1050.0,utility_payment,upi,431001,0.0,True
tx-202612-00006013,2026-12-01T00:00:00Z,wholesaler:431001:01,utility:431001,2400.0,utility_payment,upi,431001,0.0,True
tx-202612-00006014,2026-12-01T00:00:00Z,farmer:440001:001,retailer:440001:02,2336.93,kirana_purchase,upi,440001,0.0,True
tx-202612-00006015,2026-12-01T00:00:00Z,farmer:440001:001,utility:440001,505.0,utility_payment,upi,440001,0.0,True
tx-202612-00006016,2026-12-01T00:00:00Z,farmer:440001:001,lender:vridhi,1350.0,loan_repayment,upi,440001,0.0,True
tx-202612-00006017,2026-12-01T00:00:00Z,farmer:440001:002,retailer:440001:03,1719.61,kirana_purchase,upi,440001,0.0,True
tx-202612-00006018,2026-12-01T00:00:00Z,farmer:440001:002,utility:440001,505.0,utility_payment,upi,440001,0.0,True
tx-202612-00006019,2026-12-01T00:00:00Z,farmer:440001:002,lender:vridhi,1350.0,loan_repayment,upi,440001,0.0,True
tx-202612-00006020,2026-12-01T00:00:00Z,farmer:440001:003,utility:440001,630.0,utility_payment,upi,440001,0.0,True
tx-202612-00006021,2026-12-01T00:00:00Z,farmer:440001:003,lender:vridhi,1350.0,loan_repayment,upi,440001,0.0,True
tx-202612-00006022,2026-12-01T00:00:00Z,farmer:440001:004,lender:vridhi,1350.0,loan_repayment,upi,440001,0.0,True
tx-202612-00006023,2026-12-01T00:00:00Z,farmer:440001:005,utility:440001,630.0,utility_payment,upi,440001,0.0,True
tx-202612-00006024,2026-12-01T00:00:00Z,farmer:440001:005,lender:vridhi,1350.0,loan_repayment,upi,440001,0.0,True
tx-202612-00006025,2026-12-01T00:00:00Z,farmer:440001:006,lender:vridhi,1350.0,loan_repayment,upi,440001,0.0,True
tx-202612-00006026,2026-12-01T00:00:00Z,farmer:440001:007,lender:vridhi,1350.0,loan_repayment,upi,440001,0.0,True
tx-202612-00006027,2026-12-01T00:00:00Z,farmer:440001:008,retailer:440001:01,2248.71,kirana_purchase,upi,440001,0.0,True
tx-202612-00006028,2026-12-01T00:00:00Z,farmer:440001:010,utility:440001,505.0,utility_payment,upi,440001,0.0,True
tx-202612-00006029,2026-12-01T00:00:00Z,farmer:440001:011,utility:440001,505.0,utility_payment,upi,440001,0.0,True
tx-202612-00006030,2026-12-01T00:00:00Z,farmer:440001:012,retailer:440001:01,2595.25,kirana_purchase,upi,440001,0.0,True
tx-202612-00006031,2026-12-01T00:00:00Z,farmer:440001:012,utility:440001,630.0,utility_payment,upi,440001,0.0,True
tx-202612-00006032,2026-12-01T00:00:00Z,farmer:440001:012,lender:vridhi,384.53,loan_repayment,upi,440001,0.0,True
tx-202612-00006033,2026-12-01T00:00:00Z,farmer:440001:013,utility:440001,505.0,utility_payment,upi,440001,0.0,True
tx-202612-00006034,2026-12-01T00:00:00Z,farmer:440001:013,lender:vridhi,1350.0,loan_repayment,upi,440001,0.0,True
tx-202612-00006035,2026-12-01T00:00:00Z,farmer:440001:014,retailer:440001:03,1780.36,kirana_purchase,upi,440001,0.0,True
tx-202612-00006036,2026-12-01T00:00:00Z,farmer:440001:014,utility:440001,505.0,utility_payment,upi,440001,0.0,True
tx-202612-00006037,2026-12-01T00:00:00Z,farmer:440001:015,retailer:440001:01,2121.02,kirana_purchase,upi,440001,0.0,True
tx-202612-00006038,2026-12-01T00:00:00Z,farmer:440001:015,utility:440001,505.0,utility_payment,upi,440001,0.0,True
tx-202612-00006039,2026-12-01T00:00:00Z,farmer:440001:015,lender:vridhi,1350.0,loan_repayment,upi,440001,0.0,True
tx-202612-00006040,2026-12-01T00:00:00Z,farmer:440001:016,retailer:440001:01,452.64,kirana_purchase,upi,440001,0.0,True
tx-202612-00006041,2026-12-01T00:00:00Z,farmer:440001:017,utility:440001,505.0,utility_payment,upi,440001,0.0,True
tx-202612-00006042,2026-12-01T00:00:00Z,farmer:440001:017,lender:vridhi,1350.0,loan_repayment,upi,440001,0.0,True
tx-202612-00006043,2026-12-01T00:00:00Z,farmer:440001:018,retailer:440001:02,1859.86,kirana_purchase,upi,440001,0.0,True
tx-202612-00006044,2026-12-01T00:00:00Z,farmer:440001:018,utility:440001,630.0,utility_payment,upi,440001,0.0,True
tx-202612-00006045,2026-12-01T00:00:00Z,farmer:440001:018,lender:vridhi,1350.0,loan_repayment,upi,440001,0.0,True
tx-202612-00006046,2026-12-01T00:00:00Z,farmer:440001:019,retailer:440001:02,2138.49,kirana_purchase,upi,440001,0.0,True
tx-202612-00006047,2026-12-01T00:00:00Z,farmer:440001:019,utility:440001,630.0,utility_payment,upi,440001,0.0,True
tx-202612-00006048,2026-12-01T00:00:00Z,farmer:440001:020,lender:vridhi,1350.0,loan_repayment,upi,440001,0.0,True
tx-202612-00006049,2026-12-01T00:00:00Z,farmer:440001:021,retailer:440001:04,2739.28,kirana_purchase,upi,440001,0.0,True
tx-202612-00006050,2026-12-01T00:00:00Z,farmer:440001:021,utility:440001,630.0,utility_payment,upi,440001,0.0,True
tx-202612-00006051,2026-12-01T00:00:00Z,farmer:440001:021,lender:vridhi,1350.0,loan_repayment,upi,440001,0.0,True
tx-202612-00006052,2026-12-01T00:00:00Z,farmer:440001:022,utility:440001,570.16,utility_payment,upi,440001,0.0,True
tx-202612-00006053,2026-12-01T00:00:00Z,farmer:440001:023,retailer:440001:01,1468.14,kirana_purchase,upi,440001,0.0,True
tx-202612-00006054,2026-12-01T00:00:00Z,farmer:440001:024,retailer:440001:01,2446.35,kirana_purchase,upi,440001,0.0,True
tx-202612-00006055,2026-12-01T00:00:00Z,farmer:440001:024,utility:440001,630.0,utility_payment,upi,440001,0.0,True
tx-202612-00006056,2026-12-01T00:00:00Z,farmer:440001:024,lender:vridhi,1350.0,loan_repayment,upi,440001,0.0,True
tx-202612-00006057,2026-12-01T00:00:00Z,farmer:440001:026,retailer:440001:04,2017.55,kirana_purchase,upi,440001,0.0,True
tx-202612-00006058,2026-12-01T00:00:00Z,farmer:440001:026,utility:440001,630.0,utility_payment,upi,440001,0.0,True
tx-202612-00006059,2026-12-01T00:00:00Z,farmer:440001:026,lender:vridhi,1350.0,loan_repayment,upi,440001,0.0,True
tx-202612-00006060,2026-12-01T00:00:00Z,farmer:440001:028,utility:440001,630.0,utility_payment,upi,440001,0.0,True
tx-202612-00006061,2026-12-01T00:00:00Z,farmer:440001:028,lender:vridhi,1350.0,loan_repayment,upi,440001,0.0,True
tx-202612-00006062,2026-12-01T00:00:00Z,farmer:440001:029,retailer:440001:03,1677.67,kirana_purchase,upi,440001,0.0,True
tx-202612-00006063,2026-12-01T00:00:00Z,farmer:440001:029,utility:440001,630.0,utility_payment,upi,440001,0.0,True
tx-202612-00006064,2026-12-01T00:00:00Z,farmer:440001:029,lender:vridhi,1350.0,loan_repayment,upi,440001,0.0,True
tx-202612-00006065,2026-12-01T00:00:00Z,farmer:440001:031,retailer:440001:03,1635.06,kirana_purchase,upi,440001,0.0,True
tx-202612-00006066,2026-12-01T00:00:00Z,farmer:440001:031,utility:440001,630.0,utility_payment,upi,440001,0.0,True
tx-202612-00006067,2026-12-01T00:00:00Z,farmer:440001:031,lender:vridhi,1350.0,loan_repayment,upi,440001,0.0,True
tx-202612-00006068,2026-12-01T00:00:00Z,farmer:440001:033,retailer:440001:02,2736.09,kirana_purchase,upi,440001,0.0,True
tx-202612-00006069,2026-12-01T00:00:00Z,farmer:440001:033,utility:440001,505.0,utility_payment,upi,440001,0.0,True
tx-202612-00006070,2026-12-01T00:00:00Z,farmer:440001:033,lender:vridhi,1350.0,loan_repayment,upi,440001,0.0,True
tx-202612-00006071,2026-12-01T00:00:00Z,farmer:440001:034,retailer:440001:02,2481.17,kirana_purchase,upi,440001,0.0,True
tx-202612-00006072,2026-12-01T00:00:00Z,farmer:440001:034,utility:440001,630.0,utility_payment,upi,440001,0.0,True
tx-202612-00006073,2026-12-01T00:00:00Z,farmer:440001:034,lender:vridhi,1350.0,loan_repayment,upi,440001,0.0,True
tx-202612-00006074,2026-12-01T00:00:00Z,retailer:440001:01,wholesaler:440001:01,8871.01,retailer_restock,upi,440001,0.0,True
tx-202612-00006075,2026-12-01T00:00:00Z,retailer:440001:01,utility:440001,1050.0,utility_payment,upi,440001,0.0,True
tx-202612-00006076,2026-12-01T00:00:00Z,retailer:440001:02,wholesaler:440001:01,8765.58,retailer_restock,upi,440001,0.0,True
tx-202612-00006077,2026-12-01T00:00:00Z,retailer:440001:02,utility:440001,1050.0,utility_payment,upi,440001,0.0,True
tx-202612-00006078,2026-12-01T00:00:00Z,retailer:440001:03,utility:440001,1050.0,utility_payment,upi,440001,0.0,True
tx-202612-00006079,2026-12-01T00:00:00Z,retailer:440001:04,wholesaler:440001:01,8561.4,retailer_restock,upi,440001,0.0,True
tx-202612-00006080,2026-12-01T00:00:00Z,wholesaler:440001:01,utility:440001,2400.0,utility_payment,upi,440001,0.0,True
