month,entity_id,entity_type,pincode,cash_balance,income_inr,expense_inr,net_cash_flow_inr,income_volatility_3m,missed_utility_payments,overdue_installments,drought_severity,repayment_ability_proxy,synthetic
2025-01-01,lender:vridhi,synthetic_lender,national,2141750.0,141750.0,0.0,141750.0,0.0,0,0,0.0,0.0,True
2025-01-01,utility:413001,utility_company,413001,326775.0,26775.0,0.0,26775.0,0.0,0,0,0.0,0.0,True
2025-01-01,wholesaler:413001:01,wholesaler,413001,2049529.14,51929.14,2400.0,49529.14,0.0,0,0,0.0,0.0,True
2025-01-01,retailer:413001:01,kirana,413001,84977.43,16458.27,11480.84,4977.43,0.0,0,0,0.0,0.0,True
2025-01-01,retailer:413001:02,kirana,413001,86970.28,24164.82,17194.54,6970.28,0.0,0,0,0.0,0.0,True
2025-01-01,retailer:413001:03,kirana,413001,84975.43,15325.05,10349.62,4975.43,0.0,0,0,0.0,0.0,True
2025-01-01,retailer:413001:04,kirana,413001,88273.89,25378.03,17104.14,8273.89,0.0,0,0,0.0,0.0,True
2025-01-01,farmer:413001:001,farmer,413001,20897.26,0.0,5003.8,-5003.8,0.0,0,0,0.0,2.0,True
2025-01-01,farmer:413001:002,farmer,413001,35557.77,0.0,4803.41,-4803.41,0.0,0,0,0.0,2.0,True
2025-01-01,farmer:413001:003,farmer,413001,26395.39,0.0,4793.8,-4793.8,0.0,0,0,0.0,2.0,True
2025-01-01,farmer:413001:004,farmer,413001,30237.47,0.0,3955.32,-3955.32,0.0,0,0,0.0,2.0,True
2025-01-01,farmer:413001:005,farmer,413001,35496.42,0.0,3899.42,-3899.42,0.0,0,0,0.0,2.0,True
2025-01-01,farmer:413001:006,farmer,413001,33106.17,0.0,4107.39,-4107.39,0.0,0,0,0.0,2.0,True
2025-01-01,farmer:413001:007,farmer,413001,40488.97,0.0,4520.52,-4520.52,0.0,0,0,0.0,2.0,True
2025-01-01,farmer:413001:008,farmer,413001,17971.18,0.0,3626.08,-3626.08,0.0,0,0,0.0,2.0,True
2025-01-01,farmer:413001:009,farmer,413001,15843.81,0.0,3495.04,-3495.04,0.0,0,0,0.0,2.0,True
2025-01-01,farmer:413001:010,farmer,413001,33398.58,0.0,4335.56,-4335.56,0.0,0,0,0.0,2.0,True
2025-01-01,farmer:413001:011,farmer,413001,31798.75,0.0,3505.46,-3505.46,0.0,0,0,0.0,2.0,True
2025-01-01,farmer:413001:012,farmer,413001,31824.28,0.0,4049.18,-4049.18,0.0,0,0,0.0,2.0,True
2025-01-01,farmer:413001:013,farmer,413001,42463.69,0.0,4557.76,-4557.76,0.0,0,0,0.0,2.0,True
2025-01-01,farmer:413001:014,farmer,413001,13665.17,0.0,3984.51,-3984.51,0.0,0,0,0.0,2.0,True
2025-01-01,farmer:413001:015,farmer,413001,14416.07,0.0,4456.44,-4456.44,0.0,0,0,0.0,2.0,True
2025-01-01,farmer:413001:016,farmer,413001,22185.46,0.0,3821.59,-3821.59,0.0,0,0,0.0,2.0,True
2025-01-01,farmer:413001:017,farmer,413001,25106.03,0.0,4220.48,-4220.48,0.0,0,0,0.0,2.0,True
2025-01-01,farmer:413001:018,farmer,413001,45294.52,0.0,4425.05,-4425.05,0.0,0,0,0.0,2.0,True
2025-01-01,farmer:413001:019,farmer,413001,17339.67,0.0,4821.32,-4821.32,0.0,0,0,0.0,2.0,True
2025-01-01,farmer:413001:020,farmer,413001,25979.9,0.0,3680.5,-3680.5,0.0,0,0,0.0,2.0,True
2025-01-01,farmer:413001:021,farmer,413001,31845.98,0.0,4204.21,-4204.21,0.0,0,0,0.0,2.0,True
2025-01-01,farmer:413001:022,farmer,413001,39665.56,0.0,4270.44,-4270.44,0.0,0,0,0.0,2.0,True
2025-01-01,farmer:413001:023,farmer,413001,22728.0,0.0,4628.31,-4628.31,0.0,0,0,0.0,2.0,True
2025-01-01,farmer:413001:024,farmer,413001,46554.38,0.0,3390.37,-3390.37,0.0,0,0,0.0,2.0,True
2025-01-01,farmer:413001:025,farmer,413001,35030.91,0.0,4564.88,-4564.88,0.0,0,0,0.0,2.0,True
2025-01-01,farmer:413001:026,farmer,413001,28172.16,0.0,4346.51,-4346.51,0.0,0,0,0.0,2.0,True
2025-01-01,farmer:413001:027,farmer,413001,31379.0,0.0,4830.25,-4830.25,0.0,0,0,0.0,2.0,True
2025-01-01,farmer:413001:028,farmer,413001,43588.85,0.0,4732.77,-4732.77,0.0,0,0,0.0,2.0,True
2025-01-01,farmer:413001:029,farmer,413001,48139.53,0.0,3771.82,-3771.82,0.0,0,0,0.0,2.0,True
2025-01-01,farmer:413001:030,farmer,413001,12748.04,0.0,4948.15,-4948.15,0.0,0,0,0.0,2.0,True
2025-01-01,farmer:413001:031,farmer,413001,40008.95,0.0,4505.91,-4505.91,0.0,0,0,0.0,2.0,True
2025-01-01,farmer:413001:032,farmer,413001,26327.44,0.0,3410.85,-3410.85,0.0,0,0,0.0,2.0,True
2025-01-01,farmer:413001:033,farmer,413001,46072.38,0.0,4886.44,-4886.44,0.0,0,0,0.0,2.0,True
2025-01-01,farmer:413001:034,farmer,413001,38008.35,0.0,3937.64,-3937.64,0.0,0,0,0.0,2.0,True
2025-01-01,farmer:413001:035,farmer,413001,21345.72,0.0,4259.99,-4259.99,0.0,0,0,0.0,2.0,True
2025-01-01,utility:431001,utility_company,431001,326650.0,26650.0,0.0,26650.0,0.0,0,0,0.0,0.0,True
2025-01-01,wholesaler:431001:01,wholesaler,431001,2042649.21,45049.21,2400.0,42649.21,0.0,0,0,0.0,0.0,True
2025-01-01,retailer:431001:01,kirana,431001,84477.6,14187.83,9710.23,4477.6,0.0,0,0,0.0,0.0,True
2025-01-01,retailer:431001:02,kirana,431001,87695.62,24150.77,16455.15,7695.62,0.0,0,0,0.0,0.0,True
2025-01-01,retailer:431001:03,kirana,431001,86213.83,16419.93,10206.1,6213.83,0.0,0,0,0.0,0.0,True
2025-01-01,retailer:431001:04,kirana,431001,90122.86,23000.59,12877.73,10122.86,0.0,0,0,0.0,0.0,True
2025-01-01,farmer:431001:001,farmer,431001,27779.28,0.0,3872.27,-3872.27,0.0,0,0,0.0,2.0,True
2025-01-01,farmer:431001:002,farmer,431001,43752.67,0.0,3778.04,-3778.04,0.0,0,0,0.0,2.0,True
2025-01-01,farmer:431001:003,farmer,431001,19093.52,0.0,3337.95,-3337.95,0.0,0,0,0.0,2.0,True
2025-01-01,farmer:431001:004,farmer,431001,21985.91,0.0,4758.1,-4758.1,0.0,0,0,0.0,2.0,True
2025-01-01,farmer:431001:005,farmer,431001,16645.52,0.0,4856.69,-4856.69,0.0,0,0,0.0,2.0,True
2025-01-01,farmer:431001:006,farmer,431001,39641.8,0.0,4388.75,-4388.75,0.0,0,0,0.0,2.0,True
2025-01-01,farmer:431001:007,farmer,431001,23209.6,0.0,4460.02,-4460.02,0.0,0,0,0.0,2.0,True
2025-01-01,farmer:431001:008,farmer,431001,42688.96,0.0,4945.03,-4945.03,0.0,0,0,0.0,2.0,True
2025-01-01,farmer:431001:009,farmer,431001,13981.0,0.0,4104.31,-4104.31,0.0,0,0,0.0,2.0,True
2025-01-01,farmer:431001:010,farmer,431001,15480.29,0.0,3603.23,-3603.23,0.0,0,0,0.0,2.0,True
2025-01-01,farmer:431001:011,farmer,431001,38723.09,0.0,4658.59,-4658.59,0.0,0,0,0.0,2.0,True
2025-01-01,farmer:431001:012,farmer,431001,29562.94,0.0,3547.23,-3547.23,0.0,0,0,0.0,2.0,True
2025-01-01,farmer:431001:013,farmer,431001,43798.17,0.0,3609.42,-3609.42,0.0,0,0,0.0,2.0,True
2025-01-01,farmer:431001:014,farmer,431001,31369.33,0.0,4045.33,-4045.33,0.0,0,0,0.0,2.0,True
2025-01-01,farmer:431001:015,farmer,431001,23001.5,0.0,4220.29,-4220.29,0.0,0,0,0.0,2.0,True
2025-01-01,farmer:431001:016,farmer,431001,26929.36,0.0,4842.24,-4842.24,0.0,0,0,0.0,2.0,True
2025-01-01,farmer:431001:017,farmer,431001,19690.36,0.0,4398.74,-4398.74,0.0,0,0,0.0,2.0,True
2025-01-01,farmer:431001:018,farmer,431001,20670.0,0.0,3614.13,-3614.13,0.0,0,0,0.0,2.0,True
2025-01-01,farmer:431001:019,farmer,431001,34469.87,0.0,4249.84,-4249.84,0.0,0,0,0.0,2.0,True
2025-01-01,farmer:431001:020,farmer,431001,42811.29,0.0,4135.58,-4135.58,0.0,0,0,0.0,2.0,True
2025-01-01,farmer:431001:021,farmer,431001,36016.3,0.0,4066.9,-4066.9,0.0,0,0,0.0,2.0,True
2025-01-01,farmer:431001:022,farmer,431001,45852.96,0.0,3825.55,-3825.55,0.0,0,0,0.0,2.0,True
2025-01-01,farmer:431001:023,farmer,431001,39122.03,0.0,5124.27,-5124.27,0.0,0,0,0.0,2.0,True
2025-01-01,farmer:431001:024,farmer,431001,15632.12,0.0,3857.39,-3857.39,0.0,0,0,0.0,2.0,True
2025-01-01,farmer:431001:025,farmer,431001,29182.27,0.0,3630.62,-3630.62,0.0,0,0,0.0,2.0,True
2025-01-01,farmer:431001:026,farmer,431001,46333.08,0.0,5096.87,-5096.87,0.0,0,0,0.0,2.0,True
2025-01-01,farmer:431001:027,farmer,431001,24885.84,0.0,3329.05,-3329.05,0.0,0,0,0.0,2.0,True
2025-01-01,farmer:431001:028,farmer,431001,18231.91,0.0,4615.61,-4615.61,0.0,0,0,0.0,2.0,True
2025-01-01,farmer:431001:029,farmer,431001,21746.72,0.0,4280.91,-4280.91,0.0,0,0,0.0,2.0,True
2025-01-01,farmer:431001:030,farmer,431001,28218.5,0.0,3734.21,-3734.21,0.0,0,0,0.0,2.0,True
2025-01-01,farmer:431001:031,farmer,431001,14265.24,0.0,3555.94,-3555.94,0.0,0,0,0.0,2.0,True
2025-01-01,farmer:431001:032,farmer,431001,47309.06,0.0,3574.81,-3574.81,0.0,0,0,0.0,2.0,True
2025-01-01,farmer:431001:033,farmer,431001,17238.52,0.0,4748.68,-4748.68,0.0,0,0,0.0,2.0,True
2025-01-01,farmer:431001:034,farmer,431001,26613.3,0.0,3824.15,-3824.15,0.0,0,0,0.0,2.0,True
2025-01-01,farmer:431001:035,farmer,431001,47102.74,0.0,4368.38,-4368.38,0.0,0,0,0.0,2.0,True
2025-01-01,utility:440001,utility_company,440001,326525.0,26525.0,0.0,26525.0,0.0,0,0,0.0,0.0,True
2025-01-01,wholesaler:440001:01,wholesaler,440001,2044093.11,46493.11,2400.0,44093.11,0.0,0,0,0.0,0.0,True
2025-01-01,retailer:440001:01,kirana,440001,87552.74,19039.61,11486.87,7552.74,0.0,0,0,0.0,0.0,True
2025-01-01,retailer:440001:02,kirana,440001,85299.82,15572.07,10272.25,5299.82,0.0,0,0,0.0,0.0,True
2025-01-01,retailer:440001:03,kirana,440001,89389.26,20957.3,11568.04,9389.26,0.0,0,0,0.0,0.0,True
2025-01-01,retailer:440001:04,kirana,440001,88307.34,25673.29,17365.95,8307.34,0.0,0,0,0.0,0.0,True
2025-01-01,farmer:440001:001,farmer,440001,28880.18,0.0,3500.12,-3500.12,0.0,0,0,0.0,2.0,True
2025-01-01,farmer:440001:002,farmer,440001,48408.82,0.0,3426.4,-3426.4,0.0,0,0,0.0,2.0,True
2025-01-01,farmer:440001:003,farmer,440001,17396.13,0.0,4176.56,-4176.56,0.0,0,0,0.0,2.0,True
2025-01-01,farmer:440001:004,farmer,440001,32694.69,0.0,4155.8,-4155.8,0.0,0,0,0.0,2.0,True
2025-01-01,farmer:440001:005,farmer,440001,13379.24,0.0,4678.71,-4678.71,0.0,0,0,0.0,2.0,True
2025-01-01,farmer:440001:006,farmer,440001,41568.65,0.0,5129.27,-5129.27,0.0,0,0,0.0,2.0,True
2025-01-01,farmer:440001:007,farmer,440001,14779.16,0.0,4104.85,-4104.85,0.0,0,0,0.0,2.0,True
2025-01-01,farmer:440001:008,farmer,440001,35923.52,0.0,4384.13,-4384.13,0.0,0,0,0.0,2.0,True
2025-01-01,farmer:440001:009,farmer,440001,44199.54,0.0,3850.8,-3850.8,0.0,0,0,0.0,2.0,True
2025-01-01,farmer:440001:010,farmer,440001,34502.76,0.0,3794.97,-3794.97,0.0,0,0,0.0,2.0,True
2025-01-01,farmer:440001:011,farmer,440001,31365.48,0.0,3454.7,-3454.7,0.0,0,0,0.0,2.0,True
2025-01-01,farmer:440001:012,farmer,440001,37234.88,0.0,4548.02,-4548.02,0.0,0,0,0.0,2.0,True
2025-01-01,farmer:440001:013,farmer,440001,35817.37,0.0,4363.48,-4363.48,0.0,0,0,0.0,2.0,True
2025-01-01,farmer:440001:014,farmer,440001,38828.45,0.0,4238.67,-4238.67,0.0,0,0,0.0,2.0,True
2025-01-01,farmer:440001:015,farmer,440001,48590.28,0.0,3354.08,-3354.08,0.0,0,0,0.0,2.0,True
2025-01-01,farmer:440001:016,farmer,440001,19307.13,0.0,4366.43,-4366.43,0.0,0,0,0.0,2.0,True
2025-01-01,farmer:440001:017,farmer,440001,43621.65,0.0,4089.46,-4089.46,0.0,0,0,0.0,2.0,True
2025-01-01,farmer:440001:018,farmer,440001,17383.81,0.0,4295.08,-4295.08,0.0,0,0,0.0,2.0,True
2025-01-01,farmer:440001:019,farmer,440001,33813.86,0.0,4206.54,-4206.54,0.0,0,0,0.0,2.0,True
2025-01-01,farmer:440001:020,farmer,440001,11382.78,0.0,4898.85,-4898.85,0.0,0,0,0.0,2.0,True
2025-01-01,farmer:440001:021,farmer,440001,35057.06,0.0,4824.93,-4824.93,0.0,0,0,0.0,2.0,True
2025-01-01,farmer:440001:022,farmer,440001,15254.49,0.0,4900.94,-4900.94,0.0,0,0,0.0,2.0,True
2025-01-01,farmer:440001:023,farmer,440001,21725.45,0.0,4079.09,-4079.09,0.0,0,0,0.0,2.0,True
2025-01-01,farmer:440001:024,farmer,440001,19502.44,0.0,3827.06,-3827.06,0.0,0,0,0.0,2.0,True
2025-01-01,farmer:440001:025,farmer,440001,29500.82,0.0,4086.33,-4086.33,0.0,0,0,0.0,2.0,True
2025-01-01,farmer:440001:026,farmer,440001,14252.54,0.0,5070.2,-5070.2,0.0,0,0,0.0,2.0,True
2025-01-01,farmer:440001:027,farmer,440001,11336.52,0.0,4791.12,-4791.12,0.0,0,0,0.0,2.0,True
2025-01-01,farmer:440001:028,farmer,440001,21303.43,0.0,4126.96,-4126.96,0.0,0,0,0.0,2.0,True
2025-01-01,farmer:440001:029,farmer,440001,27391.18,0.0,4005.55,-4005.55,0.0,0,0,0.0,2.0,True
2025-01-01,farmer:440001:030,farmer,440001,42864.79,0.0,4927.04,-4927.04,0.0,0,0,0.0,2.0,True
2025-01-01,farmer:440001:031,farmer,440001,41565.74,0.0,4479.68,-4479.68,0.0,0,0,0.0,2.0,True
2025-01-01,farmer:440001:032,farmer,440001,15888.54,0.0,4699.5,-4699.5,0.0,0,0,0.0,2.0,True
2025-01-01,farmer:440001:033,farmer,440001,40601.15,0.0,4059.25,-4059.25,0.0,0,0,0.0,2.0,True
2025-01-01,farmer:440001:034,farmer,440001,19634.03,0.0,3928.73,-3928.73,0.0,0,0,0.0,2.0,True
2025-01-01,farmer:440001:035,farmer,440001,40490.21,0.0,3593.97,-3593.97,0.0,0,0,0.0,2.0,True
2025-02-01,lender:vridhi,synthetic_lender,national,2283500.0,141750.0,0.0,141750.0,0.0,0,0,0.0,0.0,True
2025-02-01,utility:413001,utility_company,413001,353550.0,26775.0,0.0,26775.0,0.0,0,0,0.0,0.0,True
2025-02-01,wholesaler:413001:01,wholesaler,413001,2097583.9,50454.76,2400.0,48054.76,0.0144,0,0,0.0,0.0,True
2025-02-01,retailer:413001:01,kirana,413001,89164.12,12650.23,8463.54,4186.69,0.1308,0,0,0.0,0.0,True
2025-02-01,retailer:413001:02,kirana,413001,95998.84,27308.92,18280.36,9028.56,0.0611,0,0,0.0,0.0,True
2025-02-01,retailer:413001:03,kirana,413001,89059.75,15706.02,11621.7,4084.32,0.0123,0,0,0.0,0.0,True
2025-02-01,retailer:413001:04,kirana,413001,98134.58,26149.85,16289.16,9860.69,0.015,0,0,0.0,0.0,True
2025-02-01,farmer:413001:001,farmer,413001,16293.73,0.0,4603.53,-4603.53,0.0,0,0,0.0,2.0,True
2025-02-01,farmer:413001:002,farmer,413001,32071.46,0.0,3486.31,-3486.31,0.0,0,0,0.0,2.0,True
2025-02-01,farmer:413001:003,farmer,413001,22928.09,0.0,3467.3,-3467.3,0.0,0,0,0.0,2.0,True
2025-02-01,farmer:413001:004,farmer,413001,25384.42,0.0,4853.05,-4853.05,0.0,0,0,0.0,2.0,True
2025-02-01,farmer:413001:005,farmer,413001,31159.41,0.0,4337.01,-4337.01,0.0,0,0,0.0,2.0,True
2025-02-01,farmer:413001:006,farmer,413001,28608.15,0.0,4498.02,-4498.02,0.0,0,0,0.0,2.0,True
2025-02-01,farmer:413001:007,farmer,413001,37002.25,0.0,3486.72,-3486.72,0.0,0,0,0.0,2.0,True
2025-02-01,farmer:413001:008,farmer,413001,13270.46,0.0,4700.72,-4700.72,0.0,0,0,0.0,2.0,True
2025-02-01,farmer:413001:009,farmer,413001,11511.36,0.0,4332.45,-4332.45,0.0,0,0,0.0,2.0,True
2025-02-01,farmer:413001:010,farmer,413001,28449.03,0.0,4949.55,-4949.55,0.0,0,0,0.0,2.0,True
2025-02-01,farmer:413001:011,farmer,413001,26731.83,0.0,5066.92,-5066.92,0.0,0,0,0.0,2.0,True
2025-02-01,farmer:413001:012,farmer,413001,26749.92,0.0,5074.36,-5074.36,0.0,0,0,0.0,2.0,True
2025-02-01,farmer:413001:013,farmer,413001,38584.11,0.0,3879.58,-3879.58,0.0,0,0,0.0,2.0,True
2025-02-01,farmer:413001:014,farmer,413001,9241.42,0.0,4423.75,-4423.75,0.0,0,0,0.0,2.0,True
2025-02-01,farmer:413001:015,farmer,413001,10309.56,0.0,4106.51,-4106.51,0.0,0,0,0.0,2.0,True
2025-02-01,farmer:413001:016,farmer,413001,17779.45,0.0,4406.01,-4406.01,0.0,0,0,0.0,2.0,True
2025-02-01,farmer:413001:017,farmer,413001,21477.68,0.0,3628.35,-3628.35,0.0,0,0,0.0,2.0,True
2025-02-01,farmer:413001:018,farmer,413001,41824.29,0.0,3470.23,-3470.23,0.0,0,0,0.0,2.0,True
2025-02-01,farmer:413001:019,farmer,413001,12911.19,0.0,4428.48,-4428.48,0.0,0,0,0.0,2.0,True
2025-02-01,farmer:413001:020,farmer,413001,21503.29,0.0,4476.61,-4476.61,0.0,0,0,0.0,2.0,True
2025-02-01,farmer:413001:021,farmer,413001,27662.23,0.0,4183.75,-4183.75,0.0,0,0,0.0,2.0,True
2025-02-01,farmer:413001:022,farmer,413001,35309.97,0.0,4355.59,-4355.59,0.0,0,0,0.0,2.0,True
2025-02-01,farmer:413001:023,farmer,413001,17777.05,0.0,4950.95,-4950.95,0.0,0,0,0.0,2.0,True
2025-02-01,farmer:413001:024,farmer,413001,42158.48,0.0,4395.9,-4395.9,0.0,0,0,0.0,2.0,True
2025-02-01,farmer:413001:025,farmer,413001,29919.91,0.0,5111.0,-5111.0,0.0,0,0,0.0,2.0,True
2025-02-01,farmer:413001:026,farmer,413001,23870.31,0.0,4301.85,-4301.85,0.0,0,0,0.0,2.0,True
2025-02-01,farmer:413001:027,farmer,413001,27602.63,0.0,3776.37,-3776.37,0.0,0,0,0.0,2.0,True
2025-02-01,farmer:413001:028,farmer,413001,40096.98,0.0,3491.87,-3491.87,0.0,0,0,0.0,2.0,True
2025-02-01,farmer:413001:029,farmer,413001,43833.48,0.0,4306.05,-4306.05,0.0,0,0,0.0,2.0,True
2025-02-01,farmer:413001:030,farmer,413001,8423.69,0.0,4324.35,-4324.35,0.0,0,0,0.0,2.0,True
2025-02-01,farmer:413001:031,farmer,413001,35935.54,0.0,4073.41,-4073.41,0.0,0,0,0.0,2.0,True
2025-02-01,farmer:413001:032,farmer,413001,22243.77,0.0,4083.67,-4083.67,0.0,0,0,0.0,2.0,True
2025-02-01,farmer:413001:033,farmer,413001,41917.71,0.0,4154.67,-4154.67,0.0,0,0,0.0,2.0,True
2025-02-01,farmer:413001:034,farmer,413001,34030.76,0.0,3977.59,-3977.59,0.0,0,0,0.0,2.0,True
2025-02-01,farmer:413001:035,farmer,413001,17268.18,0.0,4077.54,-4077.54,0.0,0,0,0.0,2.0,True
2025-02-01,utility:431001,utility_company,431001,353300.0,26650.0,0.0,26650.0,0.0,0,0,0.0,0.0,True
2025-02-01,wholesaler:431001:01,wholesaler,431001,2084368.34,44119.13,2400.0,41719.13,0.0104,0,0,0.0,0.0,True
2025-02-01,retailer:431001:01,kirana,431001,92306.95,21654.15,13824.8,7829.35,0.2083,0,0,0.0,0.0,True
2025-02-01,retailer:431001:02,kirana,431001,93809.68,16442.85,10328.79,6114.06,0.1899,0,0,0.0,0.0,True
2025-02-01,retailer:431001:03,kirana,431001,94802.57,19766.69,11177.95,8588.74,0.0925,0,0,0.0,0.0,True
2025-02-01,retailer:431001:04,kirana,431001,98126.75,20991.48,12987.59,8003.89,0.0457,0,0,0.0,0.0,True
2025-02-01,farmer:431001:001,farmer,431001,23817.99,0.0,3961.29,-3961.29,0.0,0,0,0.0,2.0,True
2025-02-01,farmer:431001:002,farmer,431001,40333.54,0.0,3419.13,-3419.13,0.0,0,0,0.0,2.0,True
2025-02-01,farmer:431001:003,farmer,431001,14408.51,0.0,4685.01,-4685.01,0.0,0,0,0.0,2.0,True
2025-02-01,farmer:431001:004,farmer,431001,17416.89,0.0,4569.02,-4569.02,0.0,0,0,0.0,2.0,True
2025-02-01,farmer:431001:005,farmer,431001,11739.76,0.0,4905.76,-4905.76,0.0,0,0,0.0,2.0,True
2025-02-01,farmer:431001:006,farmer,431001,36035.68,0.0,3606.12,-3606.12,0.0,0,0,0.0,2.0,True
2025-02-01,farmer:431001:007,farmer,431001,19184.41,0.0,4025.19,-4025.19,0.0,0,0,0.0,2.0,True
2025-02-01,farmer:431001:008,farmer,431001,38011.68,0.0,4677.28,-4677.28,0.0,0,0,0.0,2.0,True
2025-02-01,farmer:431001:009,farmer,431001,9515.71,0.0,4465.29,-4465.29,0.0,0,0,0.0,2.0,True
2025-02-01,farmer:431001:010,farmer,431001,10855.7,0.0,4624.59,-4624.59,0.0,0,0,0.0,2.0,True
2025-02-01,farmer:431001:011,farmer,431001,34455.34,0.0,4267.75,-4267.75,0.0,0,0,0.0,2.0,True
2025-02-01,farmer:431001:012,farmer,431001,25976.95,0.0,3585.99,-3585.99,0.0,0,0,0.0,2.0,True
2025-02-01,farmer:431001:013,farmer,431001,39739.08,0.0,4059.09,-4059.09,0.0,0,0,0.0,2.0,True
2025-02-01,farmer:431001:014,farmer,431001,26562.65,0.0,4806.68,-4806.68,0.0,0,0,0.0,2.0,True
2025-02-01,farmer:431001:015,farmer,431001,19108.93,0.0,3892.57,-3892.57,0.0,0,0,0.0,2.0,True
2025-02-01,farmer:431001:016,farmer,431001,23132.89,0.0,3796.47,-3796.47,0.0,0,0,0.0,2.0,True
2025-02-01,farmer:431001:017,farmer,431001,15364.57,0.0,4325.79,-4325.79,0.0,0,0,0.0,2.0,True
2025-02-01,farmer:431001:018,farmer,431001,17351.93,0.0,3318.07,-3318.07,0.0,0,0,0.0,2.0,True
2025-02-01,farmer:431001:019,farmer,431001,30672.81,0.0,3797.06,-3797.06,0.0,0,0,0.0,2.0,True
2025-02-01,farmer:431001:020,farmer,431001,38859.94,0.0,3951.35,-3951.35,0.0,0,0,0.0,2.0,True
2025-02-01,farmer:431001:021,farmer,431001,32588.77,0.0,3427.53,-3427.53,0.0,0,0,0.0,2.0,True
2025-02-01,farmer:431001:022,farmer,431001,41082.37,0.0,4770.59,-4770.59,0.0,0,0,0.0,2.0,True
2025-02-01,farmer:431001:023,farmer,431001,35199.85,0.0,3922.18,-3922.18,0.0,0,0,0.0,2.0,True
2025-02-01,farmer:431001:024,farmer,431001,10787.68,0.0,4844.44,-4844.44,0.0,0,0,0.0,2.0,True
2025-02-01,farmer:431001:025,farmer,431001,25136.62,0.0,4045.65,-4045.65,0.0,0,0,0.0,2.0,True
2025-02-01,farmer:431001:026,farmer,431001,42526.41,0.0,3806.67,-3806.67,0.0,0,0,0.0,2.0,True
2025-02-01,farmer:431001:027,farmer,431001,20040.77,0.0,4845.07,-4845.07,0.0,0,0,0.0,2.0,True
2025-02-01,farmer:431001:028,farmer,431001,14400.25,0.0,3831.66,-3831.66,0.0,0,0,0.0,2.0,True
2025-02-01,farmer:431001:029,farmer,431001,18140.57,0.0,3606.15,-3606.15,0.0,0,0,0.0,2.0,True
2025-02-01,farmer:431001:030,farmer,431001,23755.57,0.0,4462.93,-4462.93,0.0,0,0,0.0,2.0,True
2025-02-01,farmer:431001:031,farmer,431001,9366.02,0.0,4899.22,-4899.22,0.0,0,0,0.0,2.0,True
2025-02-01,farmer:431001:032,farmer,431001,42805.71,0.0,4503.35,-4503.35,0.0,0,0,0.0,2.0,True
2025-02-01,farmer:431001:033,farmer,431001,13280.83,0.0,3957.69,-3957.69,0.0,0,0,0.0,2.0,True
2025-02-01,farmer:431001:034,farmer,431001,22212.37,0.0,4400.93,-4400.93,0.0,0,0,0.0,2.0,True
2025-02-01,farmer:431001:035,farmer,431001,43011.13,0.0,4091.61,-4091.61,0.0,0,0,0.0,2.0,True
2025-02-01,utility:440001,utility_company,440001,353050.0,26525.0,0.0,26525.0,0.0,0,0,0.0,0.0,True
2025-02-01,wholesaler:440001:01,wholesaler,440001,2088008.31,46315.2,2400.0,43915.2,0.0019,0,0,0.0,0.0,True
2025-02-01,retailer:440001:01,kirana,440001,93256.71,16535.05,10831.08,5703.97,0.0704,0,0,0.0,0.0,True
2025-02-01,retailer:440001:02,kirana,440001,97965.51,29809.84,17144.15,12665.69,0.3137,0,0,0.0,0.0,True
2025-02-01,retailer:440001:03,kirana,440001,94158.0,14659.6,9890.86,4768.74,0.1768,0,0,0.0,0.0,True
2025-02-01,retailer:440001:04,kirana,440001,96722.14,21063.91,12649.11,8414.8,0.0986,0,0,0.0,0.0,True
2025-02-01,farmer:440001:001,farmer,440001,23890.5,0.0,4989.68,-4989.68,0.0,0,0,0.0,2.0,True
2025-02-01,farmer:440001:002,farmer,440001,44445.21,0.0,3963.61,-3963.61,0.0,0,0,0.0,2.0,True
2025-02-01,farmer:440001:003,farmer,440001,13854.08,0.0,3542.05,-3542.05,0.0,0,0,0.0,2.0,True
2025-02-01,farmer:440001:004,farmer,440001,28822.97,0.0,3871.72,-3871.72,0.0,0,0,0.0,2.0,True
2025-02-01,farmer:440001:005,farmer,440001,9730.02,0.0,3649.22,-3649.22,0.0,0,0,0.0,2.0,True
2025-02-01,farmer:440001:006,farmer,440001,36756.24,0.0,4812.41,-4812.41,0.0,0,0,0.0,2.0,True
2025-02-01,farmer:440001:007,farmer,440001,10375.92,0.0,4403.24,-4403.24,0.0,0,0,0.0,2.0,True
2025-02-01,farmer:440001:008,farmer,440001,31001.53,0.0,4921.99,-4921.99,0.0,0,0,0.0,2.0,True
2025-02-01,farmer:440001:009,farmer,440001,40631.13,0.0,3568.41,-3568.41,0.0,0,0,0.0,2.0,True
2025-02-01,farmer:440001:010,farmer,440001,30072.48,0.0,4430.28,-4430.28,0.0,0,0,0.0,2.0,True
2025-02-01,farmer:440001:011,farmer,440001,27784.66,0.0,3580.82,-3580.82,0.0,0,0,0.0,2.0,True
2025-02-01,farmer:440001:012,farmer,440001,32578.87,0.0,4656.01,-4656.01,0.0,0,0,0.0,2.0,True
2025-02-01,farmer:440001:013,farmer,440001,31474.36,0.0,4343.01,-4343.01,0.0,0,0,0.0,2.0,True
2025-02-01,farmer:440001:014,farmer,440001,34997.35,0.0,3831.1,-3831.1,0.0,0,0,0.0,2.0,True
2025-02-01,farmer:440001:015,farmer,440001,44132.16,0.0,4458.12,-4458.12,0.0,0,0,0.0,2.0,True
2025-02-01,farmer:440001:016,farmer,440001,15022.19,0.0,4284.94,-4284.94,0.0,0,0,0.0,2.0,True
2025-02-01,farmer:440001:017,farmer,440001,38832.55,0.0,4789.1,-4789.1,0.0,0,0,0.0,2.0,True
2025-02-01,farmer:440001:018,farmer,440001,12744.43,0.0,4639.38,-4639.38,0.0,0,0,0.0,2.0,True
2025-02-01,farmer:440001:019,farmer,440001,29920.11,0.0,3893.75,-3893.75,0.0,0,0,0.0,2.0,True
2025-02-01,farmer:440001:020,farmer,440001,6564.38,0.0,4818.4,-4818.4,0.0,0,0,0.0,2.0,True
2025-02-01,farmer:440001:021,farmer,440001,30773.65,0.0,4283.41,-4283.41,0.0,0,0,0.0,2.0,True
2025-02-01,farmer:440001:022,farmer,440001,11282.73,0.0,3971.76,-3971.76,0.0,0,0,0.0,2.0,True
2025-02-01,farmer:440001:023,farmer,440001,18186.53,0.0,3538.92,-3538.92,0.0,0,0,0.0,2.0,True
2025-02-01,farmer:440001:024,farmer,440001,14782.41,0.0,4720.03,-4720.03,0.0,0,0,0.0,2.0,True
2025-02-01,farmer:440001:025,farmer,440001,25635.75,0.0,3865.07,-3865.07,0.0,0,0,0.0,2.0,True
2025-02-01,farmer:440001:026,farmer,440001,10633.52,0.0,3619.02,-3619.02,0.0,0,0,0.0,2.0,True
2025-02-01,farmer:440001:027,farmer,440001,6945.3,0.0,4391.22,-4391.22,0.0,0,0,0.0,2.0,True
2025-02-01,farmer:440001:028,farmer,440001,16858.97,0.0,4444.46,-4444.46,0.0,0,0,0.0,2.0,True
2025-02-01,farmer:440001:029,farmer,440001,23466.02,0.0,3925.16,-3925.16,0.0,0,0,0.0,2.0,True
2025-02-01,farmer:440001:030,farmer,440001,38430.36,0.0,4434.43,-4434.43,0.0,0,0,0.0,2.0,True
2025-02-01,farmer:440001:031,farmer,440001,37471.97,0.0,4093.77,-4093.77,0.0,0,0,0.0,2.0,True
2025-02-01,farmer:440001:032,farmer,440001,11188.1,0.0,4700.44,-4700.44,0.0,0,0,0.0,2.0,True
2025-02-01,farmer:440001:033,farmer,440001,35984.6,0.0,4616.55,-4616.55,0.0,0,0,0.0,2.0,True
2025-02-01,farmer:440001:034,farmer,440001,14821.06,0.0,4812.97,-4812.97,0.0,0,0,0.0,2.0,True
2025-02-01,farmer:440001:035,farmer,440001,36111.26,0.0,4378.95,-4378.95,0.0,0,0,0.0,2.0,True
2025-03-01,lender:vridhi,synthetic_lender,national,2425250.0,141750.0,0.0,141750.0,0.0,0,0,0.0,0.0,True
2025-03-01,utility:413001,utility_company,413001,380325.0,26775.0,0.0,26775.0,0.0,0,0,0.0,0.0,True
2025-03-01,wholesaler:413001:01,wholesaler,413001,1845582.84,50273.06,302274.12,-252001.06,0.0146,0,0,0.0,0.0,True
2025-03-01,retailer:413001:01,kirana,413001,94212.14,17317.23,12269.21,5048.02,0.1311,0,0,0.0,0.0,True
2025-03-01,retailer:413001:02,kirana,413001,102641.6,23008.64,16365.88,6642.76,0.0732,0,0,0.0,0.0,True
2025-03-01,retailer:413001:03,kirana,413001,95927.54,17993.27,11125.48,6867.79,0.0721,0,0,0.0,0.0,True
2025-03-01,retailer:413001:04,kirana,413001,104945.92,21523.83,14712.49,6811.34,0.0831,0,0,0.0,0.0,True
2025-03-01,farmer:413001:001,farmer,413001,15567.28,4062.43,4788.88,-726.45,1.4142,0,0,0.0,2.0,True
2025-03-01,farmer:413001:002,farmer,413001,43492.38,15569.47,4148.55,11420.92,1.4142,0,0,0.0,2.0,True
2025-03-01,farmer:413001:003,farmer,413001,23715.99,4949.93,4162.03,787.9,1.4142,0,0,0.0,2.0,True
2025-03-01,farmer:413001:004,farmer,413001,27277.34,5718.96,3826.04,1892.92,1.4142,0,0,0.0,2.0,True
2025-03-01,farmer:413001:005,farmer,413001,32713.11,5903.95,4350.25,1553.7,1.4142,0,0,0.0,2.0,True
2025-03-01,farmer:413001:006,farmer,413001,30197.97,5637.45,4047.63,1589.82,1.4142,0,0,0.0,2.0,True
2025-03-01,farmer:413001:007,farmer,413001,36582.02,3068.93,3489.16,-420.23,1.4142,0,0,0.0,2.0,True
2025-03-01,farmer:413001:008,farmer,413001,16559.05,7873.0,4584.41,3288.59,1.4142,0,0,0.0,2.0,True
2025-03-01,farmer:413001:009,farmer,413001,15855.38,8308.48,3964.46,4344.02,1.4142,0,0,0.0,2.0,True
2025-03-01,farmer:413001:010,farmer,413001,38745.25,14046.24,3750.02,10296.22,1.4142,0,0,0.0,2.0,True
2025-03-01,farmer:413001:011,farmer,413001,35886.0,12924.47,3770.3,9154.17,1.4142,0,0,0.0,2.0,True
2025-03-01,farmer:413001:012,farmer,413001,31393.76,9209.17,4565.33,4643.84,1.4142,0,0,0.0,2.0,True
2025-03-01,farmer:413001:013,farmer,413001,45279.0,11474.17,4779.28,6694.89,1.4142,0,0,0.0,2.0,True
2025-03-01,farmer:413001:014,farmer,413001,17211.51,12013.61,4043.52,7970.09,1.4142,0,0,0.0,2.0,True
2025-03-01,farmer:413001:015,farmer,413001,13134.06,6655.29,3830.79,2824.5,1.4142,0,0,0.0,2.0,True
2025-03-01,farmer:413001:016,farmer,413001,19347.87,5086.48,3518.06,1568.42,1.4142,0,0,0.0,2.0,True
2025-03-01,farmer:413001:017,farmer,413001,25308.89,8566.44,4735.23,3831.21,1.4142,0,0,0.0,2.0,True
2025-03-01,farmer:413001:018,farmer,413001,45992.71,7753.34,3584.92,4168.42,1.4142,0,0,0.0,2.0,True
2025-03-01,farmer:413001:019,farmer,413001,22525.36,13470.2,3856.03,9614.17,1.4142,0,0,0.0,2.0,True
2025-03-01,farmer:413001:020,farmer,413001,22367.5,5300.28,4436.07,864.21,1.4142,0,0,0.0,2.0,True
2025-03-01,farmer:413001:021,farmer,413001,36658.45,13829.12,4832.9,8996.22,1.4142,0,0,0.0,2.0,True
2025-03-01,farmer:413001:022,farmer,413001,46504.05,15674.86,4480.78,11194.08,1.4142,0,0,0.0,2.0,True
2025-03-01,farmer:413001:023,farmer,413001,16992.69,3888.61,4672.97,-784.36,1.4142,0,0,0.0,2.0,True
2025-03-01,farmer:413001:024,farmer,413001,43609.54,5545.61,4094.55,1451.06,1.4142,0,0,0.0,2.0,True
2025-03-01,farmer:413001:025,farmer,413001,32246.65,7414.88,5088.14,2326.74,1.4142,0,0,0.0,2.0,True
2025-03-01,farmer:413001:026,farmer,413001,35360.89,15559.89,4069.31,11490.58,1.4142,0,0,0.0,2.0,True
2025-03-01,farmer:413001:027,farmer,413001,30430.13,7515.41,4687.91,2827.5,1.4142,0,0,0.0,2.0,True
2025-03-01,farmer:413001:028,farmer,413001,46491.91,10547.82,4152.89,6394.93,1.4142,0,0,0.0,2.0,True
2025-03-01,farmer:413001:029,farmer,413001,45981.61,6444.81,4296.68,2148.13,1.4142,0,0,0.0,2.0,True
2025-03-01,farmer:413001:030,farmer,413001,9144.83,5063.51,4342.37,721.14,1.4142,0,0,0.0,2.0,True
2025-03-01,farmer:413001:031,farmer,413001,45599.94,13046.31,3381.91,9664.4,1.4142,0,0,0.0,2.0,True
2025-03-01,farmer:413001:032,farmer,413001,21623.6,3984.32,4604.49,-620.17,1.4142,0,0,0.0,2.0,True
2025-03-01,farmer:413001:033,farmer,413001,47580.95,9727.68,4064.44,5663.24,1.4142,0,0,0.0,2.0,True
2025-03-01,farmer:413001:034,farmer,413001,32870.5,3119.87,4280.13,-1160.26,1.4142,0,0,0.0,2.0,True
2025-03-01,farmer:413001:035,farmer,413001,24199.77,10919.13,3987.54,6931.59,1.4142,0,0,0.0,2.0,True
2025-03-01,utility:431001,utility_company,431001,379950.0,26650.0,0.0,26650.0,0.0,0,0,0.0,0.0,True
2025-03-01,wholesaler:431001:01,wholesaler,431001,1783176.65,52014.22,353205.91,-301191.69,0.0749,0,0,0.0,0.0,True
2025-03-01,retailer:431001:01,kirana,431001,94244.03,9558.1,7621.02,1937.08,0.3293,0,0,0.0,0.0,True
2025-03-01,retailer:431001:02,kirana,431001,100608.43,23214.0,16415.25,6798.75,0.1615,0,0,0.0,0.0,True
2025-03-01,retailer:431001:03,kirana,431001,101792.17,24871.25,17881.65,6989.6,0.1707,0,0,0.0,0.0,True
2025-03-01,retailer:431001:04,kirana,431001,109295.32,25464.87,14296.3,11168.57,0.079,0,0,0.0,0.0,True
2025-03-01,farmer:431001:001,farmer,431001,24189.43,5027.82,4656.38,371.44,1.4142,0,0,0.0,2.0,True
2025-03-01,farmer:431001:002,farmer,431001,53139.65,17507.93,4701.82,12806.11,1.4142,0,0,0.0,2.0,True
2025-03-01,farmer:431001:003,farmer,431001,20391.31,9545.23,3562.43,5982.8,1.4142,0,0,0.0,2.0,True
2025-03-01,farmer:431001:004,farmer,431001,30369.21,17582.14,4629.82,12952.32,1.4142,0,0,0.0,2.0,True
2025-03-01,farmer:431001:005,farmer,431001,19445.72,11917.39,4211.43,7705.96,1.4142,0,0,0.0,2.0,True
2025-03-01,farmer:431001:006,farmer,431001,43700.93,12132.38,4467.13,7665.25,1.4142,0,0,0.0,2.0,True
2025-03-01,farmer:431001:007,farmer,431001,17489.19,3045.78,4741.0,-1695.22,1.4142,0,0,0.0,2.0,True
2025-03-01,farmer:431001:008,farmer,431001,50733.51,16516.07,3794.24,12721.83,1.4142,0,0,0.0,2.0,True
2025-03-01,farmer:431001:009,farmer,431001,13064.55,7472.61,3923.77,3548.84,1.4142,0,0,0.0,2.0,True
2025-03-01,farmer:431001:010,farmer,431001,23620.37,16558.45,3793.78,12764.67,1.4142,0,0,0.0,2.0,True
2025-03-01,farmer:431001:011,farmer,431001,34753.83,4015.67,3717.18,298.49,1.4142,0,0,0.0,2.0,True
2025-03-01,farmer:431001:012,farmer,431001,26850.1,4474.08,3600.93,873.15,1.4142,0,0,0.0,2.0,True
2025-03-01,farmer:431001:013,farmer,431001,43444.87,7947.45,4241.66,3705.79,1.4142,0,0,0.0,2.0,True
2025-03-01,farmer:431001:014,farmer,431001,28732.13,6583.39,4413.91,2169.48,1.4142,0,0,0.0,2.0,True
2025-03-01,farmer:431001:015,farmer,431001,19541.04,5361.93,4929.82,432.11,1.4142,0,0,0.0,2.0,True
2025-03-01,farmer:431001:016,farmer,431001,30444.17,12231.74,4920.46,7311.28,1.4142,0,0,0.0,2.0,True
2025-03-01,farmer:431001:017,farmer,431001,16104.7,5681.87,4941.74,740.13,1.4142,0,0,0.0,2.0,True
2025-03-01,farmer:431001:018,farmer,431001,25672.81,12727.97,4407.09,8320.88,1.4142,0,0,0.0,2.0,True
2025-03-01,farmer:431001:019,farmer,431001,31113.25,4043.78,3603.34,440.44,1.4142,0,0,0.0,2.0,True
2025-03-01,farmer:431001:020,farmer,431001,51535.23,16294.42,3619.13,12675.29,1.4142,0,0,0.0,2.0,True
2025-03-01,farmer:431001:021,farmer,431001,33922.47,6260.56,4926.86,1333.7,1.4142,0,0,0.0,2.0,True
2025-03-01,farmer:431001:022,farmer,431001,42034.6,5392.47,4440.24,952.23,1.4142,0,0,0.0,2.0,True
2025-03-01,farmer:431001:023,farmer,431001,41853.76,11257.4,4603.49,6653.91,1.4142,0,0,0.0,2.0,True
2025-03-01,farmer:431001:024,farmer,431001,12674.38,5577.12,3690.42,1886.7,1.4142,0,0,0.0,2.0,True
2025-03-01,farmer:431001:025,farmer,431001,30015.36,9478.9,4600.16,4878.74,1.4142,0,0,0.0,2.0,True
2025-03-01,farmer:431001:026,farmer,431001,51980.95,13017.31,3562.77,9454.54,1.4142,0,0,0.0,2.0,True
2025-03-01,farmer:431001:027,farmer,431001,25545.0,9088.94,3584.71,5504.23,1.4142,0,0,0.0,2.0,True
2025-03-01,farmer:431001:028,farmer,431001,16888.04,7292.57,4804.78,2487.79,1.4142,0,0,0.0,2.0,True
2025-03-01,farmer:431001:029,farmer,431001,21798.14,8192.15,4534.58,3657.57,1.4142,0,0,0.0,2.0,True
2025-03-01,farmer:431001:030,farmer,431001,36121.72,16861.8,4495.65,12366.15,1.4142,0,0,0.0,2.0,True
2025-03-01,farmer:431001:031,farmer,431001,17925.71,12684.76,4125.07,8559.69,1.4142,0,0,0.0,2.0,True
2025-03-01,farmer:431001:032,farmer,431001,54470.5,15857.3,4192.51,11664.79,1.4142,0,0,0.0,2.0,True
2025-03-01,farmer:431001:033,farmer,431001,26203.36,17463.54,4541.01,12922.53,1.4142,0,0,0.0,2.0,True
2025-03-01,farmer:431001:034,farmer,431001,23919.69,6431.52,4724.2,1707.32,1.4142,0,0,0.0,2.0,True
2025-03-01,farmer:431001:035,farmer,431001,47587.89,9281.47,4704.71,4576.76,1.4142,0,0,0.0,2.0,True
2025-03-01,utility:440001,utility_company,440001,379575.0,26525.0,0.0,26525.0,0.0,0,0,0.0,0.0,True
2025-03-01,wholesaler:440001:01,wholesaler,440001,1757961.52,50923.91,380970.7,-330046.79,0.0445,0,0,0.0,0.0,True
2025-03-01,retailer:440001:01,kirana,440001,101329.85,23443.41,15370.27,8073.14,0.1452,0,0,0.0,0.0,True
2025-03-01,retailer:440001:02,kirana,440001,104836.71,24204.88,17333.68,6871.2,0.2525,0,0,0.0,0.0,True
2025-03-01,retailer:440001:03,kirana,440001,98071.46,14421.69,10508.23,3913.46,0.1814,0,0,0.0,0.0,True
2025-03-01,retailer:440001:04,kirana,440001,100359.47,15549.06,11911.73,3637.33,0.1993,0,0,0.0,0.0,True
2025-03-01,farmer:440001:001,farmer,440001,33669.31,13482.19,3703.38,9778.81,1.4142,0,0,0.0,2.0,True
2025-03-01,farmer:440001:002,farmer,440001,57172.04,17013.54,4286.71,12726.83,1.4142,0,0,0.0,2.0,True
2025-03-01,farmer:440001:003,farmer,440001,24737.24,15016.21,4133.05,10883.16,1.4142,0,0,0.0,2.0,True
2025-03-01,farmer:440001:004,farmer,440001,42863.17,18290.15,4249.95,14040.2,1.4142,0,0,0.0,2.0,True
2025-03-01,farmer:440001:005,farmer,440001,19111.1,13505.12,4124.04,9381.08,1.4142,0,0,0.0,2.0,True
2025-03-01,farmer:440001:006,farmer,440001,41699.5,9743.08,4799.82,4943.26,1.4142,0,0,0.0,2.0,True
2025-03-01,farmer:440001:007,farmer,440001,23960.92,17323.49,3738.49,13585.0,1.4142,0,0,0.0,2.0,True
2025-03-01,farmer:440001:008,farmer,440001,39007.06,11398.14,3392.61,8005.53,1.4142,0,0,0.0,2.0,True
2025-03-01,farmer:440001:009,farmer,440001,40917.46,4406.3,4119.97,286.33,1.4142,0,0,0.0,2.0,True
2025-03-01,farmer:440001:010,farmer,440001,35718.06,10220.27,4574.69,5645.58,1.4142,0,0,0.0,2.0,True
2025-03-01,farmer:440001:011,farmer,440001,35866.39,12325.26,4243.53,8081.73,1.4142,0,0,0.0,2.0,True
2025-03-01,farmer:440001:012,farmer,440001,34326.74,5970.08,4222.21,1747.87,1.4142,0,0,0.0,2.0,True
2025-03-01,farmer:440001:013,farmer,440001,35979.43,8513.75,4008.68,4505.07,1.4142,0,0,0.0,2.0,True
2025-03-01,farmer:440001:014,farmer,440001,38477.38,7286.86,3806.83,3480.03,1.4142,0,0,0.0,2.0,True
2025-03-01,farmer:440001:015,farmer,440001,49533.78,9144.08,3742.46,5401.62,1.4142,0,0,0.0,2.0,True
2025-03-01,farmer:440001:016,farmer,440001,15638.0,4333.56,3717.75,615.81,1.4142,0,0,0.0,2.0,True
2025-03-01,farmer:440001:017,farmer,440001,51498.46,16861.62,4195.71,12665.91,1.4142,0,0,0.0,2.0,True
2025-03-01,farmer:440001:018,farmer,440001,15377.45,7495.35,4862.33,2633.02,1.4142,0,0,0.0,2.0,True
2025-03-01,farmer:440001:019,farmer,440001,38755.78,13386.45,4550.78,8835.67,1.4142,0,0,0.0,2.0,True
2025-03-01,farmer:440001:020,farmer,440001,14043.48,10938.24,3459.14,7479.1,1.4142,0,0,0.0,2.0,True
2025-03-01,farmer:440001:021,farmer,440001,34913.04,8460.85,4321.46,4139.39,1.4142,0,0,0.0,2.0,True
2025-03-01,farmer:440001:022,farmer,440001,12230.59,5012.05,4064.19,947.86,1.4142,0,0,0.0,2.0,True
2025-03-01,farmer:440001:023,farmer,440001,24128.93,10358.75,4416.35,5942.4,1.4142,0,0,0.0,2.0,True
2025-03-01,farmer:440001:024,farmer,440001,23395.68,13125.74,4512.47,8613.27,1.4142,0,0,0.0,2.0,True
2025-03-01,farmer:440001:025,farmer,440001,28067.47,7382.87,4951.15,2431.72,1.4142,0,0,0.0,2.0,True
2025-03-01,farmer:440001:026,farmer,440001,23353.5,16229.14,3509.16,12719.98,1.4142,0,0,0.0,2.0,True
2025-03-01,farmer:440001:027,farmer,440001,11002.78,7389.1,3331.62,4057.48,1.4142,0,0,0.0,2.0,True
2025-03-01,farmer:440001:028,farmer,440001,26699.67,13546.87,3706.17,9840.7,1.4142,0,0,0.0,2.0,True
2025-03-01,farmer:440001:029,farmer,440001,31096.79,12404.62,4773.85,7630.77,1.4142,0,0,0.0,2.0,True
2025-03-01,farmer:440001:030,farmer,440001,37909.71,4210.1,4730.75,-520.65,1.4142,0,0,0.0,2.0,True
2025-03-01,farmer:440001:031,farmer,440001,43752.62,10788.66,4508.01,6280.65,1.4142,0,0,0.0,2.0,True
2025-03-01,farmer:440001:032,farmer,440001,12128.48,5525.86,4585.48,940.38,1.4142,0,0,0.0,2.0,True
2025-03-01,farmer:440001:033,farmer,440001,49743.52,17519.47,3760.55,13758.92,1.4142,0,0,0.0,2.0,True
2025-03-01,farmer:440001:034,farmer,440001,27052.48,15670.25,3438.83,12231.42,1.4142,0,0,0.0,2.0,True
2025-03-01,farmer:440001:035,farmer,440001,36152.02,4292.63,4251.87,40.76,1.4142,0,0,0.0,2.0,True
2025-04-01,lender:vridhi,synthetic_lender,national,2567000.0,141750.0,0.0,141750.0,0.0,0,0,0.0,0.0,True
2025-04-01,utility:413001,utility_company,413001,407100.0,26775.0,0.0,26775.0,0.0,0,0,0.0,0.0,True
2025-04-01,wholesaler:413001:01,wholesaler,413001,1586811.59,42714.28,301485.53,-258771.25,0.0754,0,0,0.0,0.0,True
2025-04-01,retailer:413001:01,kirana,413001,100541.12,16599.32,10270.34,6328.98,0.1322,0,0,0.0,0.0,True
2025-04-01,retailer:413001:02,kirana,413001,112384.09,22794.84,13052.35,9742.49,0.0853,0,0,0.0,0.0,True
2025-04-01,retailer:413001:03,kirana,413001,99138.47,9458.46,6247.53,3210.93,0.2507,0,0,0.0,0.0,True
2025-04-01,retailer:413001:04,kirana,413001,118436.45,30834.59,17344.06,13490.53,0.1453,0,0,0.0,0.0,True
2025-04-01,farmer:413001:001,farmer,413001,15201.55,3312.36,3678.09,-365.73,0.718,0,0,0.0,2.0,True
2025-04-01,farmer:413001:002,farmer,413001,53859.47,14897.62,4530.53,10367.09,0.7076,0,0,0.0,2.0,True
2025-04-01,farmer:413001:003,farmer,413001,23820.3,4099.08,3994.77,104.31,0.7164,0,0,0.0,2.0,True
2025-04-01,farmer:413001:004,farmer,413001,29598.83,6137.23,3815.74,2321.49,0.7084,0,0,0.0,2.0,True
2025-04-01,farmer:413001:005,farmer,413001,34516.64,5603.99,3800.46,1803.53,0.7078,0,0,0.0,2.0,True
2025-04-01,farmer:413001:006,farmer,413001,32118.34,5970.9,4050.53,1920.37,0.708,0,0,0.0,2.0,True
2025-04-01,farmer:413001:007,farmer,413001,34636.3,3104.39,5050.11,-1945.72,0.7071,0,0,0.0,2.0,True
2025-04-01,farmer:413001:008,farmer,413001,19649.39,7664.4,4574.06,3090.34,0.7073,0,0,0.0,2.0,True
2025-04-01,farmer:413001:009,farmer,413001,19651.36,7351.72,3555.74,3795.98,0.7111,0,0,0.0,2.0,True
2025-04-01,farmer:413001:010,farmer,413001,49944.56,15428.51,4229.2,11199.31,0.7094,0,0,0.0,2.0,True
2025-04-01,farmer:413001:011,farmer,413001,46162.16,13892.09,3615.93,10276.16,0.7085,0,0,0.0,2.0,True
2025-04-01,farmer:413001:012,farmer,413001,35284.35,8964.17,5073.58,3890.59,0.7073,0,0,0.0,2.0,True
2025-04-01,farmer:413001:013,farmer,413001,51880.08,10788.9,4187.82,6601.08,0.7081,0,0,0.0,2.0,True
2025-04-01,farmer:413001:014,farmer,413001,26327.54,13366.74,4250.71,9116.03,0.7101,0,0,0.0,2.0,True
2025-04-01,farmer:413001:015,farmer,413001,17412.66,8113.81,3835.21,4278.6,0.7174,0,0,0.0,2.0,True
2025-04-01,farmer:413001:016,farmer,413001,20199.15,4698.43,3847.15,851.28,0.7088,0,0,0.0,2.0,True
2025-04-01,farmer:413001:017,farmer,413001,29656.51,9358.49,5010.87,4347.62,0.7092,0,0,0.0,2.0,True
2025-04-01,farmer:413001:018,farmer,413001,49052.8,6759.24,3699.15,3060.09,0.7121,0,0,0.0,2.0,True
2025-04-01,farmer:413001:019,farmer,413001,30093.24,11762.16,4194.28,7567.88,0.712,0,0,0.0,2.0,True
2025-04-01,farmer:413001:020,farmer,413001,23217.83,5261.82,4411.49,850.33,0.7071,0,0,0.0,2.0,True
2025-04-01,farmer:413001:021,farmer,413001,43707.03,11375.7,4327.12,7048.58,0.7171,0,0,0.0,2.0,True
2025-04-01,farmer:413001:022,farmer,413001,57743.35,15718.82,4479.52,11239.3,0.7071,0,0,0.0,2.0,True
2025-04-01,farmer:413001:023,farmer,413001,17015.16,3859.89,3837.42,22.47,0.7071,0,0,0.0,2.0,True
2025-04-01,farmer:413001:024,farmer,413001,45017.22,5689.85,4282.17,1407.68,0.7073,0,0,0.0,2.0,True
2025-04-01,farmer:413001:025,farmer,413001,36599.92,8726.62,4373.35,4353.27,0.7141,0,0,0.0,2.0,True
2025-04-01,farmer:413001:026,farmer,413001,46602.89,16165.13,4923.13,11242.0,0.7075,0,0,0.0,2.0,True
2025-04-01,farmer:413001:027,farmer,413001,32898.75,6937.6,4468.98,2468.62,0.7088,0,0,0.0,2.0,True
2025-04-01,farmer:413001:028,farmer,413001,52987.86,10297.5,3801.55,6495.95,0.7073,0,0,0.0,2.0,True
2025-04-01,farmer:413001:029,farmer,413001,48100.18,6358.1,4239.53,2118.57,0.7072,0,0,0.0,2.0,True
2025-04-01,farmer:413001:030,farmer,413001,9461.02,5038.2,4722.01,316.19,0.7071,0,0,0.0,2.0,True
2025-04-01,farmer:413001:031,farmer,413001,54864.26,13075.43,3811.11,9264.32,0.7071,0,0,0.0,2.0,True
2025-04-01,farmer:413001:032,farmer,413001,21610.61,4610.58,4623.57,-12.99,0.7127,0,0,0.0,2.0,True
2025-04-01,farmer:413001:033,farmer,413001,54303.32,10434.54,3712.17,6722.37,0.7084,0,0,0.0,2.0,True
2025-04-01,farmer:413001:034,farmer,413001,31463.33,3037.49,4444.66,-1407.17,0.7073,0,0,0.0,2.0,True
2025-04-01,farmer:413001:035,farmer,413001,31763.3,11224.03,3660.5,7563.53,0.7073,0,0,0.0,2.0,True
2025-04-01,utility:431001,utility_company,431001,406600.0,26650.0,0.0,26650.0,0.0,0,0,0.0,0.0,True
2025-04-01,wholesaler:431001:01,wholesaler,431001,1484754.39,50053.1,348475.36,-298422.26,0.0689,0,0,0.0,0.0,True
2025-04-01,retailer:431001:01,kirana,431001,103805.9,31137.62,21575.75,9561.87,0.4249,0,0,0.0,0.0,True
2025-04-01,retailer:431001:02,kirana,431001,109055.25,19177.05,10730.23,8446.82,0.1418,0,0,0.0,0.0,True
2025-04-01,retailer:431001:03,kirana,431001,105913.72,14313.42,10191.87,4121.55,0.2194,0,0,0.0,0.0,True
2025-04-01,retailer:431001:04,kirana,431001,113964.56,16424.49,11755.25,4669.24,0.1761,0,0,0.0,0.0,True
2025-04-01,farmer:431001:001,farmer,431001,25152.73,5078.15,4114.85,963.3,0.7071,0,0,0.0,2.0,True
2025-04-01,farmer:431001:002,farmer,431001,65082.62,16725.11,4782.14,11942.97,0.7077,0,0,0.0,2.0,True
2025-04-01,farmer:431001:003,farmer,431001,26578.2,10844.54,4657.65,6186.89,0.7114,0,0,0.0,2.0,True
2025-04-01,farmer:431001:004,farmer,431001,42071.75,15706.72,4004.18,11702.54,0.7105,0,0,0.0,2.0,True
2025-04-01,farmer:431001:005,farmer,431001,27403.02,11465.4,3508.1,7957.3,0.7075,0,0,0.0,2.0,True
2025-04-01,farmer:431001:006,farmer,431001,52592.43,12322.65,3431.15,8891.5,0.7072,0,0,0.0,2.0,True
2025-04-01,farmer:431001:007,farmer,431001,15532.56,2959.89,4916.52,-1956.63,0.7073,0,0,0.0,2.0,True
2025-04-01,farmer:431001:008,farmer,431001,62008.39,14667.92,3393.04,11274.88,0.7108,0,0,0.0,2.0,True
2025-04-01,farmer:431001:009,farmer,431001,17180.12,7547.42,3431.85,4115.57,0.7071,0,0,0.0,2.0,True
2025-04-01,farmer:431001:010,farmer,431001,36479.43,17678.15,4819.09,12859.06,0.7082,0,0,0.0,2.0,True
2025-04-01,farmer:431001:011,farmer,431001,35047.87,3774.48,3480.44,294.04,0.7081,0,0,0.0,2.0,True
2025-04-01,farmer:431001:012,farmer,431001,28867.61,5563.81,3546.3,2017.51,0.7195,0,0,0.0,2.0,True
2025-04-01,farmer:431001:013,farmer,431001,45250.42,6799.37,4993.82,1805.55,0.7135,0,0,0.0,2.0,True
2025-04-01,farmer:431001:014,farmer,431001,31452.22,7027.37,4307.28,2720.09,0.7082,0,0,0.0,2.0,True
2025-04-01,farmer:431001:015,farmer,431001,21227.94,5538.78,3851.88,1686.9,0.7074,0,0,0.0,2.0,True
2025-04-01,farmer:431001:016,farmer,431001,40816.13,14151.22,3779.26,10371.96,0.7127,0,0,0.0,2.0,True
2025-04-01,farmer:431001:017,farmer,431001,17043.23,5209.84,4271.31,938.53,0.7091,0,0,0.0,2.0,True
2025-04-01,farmer:431001:018,farmer,431001,32587.93,11807.79,4892.67,6915.12,0.7086,0,0,0.0,2.0,True
2025-04-01,farmer:431001:019,farmer,431001,30314.01,4128.33,4927.57,-799.24,0.7072,0,0,0.0,2.0,True
2025-04-01,farmer:431001:020,farmer,431001,61762.08,15144.61,4917.76,10226.85,0.7085,0,0,0.0,2.0,True
2025-04-01,farmer:431001:021,farmer,431001,37689.19,7211.85,3445.13,3766.72,0.7124,0,0,0.0,2.0,True
2025-04-01,farmer:431001:022,farmer,431001,41968.09,4894.82,4961.33,-66.51,0.7096,0,0,0.0,2.0,True
2025-04-01,farmer:431001:023,farmer,431001,48703.29,10806.82,3957.29,6849.53,0.7075,0,0,0.0,2.0,True
2025-04-01,farmer:431001:024,farmer,431001,14090.8,5617.15,4200.73,1416.42,0.7071,0,0,0.0,2.0,True
2025-04-01,farmer:431001:025,farmer,431001,35497.85,9980.04,4497.55,5482.49,0.7078,0,0,0.0,2.0,True
2025-04-01,farmer:431001:026,farmer,431001,61867.9,13949.13,4062.18,9886.95,0.7084,0,0,0.0,2.0,True
2025-04-01,farmer:431001:027,farmer,431001,28972.4,8104.48,4677.08,3427.4,0.7106,0,0,0.0,2.0,True
2025-04-01,farmer:431001:028,farmer,431001,19612.26,7022.55,4298.33,2724.22,0.7075,0,0,0.0,2.0,True
2025-04-01,farmer:431001:029,farmer,431001,26557.69,8452.84,3693.29,4759.55,0.7074,0,0,0.0,2.0,True
2025-04-01,farmer:431001:030,farmer,431001,46572.16,15319.83,4869.39,10450.44,0.7095,0,0,0.0,2.0,True
2025-04-01,farmer:431001:031,farmer,431001,26226.63,12112.6,3811.68,8300.92,0.7077,0,0,0.0,2.0,True
2025-04-01,farmer:431001:032,farmer,431001,66812.67,16625.64,4283.47,12342.17,0.7077,0,0,0.0,2.0,True
2025-04-01,farmer:431001:033,farmer,431001,38820.74,17538.27,4920.89,12617.38,0.7071,0,0,0.0,2.0,True
2025-04-01,farmer:431001:034,farmer,431001,25914.67,5641.12,3646.14,1994.98,0.7116,0,0,0.0,2.0,True
2025-04-01,farmer:431001:035,farmer,431001,51243.32,8656.67,5001.24,3655.43,0.7084,0,0,0.0,2.0,True
2025-04-01,utility:440001,utility_company,440001,406100.0,26525.0,0.0,26525.0,0.0,0,0,0.0,0.0,True
2025-04-01,wholesaler:440001:01,wholesaler,440001,1429853.34,44665.5,372773.68,-328108.18,0.056,0,0,0.0,0.0,True
2025-04-01,retailer:440001:01,kirana,440001,105764.61,14831.44,10396.68,4434.76,0.2038,0,0,0.0,0.0,True
2025-04-01,retailer:440001:02,kirana,440001,115491.25,24120.23,13465.69,10654.54,0.1022,0,0,0.0,0.0,True
2025-04-01,retailer:440001:03,kirana,440001,103996.58,15988.58,10063.46,5925.12,0.0459,0,0,0.0,0.0,True
2025-04-01,retailer:440001:04,kirana,440001,111429.39,26009.59,14939.67,11069.92,0.2047,0,0,0.0,0.0,True
2025-04-01,farmer:440001:001,farmer,440001,43371.51,14641.21,4939.01,9702.2,0.7089,0,0,0.0,2.0,True
2025-04-01,farmer:440001:002,farmer,440001,67500.2,14824.6,4496.44,10328.16,0.7121,0,0,0.0,2.0,True
2025-04-01,farmer:440001:003,farmer,440001,33226.69,12046.66,3557.21,8489.45,0.7198,0,0,0.0,2.0,True
2025-04-01,farmer:440001:004,farmer,440001,53879.14,15895.24,4879.27,11015.97,0.7123,0,0,0.0,2.0,True
2025-04-01,farmer:440001:005,farmer,440001,29234.92,13785.21,3661.39,10123.82,0.7072,0,0,0.0,2.0,True
2025-04-01,farmer:440001:006,farmer,440001,47715.09,10356.66,4341.07,6015.59,0.7081,0,0,0.0,2.0,True
2025-04-01,farmer:440001:007,farmer,440001,35211.16,15928.15,4677.91,11250.24,0.709,0,0,0.0,2.0,True
2025-04-01,farmer:440001:008,farmer,440001,46428.43,10881.43,3460.06,7421.37,0.7077,0,0,0.0,2.0,True
2025-04-01,farmer:440001:009,farmer,440001,42812.92,5253.3,3357.84,1895.46,0.7152,0,0,0.0,2.0,True
2025-04-01,farmer:440001:010,farmer,440001,43203.35,10996.76,3511.47,7485.29,0.7085,0,0,0.0,2.0,True
2025-04-01,farmer:440001:011,farmer,440001,42245.9,10674.46,4294.95,6379.51,0.7125,0,0,0.0,2.0,True
2025-04-01,farmer:440001:012,farmer,440001,34978.02,5457.09,4805.81,651.28,0.7092,0,0,0.0,2.0,True
2025-04-01,farmer:440001:013,farmer,440001,40406.32,8017.47,3590.58,4426.89,0.7081,0,0,0.0,2.0,True
2025-04-01,farmer:440001:014,farmer,440001,41351.75,6781.07,3906.7,2874.37,0.7085,0,0,0.0,2.0,True
2025-04-01,farmer:440001:015,farmer,440001,54004.83,8876.42,4405.37,4471.05,0.7073,0,0,0.0,2.0,True
2025-04-01,farmer:440001:016,farmer,440001,15712.34,3843.42,3769.08,74.34,0.7109,0,0,0.0,2.0,True
2025-04-01,farmer:440001:017,farmer,440001,64939.18,18074.98,4634.26,13440.72,0.7084,0,0,0.0,2.0,True
2025-04-01,farmer:440001:018,farmer,440001,21059.13,9571.42,3889.74,5681.68,0.7226,0,0,0.0,2.0,True
2025-04-01,farmer:440001:019,farmer,440001,48953.41,14527.66,4330.03,10197.63,0.7089,0,0,0.0,2.0,True
2025-04-01,farmer:440001:020,farmer,440001,20939.89,11233.68,4337.27,6896.41,0.7073,0,0,0.0,2.0,True
2025-04-01,farmer:440001:021,farmer,440001,39421.54,8541.67,4033.17,4508.5,0.7071,0,0,0.0,2.0,True
2025-04-01,farmer:440001:022,farmer,440001,12607.18,5360.36,4983.77,376.59,0.7083,0,0,0.0,2.0,True
2025-04-01,farmer:440001:023,farmer,440001,30821.38,11419.83,4727.38,6692.45,0.7096,0,0,0.0,2.0,True
2025-04-01,farmer:440001:024,farmer,440001,31921.1,12350.88,3825.46,8525.42,0.7081,0,0,0.0,2.0,True
2025-04-01,farmer:440001:025,farmer,440001,31983.37,7925.19,4009.29,3915.9,0.7084,0,0,0.0,2.0,True
2025-04-01,farmer:440001:026,farmer,440001,32107.89,13500.81,4746.42,8754.39,0.716,0,0,0.0,2.0,True
2025-04-01,farmer:440001:027,farmer,440001,13704.59,7003.04,4301.23,2701.81,0.7079,0,0,0.0,2.0,True
2025-04-01,farmer:440001:028,farmer,440001,35404.74,13238.68,4533.61,8705.07,0.7072,0,0,0.0,2.0,True
2025-04-01,farmer:440001:029,farmer,440001,39041.05,12505.66,4561.4,7944.26,0.7071,0,0,0.0,2.0,True
2025-04-01,farmer:440001:030,farmer,440001,37138.62,4146.85,4917.94,-771.09,0.7072,0,0,0.0,2.0,True
2025-04-01,farmer:440001:031,farmer,440001,51313.95,12557.09,4995.76,7561.33,0.7132,0,0,0.0,2.0,True
2025-04-01,farmer:440001:032,farmer,440001,14404.66,6110.77,3834.59,2276.18,0.7098,0,0,0.0,2.0,True
2025-04-01,farmer:440001:033,farmer,440001,59987.17,14307.92,4064.27,10243.65,0.7178,0,0,0.0,2.0,True
2025-04-01,farmer:440001:034,farmer,440001,38608.87,15068.24,3511.85,11556.39,0.7075,0,0,0.0,2.0,True
2025-04-01,farmer:440001:035,farmer,440001,36588.58,4669.8,4233.24,436.56,0.709,0,0,0.0,2.0,True
2025-05-01,lender:vridhi,synthetic_lender,national,2708750.0,141750.0,0.0,141750.0,0.0,0,0,0.0,0.0,True
2025-05-01,utility:413001,utility_company,413001,433875.0,26775.0,0.0,26775.0,0.0,0,0,0.0,0.0,True
2025-05-01,wholesaler:413001:01,wholesaler,413001,1629833.53,45421.94,2400.0,43021.94,0.0678,0,0,0.0,0.0,True
2025-05-01,retailer:413001:01,kirana,413001,106201.87,17218.83,11558.08,5660.75,0.0186,0,0,0.0,0.0,True
2025-05-01,retailer:413001:02,kirana,413001,116868.9,12347.09,7862.28,4484.81,0.2567,0,0,0.0,0.0,True
2025-05-01,retailer:413001:03,kirana,413001,110901.21,25909.98,14147.24,11762.74,0.3777,0,0,0.0,0.0,True
2025-05-01,retailer:413001:04,kirana,413001,125255.77,22873.66,16054.34,6819.32,0.1638,0,0,0.0,0.0,True
2025-05-01,farmer:413001:001,farmer,413001,10761.7,0.0,4439.85,-4439.85,0.718,0,0,0.0,2.0,True
2025-05-01,farmer:413001:002,farmer,413001,49522.03,0.0,4337.44,-4337.44,0.7076,0,0,0.0,2.0,True
2025-05-01,farmer:413001:003,farmer,413001,19694.52,0.0,4125.78,-4125.78,0.7164,0,0,0.0,2.0,True
2025-05-01,farmer:413001:004,farmer,413001,25788.25,0.0,3810.58,-3810.58,0.7084,0,0,0.0,2.0,True
2025-05-01,farmer:413001:005,farmer,413001,30950.54,0.0,3566.1,-3566.1,0.7078,0,0,0.0,2.0,True
2025-05-01,farmer:413001:006,farmer,413001,28348.89,0.0,3769.45,-3769.45,0.708,0,0,0.0,2.0,True
2025-05-01,farmer:413001:007,farmer,413001,30401.23,0.0,4235.07,-4235.07,0.7071,0,0,0.0,2.0,True
2025-05-01,farmer:413001:008,farmer,413001,16064.46,0.0,3584.93,-3584.93,0.7073,0,0,0.0,2.0,True
2025-05-01,farmer:413001:009,farmer,413001,15904.17,0.0,3747.19,-3747.19,0.7111,0,0,0.0,2.0,True
2025-05-01,farmer:413001:010,farmer,413001,45680.34,0.0,4264.22,-4264.22,0.7094,0,0,0.0,2.0,True
2025-05-01,farmer:413001:011,farmer,413001,41358.25,0.0,4803.91,-4803.91,0.7085,0,0,0.0,2.0,True
2025-05-01,farmer:413001:012,farmer,413001,30424.99,0.0,4859.36,-4859.36,0.7073,0,0,0.0,2.0,True
2025-05-01,farmer:413001:013,farmer,413001,47476.47,0.0,4403.61,-4403.61,0.7081,0,0,0.0,2.0,True
2025-05-01,farmer:413001:014,farmer,413001,22043.97,0.0,4283.57,-4283.57,0.7101,0,0,0.0,2.0,True
2025-05-01,farmer:413001:015,farmer,413001,13903.18,0.0,3509.48,-3509.48,0.7174,0,0,0.0,2.0,True
2025-05-01,farmer:413001:016,farmer,413001,15519.77,0.0,4679.38,-4679.38,0.7088,0,0,0.0,2.0,True
2025-05-01,farmer:413001:017,farmer,413001,25883.25,0.0,3773.26,-3773.26,0.7092,0,0,0.0,2.0,True
2025-05-01,farmer:413001:018,farmer,413001,44199.43,0.0,4853.37,-4853.37,0.7121,0,0,0.0,2.0,True
2025-05-01,farmer:413001:019,farmer,413001,25724.75,0.0,4368.49,-4368.49,0.712,0,0,0.0,2.0,True
2025-05-01,farmer:413001:020,farmer,413001,18450.69,0.0,4767.14,-4767.14,0.7071,0,0,0.0,2.0,True
2025-05-01,farmer:413001:021,farmer,413001,40022.64,0.0,3684.39,-3684.39,0.7171,0,0,0.0,2.0,True
2025-05-01,farmer:413001:022,farmer,413001,52740.97,0.0,5002.38,-5002.38,0.7071,0,0,0.0,2.0,True
2025-05-01,farmer:413001:023,farmer,413001,12217.74,0.0,4797.42,-4797.42,0.7071,0,0,0.0,2.0,True
2025-05-01,farmer:413001:024,farmer,413001,41648.53,0.0,3368.69,-3368.69,0.7073,0,0,0.0,2.0,True
2025-05-01,farmer:413001:025,farmer,413001,33103.99,0.0,3495.93,-3495.93,0.7141,0,0,0.0,2.0,True
2025-05-01,farmer:413001:026,farmer,413001,41732.47,0.0,4870.42,-4870.42,0.7075,0,0,0.0,2.0,True
2025-05-01,farmer:413001:027,farmer,413001,29065.14,0.0,3833.61,-3833.61,0.7088,0,0,0.0,2.0,True
2025-05-01,farmer:413001:028,farmer,413001,49454.4,0.0,3533.46,-3533.46,0.7073,0,0,0.0,2.0,True
2025-05-01,farmer:413001:029,farmer,413001,43556.22,0.0,4543.96,-4543.96,0.7072,0,0,0.0,2.0,True
2025-05-01,farmer:413001:030,farmer,413001,4771.41,0.0,4689.61,-4689.61,0.7071,0,0,0.0,2.0,True
2025-05-01,farmer:413001:031,farmer,413001,51447.71,0.0,3416.55,-3416.55,0.7071,0,0,0.0,2.0,True
2025-05-01,farmer:413001:032,farmer,413001,18010.26,0.0,3600.35,-3600.35,0.7127,0,0,0.0,2.0,True
2025-05-01,farmer:413001:033,farmer,413001,50097.36,0.0,4205.96,-4205.96,0.7084,0,0,0.0,2.0,True
2025-05-01,farmer:413001:034,farmer,413001,27174.62,0.0,4288.71,-4288.71,0.7073,0,0,0.0,2.0,True
2025-05-01,farmer:413001:035,farmer,413001,27502.36,0.0,4260.94,-4260.94,0.7073,0,0,0.0,2.0,True
2025-05-01,utility:431001,utility_company,431001,433250.0,26650.0,0.0,26650.0,0.0,0,0,0.0,0.0,True
2025-05-01,wholesaler:431001:01,wholesaler,431001,1530292.85,47938.46,2400.0,45538.46,0.0333,0,0,0.0,0.0,True
2025-05-01,retailer:431001:01,kirana,431001,109154.8,13943.97,8595.07,5348.9,0.5113,0,0,0.0,0.0,True
2025-05-01,retailer:431001:02,kirana,431001,116479.17,20378.54,12954.62,7423.92,0.0809,0,0,0.0,0.0,True
2025-05-01,retailer:431001:03,kirana,431001,115968.72,29578.6,19523.6,10055.0,0.2785,0,0,0.0,0.0,True
2025-05-01,retailer:431001:04,kirana,431001,117633.55,14734.16,11065.17,3668.99,0.2496,0,0,0.0,0.0,True
2025-05-01,farmer:431001:001,farmer,431001,20615.03,0.0,4537.7,-4537.7,0.7071,0,0,0.0,2.0,True
2025-05-01,farmer:431001:002,farmer,431001,60971.65,0.0,4110.97,-4110.97,0.7077,0,0,0.0,2.0,True
2025-05-01,farmer:431001:003,farmer,431001,22844.14,0.0,3734.06,-3734.06,0.7114,0,0,0.0,2.0,True
2025-05-01,farmer:431001:004,farmer,431001,37921.28,0.0,4150.47,-4150.47,0.7105,0,0,0.0,2.0,True
2025-05-01,farmer:431001:005,farmer,431001,23459.37,0.0,3943.65,-3943.65,0.7075,0,0,0.0,2.0,True
2025-05-01,farmer:431001:006,farmer,431001,48292.86,0.0,4299.57,-4299.57,0.7072,0,0,0.0,2.0,True
2025-05-01,farmer:431001:007,farmer,431001,11595.15,0.0,3937.41,-3937.41,0.7073,0,0,0.0,2.0,True
2025-05-01,farmer:431001:008,farmer,431001,57238.85,0.0,4769.54,-4769.54,0.7108,0,0,0.0,2.0,True
2025-05-01,farmer:431001:009,farmer,431001,13429.91,0.0,3750.21,-3750.21,0.7071,0,0,0.0,2.0,True
2025-05-01,farmer:431001:010,farmer,431001,31926.53,0.0,4552.9,-4552.9,0.7082,0,0,0.0,2.0,True
2025-05-01,farmer:431001:011,farmer,431001,31301.85,0.0,3746.02,-3746.02,0.7081,0,0,0.0,2.0,True
2025-05-01,farmer:431001:012,farmer,431001,24854.23,0.0,4013.38,-4013.38,0.7195,0,0,0.0,2.0,True
2025-05-01,farmer:431001:013,farmer,431001,40279.32,0.0,4971.1,-4971.1,0.7135,0,0,0.0,2.0,True
2025-05-01,farmer:431001:014,farmer,431001,27647.79,0.0,3804.43,-3804.43,0.7082,0,0,0.0,2.0,True
2025-05-01,farmer:431001:015,farmer,431001,16188.17,0.0,5039.77,-5039.77,0.7074,0,0,0.0,2.0,True
2025-05-01,farmer:431001:016,farmer,431001,36120.97,0.0,4695.16,-4695.16,0.7127,0,0,0.0,2.0,True
2025-05-01,farmer:431001:017,farmer,431001,12617.76,0.0,4425.47,-4425.47,0.7091,0,0,0.0,2.0,True
2025-05-01,farmer:431001:018,farmer,431001,28480.16,0.0,4107.77,-4107.77,0.7086,0,0,0.0,2.0,True
2025-05-01,farmer:431001:019,farmer,431001,26306.73,0.0,4007.28,-4007.28,0.7072,0,0,0.0,2.0,True
2025-05-01,farmer:431001:020,farmer,431001,57761.45,0.0,4000.63,-4000.63,0.7085,0,0,0.0,2.0,True
2025-05-01,farmer:431001:021,farmer,431001,32918.12,0.0,4771.07,-4771.07,0.7124,0,0,0.0,2.0,True
2025-05-01,farmer:431001:022,farmer,431001,38130.29,0.0,3837.8,-3837.8,0.7096,0,0,0.0,2.0,True
2025-05-01,farmer:431001:023,farmer,431001,44293.62,0.0,4409.67,-4409.67,0.7075,0,0,0.0,2.0,True
2025-05-01,farmer:431001:024,farmer,431001,9616.18,0.0,4474.62,-4474.62,0.7071,0,0,0.0,2.0,True
2025-05-01,farmer:431001:025,farmer,431001,32184.91,0.0,3312.94,-3312.94,0.7078,0,0,0.0,2.0,True
2025-05-01,farmer:431001:026,farmer,431001,57151.26,0.0,4716.64,-4716.64,0.7084,0,0,0.0,2.0,True
2025-05-01,farmer:431001:027,farmer,431001,25282.75,0.0,3689.65,-3689.65,0.7106,0,0,0.0,2.0,True
2025-05-01,farmer:431001:028,farmer,431001,15898.33,0.0,3713.93,-3713.93,0.7075,0,0,0.0,2.0,True
2025-05-01,farmer:431001:029,farmer,431001,22515.46,0.0,4042.23,-4042.23,0.7074,0,0,0.0,2.0,True
2025-05-01,farmer:431001:030,farmer,431001,42656.43,0.0,3915.73,-3915.73,0.7095,0,0,0.0,2.0,True
2025-05-01,farmer:431001:031,farmer,431001,22764.12,0.0,3462.51,-3462.51,0.7077,0,0,0.0,2.0,True
2025-05-01,farmer:431001:032,farmer,431001,62380.19,0.0,4432.48,-4432.48,0.7077,0,0,0.0,2.0,True
2025-05-01,farmer:431001:033,farmer,431001,34752.91,0.0,4067.83,-4067.83,0.7071,0,0,0.0,2.0,True
2025-05-01,farmer:431001:034,farmer,431001,21484.32,0.0,4430.35,-4430.35,0.7116,0,0,0.0,2.0,True
2025-05-01,farmer:431001:035,farmer,431001,47182.99,0.0,4060.33,-4060.33,0.7084,0,0,0.0,2.0,True
2025-05-01,utility:440001,utility_company,440001,432625.0,26525.0,0.0,26525.0,0.0,0,0,0.0,0.0,True
2025-05-01,wholesaler:440001:01,wholesaler,440001,1473269.87,45816.53,2400.0,43416.53,0.0577,0,0,0.0,0.0,True
2025-05-01,retailer:440001:01,kirana,440001,114723.29,20052.16,11093.48,8958.68,0.1822,0,0,0.0,0.0,True
2025-05-01,retailer:440001:02,kirana,440001,123054.53,20833.3,13270.02,7563.28,0.0681,0,0,0.0,0.0,True
2025-05-01,retailer:440001:03,kirana,440001,107452.6,13107.15,9651.13,3456.02,0.0812,0,0,0.0,0.0,True
2025-05-01,retailer:440001:04,kirana,440001,123389.07,27961.58,16001.9,11959.68,0.2352,0,0,0.0,0.0,True
2025-05-01,farmer:440001:001,farmer,440001,39728.81,0.0,3642.7,-3642.7,0.7089,0,0,0.0,2.0,True
2025-05-01,farmer:440001:002,farmer,440001,63586.73,0.0,3913.47,-3913.47,0.7121,0,0,0.0,2.0,True
2025-05-01,farmer:440001:003,farmer,440001,28626.74,0.0,4599.95,-4599.95,0.7198,0,0,0.0,2.0,True
2025-05-01,farmer:440001:004,farmer,440001,49032.44,0.0,4846.7,-4846.7,0.7123,0,0,0.0,2.0,True
2025-05-01,farmer:440001:005,farmer,440001,24479.73,0.0,4755.19,-4755.19,0.7072,0,0,0.0,2.0,True
2025-05-01,farmer:440001:006,farmer,440001,43508.61,0.0,4206.48,-4206.48,0.7081,0,0,0.0,2.0,True
2025-05-01,farmer:440001:007,farmer,440001,30420.12,0.0,4791.04,-4791.04,0.709,0,0,0.0,2.0,True
2025-05-01,farmer:440001:008,farmer,440001,41867.91,0.0,4560.52,-4560.52,0.7077,0,0,0.0,2.0,True
2025-05-01,farmer:440001:009,farmer,440001,38380.22,0.0,4432.7,-4432.7,0.7152,0,0,0.0,2.0,True
2025-05-01,farmer:440001:010,farmer,440001,38404.94,0.0,4798.41,-4798.41,0.7085,0,0,0.0,2.0,True
2025-05-01,farmer:440001:011,farmer,440001,38260.47,0.0,3985.43,-3985.43,0.7125,0,0,0.0,2.0,True
2025-05-01,farmer:440001:012,farmer,440001,30188.19,0.0,4789.83,-4789.83,0.7092,0,0,0.0,2.0,True
2025-05-01,farmer:440001:013,farmer,440001,35432.65,0.0,4973.67,-4973.67,0.7081,0,0,0.0,2.0,True
2025-05-01,farmer:440001:014,farmer,440001,36682.9,0.0,4668.85,-4668.85,0.7085,0,0,0.0,2.0,True
2025-05-01,farmer:440001:015,farmer,440001,49660.52,0.0,4344.31,-4344.31,0.7073,0,0,0.0,2.0,True
2025-05-01,farmer:440001:016,farmer,440001,11461.1,0.0,4251.24,-4251.24,0.7109,0,0,0.0,2.0,True
2025-05-01,farmer:440001:017,farmer,440001,61189.44,0.0,3749.74,-3749.74,0.7084,0,0,0.0,2.0,True
2025-05-01,farmer:440001:018,farmer,440001,15966.71,0.0,5092.42,-5092.42,0.7226,0,0,0.0,2.0,True
2025-05-01,farmer:440001:019,farmer,440001,44787.57,0.0,4165.84,-4165.84,0.7089,0,0,0.0,2.0,True
2025-05-01,farmer:440001:020,farmer,440001,17257.18,0.0,3682.71,-3682.71,0.7073,0,0,0.0,2.0,True
2025-05-01,farmer:440001:021,farmer,440001,34897.76,0.0,4523.78,-4523.78,0.7071,0,0,0.0,2.0,True
2025-05-01,farmer:440001:022,farmer,440001,9049.91,0.0,3557.27,-3557.27,0.7083,0,0,0.0,2.0,True
2025-05-01,farmer:440001:023,farmer,440001,26654.6,0.0,4166.78,-4166.78,0.7096,0,0,0.0,2.0,True
2025-05-01,farmer:440001:024,farmer,440001,27710.64,0.0,4210.46,-4210.46,0.7081,0,0,0.0,2.0,True
2025-05-01,farmer:440001:025,farmer,440001,28016.07,0.0,3967.3,-3967.3,0.7084,0,0,0.0,2.0,True
2025-05-01,farmer:440001:026,farmer,440001,27976.91,0.0,4130.98,-4130.98,0.716,0,0,0.0,2.0,True
2025-05-01,farmer:440001:027,farmer,440001,8886.4,0.0,4818.19,-4818.19,0.7079,0,0,0.0,2.0,True
2025-05-01,farmer:440001:028,farmer,440001,31357.06,0.0,4047.68,-4047.68,0.7072,0,0,0.0,2.0,True
2025-05-01,farmer:440001:029,farmer,440001,34392.73,0.0,4648.32,-4648.32,0.7071,0,0,0.0,2.0,True
2025-05-01,farmer:440001:030,farmer,440001,33829.89,0.0,3308.73,-3308.73,0.7072,0,0,0.0,2.0,True
2025-05-01,farmer:440001:031,farmer,440001,46690.39,0.0,4623.56,-4623.56,0.7132,0,0,0.0,2.0,True
2025-05-01,farmer:440001:032,farmer,440001,10792.83,0.0,3611.83,-3611.83,0.7098,0,0,0.0,2.0,True
2025-05-01,farmer:440001:033,farmer,440001,56315.67,0.0,3671.5,-3671.5,0.7178,0,0,0.0,2.0,True
2025-05-01,farmer:440001:034,farmer,440001,35099.82,0.0,3509.05,-3509.05,0.7075,0,0,0.0,2.0,True
2025-05-01,farmer:440001:035,farmer,440001,32506.02,0.0,4082.56,-4082.56,0.709,0,0,0.0,2.0,True
2025-06-01,lender:vridhi,synthetic_lender,national,2850500.0,141750.0,0.0,141750.0,0.0,0,0,0.0,0.0,True
2025-06-01,utility:413001,utility_company,413001,460650.0,26775.0,0.0,26775.0,0.0,0,0,0.0,0.0,True
2025-06-01,wholesaler:413001:01,wholesaler,413001,1678528.49,51094.96,2400.0,48694.96,0.0752,0,0,0.0,0.0,True
2025-06-01,retailer:413001:01,kirana,413001,108913.69,8905.95,6194.13,2711.82,0.2655,0,0,0.0,0.0,True
2025-06-01,retailer:413001:02,kirana,413001,124579.04,17639.46,9929.32,7710.14,0.2424,0,0,0.0,0.0,True
2025-06-01,retailer:413001:03,kirana,413001,121807.15,32164.24,21258.3,10905.94,0.4254,0,0,0.0,0.0,True
2025-06-01,retailer:413001:04,kirana,413001,134668.14,27325.58,17913.21,9412.37,0.1206,0,0,0.0,0.0,True
2025-06-01,farmer:413001:001,farmer,413001,6619.97,0.0,4141.73,-4141.73,1.4142,0,0,0.0,2.0,True
2025-06-01,farmer:413001:002,farmer,413001,44578.92,0.0,4943.11,-4943.11,1.4142,0,0,0.0,2.0,True
2025-06-01,farmer:413001:003,farmer,413001,15240.23,0.0,4454.29,-4454.29,1.4142,0,0,0.0,2.0,True
2025-06-01,farmer:413001:004,farmer,413001,21273.06,0.0,4515.19,-4515.19,1.4142,0,0,0.0,2.0,True
2025-06-01,farmer:413001:005,farmer,413001,26478.3,0.0,4472.24,-4472.24,1.4142,0,0,0.0,2.0,True
2025-06-01,farmer:413001:006,farmer,413001,24062.27,0.0,4286.62,-4286.62,1.4142,0,0,0.0,2.0,True
2025-06-01,farmer:413001:007,farmer,413001,26015.35,0.0,4385.88,-4385.88,1.4142,0,0,0.0,2.0,True
2025-06-01,farmer:413001:008,farmer,413001,11142.75,0.0,4921.71,-4921.71,1.4142,0,0,0.0,2.0,True
2025-06-01,farmer:413001:009,farmer,413001,12227.11,0.0,3677.06,-3677.06,1.4142,0,0,0.0,2.0,True
2025-06-01,farmer:413001:010,farmer,413001,40703.33,0.0,4977.01,-4977.01,1.4142,0,0,0.0,2.0,True
2025-06-01,farmer:413001:011,farmer,413001,37581.45,0.0,3776.8,-3776.8,1.4142,0,0,0.0,2.0,True
2025-06-01,farmer:413001:012,farmer,413001,25732.89,0.0,4692.1,-4692.1,1.4142,0,0,0.0,2.0,True
2025-06-01,farmer:413001:013,farmer,413001,42868.48,0.0,4607.99,-4607.99,1.4142,0,0,0.0,2.0,True
2025-06-01,farmer:413001:014,farmer,413001,16972.05,0.0,5071.92,-5071.92,1.4142,0,0,0.0,2.0,True
2025-06-01,farmer:413001:015,farmer,413001,9187.21,0.0,4715.97,-4715.97,1.4142,0,0,0.0,2.0,True
2025-06-01,farmer:413001:016,farmer,413001,10895.32,0.0,4624.45,-4624.45,1.4142,0,0,0.0,2.0,True
2025-06-01,farmer:413001:017,farmer,413001,22135.39,0.0,3747.86,-3747.86,1.4142,0,0,0.0,2.0,True
2025-06-01,farmer:413001:018,farmer,413001,40419.94,0.0,3779.49,-3779.49,1.4142,0,0,0.0,2.0,True
2025-06-01,farmer:413001:019,farmer,413001,21732.79,0.0,3991.96,-3991.96,1.4142,0,0,0.0,2.0,True
2025-06-01,farmer:413001:020,farmer,413001,14005.99,0.0,4444.7,-4444.7,1.4142,0,0,0.0,2.0,True
2025-06-01,farmer:413001:021,farmer,413001,35758.7,0.0,4263.94,-4263.94,1.4142,0,0,0.0,2.0,True
2025-06-01,farmer:413001:022,farmer,413001,48417.8,0.0,4323.17,-4323.17,1.4142,0,0,0.0,2.0,True
2025-06-01,farmer:413001:023,farmer,413001,8205.66,0.0,4012.08,-4012.08,1.4142,0,0,0.0,2.0,True
2025-06-01,farmer:413001:024,farmer,413001,37215.86,0.0,4432.67,-4432.67,1.4142,0,0,0.0,2.0,True
2025-06-01,farmer:413001:025,farmer,413001,27979.72,0.0,5124.27,-5124.27,1.4142,0,0,0.0,2.0,True
2025-06-01,farmer:413001:026,farmer,413001,37669.84,0.0,4062.63,-4062.63,1.4142,0,0,0.0,2.0,True
2025-06-01,farmer:413001:027,farmer,413001,24599.8,0.0,4465.34,-4465.34,1.4142,0,0,0.0,2.0,True
2025-06-01,farmer:413001:028,farmer,413001,45713.2,0.0,3741.2,-3741.2,1.4142,0,0,0.0,2.0,True
2025-06-01,farmer:413001:029,farmer,413001,39376.89,0.0,4179.33,-4179.33,1.4142,0,0,0.0,2.0,True
2025-06-01,farmer:413001:030,farmer,413001,796.88,0.0,3974.53,-3974.53,1.4142,0,0,0.0,0.5903,True
2025-06-01,farmer:413001:031,farmer,413001,47076.92,0.0,4370.79,-4370.79,1.4142,0,0,0.0,2.0,True
2025-06-01,farmer:413001:032,farmer,413001,13284.63,0.0,4725.63,-4725.63,1.4142,0,0,0.0,2.0,True
2025-06-01,farmer:413001:033,farmer,413001,45568.21,0.0,4529.15,-4529.15,1.4142,0,0,0.0,2.0,True
2025-06-01,farmer:413001:034,farmer,413001,22525.94,0.0,4648.68,-4648.68,1.4142,0,0,0.0,2.0,True
2025-06-01,farmer:413001:035,farmer,413001,23123.62,0.0,4378.74,-4378.74,1.4142,0,0,0.0,2.0,True
2025-06-01,utility:431001,utility_company,431001,459900.0,26650.0,0.0,26650.0,0.0,0,0,0.0,0.0,True
2025-06-01,wholesaler:431001:01,wholesaler,431001,1572367.02,44474.17,2400.0,42074.17,0.0484,0,0,0.0,0.0,True
2025-06-01,retailer:431001:01,kirana,431001,115305.12,15955.83,9805.51,6150.32,0.3772,0,0,0.0,0.0,True
2025-06-01,retailer:431001:02,kirana,431001,126461.13,23320.66,13338.7,9981.96,0.0831,0,0,0.0,0.0,True
2025-06-01,retailer:431001:03,kirana,431001,127123.62,25933.27,14778.37,11154.9,0.2797,0,0,0.0,0.0,True
2025-06-01,retailer:431001:04,kirana,431001,122962.09,16080.13,10751.59,5328.54,0.0463,0,0,0.0,0.0,True
2025-06-01,farmer:431001:001,farmer,431001,15847.31,0.0,4767.72,-4767.72,1.4142,0,0,0.0,2.0,True
2025-06-01,farmer:431001:002,farmer,431001,57018.25,0.0,3953.4,-3953.4,1.4142,0,0,0.0,2.0,True
2025-06-01,farmer:431001:003,farmer,431001,19307.29,0.0,3536.85,-3536.85,1.4142,0,0,0.0,2.0,True
2025-06-01,farmer:431001:004,farmer,431001,33984.58,0.0,3936.7,-3936.7,1.4142,0,0,0.0,2.0,True
2025-06-01,farmer:431001:005,farmer,431001,18401.8,0.0,5057.57,-5057.57,1.4142,0,0,0.0,2.0,True
2025-06-01,farmer:431001:006,farmer,431001,44854.31,0.0,3438.55,-3438.55,1.4142,0,0,0.0,2.0,True
2025-06-01,farmer:431001:007,farmer,431001,7808.06,0.0,3787.09,-3787.09,1.4142,0,0,0.0,2.0,True
2025-06-01,farmer:431001:008,farmer,431001,53660.23,0.0,3578.62,-3578.62,1.4142,0,0,0.0,2.0,True
2025-06-01,farmer:431001:009,farmer,431001,8859.25,0.0,4570.66,-4570.66,1.4142,0,0,0.0,2.0,True
2025-06-01,farmer:431001:010,farmer,431001,27400.58,0.0,4525.95,-4525.95,1.4142,0,0,0.0,2.0,True
2025-06-01,farmer:431001:011,farmer,431001,26763.35,0.0,4538.5,-4538.5,1.4142,0,0,0.0,2.0,True
2025-06-01,farmer:431001:012,farmer,431001,21254.15,0.0,3600.08,-3600.08,1.4142,0,0,0.0,2.0,True
2025-06-01,farmer:431001:013,farmer,431001,36291.13,0.0,3988.19,-3988.19,1.4142,0,0,0.0,2.0,True
2025-06-01,farmer:431001:014,farmer,431001,22969.7,0.0,4678.09,-4678.09,1.4142,0,0,0.0,2.0,True
2025-06-01,farmer:431001:015,farmer,431001,11547.43,0.0,4640.74,-4640.74,1.4142,0,0,0.0,2.0,True
2025-06-01,farmer:431001:016,farmer,431001,31198.56,0.0,4922.41,-4922.41,1.4142,0,0,0.0,2.0,True
2025-06-01,farmer:431001:017,farmer,431001,8888.95,0.0,3728.81,-3728.81,1.4142,0,0,0.0,2.0,True
2025-06-01,farmer:431001:018,farmer,431001,23659.96,0.0,4820.2,-4820.2,1.4142,0,0,0.0,2.0,True
2025-06-01,farmer:431001:019,farmer,431001,21485.15,0.0,4821.58,-4821.58,1.4142,0,0,0.0,2.0,True
2025-06-01,farmer:431001:020,farmer,431001,53148.81,0.0,4612.64,-4612.64,1.4142,0,0,0.0,2.0,True
2025-06-01,farmer:431001:021,farmer,431001,28501.48,0.0,4416.64,-4416.64,1.4142,0,0,0.0,2.0,True
2025-06-01,farmer:431001:022,farmer,431001,34597.69,0.0,3532.6,-3532.6,1.4142,0,0,0.0,2.0,True
2025-06-01,farmer:431001:023,farmer,431001,39737.07,0.0,4556.55,-4556.55,1.4142,0,0,0.0,2.0,True
2025-06-01,farmer:431001:024,farmer,431001,4898.93,0.0,4717.25,-4717.25,1.4142,0,0,0.0,2.0,True
2025-06-01,farmer:431001:025,farmer,431001,27628.85,0.0,4556.06,-4556.06,1.4142,0,0,0.0,2.0,True
2025-06-01,farmer:431001:026,farmer,431001,53327.29,0.0,3823.97,-3823.97,1.4142,0,0,0.0,2.0,True
2025-06-01,farmer:431001:027,farmer,431001,21317.99,0.0,3964.76,-3964.76,1.4142,0,0,0.0,2.0,True
2025-06-01,farmer:431001:028,farmer,431001,12292.85,0.0,3605.48,-3605.48,1.4142,0,0,0.0,2.0,True
2025-06-01,farmer:431001:029,farmer,431001,18226.79,0.0,4288.67,-4288.67,1.4142,0,0,0.0,2.0,True
2025-06-01,farmer:431001:030,farmer,431001,38473.1,0.0,4183.33,-4183.33,1.4142,0,0,0.0,2.0,True
2025-06-01,farmer:431001:031,farmer,431001,17944.82,0.0,4819.3,-4819.3,1.4142,0,0,0.0,2.0,True
2025-06-01,farmer:431001:032,farmer,431001,58097.07,0.0,4283.12,-4283.12,1.4142,0,0,0.0,2.0,True
2025-06-01,farmer:431001:033,farmer,431001,30963.33,0.0,3789.58,-3789.58,1.4142,0,0,0.0,2.0,True
2025-06-01,farmer:431001:034,farmer,431001,17055.43,0.0,4428.89,-4428.89,1.4142,0,0,0.0,2.0,True
2025-06-01,farmer:431001:035,farmer,431001,43063.65,0.0,4119.34,-4119.34,1.4142,0,0,0.0,2.0,True
2025-06-01,utility:440001,utility_company,440001,459150.0,26525.0,0.0,26525.0,0.0,0,0,0.0,0.0,True
2025-06-01,wholesaler:440001:01,wholesaler,440001,1522439.79,51569.92,2400.0,49169.92,0.0638,0,0,0.0,0.0,True
2025-06-01,retailer:440001:01,kirana,440001,123754.29,22480.35,13449.35,9031.0,0.1669,0,0,0.0,0.0,True
2025-06-01,retailer:440001:02,kirana,440001,128770.37,14839.86,9124.02,5715.84,0.1928,0,0,0.0,0.0,True
2025-06-01,retailer:440001:03,kirana,440001,114429.15,19224.59,12248.04,6976.55,0.1551,0,0,0.0,0.0,True
2025-06-01,retailer:440001:04,kirana,440001,133524.03,31083.47,20948.51,10134.96,0.0737,0,0,0.0,0.0,True
2025-06-01,farmer:440001:001,farmer,440001,36055.6,0.0,3673.21,-3673.21,1.4142,0,0,0.0,2.0,True
2025-06-01,farmer:440001:002,farmer,440001,58870.11,0.0,4716.62,-4716.62,1.4142,0,0,0.0,2.0,True
2025-06-01,farmer:440001:003,farmer,440001,24137.28,0.0,4489.46,-4489.46,1.4142,0,0,0.0,2.0,True
2025-06-01,farmer:440001:004,farmer,440001,44713.33,0.0,4319.11,-4319.11,1.4142,0,0,0.0,2.0,True
2025-06-01,farmer:440001:005,farmer,440001,20705.74,0.0,3773.99,-3773.99,1.4142,0,0,0.0,2.0,True
2025-06-01,farmer:440001:006,farmer,440001,39049.24,0.0,4459.37,-4459.37,1.4142,0,0,0.0,2.0,True
2025-06-01,farmer:440001:007,farmer,440001,26956.7,0.0,3463.42,-3463.42,1.4142,0,0,0.0,2.0,True
2025-06-01,farmer:440001:008,farmer,440001,37038.06,0.0,4829.85,-4829.85,1.4142,0,0,0.0,2.0,True
2025-06-01,farmer:440001:009,farmer,440001,33588.02,0.0,4792.2,-4792.2,1.4142,0,0,0.0,2.0,True
2025-06-01,farmer:440001:010,farmer,440001,33757.7,0.0,4647.24,-4647.24,1.4142,0,0,0.0,2.0,True
2025-06-01,farmer:440001:011,farmer,440001,34232.14,0.0,4028.33,-4028.33,1.4142,0,0,0.0,2.0,True
2025-06-01,farmer:440001:012,farmer,440001,26276.64,0.0,3911.55,-3911.55,1.4142,0,0,0.0,2.0,True
2025-06-01,farmer:440001:013,farmer,440001,31145.07,0.0,4287.58,-4287.58,1.4142,0,0,0.0,2.0,True
2025-06-01,farmer:440001:014,farmer,440001,32682.86,0.0,4000.04,-4000.04,1.4142,0,0,0.0,2.0,True
2025-06-01,farmer:440001:015,farmer,440001,44902.06,0.0,4758.46,-4758.46,1.4142,0,0,0.0,2.0,True
2025-06-01,farmer:440001:016,farmer,440001,6747.65,0.0,4713.45,-4713.45,1.4142,0,0,0.0,2.0,True
2025-06-01,farmer:440001:017,farmer,440001,56933.98,0.0,4255.46,-4255.46,1.4142,0,0,0.0,2.0,True
2025-06-01,farmer:440001:018,farmer,440001,11285.88,0.0,4680.83,-4680.83,1.4142,0,0,0.0,2.0,True
2025-06-01,farmer:440001:019,farmer,440001,40026.28,0.0,4761.29,-4761.29,1.4142,0,0,0.0,2.0,True
2025-06-01,farmer:440001:020,farmer,440001,12465.73,0.0,4791.45,-4791.45,1.4142,0,0,0.0,2.0,True
2025-06-01,farmer:440001:021,farmer,440001,29827.99,0.0,5069.77,-5069.77,1.4142,0,0,0.0,2.0,True
2025-06-01,farmer:440001:022,farmer,440001,5470.07,0.0,3579.84,-3579.84,1.4142,0,0,0.0,2.0,True
2025-06-01,farmer:440001:023,farmer,440001,21767.44,0.0,4887.16,-4887.16,1.4142,0,0,0.0,2.0,True
2025-06-01,farmer:440001:024,farmer,440001,22672.92,0.0,5037.72,-5037.72,1.4142,0,0,0.0,2.0,True
2025-06-01,farmer:440001:025,farmer,440001,23140.11,0.0,4875.96,-4875.96,1.4142,0,0,0.0,2.0,True
2025-06-01,farmer:440001:026,farmer,440001,23501.09,0.0,4475.82,-4475.82,1.4142,0,0,0.0,2.0,True
2025-06-01,farmer:440001:027,farmer,440001,5433.77,0.0,3452.63,-3452.63,1.4142,0,0,0.0,2.0,True
2025-06-01,farmer:440001:028,farmer,440001,26930.72,0.0,4426.34,-4426.34,1.4142,0,0,0.0,2.0,True
2025-06-01,farmer:440001:029,farmer,440001,30028.42,0.0,4364.31,-4364.31,1.4142,0,0,0.0,2.0,True
2025-06-01,farmer:440001:030,farmer,440001,28887.3,0.0,4942.59,-4942.59,1.4142,0,0,0.0,2.0,True
2025-06-01,farmer:440001:031,farmer,440001,42283.05,0.0,4407.34,-4407.34,1.4142,0,0,0.0,2.0,True
2025-06-01,farmer:440001:032,farmer,440001,6507.44,0.0,4285.39,-4285.39,1.4142,0,0,0.0,2.0,True
2025-06-01,farmer:440001:033,farmer,440001,51521.28,0.0,4794.39,-4794.39,1.4142,0,0,0.0,2.0,True
2025-06-01,farmer:440001:034,farmer,440001,30712.43,0.0,4387.39,-4387.39,1.4142,0,0,0.0,2.0,True
2025-06-01,farmer:440001:035,farmer,440001,28042.31,0.0,4463.71,-4463.71,1.4142,0,0,0.0,2.0,True
2025-07-01,lender:vridhi,synthetic_lender,national,2990900.0,140400.0,0.0,140400.0,0.0045,0,0,0.0,0.0,True
2025-07-01,utility:413001,utility_company,413001,486795.0,26145.0,0.0,26145.0,0.0112,0,0,0.0,0.0,True
2025-07-01,wholesaler:413001:01,wholesaler,413001,1725872.89,49744.4,2400.0,47344.4,0.0496,0,0,0.0,0.0,True
2025-07-01,retailer:413001:01,kirana,413001,114938.52,22321.92,16297.09,6024.83,0.3424,0,0,0.0,0.0,True
2025-07-01,retailer:413001:02,kirana,413001,130720.91,22073.13,15931.26,6141.87,0.2291,0,0,0.0,0.0,True
2025-07-01,retailer:413001:03,kirana,413001,129715.76,18940.9,11032.29,7908.61,0.2104,0,0,0.0,0.0,True
2025-07-01,retailer:413001:04,kirana,413001,139568.79,15584.41,10683.76,4900.65,0.2207,0,0,0.0,0.0,True
2025-07-01,farmer:413001:001,farmer,413001,2247.23,0.0,4372.74,-4372.74,0.0,0,0,0.0,1.6646,True
2025-07-01,farmer:413001:002,farmer,413001,40963.19,0.0,3615.73,-3615.73,0.0,0,0,0.0,2.0,True
2025-07-01,farmer:413001:003,farmer,413001,11410.97,0.0,3829.26,-3829.26,0.0,0,0,0.0,2.0,True
2025-07-01,farmer:413001:004,farmer,413001,16546.29,0.0,4726.77,-4726.77,0.0,0,0,0.0,2.0,True
2025-07-01,farmer:413001:005,farmer,413001,22024.42,0.0,4453.88,-4453.88,0.0,0,0,0.0,2.0,True
2025-07-01,farmer:413001:006,farmer,413001,19190.65,0.0,4871.62,-4871.62,0.0,0,0,0.0,2.0,True
2025-07-01,farmer:413001:007,farmer,413001,21750.98,0.0,4264.37,-4264.37,0.0,0,0,0.0,2.0,True
2025-07-01,farmer:413001:008,farmer,413001,6437.46,0.0,4705.29,-4705.29,0.0,0,0,0.0,2.0,True
2025-07-01,farmer:413001:009,farmer,413001,7942.9,0.0,4284.21,-4284.21,0.0,0,0,0.0,2.0,True
2025-07-01,farmer:413001:010,farmer,413001,36211.31,0.0,4492.02,-4492.02,0.0,0,0,0.0,2.0,True
2025-07-01,farmer:413001:011,farmer,413001,33506.42,0.0,4075.03,-4075.03,0.0,0,0,0.0,2.0,True
2025-07-01,farmer:413001:012,farmer,413001,21370.33,0.0,4362.56,-4362.56,0.0,0,0,0.0,2.0,True
2025-07-01,farmer:413001:013,farmer,413001,39125.83,0.0,3742.65,-3742.65,0.0,0,0,0.0,2.0,True
2025-07-01,farmer:413001:014,farmer,413001,12089.7,0.0,4882.35,-4882.35,0.0,0,0,0.0,2.0,True
2025-07-01,farmer:413001:015,farmer,413001,4498.09,0.0,4689.12,-4689.12,0.0,0,0,0.0,2.0,True
2025-07-01,farmer:413001:016,farmer,413001,7257.01,0.0,3638.31,-3638.31,0.0,0,0,0.0,2.0,True
2025-07-01,farmer:413001:017,farmer,413001,18405.16,0.0,3730.23,-3730.23,0.0,0,0,0.0,2.0,True
2025-07-01,farmer:413001:018,farmer,413001,35779.87,0.0,4640.07,-4640.07,0.0,0,0,0.0,2.0,True
2025-07-01,farmer:413001:019,farmer,413001,18134.53,0.0,3598.26,-3598.26,0.0,0,0,0.0,2.0,True
2025-07-01,farmer:413001:020,farmer,413001,9811.24,0.0,4194.75,-4194.75,0.0,0,0,0.0,2.0,True
2025-07-01,farmer:413001:021,farmer,413001,31743.66,0.0,4015.04,-4015.04,0.0,0,0,0.0,2.0,True
2025-07-01,farmer:413001:022,farmer,413001,44007.15,0.0,4410.65,-4410.65,0.0,0,0,0.0,2.0,True
2025-07-01,farmer:413001:023,farmer,413001,4296.97,0.0,3908.69,-3908.69,0.0,0,0,0.0,2.0,True
2025-07-01,farmer:413001:024,farmer,413001,33263.04,0.0,3952.82,-3952.82,0.0,0,0,0.0,2.0,True
2025-07-01,farmer:413001:025,farmer,413001,23460.73,0.0,4518.99,-4518.99,0.0,0,0,0.0,2.0,True
2025-07-01,farmer:413001:026,farmer,413001,32921.71,0.0,4748.13,-4748.13,0.0,0,0,0.0,2.0,True
2025-07-01,farmer:413001:027,farmer,413001,20184.68,0.0,4415.12,-4415.12,0.0,0,0,0.0,2.0,True
2025-07-01,farmer:413001:028,farmer,413001,41080.54,0.0,4632.66,-4632.66,0.0,0,0,0.0,2.0,True
2025-07-01,farmer:413001:029,farmer,413001,35368.11,0.0,4008.78,-4008.78,0.0,0,0,0.0,2.0,True
2025-07-01,farmer:413001:030,farmer,413001,-0.0,0.0,796.88,-796.88,0.0,1,1,0.0,0.0,True
2025-07-01,farmer:413001:031,farmer,413001,43413.95,0.0,3662.97,-3662.97,0.0,0,0,0.0,2.0,True
2025-07-01,farmer:413001:032,farmer,413001,9047.29,0.0,4237.34,-4237.34,0.0,0,0,0.0,2.0,True
2025-07-01,farmer:413001:033,farmer,413001,41961.53,0.0,3606.68,-3606.68,0.0,0,0,0.0,2.0,True
2025-07-01,farmer:413001:034,farmer,413001,18570.01,0.0,3955.93,-3955.93,0.0,0,0,0.0,2.0,True
2025-07-01,farmer:413001:035,farmer,413001,18798.16,0.0,4325.46,-4325.46,0.0,0,0,0.0,2.0,True
2025-07-01,utility:431001,utility_company,431001,486550.0,26650.0,0.0,26650.0,0.0,0,0,0.0,0.0,True
2025-07-01,wholesaler:431001:01,wholesaler,431001,1611108.79,41141.77,2400.0,38741.77,0.0623,0,0,0.0,0.0,True
2025-07-01,retailer:431001:01,kirana,431001,123231.07,20606.17,12680.22,7925.95,0.1657,0,0,0.0,0.0,True
2025-07-01,retailer:431001:02,kirana,431001,130673.91,10713.15,6500.37,4212.78,0.2969,0,0,0.0,0.0,True
2025-07-01,retailer:431001:03,kirana,431001,142015.78,32288.22,17396.06,14892.16,0.089,0,0,0.0,0.0,True
2025-07-01,retailer:431001:04,kirana,431001,129433.29,15236.32,8765.12,6471.2,0.0362,0,0,0.0,0.0,True
2025-07-01,farmer:431001:001,farmer,431001,10872.14,0.0,4975.17,-4975.17,0.0,0,0,0.0,2.0,True
2025-07-01,farmer:431001:002,farmer,431001,53091.42,0.0,3926.83,-3926.83,0.0,0,0,0.0,2.0,True
2025-07-01,farmer:431001:003,farmer,431001,15417.69,0.0,3889.6,-3889.6,0.0,0,0,0.0,2.0,True
2025-07-01,farmer:431001:004,farmer,431001,30045.24,0.0,3939.34,-3939.34,0.0,0,0,0.0,2.0,True
2025-07-01,farmer:431001:005,farmer,431001,14039.84,0.0,4361.96,-4361.96,0.0,0,0,0.0,2.0,True
2025-07-01,farmer:431001:006,farmer,431001,41146.75,0.0,3707.56,-3707.56,0.0,0,0,0.0,2.0,True
2025-07-01,farmer:431001:007,farmer,431001,4243.4,0.0,3564.66,-3564.66,0.0,0,0,0.0,2.0,True
2025-07-01,farmer:431001:008,farmer,431001,49871.28,0.0,3788.95,-3788.95,0.0,0,0,0.0,2.0,True
2025-07-01,farmer:431001:009,farmer,431001,5119.16,0.0,3740.09,-3740.09,0.0,0,0,0.0,2.0,True
2025-07-01,farmer:431001:010,farmer,431001,22779.78,0.0,4620.8,-4620.8,0.0,0,0,0.0,2.0,True
2025-07-01,farmer:431001:011,farmer,431001,23142.26,0.0,3621.09,-3621.09,0.0,0,0,0.0,2.0,True
2025-07-01,farmer:431001:012,farmer,431001,17428.37,0.0,3825.78,-3825.78,0.0,0,0,0.0,2.0,True
2025-07-01,farmer:431001:013,farmer,431001,31525.4,0.0,4765.73,-4765.73,0.0,0,0,0.0,2.0,True
2025-07-01,farmer:431001:014,farmer,431001,19103.28,0.0,3866.42,-3866.42,0.0,0,0,0.0,2.0,True
2025-07-01,farmer:431001:015,farmer,431001,7996.08,0.0,3551.35,-3551.35,0.0,0,0,0.0,2.0,True
2025-07-01,farmer:431001:016,farmer,431001,26360.53,0.0,4838.03,-4838.03,0.0,0,0,0.0,2.0,True
2025-07-01,farmer:431001:017,farmer,431001,5038.77,0.0,3850.18,-3850.18,0.0,0,0,0.0,2.0,True
2025-07-01,farmer:431001:018,farmer,431001,19469.02,0.0,4190.94,-4190.94,0.0,0,0,0.0,2.0,True
2025-07-01,farmer:431001:019,farmer,431001,16588.58,0.0,4896.57,-4896.57,0.0,0,0,0.0,2.0,True
2025-07-01,farmer:431001:020,farmer,431001,49413.18,0.0,3735.63,-3735.63,0.0,0,0,0.0,2.0,True
2025-07-01,farmer:431001:021,farmer,431001,23541.91,0.0,4959.57,-4959.57,0.0,0,0,0.0,2.0,True
2025-07-01,farmer:431001:022,farmer,431001,30298.71,0.0,4298.98,-4298.98,0.0,0,0,0.0,2.0,True
2025-07-01,farmer:431001:023,farmer,431001,35136.78,0.0,4600.29,-4600.29,0.0,0,0,0.0,2.0,True
2025-07-01,farmer:431001:024,farmer,431001,1313.55,0.0,3585.38,-3585.38,0.0,0,0,0.0,0.973,True
2025-07-01,farmer:431001:025,farmer,431001,24222.23,0.0,3406.62,-3406.62,0.0,0,0,0.0,2.0,True
2025-07-01,farmer:431001:026,farmer,431001,49067.96,0.0,4259.33,-4259.33,0.0,0,0,0.0,2.0,True
2025-07-01,farmer:431001:027,farmer,431001,16643.6,0.0,4674.39,-4674.39,0.0,0,0,0.0,2.0,True
2025-07-01,farmer:431001:028,farmer,431001,7631.37,0.0,4661.48,-4661.48,0.0,0,0,0.0,2.0,True
2025-07-01,farmer:431001:029,farmer,431001,13999.14,0.0,4227.65,-4227.65,0.0,0,0,0.0,2.0,True
2025-07-01,farmer:431001:030,farmer,431001,33923.02,0.0,4550.08,-4550.08,0.0,0,0,0.0,2.0,True
2025-07-01,farmer:431001:031,farmer,431001,14397.73,0.0,3547.09,-3547.09,0.0,0,0,0.0,2.0,True
2025-07-01,farmer:431001:032,farmer,431001,53895.14,0.0,4201.93,-4201.93,0.0,0,0,0.0,2.0,True
2025-07-01,farmer:431001:033,farmer,431001,26479.78,0.0,4483.55,-4483.55,0.0,0,0,0.0,2.0,True
2025-07-01,farmer:431001:034,farmer,431001,12631.34,0.0,4424.09,-4424.09,0.0,0,0,0.0,2.0,True
2025-07-01,farmer:431001:035,farmer,431001,38456.9,0.0,4606.75,-4606.75,0.0,0,0,0.0,2.0,True
2025-07-01,utility:440001,utility_company,440001,485675.0,26525.0,0.0,26525.0,0.0,0,0,0.0,0.0,True
2025-07-01,wholesaler:440001:01,wholesaler,440001,1565362.34,45322.55,2400.0,42922.55,0.0596,0,0,0.0,0.0,True
2025-07-01,retailer:440001:01,kirana,440001,136483.39,27710.43,14981.33,12729.1,0.1365,0,0,0.0,0.0,True
2025-07-01,retailer:440001:02,kirana,440001,137502.28,23859.04,15127.13,8731.91,0.1889,0,0,0.0,0.0,True
2025-07-01,retailer:440001:03,kirana,440001,120995.0,19408.44,12842.59,6565.85,0.1698,0,0,0.0,0.0,True
2025-07-01,retailer:440001:04,kirana,440001,136960.11,10007.58,6571.5,3436.08,0.4035,0,0,0.0,0.0,True
2025-07-01,farmer:440001:001,farmer,440001,32127.8,0.0,3927.8,-3927.8,0.0,0,0,0.0,2.0,True
2025-07-01,farmer:440001:002,farmer,440001,54450.34,0.0,4419.77,-4419.77,0.0,0,0,0.0,2.0,True
2025-07-01,farmer:440001:003,farmer,440001,20093.71,0.0,4043.57,-4043.57,0.0,0,0,0.0,2.0,True
2025-07-01,farmer:440001:004,farmer,440001,40008.14,0.0,4705.19,-4705.19,0.0,0,0,0.0,2.0,True
2025-07-01,farmer:440001:005,farmer,440001,17143.25,0.0,3562.49,-3562.49,0.0,0,0,0.0,2.0,True
2025-07-01,farmer:440001:006,farmer,440001,34715.42,0.0,4333.82,-4333.82,0.0,0,0,0.0,2.0,True
2025-07-01,farmer:440001:007,farmer,440001,22702.38,0.0,4254.32,-4254.32,0.0,0,0,0.0,2.0,True
2025-07-01,farmer:440001:008,farmer,440001,32586.42,0.0,4451.64,-4451.64,0.0,0,0,0.0,2.0,True
2025-07-01,farmer:440001:009,farmer,440001,29348.08,0.0,4239.94,-4239.94,0.0,0,0,0.0,2.0,True
2025-07-01,farmer:440001:010,farmer,440001,28865.72,0.0,4891.98,-4891.98,0.0,0,0,0.0,2.0,True
2025-07-01,farmer:440001:011,farmer,440001,30226.16,0.0,4005.98,-4005.98,0.0,0,0,0.0,2.0,True
2025-07-01,farmer:440001:012,farmer,440001,21889.29,0.0,4387.35,-4387.35,0.0,0,0,0.0,2.0,True
2025-07-01,farmer:440001:013,farmer,440001,27228.06,0.0,3917.01,-3917.01,0.0,0,0,0.0,2.0,True
2025-07-01,farmer:440001:014,farmer,440001,27706.83,0.0,4976.03,-4976.03,0.0,0,0,0.0,2.0,True
2025-07-01,farmer:440001:015,farmer,440001,41585.89,0.0,3316.17,-3316.17,0.0,0,0,0.0,2.0,True
2025-07-01,farmer:440001:016,farmer,440001,1755.16,0.0,4992.49,-4992.49,0.0,0,0,0.0,1.3001,True
2025-07-01,farmer:440001:017,farmer,440001,53564.83,0.0,3369.15,-3369.15,0.0,0,0,0.0,2.0,True
2025-07-01,farmer:440001:018,farmer,440001,7459.79,0.0,3826.09,-3826.09,0.0,0,0,0.0,2.0,True
2025-07-01,farmer:440001:019,farmer,440001,35348.03,0.0,4678.25,-4678.25,0.0,0,0,0.0,2.0,True
2025-07-01,farmer:440001:020,farmer,440001,8023.84,0.0,4441.89,-4441.89,0.0,0,0,0.0,2.0,True
2025-07-01,farmer:440001:021,farmer,440001,25071.78,0.0,4756.21,-4756.21,0.0,0,0,0.0,2.0,True
2025-07-01,farmer:440001:022,farmer,440001,1331.98,0.0,4138.09,-4138.09,0.0,0,0,0.0,0.9867,True
2025-07-01,farmer:440001:023,farmer,440001,17384.83,0.0,4382.61,-4382.61,0.0,0,0,0.0,2.0,True
2025-07-01,farmer:440001:024,farmer,440001,18325.04,0.0,4347.88,-4347.88,0.0,0,0,0.0,2.0,True
2025-07-01,farmer:440001:025,farmer,440001,18564.93,0.0,4575.18,-4575.18,0.0,0,0,0.0,2.0,True
2025-07-01,farmer:440001:026,farmer,440001,19693.54,0.0,3807.55,-3807.55,0.0,0,0,0.0,2.0,True
2025-07-01,farmer:440001:027,farmer,440001,1319.82,0.0,4113.95,-4113.95,0.0,0,0,0.0,0.9776,True
2025-07-01,farmer:440001:028,farmer,440001,22647.62,0.0,4283.1,-4283.1,0.0,0,0,0.0,2.0,True
2025-07-01,farmer:440001:029,farmer,440001,25769.06,0.0,4259.36,-4259.36,0.0,0,0,0.0,2.0,True
2025-07-01,farmer:440001:030,farmer,440001,25170.36,0.0,3716.94,-3716.94,0.0,0,0,0.0,2.0,True
2025-07-01,farmer:440001:031,farmer,440001,38661.75,0.0,3621.3,-3621.3,0.0,0,0,0.0,2.0,True
2025-07-01,farmer:440001:032,farmer,440001,2067.85,0.0,4439.59,-4439.59,0.0,0,0,0.0,1.5317,True
2025-07-01,farmer:440001:033,farmer,440001,47156.87,0.0,4364.41,-4364.41,0.0,0,0,0.0,2.0,True
2025-07-01,farmer:440001:034,farmer,440001,27017.24,0.0,3695.19,-3695.19,0.0,0,0,0.0,2.0,True
2025-07-01,farmer:440001:035,farmer,440001,23124.11,0.0,4918.2,-4918.2,0.0,0,0,0.0,2.0,True
2025-08-01,lender:vridhi,synthetic_lender,national,3122708.23,131808.23,0.0,131808.23,0.0319,0,0,0.0,0.0,True
2025-08-01,utility:413001,utility_company,413001,512310.0,25515.0,0.0,25515.0,0.0197,0,0,0.0,0.0,True
2025-08-01,wholesaler:413001:01,wholesaler,413001,1774011.91,50539.02,2400.0,48139.02,0.011,0,0,0.0,0.0,True
2025-08-01,retailer:413001:01,kirana,413001,121657.38,18617.49,11898.63,6718.86,0.3405,0,0,0.0,0.0,True
2025-08-01,retailer:413001:02,kirana,413001,138405.23,22868.48,15184.16,7684.32,0.1103,0,0,0.0,0.0,True
2025-08-01,retailer:413001:03,kirana,413001,138667.52,24450.4,15498.64,8951.76,0.2153,0,0,0.0,0.0,True
2025-08-01,retailer:413001:04,kirana,413001,143711.55,16300.35,12157.59,4142.76,0.2723,0,0,0.0,0.0,True
2025-08-01,farmer:413001:001,farmer,413001,-0.0,0.0,2247.23,-2247.23,0.0,1,1,0.0,0.0,True
2025-08-01,farmer:413001:002,farmer,413001,37223.91,0.0,3739.28,-3739.28,0.0,0,0,0.0,2.0,True
2025-08-01,farmer:413001:003,farmer,413001,7890.73,0.0,3520.24,-3520.24,0.0,0,0,0.0,2.0,True
2025-08-01,farmer:413001:004,farmer,413001,12114.22,0.0,4432.07,-4432.07,0.0,0,0,0.0,2.0,True
2025-08-01,farmer:413001:005,farmer,413001,17244.82,0.0,4779.6,-4779.6,0.0,0,0,0.0,2.0,True
2025-08-01,farmer:413001:006,farmer,413001,14224.07,0.0,4966.58,-4966.58,0.0,0,0,0.0,2.0,True
2025-08-01,farmer:413001:007,farmer,413001,17469.87,0.0,4281.11,-4281.11,0.0,0,0,0.0,2.0,True
2025-08-01,farmer:413001:008,farmer,413001,1439.6,0.0,4997.86,-4997.86,0.0,0,0,0.0,1.0664,True
2025-08-01,farmer:413001:009,farmer,413001,3923.37,0.0,4019.53,-4019.53,0.0,0,0,0.0,2.0,True
2025-08-01,farmer:413001:010,farmer,413001,31526.09,0.0,4685.22,-4685.22,0.0,0,0,0.0,2.0,True
2025-08-01,farmer:413001:011,farmer,413001,28471.39,0.0,5035.03,-5035.03,0.0,0,0,0.0,2.0,True
2025-08-01,farmer:413001:012,farmer,413001,16823.55,0.0,4546.78,-4546.78,0.0,0,0,0.0,2.0,True
2025-08-01,farmer:413001:013,farmer,413001,34986.36,0.0,4139.47,-4139.47,0.0,0,0,0.0,2.0,True
2025-08-01,farmer:413001:014,farmer,413001,7896.11,0.0,4193.59,-4193.59,0.0,0,0,0.0,2.0,True
2025-08-01,farmer:413001:015,farmer,413001,0.0,0.0,4498.09,-4498.09,0.0,0,1,0.0,0.0,True
2025-08-01,farmer:413001:016,farmer,413001,3220.9,0.0,4036.11,-4036.11,0.0,0,0,0.0,2.0,True
2025-08-01,farmer:413001:017,farmer,413001,14435.42,0.0,3969.74,-3969.74,0.0,0,0,0.0,2.0,True
2025-08-01,farmer:413001:018,farmer,413001,31047.68,0.0,4732.19,-4732.19,0.0,0,0,0.0,2.0,True
2025-08-01,farmer:413001:019,farmer,413001,13070.5,0.0,5064.03,-5064.03,0.0,0,0,0.0,2.0,True
2025-08-01,farmer:413001:020,farmer,413001,6122.91,0.0,3688.33,-3688.33,0.0,0,0,0.0,2.0,True
2025-08-01,farmer:413001:021,farmer,413001,27284.13,0.0,4459.53,-4459.53,0.0,0,0,0.0,2.0,True
2025-08-01,farmer:413001:022,farmer,413001,39966.41,0.0,4040.74,-4040.74,0.0,0,0,0.0,2.0,True
2025-08-01,farmer:413001:023,farmer,413001,-0.0,0.0,4296.97,-4296.97,0.0,0,1,0.0,0.0,True
2025-08-01,farmer:413001:024,farmer,413001,29679.6,0.0,3583.44,-3583.44,0.0,0,0,0.0,2.0,True
2025-08-01,farmer:413001:025,farmer,413001,18415.39,0.0,5045.34,-5045.34,0.0,0,0,0.0,2.0,True
2025-08-01,farmer:413001:026,farmer,413001,29504.28,0.0,3417.43,-3417.43,0.0,0,0,0.0,2.0,True
2025-08-01,farmer:413001:027,farmer,413001,15710.31,0.0,4474.37,-4474.37,0.0,0,0,0.0,2.0,True
2025-08-01,farmer:413001:028,farmer,413001,36742.06,0.0,4338.48,-4338.48,0.0,0,0,0.0,2.0,True
2025-08-01,farmer:413001:029,farmer,413001,31178.01,0.0,4190.1,-4190.1,0.0,0,0,0.0,2.0,True
2025-08-01,farmer:413001:030,farmer,413001,-0.0,0.0,0.0,0.0,0.0,2,2,0.0,0.0,True
2025-08-01,farmer:413001:031,farmer,413001,38436.44,0.0,4977.51,-4977.51,0.0,0,0,0.0,2.0,True
2025-08-01,farmer:413001:032,farmer,413001,5419.54,0.0,3627.75,-3627.75,0.0,0,0,0.0,2.0,True
2025-08-01,farmer:413001:033,farmer,413001,37747.24,0.0,4214.29,-4214.29,0.0,0,0,0.0,2.0,True
2025-08-01,farmer:413001:034,farmer,413001,14351.93,0.0,4218.08,-4218.08,0.0,0,0,0.0,2.0,True
2025-08-01,farmer:413001:035,farmer,413001,14044.32,0.0,4753.84,-4753.84,0.0,0,0,0.0,2.0,True
2025-08-01,utility:431001,utility_company,431001,512570.0,26020.0,0.0,26020.0,0.0112,0,0,0.0,0.0,True
2025-08-01,wholesaler:431001:01,wholesaler,431001,1657853.35,49144.56,2400.0,46744.56,0.0731,0,0,0.0,0.0,True
2025-08-01,retailer:431001:01,kirana,431001,131706.48,23814.16,15338.75,8475.41,0.1603,0,0,0.0,0.0,True
2025-08-01,retailer:431001:02,kirana,431001,135696.92,17179.08,12156.07,5023.01,0.3015,0,0,0.0,0.0,True
2025-08-01,retailer:431001:03,kirana,431001,149555.91,18224.88,10684.75,7540.13,0.2257,0,0,0.0,0.0,True
2025-08-01,retailer:431001:04,kirana,431001,134796.06,20527.76,15164.99,5362.77,0.1343,0,0,0.0,0.0,True
2025-08-01,farmer:431001:001,farmer,431001,6364.22,0.0,4507.92,-4507.92,0.0,0,0,0.0,2.0,True
2025-08-01,farmer:431001:002,farmer,431001,49142.67,0.0,3948.75,-3948.75,0.0,0,0,0.0,2.0,True
2025-08-01,farmer:431001:003,farmer,431001,11837.08,0.0,3580.61,-3580.61,0.0,0,0,0.0,2.0,True
2025-08-01,farmer:431001:004,farmer,431001,26089.06,0.0,3956.18,-3956.18,0.0,0,0,0.0,2.0,True
2025-08-01,farmer:431001:005,farmer,431001,9082.32,0.0,4957.52,-4957.52,0.0,0,0,0.0,2.0,True
2025-08-01,farmer:431001:006,farmer,431001,36937.06,0.0,4209.69,-4209.69,0.0,0,0,0.0,2.0,True
2025-08-01,farmer:431001:007,farmer,431001,409.01,0.0,3834.39,-3834.39,0.0,0,0,0.0,0.303,True
2025-08-01,farmer:431001:008,farmer,431001,45544.21,0.0,4327.07,-4327.07,0.0,0,0,0.0,2.0,True
2025-08-01,farmer:431001:009,farmer,431001,1606.0,0.0,3513.16,-3513.16,0.0,0,0,0.0,1.1896,True
2025-08-01,farmer:431001:010,farmer,431001,18215.89,0.0,4563.89,-4563.89,0.0,0,0,0.0,2.0,True
2025-08-01,farmer:431001:011,farmer,431001,19652.15,0.0,3490.11,-3490.11,0.0,0,0,0.0,2.0,True
2025-08-01,farmer:431001:012,farmer,431001,12355.67,0.0,5072.7,-5072.7,0.0,0,0,0.0,2.0,True
2025-08-01,farmer:431001:013,farmer,431001,27546.6,0.0,3978.8,-3978.8,0.0,0,0,0.0,2.0,True
2025-08-01,farmer:431001:014,farmer,431001,15300.46,0.0,3802.82,-3802.82,0.0,0,0,0.0,2.0,True
2025-08-01,farmer:431001:015,farmer,431001,3674.18,0.0,4321.9,-4321.9,0.0,0,0,0.0,2.0,True
2025-08-01,farmer:431001:016,farmer,431001,22108.3,0.0,4252.23,-4252.23,0.0,0,0,0.0,2.0,True
2025-08-01,farmer:431001:017,farmer,431001,882.78,0.0,4155.99,-4155.99,0.0,0,0,0.0,0.6539,True
2025-08-01,farmer:431001:018,farmer,431001,14587.94,0.0,4881.08,-4881.08,0.0,0,0,0.0,2.0,True
2025-08-01,farmer:431001:019,farmer,431001,12446.32,0.0,4142.26,-4142.26,0.0,0,0,0.0,2.0,True
2025-08-01,farmer:431001:020,farmer,431001,46105.49,0.0,3307.69,-3307.69,0.0,0,0,0.0,2.0,True
2025-08-01,farmer:431001:021,farmer,431001,18877.65,0.0,4664.26,-4664.26,0.0,0,0,0.0,2.0,True
2025-08-01,farmer:431001:022,farmer,431001,26974.5,0.0,3324.21,-3324.21,0.0,0,0,0.0,2.0,True
2025-08-01,farmer:431001:023,farmer,431001,31196.3,0.0,3940.48,-3940.48,0.0,0,0,0.0,2.0,True
2025-08-01,farmer:431001:024,farmer,431001,-0.0,0.0,1313.55,-1313.55,0.0,1,1,0.0,0.0,True
2025-08-01,farmer:431001:025,farmer,431001,19502.76,0.0,4719.47,-4719.47,0.0,0,0,0.0,2.0,True
2025-08-01,farmer:431001:026,farmer,431001,44080.48,0.0,4987.48,-4987.48,0.0,0,0,0.0,2.0,True
2025-08-01,farmer:431001:027,farmer,431001,11822.1,0.0,4821.5,-4821.5,0.0,0,0,0.0,2.0,True
2025-08-01,farmer:431001:028,farmer,431001,2624.13,0.0,5007.24,-5007.24,0.0,0,0,0.0,1.9438,True
2025-08-01,farmer:431001:029,farmer,431001,9750.34,0.0,4248.8,-4248.8,0.0,0,0,0.0,2.0,True
2025-08-01,farmer:431001:030,farmer,431001,30505.46,0.0,3417.56,-3417.56,0.0,0,0,0.0,2.0,True
2025-08-01,farmer:431001:031,farmer,431001,9902.66,0.0,4495.07,-4495.07,0.0,0,0,0.0,2.0,True
2025-08-01,farmer:431001:032,farmer,431001,48995.33,0.0,4899.81,-4899.81,0.0,0,0,0.0,2.0,True
2025-08-01,farmer:431001:033,farmer,431001,22588.23,0.0,3891.55,-3891.55,0.0,0,0,0.0,2.0,True
2025-08-01,farmer:431001:034,farmer,431001,8958.9,0.0,3672.44,-3672.44,0.0,0,0,0.0,2.0,True
2025-08-01,farmer:431001:035,farmer,431001,33599.2,0.0,4857.7,-4857.7,0.0,0,0,0.0,2.0,True
2025-08-01,utility:440001,utility_company,440001,510421.42,24746.42,0.0,24746.42,0.0323,0,0,0.0,0.0,True
2025-08-01,wholesaler:440001:01,wholesaler,440001,1608188.86,45226.52,2400.0,42826.52,0.0627,0,0,0.0,0.0,True
2025-08-01,retailer:440001:01,kirana,440001,140644.59,16538.05,12376.85,4161.2,0.2052,0,0,0.0,0.0,True
2025-08-01,retailer:440001:02,kirana,440001,139046.19,8631.72,7087.81,1543.91,0.3963,0,0,0.0,0.0,True
2025-08-01,retailer:440001:03,kirana,440001,127133.28,14801.34,8663.06,6138.28,0.1196,0,0,0.0,0.0,True
2025-08-01,retailer:440001:04,kirana,440001,149559.57,33898.26,21298.8,12599.46,0.4265,0,0,0.0,0.0,True
2025-08-01,farmer:440001:001,farmer,440001,27609.55,0.0,4518.25,-4518.25,0.0,0,0,0.0,2.0,True
2025-08-01,farmer:440001:002,farmer,440001,50578.75,0.0,3871.59,-3871.59,0.0,0,0,0.0,2.0,True
2025-08-01,farmer:440001:003,farmer,440001,16625.49,0.0,3468.22,-3468.22,0.0,0,0,0.0,2.0,True
2025-08-01,farmer:440001:004,farmer,440001,36375.81,0.0,3632.33,-3632.33,0.0,0,0,0.0,2.0,True
2025-08-01,farmer:440001:005,farmer,440001,13249.74,0.0,3893.51,-3893.51,0.0,0,0,0.0,2.0,True
2025-08-01,farmer:440001:006,farmer,440001,30934.24,0.0,3781.18,-3781.18,0.0,0,0,0.0,2.0,True
2025-08-01,farmer:440001:007,farmer,440001,18421.44,0.0,4280.94,-4280.94,0.0,0,0,0.0,2.0,True
2025-08-01,farmer:440001:008,farmer,440001,29195.19,0.0,3391.23,-3391.23,0.0,0,0,0.0,2.0,True
2025-08-01,farmer:440001:009,farmer,440001,25951.62,0.0,3396.46,-3396.46,0.0,0,0,0.0,2.0,True
2025-08-01,farmer:440001:010,farmer,440001,24512.98,0.0,4352.74,-4352.74,0.0,0,0,0.0,2.0,True
2025-08-01,farmer:440001:011,farmer,440001,25265.9,0.0,4960.26,-4960.26,0.0,0,0,0.0,2.0,True
2025-08-01,farmer:440001:012,farmer,440001,18293.94,0.0,3595.35,-3595.35,0.0,0,0,0.0,2.0,True
2025-08-01,farmer:440001:013,farmer,440001,23529.18,0.0,3698.88,-3698.88,0.0,0,0,0.0,2.0,True
2025-08-01,farmer:440001:014,farmer,440001,23735.3,0.0,3971.53,-3971.53,0.0,0,0,0.0,2.0,True
2025-08-01,farmer:440001:015,farmer,440001,37510.31,0.0,4075.58,-4075.58,0.0,0,0,0.0,2.0,True
2025-08-01,farmer:440001:016,farmer,440001,-0.0,0.0,1755.16,-1755.16,0.0,1,1,0.0,0.0,True
2025-08-01,farmer:440001:017,farmer,440001,49232.28,0.0,4332.55,-4332.55,0.0,0,0,0.0,2.0,True
2025-08-01,farmer:440001:018,farmer,440001,3475.81,0.0,3983.98,-3983.98,0.0,0,0,0.0,2.0,True
2025-08-01,farmer:440001:019,farmer,440001,30914.12,0.0,4433.91,-4433.91,0.0,0,0,0.0,2.0,True
2025-08-01,farmer:440001:020,farmer,440001,3941.35,0.0,4082.49,-4082.49,0.0,0,0,0.0,2.0,True
2025-08-01,farmer:440001:021,farmer,440001,20677.52,0.0,4394.26,-4394.26,0.0,0,0,0.0,2.0,True
2025-08-01,farmer:440001:022,farmer,440001,0.0,0.0,1331.98,-1331.98,0.0,1,1,0.0,0.0,True
2025-08-01,farmer:440001:023,farmer,440001,13885.48,0.0,3499.35,-3499.35,0.0,0,0,0.0,2.0,True
2025-08-01,farmer:440001:024,farmer,440001,14595.54,0.0,3729.5,-3729.5,0.0,0,0,0.0,2.0,True
2025-08-01,farmer:440001:025,farmer,440001,14578.34,0.0,3986.59,-3986.59,0.0,0,0,0.0,2.0,True
2025-08-01,farmer:440001:026,farmer,440001,14755.2,0.0,4938.34,-4938.34,0.0,0,0,0.0,2.0,True
2025-08-01,farmer:440001:027,farmer,440001,0.0,0.0,1319.82,-1319.82,0.0,1,1,0.0,0.0,True
2025-08-01,farmer:440001:028,farmer,440001,18554.65,0.0,4092.97,-4092.97,0.0,0,0,0.0,2.0,True
2025-08-01,farmer:440001:029,farmer,440001,21829.51,0.0,3939.55,-3939.55,0.0,0,0,0.0,2.0,True
2025-08-01,farmer:440001:030,farmer,440001,20645.11,0.0,4525.25,-4525.25,0.0,0,0,0.0,2.0,True
2025-08-01,farmer:440001:031,farmer,440001,33790.77,0.0,4870.98,-4870.98,0.0,0,0,0.0,2.0,True
2025-08-01,farmer:440001:032,farmer,440001,-0.0,0.0,2067.85,-2067.85,0.0,1,1,0.0,0.0,True
2025-08-01,farmer:440001:033,farmer,440001,42387.75,0.0,4769.12,-4769.12,0.0,0,0,0.0,2.0,True
2025-08-01,farmer:440001:034,farmer,440001,22524.38,0.0,4492.86,-4492.86,0.0,0,0,0.0,2.0,True
2025-08-01,farmer:440001:035,farmer,440001,18692.88,0.0,4431.23,-4431.23,0.0,0,0,0.0,2.0,True
2025-09-01,lender:vridhi,synthetic_lender,national,3242174.08,119465.85,0.0,119465.85,0.0658,0,0,0.0,0.0,True
2025-09-01,utility:413001,utility_company,413001,536185.0,23875.0,0.0,23875.0,0.038,0,0,0.0,0.0,True
2025-09-01,wholesaler:413001:01,wholesaler,413001,1814738.26,43126.35,2400.0,40726.35,0.0695,0,0,0.0,0.0,True
2025-09-01,retailer:413001:01,kirana,413001,129136.14,18418.81,10940.05,7478.76,0.0907,0,0,0.0,0.0,True
2025-09-01,retailer:413001:02,kirana,413001,142944.71,12672.08,8132.6,4539.48,0.2411,0,0,0.0,0.0,True
2025-09-01,retailer:413001:03,kirana,413001,145699.24,19744.69,12712.97,7031.72,0.1155,0,0,0.0,0.0,True
2025-09-01,retailer:413001:04,kirana,413001,150867.75,22696.93,15540.73,7156.2,0.1757,0,0,0.0,0.0,True
2025-09-01,farmer:413001:001,farmer,413001,-0.0,0.0,0.0,0.0,0.0,2,2,0.0,0.0,True
2025-09-01,farmer:413001:002,farmer,413001,32859.39,0.0,4364.52,-4364.52,0.0,0,0,0.0,2.0,True
2025-09-01,farmer:413001:003,farmer,413001,3856.71,0.0,4034.02,-4034.02,0.0,0,0,0.0,2.0,True
2025-09-01,farmer:413001:004,farmer,413001,7598.6,0.0,4515.62,-4515.62,0.0,0,0,0.0,2.0,True
2025-09-01,farmer:413001:005,farmer,413001,12276.82,0.0,4968.0,-4968.0,0.0,0,0,0.0,2.0,True
2025-09-01,farmer:413001:006,farmer,413001,9159.12,0.0,5064.95,-5064.95,0.0,0,0,0.0,2.0,True
2025-09-01,farmer:413001:007,farmer,413001,13249.48,0.0,4220.39,-4220.39,0.0,0,0,0.0,2.0,True
2025-09-01,farmer:413001:008,farmer,413001,0.0,0.0,1439.6,-1439.6,0.0,1,1,0.0,0.0,True
2025-09-01,farmer:413001:009,farmer,413001,0.0,0.0,3923.37,-3923.37,0.0,0,1,0.0,0.0,True
2025-09-01,farmer:413001:010,farmer,413001,27311.53,0.0,4214.56,-4214.56,0.0,0,0,0.0,2.0,True
2025-09-01,farmer:413001:011,farmer,413001,24325.66,0.0,4145.73,-4145.73,0.0,0,0,0.0,2.0,True
2025-09-01,farmer:413001:012,farmer,413001,12211.96,0.0,4611.59,-4611.59,0.0,0,0,0.0,2.0,True
2025-09-01,farmer:413001:013,farmer,413001,31451.95,0.0,3534.41,-3534.41,0.0,0,0,0.0,2.0,True
2025-09-01,farmer:413001:014,farmer,413001,3090.99,0.0,4805.12,-4805.12,0.0,0,0,0.0,2.0,True
2025-09-01,farmer:413001:015,farmer,413001,0.0,0.0,0.0,0.0,0.0,1,2,0.0,0.0,True
2025-09-01,farmer:413001:016,farmer,413001,-0.0,0.0,3220.9,-3220.9,0.0,0,1,0.0,0.0,True
2025-09-01,farmer:413001:017,farmer,413001,9978.92,0.0,4456.5,-4456.5,0.0,0,0,0.0,2.0,True
2025-09-01,farmer:413001:018,farmer,413001,26369.35,0.0,4678.33,-4678.33,0.0,0,0,0.0,2.0,True
2025-09-01,farmer:413001:019,farmer,413001,9057.66,0.0,4012.84,-4012.84,0.0,0,0,0.0,2.0,True
2025-09-01,farmer:413001:020,farmer,413001,1268.97,0.0,4853.94,-4853.94,0.0,0,0,0.0,0.94,True
2025-09-01,farmer:413001:021,farmer,413001,22619.93,0.0,4664.2,-4664.2,0.0,0,0,0.0,2.0,True
2025-09-01,farmer:413001:022,farmer,413001,35444.57,0.0,4521.84,-4521.84,0.0,0,0,0.0,2.0,True
2025-09-01,farmer:413001:023,farmer,413001,-0.0,0.0,0.0,0.0,0.0,1,2,0.0,0.0,True
2025-09-01,farmer:413001:024,farmer,413001,25106.14,0.0,4573.46,-4573.46,0.0,0,0,0.0,2.0,True
2025-09-01,farmer:413001:025,farmer,413001,14178.59,0.0,4236.8,-4236.8,0.0,0,0,0.0,2.0,True
2025-09-01,farmer:413001:026,farmer,413001,25549.87,0.0,3954.41,-3954.41,0.0,0,0,0.0,2.0,True
2025-09-01,farmer:413001:027,farmer,413001,10845.2,0.0,4865.11,-4865.11,0.0,0,0,0.0,2.0,True
2025-09-01,farmer:413001:028,farmer,413001,32867.62,0.0,3874.44,-3874.44,0.0,0,0,0.0,2.0,True
2025-09-01,farmer:413001:029,farmer,413001,27089.13,0.0,4088.88,-4088.88,0.0,0,0,0.0,2.0,True
2025-09-01,farmer:413001:030,farmer,413001,-0.0,0.0,0.0,0.0,0.0,3,3,0.0,0.0,True
2025-09-01,farmer:413001:031,farmer,413001,34598.88,0.0,3837.56,-3837.56,0.0,0,0,0.0,2.0,True
2025-09-01,farmer:413001:032,farmer,413001,1948.45,0.0,3471.09,-3471.09,0.0,0,0,0.0,1.4433,True
2025-09-01,farmer:413001:033,farmer,413001,33889.02,0.0,3858.22,-3858.22,0.0,0,0,0.0,2.0,True
2025-09-01,farmer:413001:034,farmer,413001,9306.1,0.0,5045.83,-5045.83,0.0,0,0,0.0,2.0,True
2025-09-01,farmer:413001:035,farmer,413001,9975.19,0.0,4069.13,-4069.13,0.0,0,0,0.0,2.0,True
2025-09-01,utility:431001,utility_company,431001,536070.0,23500.0,0.0,23500.0,0.0536,0,0,0.0,0.0,True
2025-09-01,wholesaler:431001:01,wholesaler,431001,1695393.25,39939.9,2400.0,37539.9,0.0941,0,0,0.0,0.0,True
2025-09-01,retailer:431001:01,kirana,431001,133774.42,10059.79,7991.85,2067.94,0.3235,0,0,0.0,0.0,True
2025-09-01,retailer:431001:02,kirana,431001,143766.0,21186.02,13116.94,8069.08,0.2637,0,0,0.0,0.0,True
2025-09-01,retailer:431001:03,kirana,431001,156632.93,17055.71,9978.69,7077.02,0.3073,0,0,0.0,0.0,True
2025-09-01,retailer:431001:04,kirana,431001,142712.95,20969.31,13052.42,7916.89,0.1377,0,0,0.0,0.0,True
2025-09-01,farmer:431001:001,farmer,431001,1613.14,0.0,4751.08,-4751.08,0.0,0,0,0.0,1.1949,True
2025-09-01,farmer:431001:002,farmer,431001,45535.19,0.0,3607.48,-3607.48,0.0,0,0,0.0,2.0,True
2025-09-01,farmer:431001:003,farmer,431001,8228.73,0.0,3608.35,-3608.35,0.0,0,0,0.0,2.0,True
2025-09-01,farmer:431001:004,farmer,431001,21615.32,0.0,4473.74,-4473.74,0.0,0,0,0.0,2.0,True
2025-09-01,farmer:431001:005,farmer,431001,5528.36,0.0,3553.96,-3553.96,0.0,0,0,0.0,2.0,True
2025-09-01,farmer:431001:006,farmer,431001,33254.01,0.0,3683.05,-3683.05,0.0,0,0,0.0,2.0,True
2025-09-01,farmer:431001:007,farmer,431001,-0.0,0.0,409.01,-409.01,0.0,1,1,0.0,0.0,True
2025-09-01,farmer:431001:008,farmer,431001,41262.32,0.0,4281.89,-4281.89,0.0,0,0,0.0,2.0,True
2025-09-01,farmer:431001:009,farmer,431001,-0.0,0.0,1606.0,-1606.0,0.0,1,1,0.0,0.0,True
2025-09-01,farmer:431001:010,farmer,431001,13867.67,0.0,4348.22,-4348.22,0.0,0,0,0.0,2.0,True
2025-09-01,farmer:431001:011,farmer,431001,16141.1,0.0,3511.05,-3511.05,0.0,0,0,0.0,2.0,True
2025-09-01,farmer:431001:012,farmer,431001,8244.62,0.0,4111.05,-4111.05,0.0,0,0,0.0,2.0,True
2025-09-01,farmer:431001:013,farmer,431001,23979.82,0.0,3566.78,-3566.78,0.0,0,0,0.0,2.0,True
2025-09-01,farmer:431001:014,farmer,431001,11052.85,0.0,4247.61,-4247.61,0.0,0,0,0.0,2.0,True
2025-09-01,farmer:431001:015,farmer,431001,-0.0,0.0,3674.18,-3674.18,0.0,0,1,0.0,0.0,True
2025-09-01,farmer:431001:016,farmer,431001,17428.25,0.0,4680.05,-4680.05,0.0,0,0,0.0,2.0,True
2025-09-01,farmer:431001:017,farmer,431001,0.0,0.0,882.78,-882.78,0.0,1,1,0.0,0.0,True
2025-09-01,farmer:431001:018,farmer,431001,10433.48,0.0,4154.46,-4154.46,0.0,0,0,0.0,2.0,True
2025-09-01,farmer:431001:019,farmer,431001,9078.35,0.0,3367.97,-3367.97,0.0,0,0,0.0,2.0,True
2025-09-01,farmer:431001:020,farmer,431001,42440.64,0.0,3664.85,-3664.85,0.0,0,0,0.0,2.0,True
2025-09-01,farmer:431001:021,farmer,431001,14312.86,0.0,4564.79,-4564.79,0.0,0,0,0.0,2.0,True
2025-09-01,farmer:431001:022,farmer,431001,22557.99,0.0,4416.51,-4416.51,0.0,0,0,0.0,2.0,True
2025-09-01,farmer:431001:023,farmer,431001,27741.88,0.0,3454.42,-3454.42,0.0,0,0,0.0,2.0,True
2025-09-01,farmer:431001:024,farmer,431001,-0.0,0.0,0.0,0.0,0.0,2,2,0.0,0.0,True
2025-09-01,farmer:431001:025,farmer,431001,14777.66,0.0,4725.1,-4725.1,0.0,0,0,0.0,2.0,True
2025-09-01,farmer:431001:026,farmer,431001,40543.19,0.0,3537.29,-3537.29,0.0,0,0,0.0,2.0,True
2025-09-01,farmer:431001:027,farmer,431001,7965.9,0.0,3856.2,-3856.2,0.0,0,0,0.0,2.0,True
2025-09-01,farmer:431001:028,farmer,431001,0.0,0.0,2624.13,-2624.13,0.0,1,1,0.0,0.0,True
2025-09-01,farmer:431001:029,farmer,431001,6337.86,0.0,3412.48,-3412.48,0.0,0,0,0.0,2.0,True
2025-09-01,farmer:431001:030,farmer,431001,26259.67,0.0,4245.79,-4245.79,0.0,0,0,0.0,2.0,True
2025-09-01,farmer:431001:031,farmer,431001,5127.87,0.0,4774.79,-4774.79,0.0,0,0,0.0,2.0,True
2025-09-01,farmer:431001:032,farmer,431001,45428.1,0.0,3567.23,-3567.23,0.0,0,0,0.0,2.0,True
2025-09-01,farmer:431001:033,farmer,431001,18450.65,0.0,4137.58,-4137.58,0.0,0,0,0.0,2.0,True
2025-09-01,farmer:431001:034,farmer,431001,5410.65,0.0,3548.25,-3548.25,0.0,0,0,0.0,2.0,True
2025-09-01,farmer:431001:035,farmer,431001,29256.29,0.0,4342.91,-4342.91,0.0,0,0,0.0,2.0,True
2025-09-01,utility:440001,utility_company,440001,534551.42,24130.0,0.0,24130.0,0.0404,0,0,0.0,0.0,True
2025-09-01,wholesaler:440001:01,wholesaler,440001,1646613.42,40824.56,2400.0,38424.56,0.0479,0,0,0.0,0.0,True
2025-09-01,retailer:440001:01,kirana,440001,146889.52,17809.69,11564.76,6244.93,0.2414,0,0,0.0,0.0,True
2025-09-01,retailer:440001:02,kirana,440001,142381.91,12136.87,8801.15,3335.72,0.4377,0,0,0.0,0.0,True
2025-09-01,retailer:440001:03,kirana,440001,131420.47,11544.14,7256.95,4287.19,0.2115,0,0,0.0,0.0,True
2025-09-01,retailer:440001:04,kirana,440001,160441.33,28283.46,17401.7,10881.76,0.4239,0,0,0.0,0.0,True
2025-09-01,farmer:440001:001,farmer,440001,24214.33,0.0,3395.22,-3395.22,0.0,0,0,0.0,2.0,True
2025-09-01,farmer:440001:002,farmer,440001,46427.97,0.0,4150.78,-4150.78,0.0,0,0,0.0,2.0,True
2025-09-01,farmer:440001:003,farmer,440001,12710.88,0.0,3914.61,-3914.61,0.0,0,0,0.0,2.0,True
2025-09-01,farmer:440001:004,farmer,440001,32997.17,0.0,3378.64,-3378.64,0.0,0,0,0.0,2.0,True
2025-09-01,farmer:440001:005,farmer,440001,8995.14,0.0,4254.6,-4254.6,0.0,0,0,0.0,2.0,True
2025-09-01,farmer:440001:006,farmer,440001,26791.83,0.0,4142.41,-4142.41,0.0,0,0,0.0,2.0,True
2025-09-01,farmer:440001:007,farmer,440001,14562.02,0.0,3859.42,-3859.42,0.0,0,0,0.0,2.0,True
2025-09-01,farmer:440001:008,farmer,440001,24374.87,0.0,4820.32,-4820.32,0.0,0,0,0.0,2.0,True
2025-09-01,farmer:440001:009,farmer,440001,22400.22,0.0,3551.4,-3551.4,0.0,0,0,0.0,2.0,True
2025-09-01,farmer:440001:010,farmer,440001,20429.82,0.0,4083.16,-4083.16,0.0,0,0,0.0,2.0,True
2025-09-01,farmer:440001:011,farmer,440001,21744.64,0.0,3521.26,-3521.26,0.0,0,0,0.0,2.0,True
2025-09-01,farmer:440001:012,farmer,440001,14084.36,0.0,4209.58,-4209.58,0.0,0,0,0.0,2.0,True
2025-09-01,farmer:440001:013,farmer,440001,18881.95,0.0,4647.23,-4647.23,0.0,0,0,0.0,2.0,True
2025-09-01,farmer:440001:014,farmer,440001,20283.29,0.0,3452.01,-3452.01,0.0,0,0,0.0,2.0,True
2025-09-01,farmer:440001:015,farmer,440001,32782.43,0.0,4727.88,-4727.88,0.0,0,0,0.0,2.0,True
2025-09-01,farmer:440001:016,farmer,440001,-0.0,0.0,0.0,0.0,0.0,2,2,0.0,0.0,True
2025-09-01,farmer:440001:017,farmer,440001,44942.19,0.0,4290.09,-4290.09,0.0,0,0,0.0,2.0,True
2025-09-01,farmer:440001:018,farmer,440001,-0.0,0.0,3475.81,-3475.81,0.0,0,1,0.0,0.0,True
2025-09-01,farmer:440001:019,farmer,440001,26760.43,0.0,4153.69,-4153.69,0.0,0,0,0.0,2.0,True
2025-09-01,farmer:440001:020,farmer,440001,0.0,0.0,3941.35,-3941.35,0.0,0,1,0.0,0.0,True
2025-09-01,farmer:440001:021,farmer,440001,15632.63,0.0,5044.89,-5044.89,0.0,0,0,0.0,2.0,True
2025-09-01,farmer:440001:022,farmer,440001,0.0,0.0,0.0,0.0,0.0,2,2,0.0,0.0,True
2025-09-01,farmer:440001:023,farmer,440001,10305.42,0.0,3580.06,-3580.06,0.0,0,0,0.0,2.0,True
2025-09-01,farmer:440001:024,farmer,440001,10377.15,0.0,4218.39,-4218.39,0.0,0,0,0.0,2.0,True
2025-09-01,farmer:440001:025,farmer,440001,10082.76,0.0,4495.58,-4495.58,0.0,0,0,0.0,2.0,True
2025-09-01,farmer:440001:026,farmer,440001,9806.36,0.0,4948.84,-4948.84,0.0,0,0,0.0,2.0,True
2025-09-01,farmer:440001:027,farmer,440001,0.0,0.0,0.0,0.0,0.0,2,2,0.0,0.0,True
2025-09-01,farmer:440001:028,farmer,440001,13785.57,0.0,4769.08,-4769.08,0.0,0,0,0.0,2.0,True
2025-09-01,farmer:440001:029,farmer,440001,17524.46,0.0,4305.05,-4305.05,0.0,0,0,0.0,2.0,True
2025-09-01,farmer:440001:030,farmer,440001,16718.61,0.0,3926.5,-3926.5,0.0,0,0,0.0,2.0,True
2025-09-01,farmer:440001:031,farmer,440001,29407.48,0.0,4383.29,-4383.29,0.0,0,0,0.0,2.0,True
2025-09-01,farmer:440001:032,farmer,440001,-0.0,0.0,0.0,0.0,0.0,2,2,0.0,0.0,True
2025-09-01,farmer:440001:033,farmer,440001,37802.36,0.0,4585.39,-4585.39,0.0,0,0,0.0,2.0,True
2025-09-01,farmer:440001:034,farmer,440001,18623.23,0.0,3901.15,-3901.15,0.0,0,0,0.0,2.0,True
2025-09-01,farmer:440001:035,farmer,440001,14588.6,0.0,4104.28,-4104.28,0.0,0,0,0.0,2.0,True
2025-10-01,lender:vridhi,synthetic_lender,national,3382046.81,139872.73,0.0,139872.73,0.0644,0,0,0.0,0.0,True
2025-10-01,utility:413001,utility_company,413001,562960.0,26775.0,0.0,26775.0,0.0468,0,0,0.0,0.0,True
2025-10-01,wholesaler:413001:01,wholesaler,413001,1553611.03,46037.89,307165.12,-261127.23,0.0655,0,0,0.0,0.0,True
2025-10-01,retailer:413001:01,kirana,413001,136663.27,18190.06,10662.93,7527.13,0.0095,0,0,0.0,0.0,True
2025-10-01,retailer:413001:02,kirana,413001,150306.17,17747.33,10385.87,7361.46,0.2344,0,0,0.0,0.0,True
2025-10-01,retailer:413001:03,kirana,413001,152610.77,23198.33,16286.8,6911.53,0.0886,0,0,0.0,0.0,True
2025-10-01,retailer:413001:04,kirana,413001,156158.69,18193.23,12902.29,5290.94,0.1407,0,0,0.0,0.0,True
2025-10-01,farmer:413001:001,farmer,413001,-0.0,3453.82,3453.82,0.0,1.4142,2,3,0.0,0.0,True
2025-10-01,farmer:413001:002,farmer,413001,42231.13,13482.38,4110.64,9371.74,1.4142,0,0,0.0,2.0,True
2025-10-01,farmer:413001:003,farmer,413001,3174.86,4167.56,4849.41,-681.85,1.4142,0,0,0.0,2.0,True
2025-10-01,farmer:413001:004,farmer,413001,10000.54,6715.65,4313.71,2401.94,1.4142,0,0,0.0,2.0,True
2025-10-01,farmer:413001:005,farmer,413001,14501.95,5822.08,3596.95,2225.13,1.4142,0,0,0.0,2.0,True
2025-10-01,farmer:413001:006,farmer,413001,12166.71,6921.04,3913.45,3007.59,1.4142,0,0,0.0,2.0,True
2025-10-01,farmer:413001:007,farmer,413001,11836.34,3443.72,4856.86,-1413.14,1.4142,0,0,0.0,2.0,True
2025-10-01,farmer:413001:008,farmer,413001,3135.94,7542.63,4406.69,3135.94,1.4142,1,0,0.0,2.0,True
2025-10-01,farmer:413001:009,farmer,413001,4930.59,8612.1,3681.51,4930.59,1.4142,0,0,0.0,2.0,True
2025-10-01,farmer:413001:010,farmer,413001,36467.91,13767.86,4611.48,9156.38,1.4142,0,0,0.0,2.0,True
2025-10-01,farmer:413001:011,farmer,413001,35355.43,15560.08,4530.31,11029.77,1.4142,0,0,0.0,2.0,True
2025-10-01,farmer:413001:012,farmer,413001,16731.11,9308.43,4789.28,4519.15,1.4142,0,0,0.0,2.0,True
2025-10-01,farmer:413001:013,farmer,413001,38620.48,10835.55,3667.02,7168.53,1.4142,0,0,0.0,2.0,True
2025-10-01,farmer:413001:014,farmer,413001,13746.8,14640.63,3984.82,10655.81,1.4142,0,0,0.0,2.0,True
2025-10-01,farmer:413001:015,farmer,413001,4666.46,8009.79,3343.33,4666.46,1.4142,1,1,0.0,2.0,True
2025-10-01,farmer:413001:016,farmer,413001,44.73,4183.52,4138.79,44.73,1.4142,0,0,0.0,0.0663,True
2025-10-01,farmer:413001:017,farmer,413001,14843.62,8923.07,4058.37,4864.7,1.4142,0,0,0.0,2.0,True
2025-10-01,farmer:413001:018,farmer,413001,30741.32,8043.65,3671.68,4371.97,1.4142,0,0,0.0,2.0,True
2025-10-01,farmer:413001:019,farmer,413001,16186.01,11796.98,4668.63,7128.35,1.4142,0,0,0.0,2.0,True
2025-10-01,farmer:413001:020,farmer,413001,2776.8,5050.23,3542.4,1507.83,1.4142,0,0,0.0,2.0,True
2025-10-01,farmer:413001:021,farmer,413001,31007.5,12114.89,3727.32,8387.57,1.4142,0,0,0.0,2.0,True
2025-10-01,farmer:413001:022,farmer,413001,45125.83,14052.83,4371.57,9681.26,1.4142,0,0,0.0,2.0,True
2025-10-01,farmer:413001:023,farmer,413001,-0.0,3534.66,3534.66,0.0,1.4142,1,3,0.0,0.0,True
2025-10-01,farmer:413001:024,farmer,413001,27263.58,6573.92,4416.48,2157.44,1.4142,0,0,0.0,2.0,True
2025-10-01,farmer:413001:025,farmer,413001,17669.35,8220.78,4730.02,3490.76,1.4142,0,0,0.0,2.0,True
2025-10-01,farmer:413001:026,farmer,413001,36524.27,15755.59,4781.19,10974.4,1.4142,0,0,0.0,2.0,True
2025-10-01,farmer:413001:027,farmer,413001,12196.78,6093.56,4741.98,1351.58,1.4142,0,0,0.0,2.0,True
2025-10-01,farmer:413001:028,farmer,413001,42367.84,12895.13,3394.91,9500.22,1.4142,0,0,0.0,2.0,True
2025-10-01,farmer:413001:029,farmer,413001,28532.43,5621.87,4178.57,1443.3,1.4142,0,0,0.0,2.0,True
2025-10-01,farmer:413001:030,farmer,413001,111.2,4946.8,4835.6,111.2,1.4142,3,2,0.0,0.1647,True
2025-10-01,farmer:413001:031,farmer,413001,42806.06,12911.82,4704.64,8207.18,1.4142,0,0,0.0,2.0,True
2025-10-01,farmer:413001:032,farmer,413001,2686.43,4217.09,3479.11,737.98,1.4142,0,0,0.0,2.0,True
2025-10-01,farmer:413001:033,farmer,413001,41850.24,12100.71,4139.49,7961.22,1.4142,0,0,0.0,2.0,True
2025-10-01,farmer:413001:034,farmer,413001,8636.54,2996.76,3666.32,-669.56,1.4142,0,0,0.0,2.0,True
2025-10-01,farmer:413001:035,farmer,413001,18944.24,12447.94,3478.89,8969.05,1.4142,0,0,0.0,2.0,True
2025-10-01,utility:431001,utility_company,431001,562720.0,26650.0,0.0,26650.0,0.0536,0,0,0.0,0.0,True
2025-10-01,wholesaler:431001:01,wholesaler,431001,1384444.62,48817.5,359766.13,-310948.63,0.0928,0,0,0.0,0.0,True
2025-10-01,retailer:431001:01,kirana,431001,142732.29,31408.77,22450.9,8957.87,0.406,0,0,0.0,0.0,True
2025-10-01,retailer:431001:02,kirana,431001,147630.64,10070.49,6205.85,3864.64,0.2847,0,0,0.0,0.0,True
2025-10-01,retailer:431001:03,kirana,431001,161971.91,14137.24,8798.26,5338.98,0.1044,0,0,0.0,0.0,True
2025-10-01,retailer:431001:04,kirana,431001,148848.97,21698.51,15562.49,6136.02,0.0229,0,0,0.0,0.0,True
2025-10-01,farmer:431001:001,farmer,431001,2923.14,4852.62,3542.62,1310.0,1.4142,0,0,0.0,2.0,True
2025-10-01,farmer:431001:002,farmer,431001,60848.67,18932.61,3619.13,15313.48,1.4142,0,0,0.0,2.0,True
2025-10-01,farmer:431001:003,farmer,431001,16067.82,11742.84,3903.75,7839.09,1.4142,0,0,0.0,2.0,True
2025-10-01,farmer:431001:004,farmer,431001,33037.91,15751.62,4329.03,11422.59,1.4142,0,0,0.0,2.0,True
2025-10-01,farmer:431001:005,farmer,431001,13369.96,12842.79,5001.19,7841.6,1.4142,0,0,0.0,2.0,True
2025-10-01,farmer:431001:006,farmer,431001,41126.82,11610.25,3737.44,7872.81,1.4142,0,0,0.0,2.0,True
2025-10-01,farmer:431001:007,farmer,431001,-0.0,3048.26,3048.26,0.0,1.4142,1,2,0.0,0.0,True
2025-10-01,farmer:431001:008,farmer,431001,55379.66,17562.16,3444.82,14117.34,1.4142,0,0,0.0,2.0,True
2025-10-01,farmer:431001:009,farmer,431001,4395.21,8209.19,3813.98,4395.21,1.4142,1,0,0.0,2.0,True
2025-10-01,farmer:431001:010,farmer,431001,27352.49,18511.26,5026.44,13484.82,1.4142,0,0,0.0,2.0,True
2025-10-01,farmer:431001:011,farmer,431001,17130.15,4496.72,3507.67,989.05,1.4142,0,0,0.0,2.0,True
2025-10-01,farmer:431001:012,farmer,431001,10165.39,5460.78,3540.01,1920.77,1.4142,0,0,0.0,2.0,True
2025-10-01,farmer:431001:013,farmer,431001,27386.73,8069.75,4662.84,3406.91,1.4142,0,0,0.0,2.0,True
2025-10-01,farmer:431001:014,farmer,431001,13065.41,5922.93,3910.37,2012.56,1.4142,0,0,0.0,2.0,True
2025-10-01,farmer:431001:015,farmer,431001,2566.03,6179.69,3613.66,2566.03,1.4142,0,0,0.0,2.0,True
2025-10-01,farmer:431001:016,farmer,431001,23893.13,11306.41,4841.53,6464.88,1.4142,0,0,0.0,2.0,True
2025-10-01,farmer:431001:017,farmer,431001,664.22,5151.56,4487.34,664.22,1.4142,1,0,0.0,0.984,True
2025-10-01,farmer:431001:018,farmer,431001,19222.11,12592.69,3804.06,8788.63,1.4142,0,0,0.0,2.0,True
2025-10-01,farmer:431001:019,farmer,431001,8815.71,4661.75,4924.39,-262.64,1.4142,0,0,0.0,2.0,True
2025-10-01,farmer:431001:020,farmer,431001,54079.62,15696.33,4057.35,11638.98,1.4142,0,0,0.0,2.0,True
2025-10-01,farmer:431001:021,farmer,431001,17407.24,7234.9,4140.52,3094.38,1.4142,0,0,0.0,2.0,True
2025-10-01,farmer:431001:022,farmer,431001,23048.48,4604.54,4114.05,490.49,1.4142,0,0,0.0,2.0,True
2025-10-01,farmer:431001:023,farmer,431001,33058.92,10050.04,4733.0,5317.04,1.4142,0,0,0.0,2.0,True
2025-10-01,farmer:431001:024,farmer,431001,689.34,5420.17,4730.83,689.34,1.4142,2,1,0.0,1.0212,True
2025-10-01,farmer:431001:025,farmer,431001,20986.46,10637.91,4429.11,6208.8,1.4142,0,0,0.0,2.0,True
2025-10-01,farmer:431001:026,farmer,431001,51328.79,14410.2,3624.6,10785.6,1.4142,0,0,0.0,2.0,True
2025-10-01,farmer:431001:027,farmer,431001,13683.54,9475.89,3758.25,5717.64,1.4142,0,0,0.0,2.0,True
2025-10-01,farmer:431001:028,farmer,431001,1835.48,6639.64,4804.16,1835.48,1.4142,1,0,0.0,2.0,True
2025-10-01,farmer:431001:029,farmer,431001,12106.84,9357.25,3588.27,5768.98,1.4142,0,0,0.0,2.0,True
2025-10-01,farmer:431001:030,farmer,431001,38651.77,17125.75,4733.65,12392.1,1.4142,0,0,0.0,2.0,True
2025-10-01,farmer:431001:031,farmer,431001,13352.41,12716.31,4491.77,8224.54,1.4142,0,0,0.0,2.0,True
2025-10-01,farmer:431001:032,farmer,431001,56898.9,15626.88,4156.08,11470.8,1.4142,0,0,0.0,2.0,True
2025-10-01,farmer:431001:033,farmer,431001,30155.6,15475.08,3770.13,11704.95,1.4142,0,0,0.0,2.0,True
2025-10-01,farmer:431001:034,farmer,431001,7888.93,6850.61,4372.33,2478.28,1.4142,0,0,0.0,2.0,True
2025-10-01,farmer:431001:035,farmer,431001,34634.55,9138.75,3760.49,5378.26,1.4142,0,0,0.0,2.0,True
2025-10-01,utility:440001,utility_company,440001,561076.42,26525.0,0.0,26525.0,0.0404,0,0,0.0,0.0,True
2025-10-01,wholesaler:440001:01,wholesaler,440001,1315549.73,52302.28,383365.97,-331063.69,0.1025,0,0,0.0,0.0,True
2025-10-01,retailer:440001:01,kirana,440001,153187.61,18290.44,11992.35,6298.09,0.0421,0,0,0.0,0.0,True
2025-10-01,retailer:440001:02,kirana,440001,148319.42,22152.38,16214.87,5937.51,0.4004,0,0,0.0,0.0,True
2025-10-01,retailer:440001:03,kirana,440001,144363.9,30274.65,17331.22,12943.43,0.4329,0,0,0.0,0.0,True
2025-10-01,retailer:440001:04,kirana,440001,166166.06,16688.57,10963.84,5724.73,0.2726,0,0,0.0,0.0,True
2025-10-01,farmer:440001:001,farmer,440001,35737.62,15926.56,4403.27,11523.29,1.4142,0,0,0.0,2.0,True
2025-10-01,farmer:440001:002,farmer,440001,56924.07,15156.08,4659.98,10496.1,1.4142,0,0,0.0,2.0,True
2025-10-01,farmer:440001:003,farmer,440001,22298.35,13288.38,3700.91,9587.47,1.4142,0,0,0.0,2.0,True
2025-10-01,farmer:440001:004,farmer,440001,45976.11,17922.38,4943.44,12978.94,1.4142,0,0,0.0,2.0,True
2025-10-01,farmer:440001:005,farmer,440001,16376.66,12342.5,4960.98,7381.52,1.4142,0,0,0.0,2.0,True
2025-10-01,farmer:440001:006,farmer,440001,32260.49,9299.93,3831.27,5468.66,1.4142,0,0,0.0,2.0,True
2025-10-01,farmer:440001:007,farmer,440001,28247.02,17833.97,4148.97,13685.0,1.4142,0,0,0.0,2.0,True
2025-10-01,farmer:440001:008,farmer,440001,30907.14,11207.2,4674.93,6532.27,1.4142,0,0,0.0,2.0,True
2025-10-01,farmer:440001:009,farmer,440001,22802.1,4453.99,4052.11,401.88,1.4142,0,0,0.0,2.0,True
2025-10-01,farmer:440001:010,farmer,440001,27607.2,11410.15,4232.77,7177.38,1.4142,0,0,0.0,2.0,True
2025-10-01,farmer:440001:011,farmer,440001,29811.1,12588.1,4521.64,8066.46,1.4142,0,0,0.0,2.0,True
2025-10-01,farmer:440001:012,farmer,440001,15879.34,6399.14,4604.16,1794.98,1.4142,0,0,0.0,2.0,True
2025-10-01,farmer:440001:013,farmer,440001,22527.81,8486.23,4840.37,3645.86,1.4142,0,0,0.0,2.0,True
2025-10-01,farmer:440001:014,farmer,440001,23085.58,7684.05,4881.76,2802.29,1.4142,0,0,0.0,2.0,True
2025-10-01,farmer:440001:015,farmer,440001,38472.95,10552.53,4862.01,5690.52,1.4142,0,0,0.0,2.0,True
2025-10-01,farmer:440001:016,farmer,440001,-0.0,4230.99,4230.99,0.0,1.4142,2,3,0.0,0.0,True
2025-10-01,farmer:440001:017,farmer,440001,58492.65,18256.94,4706.48,13550.46,1.4142,0,0,0.0,2.0,True
2025-10-01,farmer:440001:018,farmer,440001,4624.78,8825.32,4200.54,4624.78,1.4142,0,0,0.0,2.0,True
2025-10-01,farmer:440001:019,farmer,440001,37177.27,13852.07,3435.23,10416.84,1.4142,0,0,0.0,2.0,True
2025-10-01,farmer:440001:020,farmer,440001,6401.72,11271.55,4869.83,6401.72,1.4142,0,0,0.0,2.0,True
2025-10-01,farmer:440001:021,farmer,440001,19451.74,7544.02,3724.91,3819.11,1.4142,0,0,0.0,2.0,True
2025-10-01,farmer:440001:022,farmer,440001,0.0,4616.98,4616.98,0.0,1.4142,2,3,0.0,0.0,True
2025-10-01,farmer:440001:023,farmer,440001,18086.56,12627.78,4846.64,7781.14,1.4142,0,0,0.0,2.0,True
2025-10-01,farmer:440001:024,farmer,440001,18251.49,12325.01,4450.67,7874.34,1.4142,0,0,0.0,2.0,True
2025-10-01,farmer:440001:025,farmer,440001,12566.63,7228.58,4744.71,2483.87,1.4142,0,0,0.0,2.0,True
2025-10-01,farmer:440001:026,farmer,440001,20098.79,14211.97,3919.54,10292.43,1.4142,0,0,0.0,2.0,True
2025-10-01,farmer:440001:027,farmer,440001,2923.05,7463.45,4540.4,2923.05,1.4142,2,1,0.0,2.0,True
2025-10-01,farmer:440001:028,farmer,440001,20095.45,10789.94,4480.06,6309.88,1.4142,0,0,0.0,2.0,True
2025-10-01,farmer:440001:029,farmer,440001,23647.22,11034.21,4911.45,6122.76,1.4142,0,0,0.0,2.0,True
2025-10-01,farmer:440001:030,farmer,440001,17545.89,4256.47,3429.19,827.28,1.4142,0,0,0.0,2.0,True
2025-10-01,farmer:440001:031,farmer,440001,36987.95,11019.58,3439.11,7580.47,1.4142,0,0,0.0,2.0,True
2025-10-01,farmer:440001:032,farmer,440001,1289.28,5706.11,4416.83,1289.28,1.4142,2,1,0.0,1.91,True
2025-10-01,farmer:440001:033,farmer,440001,51170.9,17880.97,4512.43,13368.54,1.4142,0,0,0.0,2.0,True
2025-10-01,farmer:440001:034,farmer,440001,32258.46,18336.53,4701.3,13635.23,1.4142,0,0,0.0,2.0,True
2025-10-01,farmer:440001:035,farmer,440001,15341.06,4936.31,4183.85,752.46,1.4142,0,0,0.0,2.0,True
2025-11-01,lender:vridhi,synthetic_lender,national,3522172.04,140125.23,0.0,140125.23,0.0727,0,0,0.0,0.0,True
2025-11-01,utility:413001,utility_company,413001,589735.0,26775.0,0.0,26775.0,0.053,0,0,0.0,0.0,True
2025-11-01,wholesaler:413001:01,wholesaler,413001,1293268.2,45737.18,306080.01,-260342.83,0.0291,0,0,0.0,0.0,True
2025-11-01,retailer:413001:01,kirana,413001,144942.99,20365.53,12085.81,8279.72,0.0514,0,0,0.0,0.0,True
2025-11-01,retailer:413001:02,kirana,413001,153081.82,11814.16,9038.51,2775.65,0.186,0,0,0.0,0.0,True
2025-11-01,retailer:413001:03,kirana,413001,159273.56,23063.87,16401.08,6662.79,0.0726,0,0,0.0,0.0,True
2025-11-01,retailer:413001:04,kirana,413001,165906.15,22159.24,12411.78,9747.46,0.0956,0,0,0.0,0.0,True
2025-11-01,farmer:413001:001,farmer,413001,-0.0,3211.19,3211.19,0.0,0.7085,2,4,0.0,0.0,True
2025-11-01,farmer:413001:002,farmer,413001,51842.68,13223.66,3612.11,9611.55,0.7072,0,0,0.0,2.0,True
2025-11-01,farmer:413001:003,farmer,413001,3915.27,5064.64,4324.23,740.41,0.7171,0,0,0.0,2.0,True
2025-11-01,farmer:413001:004,farmer,413001,13569.74,6918.34,3349.14,3569.2,0.7073,0,0,0.0,2.0,True
2025-11-01,farmer:413001:005,farmer,413001,17251.35,6315.82,3566.42,2749.4,0.7089,0,0,0.0,2.0,True
2025-11-01,farmer:413001:006,farmer,413001,14528.9,6352.22,3990.03,2362.19,0.7091,0,0,0.0,2.0,True
2025-11-01,farmer:413001:007,farmer,413001,11884.22,3837.2,3789.32,47.88,0.7102,0,0,0.0,2.0,True
2025-11-01,farmer:413001:008,farmer,413001,6675.58,7126.98,3587.34,3539.64,0.708,1,0,0.0,2.0,True
2025-11-01,farmer:413001:009,farmer,413001,9133.2,7909.61,3707.0,4202.61,0.709,0,0,0.0,2.0,True
2025-11-01,farmer:413001:010,farmer,413001,47865.37,16064.33,4666.87,11397.46,0.7134,0,0,0.0,2.0,True
2025-11-01,farmer:413001:011,farmer,413001,44659.47,14148.53,4844.49,9304.04,0.7095,0,0,0.0,2.0,True
2025-11-01,farmer:413001:012,farmer,413001,21780.4,8632.67,3583.38,5049.29,0.7086,0,0,0.0,2.0,True
2025-11-01,farmer:413001:013,farmer,413001,46135.7,12599.78,5084.56,7515.22,0.7131,0,0,0.0,2.0,True
2025-11-01,farmer:413001:014,farmer,413001,24799.24,14976.64,3924.2,11052.44,0.7072,0,0,0.0,2.0,True
2025-11-01,farmer:413001:015,farmer,413001,6625.3,6694.45,4735.61,1958.84,0.7155,1,0,0.0,2.0,True
2025-11-01,farmer:413001:016,farmer,413001,40.78,4169.16,4173.11,-3.95,0.7071,0,0,0.0,0.0302,True
2025-11-01,farmer:413001:017,farmer,413001,19378.63,9271.71,4736.7,4535.01,0.7075,0,0,0.0,2.0,True
2025-11-01,farmer:413001:018,farmer,413001,34958.25,7663.52,3446.59,4216.93,0.7077,0,0,0.0,2.0,True
2025-11-01,farmer:413001:019,farmer,413001,24014.66,11838.92,4010.27,7828.65,0.7071,0,0,0.0,2.0,True
2025-11-01,farmer:413001:020,farmer,413001,2812.52,4947.47,4911.75,35.72,0.7072,0,0,0.0,2.0,True
2025-11-01,farmer:413001:021,farmer,413001,37891.11,11095.89,4212.28,6883.61,0.7091,0,0,0.0,2.0,True
2025-11-01,farmer:413001:022,farmer,413001,56837.35,16315.65,4604.13,11711.52,0.713,0,0,0.0,2.0,True
2025-11-01,farmer:413001:023,farmer,413001,-0.0,3308.17,3308.17,0.0,0.7083,1,4,0.0,0.0,True
2025-11-01,farmer:413001:024,farmer,413001,29027.79,5810.05,4045.84,1764.21,0.7111,0,0,0.0,2.0,True
2025-11-01,farmer:413001:025,farmer,413001,20896.81,7374.65,4147.19,3227.46,0.7102,0,0,0.0,2.0,True
2025-11-01,farmer:413001:026,farmer,413001,47896.43,16138.81,4766.65,11372.16,0.7073,0,0,0.0,2.0,True
2025-11-01,farmer:413001:027,farmer,413001,16174.75,7457.5,3479.53,3977.97,0.7178,0,0,0.0,2.0,True
2025-11-01,farmer:413001:028,farmer,413001,50645.88,11645.97,3367.93,8278.04,0.7098,0,0,0.0,2.0,True
2025-11-01,farmer:413001:029,farmer,413001,32052.48,7219.29,3699.24,3520.05,0.7233,0,0,0.0,2.0,True
2025-11-01,farmer:413001:030,farmer,413001,-0.0,4688.89,4800.09,-111.2,0.7079,3,3,0.0,0.0,True
2025-11-01,farmer:413001:031,farmer,413001,51098.98,12087.54,3794.62,8292.92,0.7083,0,0,0.0,2.0,True
2025-11-01,farmer:413001:032,farmer,413001,1717.1,3902.62,4871.95,-969.33,0.7087,0,0,0.0,1.2719,True
2025-11-01,farmer:413001:033,farmer,413001,48846.94,12058.37,5061.67,6996.7,0.7071,0,0,0.0,2.0,True
2025-11-01,farmer:413001:034,farmer,413001,7901.56,3752.15,4487.13,-734.98,0.7203,0,0,0.0,2.0,True
2025-11-01,farmer:413001:035,farmer,413001,25200.32,9857.62,3601.54,6256.08,0.7213,0,0,0.0,2.0,True
2025-11-01,utility:431001,utility_company,431001,589370.0,26650.0,0.0,26650.0,0.058,0,0,0.0,0.0,True
2025-11-01,wholesaler:431001:01,wholesaler,431001,1086373.71,52614.44,350685.35,-298070.91,0.1127,0,0,0.0,0.0,True
2025-11-01,retailer:431001:01,kirana,431001,146725.85,13404.47,9410.91,3993.56,0.5126,0,0,0.0,0.0,True
2025-11-01,retailer:431001:02,kirana,431001,156382.48,25396.59,16644.75,8751.84,0.3423,0,0,0.0,0.0,True
2025-11-01,retailer:431001:03,kirana,431001,168282.51,22956.88,16646.28,6310.6,0.2032,0,0,0.0,0.0,True
2025-11-01,retailer:431001:04,kirana,431001,159109.14,24372.67,14112.5,10260.17,0.0655,0,0,0.0,0.0,True
2025-11-01,farmer:431001:001,farmer,431001,3061.51,4876.31,4737.94,138.37,0.7071,0,0,0.0,2.0,True
2025-11-01,farmer:431001:002,farmer,431001,74959.07,18616.29,4505.89,14110.4,0.7072,0,0,0.0,2.0,True
2025-11-01,farmer:431001:003,farmer,431001,22883.52,11449.51,4633.81,6815.7,0.7073,0,0,0.0,2.0,True
2025-11-01,farmer:431001:004,farmer,431001,44542.2,16005.16,4500.87,11504.29,0.7072,0,0,0.0,2.0,True
2025-11-01,farmer:431001:005,farmer,431001,19986.74,11292.12,4675.34,6616.78,0.7115,0,0,0.0,2.0,True
2025-11-01,farmer:431001:006,farmer,431001,45932.78,9884.34,5078.38,4805.96,0.7139,0,0,0.0,2.0,True
2025-11-01,farmer:431001:007,farmer,431001,-0.0,3275.66,3275.66,0.0,0.7085,1,3,0.0,0.0,True
2025-11-01,farmer:431001:008,farmer,431001,68113.75,17377.36,4643.27,12734.09,0.7071,0,0,0.0,2.0,True
2025-11-01,farmer:431001:009,farmer,431001,7919.08,8558.23,5034.36,3523.87,0.7076,1,0,0.0,2.0,True
2025-11-01,farmer:431001:010,farmer,431001,40299.07,16911.75,3965.17,12946.58,0.7093,0,0,0.0,2.0,True
2025-11-01,farmer:431001:011,farmer,431001,16892.22,4601.34,4839.27,-237.93,0.7072,0,0,0.0,2.0,True
2025-11-01,farmer:431001:012,farmer,431001,11367.24,5344.67,4142.82,1201.85,0.7072,0,0,0.0,2.0,True
2025-11-01,farmer:431001:013,farmer,431001,31478.43,7535.13,3443.43,4091.7,0.7084,0,0,0.0,2.0,True
2025-11-01,farmer:431001:014,farmer,431001,14931.24,6679.72,4813.89,1865.83,0.7109,0,0,0.0,2.0,True
2025-11-01,farmer:431001:015,farmer,431001,3710.94,5893.09,4748.18,1144.91,0.7077,0,0,0.0,2.0,True
2025-11-01,farmer:431001:016,farmer,431001,31785.38,12207.05,4314.8,7892.25,0.7087,0,0,0.0,2.0,True
2025-11-01,farmer:431001:017,farmer,431001,1936.29,4741.89,3469.82,1272.07,0.7089,1,0,0.0,2.0,True
2025-11-01,farmer:431001:018,farmer,431001,27044.07,12804.78,4982.82,7821.96,0.7072,0,0,0.0,2.0,True
2025-11-01,farmer:431001:019,farmer,431001,8667.1,4442.54,4591.15,-148.61,0.7077,0,0,0.0,2.0,True
2025-11-01,farmer:431001:020,farmer,431001,63382.64,13977.18,4674.16,9303.02,0.7107,0,0,0.0,2.0,True
2025-11-01,farmer:431001:021,farmer,431001,20456.68,6950.01,3900.57,3049.44,0.7075,0,0,0.0,2.0,True
2025-11-01,farmer:431001:022,farmer,431001,24984.21,5419.62,3483.89,1935.73,0.7141,0,0,0.0,2.0,True
2025-11-01,farmer:431001:023,farmer,431001,38156.82,9936.24,4838.34,5097.9,0.7071,0,0,0.0,2.0,True
2025-11-01,farmer:431001:024,farmer,431001,2118.51,6009.77,4580.6,1429.17,0.7099,2,0,0.0,2.0,True
2025-11-01,farmer:431001:025,farmer,431001,26311.32,10323.93,4999.07,5324.86,0.7073,0,0,0.0,2.0,True
2025-11-01,farmer:431001:026,farmer,431001,59699.03,12624.34,4254.1,8370.24,0.7117,0,0,0.0,2.0,True
2025-11-01,farmer:431001:027,farmer,431001,18722.89,9149.05,4109.7,5039.35,0.7074,0,0,0.0,2.0,True
2025-11-01,farmer:431001:028,farmer,431001,5962.67,7744.76,3617.57,4127.19,0.7133,1,0,0.0,2.0,True
2025-11-01,farmer:431001:029,farmer,431001,16635.55,8349.25,3820.54,4528.71,0.7105,0,0,0.0,2.0,True
2025-11-01,farmer:431001:030,farmer,431001,50749.43,16914.06,4816.4,12097.66,0.7071,0,0,0.0,2.0,True
2025-11-01,farmer:431001:031,farmer,431001,19196.85,9984.32,4139.88,5844.44,0.7223,0,0,0.0,2.0,True
2025-11-01,farmer:431001:032,farmer,431001,68608.76,16435.18,4725.32,11709.86,0.7078,0,0,0.0,2.0,True
2025-11-01,farmer:431001:033,farmer,431001,41808.39,15234.63,3581.84,11652.79,0.7072,0,0,0.0,2.0,True
2025-11-01,farmer:431001:034,farmer,431001,10050.19,7095.0,4933.74,2161.26,0.7074,0,0,0.0,2.0,True
2025-11-01,farmer:431001:035,farmer,431001,40016.84,9641.07,4258.78,5382.29,0.7079,0,0,0.0,2.0,True
2025-11-01,utility:440001,utility_company,440001,587601.42,26525.0,0.0,26525.0,0.0439,0,0,0.0,0.0,True
2025-11-01,wholesaler:440001:01,wholesaler,440001,974975.66,40553.27,381127.34,-340574.07,0.1229,0,0,0.0,0.0,True
2025-11-01,retailer:440001:01,kirana,440001,163703.9,24109.28,13592.99,10516.29,0.1427,0,0,0.0,0.0,True
2025-11-01,retailer:440001:02,kirana,440001,154116.89,13838.71,8041.24,5797.47,0.2728,0,0,0.0,0.0,True
2025-11-01,retailer:440001:03,kirana,440001,154361.8,23093.49,13095.59,9997.9,0.3566,0,0,0.0,0.0,True
2025-11-01,retailer:440001:04,kirana,440001,170649.2,14506.59,10023.45,4483.14,0.305,0,0,0.0,0.0,True
2025-11-01,farmer:440001:001,farmer,440001,44580.9,12831.34,3988.06,8843.28,0.7193,0,0,0.0,2.0,True
2025-11-01,farmer:440001:002,farmer,440001,69664.94,16695.29,3954.42,12740.87,0.7096,0,0,0.0,2.0,True
2025-11-01,farmer:440001:003,farmer,440001,31374.68,12768.52,3692.19,9076.33,0.7075,0,0,0.0,2.0,True
2025-11-01,farmer:440001:004,farmer,440001,61540.08,19375.61,3811.64,15563.97,0.7087,0,0,0.0,2.0,True
2025-11-01,farmer:440001:005,farmer,440001,25881.61,13023.14,3518.19,9504.95,0.7079,0,0,0.0,2.0,True
2025-11-01,farmer:440001:006,farmer,440001,38903.06,10530.36,3887.79,6642.57,0.7112,0,0,0.0,2.0,True
2025-11-01,farmer:440001:007,farmer,440001,39285.45,14801.0,3762.57,11038.43,0.7162,0,0,0.0,2.0,True
2025-11-01,farmer:440001:008,farmer,440001,38642.26,12006.14,4271.02,7735.12,0.7084,0,0,0.0,2.0,True
2025-11-01,farmer:440001:009,farmer,440001,23569.09,5401.43,4634.44,766.99,0.7168,0,0,0.0,2.0,True
2025-11-01,farmer:440001:010,farmer,440001,34333.53,11665.22,4938.89,6726.33,0.7072,0,0,0.0,2.0,True
2025-11-01,farmer:440001:011,farmer,440001,35713.78,10224.06,4321.38,5902.68,0.7184,0,0,0.0,2.0,True
2025-11-01,farmer:440001:012,farmer,440001,18817.09,6445.07,3507.32,2937.75,0.7071,0,0,0.0,2.0,True
2025-11-01,farmer:440001:013,farmer,440001,26692.37,8702.19,4537.63,4164.56,0.7073,0,0,0.0,2.0,True
2025-11-01,farmer:440001:014,farmer,440001,26521.33,7820.54,4384.79,3435.75,0.7072,0,0,0.0,2.0,True
2025-11-01,farmer:440001:015,farmer,440001,44678.62,10292.33,4086.66,6205.67,0.7073,0,0,0.0,2.0,True
2025-11-01,farmer:440001:016,farmer,440001,1085.89,4523.16,3437.27,1085.89,0.7083,2,2,0.0,1.6087,True
2025-11-01,farmer:440001:017,farmer,440001,71854.69,17581.86,4219.82,13362.04,0.7075,0,0,0.0,2.0,True
2025-11-01,farmer:440001:018,farmer,440001,7505.11,7453.15,4572.82,2880.33,0.7146,0,0,0.0,2.0,True
2025-11-01,farmer:440001:019,farmer,440001,46368.65,12833.48,3642.1,9191.38,0.7087,0,0,0.0,2.0,True
2025-11-01,farmer:440001:020,farmer,440001,16157.37,13511.22,3755.57,9755.65,0.7157,0,0,0.0,2.0,True
2025-11-01,farmer:440001:021,farmer,440001,22956.57,6997.38,3492.55,3504.83,0.7086,0,0,0.0,2.0,True
2025-11-01,farmer:440001:022,farmer,440001,885.33,4503.94,3618.61,885.33,0.7073,2,2,0.0,1.3116,True
2025-11-01,farmer:440001:023,farmer,440001,24928.4,10257.95,3416.11,6841.84,0.7184,0,0,0.0,2.0,True
2025-11-01,farmer:440001:024,farmer,440001,28346.24,13850.9,3756.15,10094.75,0.7107,0,0,0.0,2.0,True
2025-11-01,farmer:440001:025,farmer,440001,16293.75,7160.44,3433.32,3727.12,0.7071,0,0,0.0,2.0,True
2025-11-01,farmer:440001:026,farmer,440001,33128.77,16925.84,3895.86,13029.98,0.7151,0,0,0.0,2.0,True
2025-11-01,farmer:440001:027,farmer,440001,7324.75,7786.54,3384.84,4401.7,0.7076,2,0,0.0,2.0,True
2025-11-01,farmer:440001:028,farmer,440001,27035.63,12053.63,5113.45,6940.18,0.7103,0,0,0.0,2.0,True
2025-11-01,farmer:440001:029,farmer,440001,32157.46,12468.61,3958.37,8510.24,0.711,0,0,0.0,2.0,True
2025-11-01,farmer:440001:030,farmer,440001,17591.56,4779.53,4733.86,45.67,0.7107,0,0,0.0,2.0,True
2025-11-01,farmer:440001:031,farmer,440001,44098.32,12144.4,5034.03,7110.37,0.7096,0,0,0.0,2.0,True
2025-11-01,farmer:440001:032,farmer,440001,1838.7,5636.11,5086.69,549.42,0.7071,2,0,0.0,1.769,True
2025-11-01,farmer:440001:033,farmer,440001,63348.87,17045.47,4867.5,12177.97,0.7077,0,0,0.0,2.0,True
2025-11-01,farmer:440001:034,farmer,440001,42531.17,14204.07,3931.36,10272.71,0.724,0,0,0.0,2.0,True
2025-11-01,farmer:440001:035,farmer,440001,15692.68,4427.42,4075.8,351.62,0.7102,0,0,0.0,2.0,True
2025-12-01,lender:vridhi,synthetic_lender,national,3645872.94,123700.9,0.0,123700.9,0.0571,0,0,0.0,0.0,True
2025-12-01,utility:413001,utility_company,413001,613105.0,23370.0,0.0,23370.0,0.0626,0,0,0.0,0.0,True
2025-12-01,wholesaler:413001:01,wholesaler,413001,1334731.4,43863.2,2400.0,41463.2,0.0213,0,0,0.0,0.0,True
2025-12-01,retailer:413001:01,kirana,413001,150212.95,14922.26,9652.3,5269.96,0.1255,0,0,0.0,0.0,True
2025-12-01,retailer:413001:02,kirana,413001,157461.32,14637.57,10258.07,4379.5,0.1645,0,0,0.0,0.0,True
2025-12-01,retailer:413001:03,kirana,413001,164820.43,19901.31,14354.44,5546.87,0.0691,0,0,0.0,0.0,True
2025-12-01,retailer:413001:04,kirana,413001,171506.55,19398.79,13798.39,5600.4,0.0833,0,0,0.0,0.0,True
2025-12-01,farmer:413001:001,farmer,413001,-0.0,0.0,0.0,0.0,0.7085,3,5,0.0,0.0,True
2025-12-01,farmer:413001:002,farmer,413001,48221.61,0.0,3621.07,-3621.07,0.7072,0,0,0.0,2.0,True
2025-12-01,farmer:413001:003,farmer,413001,-0.0,0.0,3915.27,-3915.27,0.7171,0,1,0.0,0.0,True
2025-12-01,farmer:413001:004,farmer,413001,10014.14,0.0,3555.6,-3555.6,0.7073,0,0,0.0,2.0,True
2025-12-01,farmer:413001:005,farmer,413001,13066.29,0.0,4185.06,-4185.06,0.7089,0,0,0.0,2.0,True
2025-12-01,farmer:413001:006,farmer,413001,10381.4,0.0,4147.5,-4147.5,0.7091,0,0,0.0,2.0,True
2025-12-01,farmer:413001:007,farmer,413001,7873.58,0.0,4010.64,-4010.64,0.7102,0,0,0.0,2.0,True
2025-12-01,farmer:413001:008,farmer,413001,1797.17,0.0,4878.41,-4878.41,0.708,1,0,0.0,1.3312,True
2025-12-01,farmer:413001:009,farmer,413001,5427.32,0.0,3705.88,-3705.88,0.709,0,0,0.0,2.0,True
2025-12-01,farmer:413001:010,farmer,413001,42996.45,0.0,4868.92,-4868.92,0.7134,0,0,0.0,2.0,True
2025-12-01,farmer:413001:011,farmer,413001,40823.14,0.0,3836.33,-3836.33,0.7095,0,0,0.0,2.0,True
2025-12-01,farmer:413001:012,farmer,413001,18001.36,0.0,3779.04,-3779.04,0.7086,0,0,0.0,2.0,True
2025-12-01,farmer:413001:013,farmer,413001,42097.29,0.0,4038.41,-4038.41,0.7131,0,0,0.0,2.0,True
2025-12-01,farmer:413001:014,farmer,413001,21294.6,0.0,3504.64,-3504.64,0.7072,0,0,0.0,2.0,True
2025-12-01,farmer:413001:015,farmer,413001,2098.28,0.0,4527.02,-4527.02,0.7155,1,0,0.0,1.5543,True
2025-12-01,farmer:413001:016,farmer,413001,-0.0,0.0,40.78,-40.78,0.7071,1,1,0.0,0.0,True
2025-12-01,farmer:413001:017,farmer,413001,15912.94,0.0,3465.69,-3465.69,0.7075,0,0,0.0,2.0,True
2025-12-01,farmer:413001:018,farmer,413001,31078.0,0.0,3880.25,-3880.25,0.7077,0,0,0.0,2.0,True
2025-12-01,farmer:413001:019,farmer,413001,19461.12,0.0,4553.54,-4553.54,0.7071,0,0,0.0,2.0,True
2025-12-01,farmer:413001:020,farmer,413001,-0.0,0.0,2812.52,-2812.52,0.7072,1,1,0.0,0.0,True
2025-12-01,farmer:413001:021,farmer,413001,32960.48,0.0,4930.63,-4930.63,0.7091,0,0,0.0,2.0,True
2025-12-01,farmer:413001:022,farmer,413001,52866.83,0.0,3970.52,-3970.52,0.713,0,0,0.0,2.0,True
2025-12-01,farmer:413001:023,farmer,413001,-0.0,0.0,0.0,0.0,0.7083,2,5,0.0,0.0,True
2025-12-01,farmer:413001:024,farmer,413001,24380.49,0.0,4647.3,-4647.3,0.7111,0,0,0.0,2.0,True
2025-12-01,farmer:413001:025,farmer,413001,16019.26,0.0,4877.55,-4877.55,0.7102,0,0,0.0,2.0,True
2025-12-01,farmer:413001:026,farmer,413001,43257.5,0.0,4638.93,-4638.93,0.7073,0,0,0.0,2.0,True
2025-12-01,farmer:413001:027,farmer,413001,11592.53,0.0,4582.22,-4582.22,0.7178,0,0,0.0,2.0,True
2025-12-01,farmer:413001:028,farmer,413001,47036.58,0.0,3609.3,-3609.3,0.7098,0,0,0.0,2.0,True
2025-12-01,farmer:413001:029,farmer,413001,27942.09,0.0,4110.39,-4110.39,0.7233,0,0,0.0,2.0,True
2025-12-01,farmer:413001:030,farmer,413001,-0.0,0.0,0.0,0.0,0.7079,4,4,0.0,0.0,True
2025-12-01,farmer:413001:031,farmer,413001,47025.44,0.0,4073.54,-4073.54,0.7083,0,0,0.0,2.0,True
2025-12-01,farmer:413001:032,farmer,413001,0.0,0.0,1717.1,-1717.1,0.7087,1,1,0.0,0.0,True
2025-12-01,farmer:413001:033,farmer,413001,44984.24,0.0,3862.7,-3862.7,0.7071,0,0,0.0,2.0,True
2025-12-01,farmer:413001:034,farmer,413001,4080.26,0.0,3821.3,-3821.3,0.7203,0,0,0.0,2.0,True
2025-12-01,farmer:413001:035,farmer,413001,20975.48,0.0,4224.84,-4224.84,0.7213,0,0,0.0,2.0,True
2025-12-01,utility:431001,utility_company,431001,614570.66,25200.66,0.0,25200.66,0.0261,0,0,0.0,0.0,True
2025-12-01,wholesaler:431001:01,wholesaler,431001,1127986.11,44012.4,2400.0,41612.4,0.0726,0,0,0.0,0.0,True
2025-12-01,retailer:431001:01,kirana,431001,151875.95,12453.69,7303.59,5150.1,0.4568,0,0,0.0,0.0,True
2025-12-01,retailer:431001:02,kirana,431001,164573.84,21265.14,13073.78,8191.36,0.3424,0,0,0.0,0.0,True
2025-12-01,retailer:431001:03,kirana,431001,175060.82,16095.95,9317.64,6778.31,0.2133,0,0,0.0,0.0,True
2025-12-01,retailer:431001:04,kirana,431001,165906.68,25314.93,18517.39,6797.54,0.0644,0,0,0.0,0.0,True
2025-12-01,farmer:431001:001,farmer,431001,-0.0,0.0,3061.51,-3061.51,0.7071,0,1,0.0,0.0,True
2025-12-01,farmer:431001:002,farmer,431001,71329.98,0.0,3629.09,-3629.09,0.7072,0,0,0.0,2.0,True
2025-12-01,farmer:431001:003,farmer,431001,19564.01,0.0,3319.51,-3319.51,0.7073,0,0,0.0,2.0,True
2025-12-01,farmer:431001:004,farmer,431001,39504.31,0.0,5037.89,-5037.89,0.7072,0,0,0.0,2.0,True
2025-12-01,farmer:431001:005,farmer,431001,15085.45,0.0,4901.29,-4901.29,0.7115,0,0,0.0,2.0,True
2025-12-01,farmer:431001:006,farmer,431001,41625.88,0.0,4306.9,-4306.9,0.7139,0,0,0.0,2.0,True
2025-12-01,farmer:431001:007,farmer,431001,-0.0,0.0,0.0,0.0,0.7085,2,4,0.0,0.0,True
2025-12-01,farmer:431001:008,farmer,431001,64276.52,0.0,3837.23,-3837.23,0.7071,0,0,0.0,2.0,True
2025-12-01,farmer:431001:009,farmer,431001,3743.32,0.0,4175.76,-4175.76,0.7076,1,0,0.0,2.0,True
2025-12-01,farmer:431001:010,farmer,431001,36349.6,0.0,3949.47,-3949.47,0.7093,0,0,0.0,2.0,True
2025-12-01,farmer:431001:011,farmer,431001,13009.52,0.0,3882.7,-3882.7,0.7072,0,0,0.0,2.0,True
2025-12-01,farmer:431001:012,farmer,431001,7382.9,0.0,3984.34,-3984.34,0.7072,0,0,0.0,2.0,True
2025-12-01,farmer:431001:013,farmer,431001,26387.12,0.0,5091.31,-5091.31,0.7084,0,0,0.0,2.0,True
2025-12-01,farmer:431001:014,farmer,431001,9959.95,0.0,4971.29,-4971.29,0.7109,0,0,0.0,2.0,True
2025-12-01,farmer:431001:015,farmer,431001,-0.0,0.0,3710.94,-3710.94,0.7077,0,1,0.0,0.0,True
2025-12-01,farmer:431001:016,farmer,431001,28196.87,0.0,3588.51,-3588.51,0.7087,0,0,0.0,2.0,True
2025-12-01,farmer:431001:017,farmer,431001,0.0,0.0,1936.29,-1936.29,0.7089,2,1,0.0,0.0,True
2025-12-01,farmer:431001:018,farmer,431001,23256.58,0.0,3787.49,-3787.49,0.7072,0,0,0.0,2.0,True
2025-12-01,farmer:431001:019,farmer,431001,4735.39,0.0,3931.71,-3931.71,0.7077,0,0,0.0,2.0,True
2025-12-01,farmer:431001:020,farmer,431001,59810.68,0.0,3571.96,-3571.96,0.7107,0,0,0.0,2.0,True
2025-12-01,farmer:431001:021,farmer,431001,16490.39,0.0,3966.29,-3966.29,0.7075,0,0,0.0,2.0,True
2025-12-01,farmer:431001:022,farmer,431001,20944.47,0.0,4039.74,-4039.74,0.7141,0,0,0.0,2.0,True
2025-12-01,farmer:431001:023,farmer,431001,33728.08,0.0,4428.74,-4428.74,0.7071,0,0,0.0,2.0,True
2025-12-01,farmer:431001:024,farmer,431001,-0.0,0.0,2118.51,-2118.51,0.7099,3,1,0.0,0.0,True
2025-12-01,farmer:431001:025,farmer,431001,21978.08,0.0,4333.24,-4333.24,0.7073,0,0,0.0,2.0,True
2025-12-01,farmer:431001:026,farmer,431001,55486.68,0.0,4212.35,-4212.35,0.7117,0,0,0.0,2.0,True
2025-12-01,farmer:431001:027,farmer,431001,14828.36,0.0,3894.53,-3894.53,0.7074,0,0,0.0,2.0,True
2025-12-01,farmer:431001:028,farmer,431001,1827.08,0.0,4135.59,-4135.59,0.7133,1,0,0.0,1.3534,True
2025-12-01,farmer:431001:029,farmer,431001,11782.13,0.0,4853.42,-4853.42,0.7105,0,0,0.0,2.0,True
2025-12-01,farmer:431001:030,farmer,431001,47036.95,0.0,3712.48,-3712.48,0.7071,0,0,0.0,2.0,True
2025-12-01,farmer:431001:031,farmer,431001,14633.53,0.0,4563.32,-4563.32,0.7223,0,0,0.0,2.0,True
2025-12-01,farmer:431001:032,farmer,431001,64479.59,0.0,4129.17,-4129.17,0.7078,0,0,0.0,2.0,True
2025-12-01,farmer:431001:033,farmer,431001,37520.92,0.0,4287.47,-4287.47,0.7072,0,0,0.0,2.0,True
2025-12-01,farmer:431001:034,farmer,431001,5884.88,0.0,4165.31,-4165.31,0.7074,0,0,0.0,2.0,True
2025-12-01,farmer:431001:035,farmer,431001,36063.88,0.0,3952.96,-3952.96,0.7079,0,0,0.0,2.0,True
2025-12-01,utility:440001,utility_company,440001,612236.42,24635.0,0.0,24635.0,0.0344,0,0,0.0,0.0,True
2025-12-01,wholesaler:440001:01,wholesaler,440001,1016709.49,44133.83,2400.0,41733.83,0.1077,0,0,0.0,0.0,True
2025-12-01,retailer:440001:01,kirana,440001,169336.59,21168.3,15535.61,5632.69,0.1121,0,0,0.0,0.0,True
2025-12-01,retailer:440001:02,kirana,440001,160056.8,19708.19,13768.28,5939.91,0.1879,0,0,0.0,0.0,True
2025-12-01,retailer:440001:03,kirana,440001,157186.75,9467.73,6642.78,2824.95,0.412,0,0,0.0,0.0,True
2025-12-01,retailer:440001:04,kirana,440001,180302.14,22040.1,12387.16,9652.94,0.1784,0,0,0.0,0.0,True
2025-12-01,farmer:440001:001,farmer,440001,40244.02,0.0,4336.88,-4336.88,0.7193,0,0,0.0,2.0,True
2025-12-01,farmer:440001:002,farmer,440001,66228.04,0.0,3436.9,-3436.9,0.7096,0,0,0.0,2.0,True
2025-12-01,farmer:440001:003,farmer,440001,27642.18,0.0,3732.5,-3732.5,0.7075,0,0,0.0,2.0,True
2025-12-01,farmer:440001:004,farmer,440001,57050.62,0.0,4489.46,-4489.46,0.7087,0,0,0.0,2.0,True
2025-12-01,farmer:440001:005,farmer,440001,21787.56,0.0,4094.05,-4094.05,0.7079,0,0,0.0,2.0,True
2025-12-01,farmer:440001:006,farmer,440001,34168.97,0.0,4734.09,-4734.09,0.7112,0,0,0.0,2.0,True
2025-12-01,farmer:440001:007,farmer,440001,35953.18,0.0,3332.27,-3332.27,0.7162,0,0,0.0,2.0,True
2025-12-01,farmer:440001:008,farmer,440001,34962.29,0.0,3679.97,-3679.97,0.7084,0,0,0.0,2.0,True
2025-12-01,farmer:440001:009,farmer,440001,19033.27,0.0,4535.82,-4535.82,0.7168,0,0,0.0,2.0,True
2025-12-01,farmer:440001:010,farmer,440001,30073.04,0.0,4260.49,-4260.49,0.7072,0,0,0.0,2.0,True
2025-12-01,farmer:440001:011,farmer,440001,32203.41,0.0,3510.37,-3510.37,0.7184,0,0,0.0,2.0,True
2025-12-01,farmer:440001:012,farmer,440001,14275.3,0.0,4541.79,-4541.79,0.7071,0,0,0.0,2.0,True
2025-12-01,farmer:440001:013,farmer,440001,22282.46,0.0,4409.91,-4409.91,0.7073,0,0,0.0,2.0,True
2025-12-01,farmer:440001:014,farmer,440001,21911.5,0.0,4609.83,-4609.83,0.7072,0,0,0.0,2.0,True
2025-12-01,farmer:440001:015,farmer,440001,40945.32,0.0,3733.3,-3733.3,0.7073,0,0,0.0,2.0,True
2025-12-01,farmer:440001:016,farmer,440001,-0.0,0.0,1085.89,-1085.89,0.7083,3,3,0.0,0.0,True
2025-12-01,farmer:440001:017,farmer,440001,67985.21,0.0,3869.48,-3869.48,0.7075,0,0,0.0,2.0,True
2025-12-01,farmer:440001:018,farmer,440001,3960.34,0.0,3544.77,-3544.77,0.7146,0,0,0.0,2.0,True
2025-12-01,farmer:440001:019,farmer,440001,42082.84,0.0,4285.81,-4285.81,0.7087,0,0,0.0,2.0,True
2025-12-01,farmer:440001:020,farmer,440001,12202.33,0.0,3955.04,-3955.04,0.7157,0,0,0.0,2.0,True
2025-12-01,farmer:440001:021,farmer,440001,19292.73,0.0,3663.84,-3663.84,0.7086,0,0,0.0,2.0,True
2025-12-01,farmer:440001:022,farmer,440001,0.0,0.0,885.33,-885.33,0.7073,3,3,0.0,0.0,True
2025-12-01,farmer:440001:023,farmer,440001,20366.67,0.0,4561.73,-4561.73,0.7184,0,0,0.0,2.0,True
2025-12-01,farmer:440001:024,farmer,440001,24030.76,0.0,4315.48,-4315.48,0.7107,0,0,0.0,2.0,True
2025-12-01,farmer:440001:025,farmer,440001,12474.43,0.0,3819.32,-3819.32,0.7071,0,0,0.0,2.0,True
2025-12-01,farmer:440001:026,farmer,440001,28157.5,0.0,4971.27,-4971.27,0.7151,0,0,0.0,2.0,True
2025-12-01,farmer:440001:027,farmer,440001,2986.04,0.0,4338.71,-4338.71,0.7076,2,0,0.0,2.0,True
2025-12-01,farmer:440001:028,farmer,440001,23495.78,0.0,3539.85,-3539.85,0.7103,0,0,0.0,2.0,True
2025-12-01,farmer:440001:029,farmer,440001,27132.39,0.0,5025.07,-5025.07,0.711,0,0,0.0,2.0,True
2025-12-01,farmer:440001:030,farmer,440001,13884.83,0.0,3706.73,-3706.73,0.7107,0,0,0.0,2.0,True
2025-12-01,farmer:440001:031,farmer,440001,40251.95,0.0,3846.37,-3846.37,0.7096,0,0,0.0,2.0,True
2025-12-01,farmer:440001:032,farmer,440001,-0.0,0.0,1838.7,-1838.7,0.7071,3,1,0.0,0.0,True
2025-12-01,farmer:440001:033,farmer,440001,59907.84,0.0,3441.03,-3441.03,0.7077,0,0,0.0,2.0,True
2025-12-01,farmer:440001:034,farmer,440001,38382.58,0.0,4148.59,-4148.59,0.724,0,0,0.0,2.0,True
2025-12-01,farmer:440001:035,farmer,440001,12354.0,0.0,3338.68,-3338.68,0.7102,0,0,0.0,2.0,True
2026-01-01,lender:vridhi,synthetic_lender,national,3759131.31,113258.37,0.0,113258.37,0.088,0,0,0.0,0.0,True
2026-01-01,utility:413001,utility_company,413001,635172.51,22067.51,0.0,22067.51,0.0825,0,0,0.0,0.0,True
2026-01-01,wholesaler:413001:01,wholesaler,413001,1374860.59,42529.19,2400.0,40129.19,0.0299,0,0,0.0,0.0,True
2026-01-01,retailer:413001:01,kirana,413001,152890.8,11963.1,9285.25,2677.85,0.2209,0,0,0.0,0.0,True
2026-01-01,retailer:413001:02,kirana,413001,159379.73,9124.77,7206.36,1918.41,0.1898,0,0,0.0,0.0,True
2026-01-01,retailer:413001:03,kirana,413001,174042.63,28188.25,18966.05,9222.2,0.144,0,0,0.0,0.0,True
2026-01-01,retailer:413001:04,kirana,413001,176012.86,15777.84,11271.53,4506.31,0.1367,0,0,0.0,0.0,True
2026-01-01,farmer:413001:001,farmer,413001,-0.0,0.0,0.0,0.0,1.4142,4,6,0.0,0.0,True
2026-01-01,farmer:413001:002,farmer,413001,44081.14,0.0,4140.47,-4140.47,1.4142,0,0,0.0,2.0,True
2026-01-01,farmer:413001:003,farmer,413001,-0.0,0.0,0.0,0.0,1.4142,1,2,0.0,0.0,True
2026-01-01,farmer:413001:004,farmer,413001,5619.36,0.0,4394.78,-4394.78,1.4142,0,0,0.0,2.0,True
2026-01-01,farmer:413001:005,farmer,413001,9107.09,0.0,3959.2,-3959.2,1.4142,0,0,0.0,2.0,True
2026-01-01,farmer:413001:006,farmer,413001,5640.24,0.0,4741.16,-4741.16,1.4142,0,0,0.0,2.0,True
2026-01-01,farmer:413001:007,farmer,413001,3259.61,0.0,4613.97,-4613.97,1.4142,0,0,0.0,2.0,True
2026-01-01,farmer:413001:008,farmer,413001,0.0,0.0,1797.17,-1797.17,1.4142,2,1,0.0,0.0,True
2026-01-01,farmer:413001:009,farmer,413001,924.7,0.0,4502.62,-4502.62,1.4142,0,0,0.0,0.685,True
2026-01-01,farmer:413001:010,farmer,413001,38662.21,0.0,4334.24,-4334.24,1.4142,0,0,0.0,2.0,True
2026-01-01,farmer:413001:011,farmer,413001,37372.17,0.0,3450.97,-3450.97,1.4142,0,0,0.0,2.0,True
2026-01-01,farmer:413001:012,farmer,413001,13371.04,0.0,4630.32,-4630.32,1.4142,0,0,0.0,2.0,True
2026-01-01,farmer:413001:013,farmer,413001,38385.39,0.0,3711.9,-3711.9,1.4142,0,0,0.0,2.0,True
2026-01-01,farmer:413001:014,farmer,413001,16868.26,0.0,4426.34,-4426.34,1.4142,0,0,0.0,2.0,True
2026-01-01,farmer:413001:015,farmer,413001,0.0,0.0,2098.28,-2098.28,1.4142,2,1,0.0,0.0,True
2026-01-01,farmer:413001:016,farmer,413001,-0.0,0.0,0.0,0.0,1.4142,2,2,0.0,0.0,True
2026-01-01,farmer:413001:017,farmer,413001,10901.91,0.0,5011.03,-5011.03,1.4142,0,0,0.0,2.0,True
2026-01-01,farmer:413001:018,farmer,413001,27770.32,0.0,3307.68,-3307.68,1.4142,0,0,0.0,2.0,True
2026-01-01,farmer:413001:019,farmer,413001,14784.95,0.0,4676.17,-4676.17,1.4142,0,0,0.0,2.0,True
2026-01-01,farmer:413001:020,farmer,413001,-0.0,0.0,0.0,0.0,1.4142,2,2,0.0,0.0,True
2026-01-01,farmer:413001:021,farmer,413001,28764.36,0.0,4196.12,-4196.12,1.4142,0,0,0.0,2.0,True
2026-01-01,farmer:413001:022,farmer,413001,48061.23,0.0,4805.6,-4805.6,1.4142,0,0,0.0,2.0,True
2026-01-01,farmer:413001:023,farmer,413001,-0.0,0.0,0.0,0.0,1.4142,3,6,0.0,0.0,True
2026-01-01,farmer:413001:024,farmer,413001,19599.27,0.0,4781.22,-4781.22,1.4142,0,0,0.0,2.0,True
2026-01-01,farmer:413001:025,farmer,413001,12480.01,0.0,3539.25,-3539.25,1.4142,0,0,0.0,2.0,True
2026-01-01,farmer:413001:026,farmer,413001,39936.34,0.0,3321.16,-3321.16,1.4142,0,0,0.0,2.0,True
2026-01-01,farmer:413001:027,farmer,413001,8122.9,0.0,3469.63,-3469.63,1.4142,0,0,0.0,2.0,True
2026-01-01,farmer:413001:028,farmer,413001,42146.96,0.0,4889.62,-4889.62,1.4142,0,0,0.0,2.0,True
2026-01-01,farmer:413001:029,farmer,413001,23477.93,0.0,4464.16,-4464.16,1.4142,0,0,0.0,2.0,True
2026-01-01,farmer:413001:030,farmer,413001,-0.0,0.0,0.0,0.0,1.4142,5,5,0.0,0.0,True
2026-01-01,farmer:413001:031,farmer,413001,42682.06,0.0,4343.38,-4343.38,1.4142,0,0,0.0,2.0,True
2026-01-01,farmer:413001:032,farmer,413001,0.0,0.0,0.0,0.0,1.4142,2,2,0.0,0.0,True
2026-01-01,farmer:413001:033,farmer,413001,40321.37,0.0,4662.87,-4662.87,1.4142,0,0,0.0,2.0,True
2026-01-01,farmer:413001:034,farmer,413001,-0.0,0.0,4080.26,-4080.26,1.4142,0,1,0.0,0.0,True
2026-01-01,farmer:413001:035,farmer,413001,16670.13,0.0,4305.35,-4305.35,1.4142,0,0,0.0,2.0,True
2026-01-01,utility:431001,utility_company,431001,637695.64,23124.98,0.0,23124.98,0.0579,0,0,0.0,0.0,True
2026-01-01,wholesaler:431001:01,wholesaler,431001,1167558.53,41972.42,2400.0,39572.42,0.0998,0,0,0.0,0.0,True
2026-01-01,retailer:431001:01,kirana,431001,158978.74,16530.35,9427.56,7102.79,0.1233,0,0,0.0,0.0,True
2026-01-01,retailer:431001:02,kirana,431001,172377.18,24429.52,16626.18,7803.34,0.0745,0,0,0.0,0.0,True
2026-01-01,retailer:431001:03,kirana,431001,182340.49,19602.65,12322.98,7279.67,0.1433,0,0,0.0,0.0,True
2026-01-01,retailer:431001:04,kirana,431001,168789.56,10678.58,7795.7,2882.88,0.3324,0,0,0.0,0.0,True
2026-01-01,farmer:431001:001,farmer,431001,-0.0,0.0,0.0,0.0,1.4142,1,2,0.0,0.0,True
2026-01-01,farmer:431001:002,farmer,431001,66992.78,0.0,4337.2,-4337.2,1.4142,0,0,0.0,2.0,True
2026-01-01,farmer:431001:003,farmer,431001,16041.65,0.0,3522.36,-3522.36,1.4142,0,0,0.0,2.0,True
2026-01-01,farmer:431001:004,farmer,431001,35788.62,0.0,3715.69,-3715.69,1.4142,0,0,0.0,2.0,True
2026-01-01,farmer:431001:005,farmer,431001,11241.74,0.0,3843.71,-3843.71,1.4142,0,0,0.0,2.0,True
2026-01-01,farmer:431001:006,farmer,431001,37456.56,0.0,4169.32,-4169.32,1.4142,0,0,0.0,2.0,True
2026-01-01,farmer:431001:007,farmer,431001,-0.0,0.0,0.0,0.0,1.4142,3,5,0.0,0.0,True
2026-01-01,farmer:431001:008,farmer,431001,59748.92,0.0,4527.6,-4527.6,1.4142,0,0,0.0,2.0,True
2026-01-01,farmer:431001:009,farmer,431001,-0.0,0.0,3743.32,-3743.32,1.4142,1,1,0.0,0.0,True
2026-01-01,farmer:431001:010,farmer,431001,31437.3,0.0,4912.3,-4912.3,1.4142,0,0,0.0,2.0,True
2026-01-01,farmer:431001:011,farmer,431001,9063.6,0.0,3945.92,-3945.92,1.4142,0,0,0.0,2.0,True
2026-01-01,farmer:431001:012,farmer,431001,2578.54,0.0,4804.36,-4804.36,1.4142,0,0,0.0,1.91,True
2026-01-01,farmer:431001:013,farmer,431001,22378.72,0.0,4008.4,-4008.4,1.4142,0,0,0.0,2.0,True
2026-01-01,farmer:431001:014,farmer,431001,6438.34,0.0,3521.61,-3521.61,1.4142,0,0,0.0,2.0,True
2026-01-01,farmer:431001:015,farmer,431001,-0.0,0.0,0.0,0.0,1.4142,1,2,0.0,0.0,True
2026-01-01,farmer:431001:016,farmer,431001,23326.77,0.0,4870.1,-4870.1,1.4142,0,0,0.0,2.0,True
2026-01-01,farmer:431001:017,farmer,431001,0.0,0.0,0.0,0.0,1.4142,3,2,0.0,0.0,True
2026-01-01,farmer:431001:018,farmer,431001,19770.38,0.0,3486.2,-3486.2,1.4142,0,0,0.0,2.0,True
2026-01-01,farmer:431001:019,farmer,431001,7.12,0.0,4728.27,-4728.27,1.4142,0,0,0.0,0.0053,True
2026-01-01,farmer:431001:020,farmer,431001,55235.68,0.0,4575.0,-4575.0,1.4142,0,0,0.0,2.0,True
2026-01-01,farmer:431001:021,farmer,431001,12660.27,0.0,3830.12,-3830.12,1.4142,0,0,0.0,2.0,True
2026-01-01,farmer:431001:022,farmer,431001,16566.64,0.0,4377.83,-4377.83,1.4142,0,0,0.0,2.0,True
2026-01-01,farmer:431001:023,farmer,431001,28630.14,0.0,5097.94,-5097.94,1.4142,0,0,0.0,2.0,True
2026-01-01,farmer:431001:024,farmer,431001,-0.0,0.0,0.0,0.0,1.4142,4,2,0.0,0.0,True
2026-01-01,farmer:431001:025,farmer,431001,17103.71,0.0,4874.37,-4874.37,1.4142,0,0,0.0,2.0,True
2026-01-01,farmer:431001:026,farmer,431001,50383.22,0.0,5103.46,-5103.46,1.4142,0,0,0.0,2.0,True
2026-01-01,farmer:431001:027,farmer,431001,10949.76,0.0,3878.6,-3878.6,1.4142,0,0,0.0,2.0,True
2026-01-01,farmer:431001:028,farmer,431001,0.0,0.0,1827.08,-1827.08,1.4142,2,1,0.0,0.0,True
2026-01-01,farmer:431001:029,farmer,431001,7285.25,0.0,4496.88,-4496.88,1.4142,0,0,0.0,2.0,True
2026-01-01,farmer:431001:030,farmer,431001,42287.27,0.0,4749.68,-4749.68,1.4142,0,0,0.0,2.0,True
2026-01-01,farmer:431001:031,farmer,431001,10452.33,0.0,4181.2,-4181.2,1.4142,0,0,0.0,2.0,True
2026-01-01,farmer:431001:032,farmer,431001,59799.55,0.0,4680.04,-4680.04,1.4142,0,0,0.0,2.0,True
2026-01-01,farmer:431001:033,farmer,431001,33450.78,0.0,4070.14,-4070.14,1.4142,0,0,0.0,2.0,True
2026-01-01,farmer:431001:034,farmer,431001,2416.6,0.0,3468.28,-3468.28,1.4142,0,0,0.0,1.7901,True
2026-01-01,farmer:431001:035,farmer,431001,31750.11,0.0,4313.77,-4313.77,1.4142,0,0,0.0,2.0,True
2026-01-01,utility:440001,utility_company,440001,636869.77,24633.35,0.0,24633.35,0.0353,0,0,0.0,0.0,True
2026-01-01,wholesaler:440001:01,wholesaler,440001,1055958.93,41649.44,2400.0,39249.44,0.0356,0,0,0.0,0.0,True
2026-01-01,retailer:440001:01,kirana,440001,177159.61,18436.56,10613.54,7823.02,0.1091,0,0,0.0,0.0,True
2026-01-01,retailer:440001:02,kirana,440001,167303.55,18735.75,11489.0,7246.75,0.1474,0,0,0.0,0.0,True
2026-01-01,retailer:440001:03,kirana,440001,167844.54,23516.17,12858.38,10657.79,0.3491,0,0,0.0,0.0,True
2026-01-01,retailer:440001:04,kirana,440001,183745.28,14331.66,10888.52,3443.14,0.2119,0,0,0.0,0.0,True
2026-01-01,farmer:440001:001,farmer,440001,36314.57,0.0,3929.45,-3929.45,1.4142,0,0,0.0,2.0,True
2026-01-01,farmer:440001:002,farmer,440001,62883.89,0.0,3344.15,-3344.15,1.4142,0,0,0.0,2.0,True
2026-01-01,farmer:440001:003,farmer,440001,22861.8,0.0,4780.38,-4780.38,1.4142,0,0,0.0,2.0,True
2026-01-01,farmer:440001:004,farmer,440001,53238.4,0.0,3812.22,-3812.22,1.4142,0,0,0.0,2.0,True
2026-01-01,farmer:440001:005,farmer,440001,17668.5,0.0,4119.06,-4119.06,1.4142,0,0,0.0,2.0,True
2026-01-01,farmer:440001:006,farmer,440001,30630.29,0.0,3538.68,-3538.68,1.4142,0,0,0.0,2.0,True
2026-01-01,farmer:440001:007,farmer,440001,31367.22,0.0,4585.96,-4585.96,1.4142,0,0,0.0,2.0,True
2026-01-01,farmer:440001:008,farmer,440001,31648.24,0.0,3314.05,-3314.05,1.4142,0,0,0.0,2.0,True
2026-01-01,farmer:440001:009,farmer,440001,14618.78,0.0,4414.49,-4414.49,1.4142,0,0,0.0,2.0,True
2026-01-01,farmer:440001:010,farmer,440001,25102.16,0.0,4970.88,-4970.88,1.4142,0,0,0.0,2.0,True
2026-01-01,farmer:440001:011,farmer,440001,27237.33,0.0,4966.08,-4966.08,1.4142,0,0,0.0,2.0,True
2026-01-01,farmer:440001:012,farmer,440001,9724.73,0.0,4550.57,-4550.57,1.4142,0,0,0.0,2.0,True
2026-01-01,farmer:440001:013,farmer,440001,17946.97,0.0,4335.49,-4335.49,1.4142,0,0,0.0,2.0,True
2026-01-01,farmer:440001:014,farmer,440001,18203.43,0.0,3708.07,-3708.07,1.4142,0,0,0.0,2.0,True
2026-01-01,farmer:440001:015,farmer,440001,36616.67,0.0,4328.65,-4328.65,1.4142,0,0,0.0,2.0,True
2026-01-01,farmer:440001:016,farmer,440001,-0.0,0.0,0.0,0.0,1.4142,4,4,0.0,0.0,True
2026-01-01,farmer:440001:017,farmer,440001,64237.06,0.0,3748.15,-3748.15,1.4142,0,0,0.0,2.0,True
2026-01-01,farmer:440001:018,farmer,440001,-0.0,0.0,3960.34,-3960.34,1.4142,0,1,0.0,0.0,True
2026-01-01,farmer:440001:019,farmer,440001,36960.73,0.0,5122.11,-5122.11,1.4142,0,0,0.0,2.0,True
2026-01-01,farmer:440001:020,farmer,440001,8058.86,0.0,4143.47,-4143.47,1.4142,0,0,0.0,2.0,True
2026-01-01,farmer:440001:021,farmer,440001,14223.9,0.0,5068.83,-5068.83,1.4142,0,0,0.0,2.0,True
2026-01-01,farmer:440001:022,farmer,440001,0.0,0.0,0.0,0.0,1.4142,4,4,0.0,0.0,True
2026-01-01,farmer:440001:023,farmer,440001,16444.88,0.0,3921.79,-3921.79,1.4142,0,0,0.0,2.0,True
2026-01-01,farmer:440001:024,farmer,440001,20135.56,0.0,3895.2,-3895.2,1.4142,0,0,0.0,2.0,True
2026-01-01,farmer:440001:025,farmer,440001,7713.78,0.0,4760.65,-4760.65,1.4142,0,0,0.0,2.0,True
2026-01-01,farmer:440001:026,farmer,440001,24565.08,0.0,3592.42,-3592.42,1.4142,0,0,0.0,2.0,True
2026-01-01,farmer:440001:027,farmer,440001,0.0,0.0,2986.04,-2986.04,1.4142,2,1,0.0,0.0,True
2026-01-01,farmer:440001:028,farmer,440001,19758.64,0.0,3737.14,-3737.14,1.4142,0,0,0.0,2.0,True
2026-01-01,farmer:440001:029,farmer,440001,22891.72,0.0,4240.67,-4240.67,1.4142,0,0,0.0,2.0,True
2026-01-01,farmer:440001:030,farmer,440001,9461.97,0.0,4422.86,-4422.86,1.4142,0,0,0.0,2.0,True
2026-01-01,farmer:440001:031,farmer,440001,35619.2,0.0,4632.75,-4632.75,1.4142,0,0,0.0,2.0,True
2026-01-01,farmer:440001:032,farmer,440001,-0.0,0.0,0.0,0.0,1.4142,4,2,0.0,0.0,True
2026-01-01,farmer:440001:033,farmer,440001,55245.44,0.0,4662.4,-4662.4,1.4142,0,0,0.0,2.0,True
2026-01-01,farmer:440001:034,farmer,440001,34433.76,0.0,3948.82,-3948.82,1.4142,0,0,0.0,2.0,True
2026-01-01,farmer:440001:035,farmer,440001,7612.08,0.0,4741.92,-4741.92,1.4142,0,0,0.0,2.0,True
2026-02-01,lender:vridhi,synthetic_lender,national,3864431.31,105300.0,0.0,105300.0,0.066,0,0,0.0,0.0,True
2026-02-01,utility:413001,utility_company,413001,655283.19,20110.68,0.0,20110.68,0.0613,0,0,0.0,0.0,True
2026-02-01,wholesaler:413001:01,wholesaler,413001,1404892.27,32431.68,2400.0,30031.68,0.1289,0,0,0.0,0.0,True
2026-02-01,retailer:413001:01,kirana,413001,156413.62,12248.47,8725.65,3522.82,0.1022,0,0,0.0,0.0,True
2026-02-01,retailer:413001:02,kirana,413001,166094.59,19212.3,12497.44,6714.86,0.2879,0,0,0.0,0.0,True
2026-02-01,retailer:413001:03,kirana,413001,177322.3,9859.39,6579.72,3279.67,0.388,0,0,0.0,0.0,True
2026-02-01,retailer:413001:04,kirana,413001,180826.23,13642.24,8828.87,4813.37,0.146,0,0,0.0,0.0,True
2026-02-01,farmer:413001:001,farmer,413001,-0.0,0.0,0.0,0.0,0.0,5,7,0.0,0.0,True
2026-02-01,farmer:413001:002,farmer,413001,39227.63,0.0,4853.51,-4853.51,0.0,0,0,0.0,2.0,True
2026-02-01,farmer:413001:003,farmer,413001,-0.0,0.0,0.0,0.0,0.0,2,3,0.0,0.0,True
2026-02-01,farmer:413001:004,farmer,413001,1281.82,0.0,4337.54,-4337.54,0.0,0,0,0.0,0.9495,True
2026-02-01,farmer:413001:005,farmer,413001,5504.91,0.0,3602.18,-3602.18,0.0,0,0,0.0,2.0,True
2026-02-01,farmer:413001:006,farmer,413001,1491.61,0.0,4148.63,-4148.63,0.0,0,0,0.0,1.1049,True
2026-02-01,farmer:413001:007,farmer,413001,0.0,0.0,3259.61,-3259.61,0.0,1,1,0.0,0.0,True
2026-02-01,farmer:413001:008,farmer,413001,0.0,0.0,0.0,0.0,0.0,3,2,0.0,0.0,True
2026-02-01,farmer:413001:009,farmer,413001,0.0,0.0,924.7,-924.7,0.0,1,1,0.0,0.0,True
2026-02-01,farmer:413001:010,farmer,413001,34987.52,0.0,3674.69,-3674.69,0.0,0,0,0.0,2.0,True
2026-02-01,farmer:413001:011,farmer,413001,32351.97,0.0,5020.2,-5020.2,0.0,0,0,0.0,2.0,True
2026-02-01,farmer:413001:012,farmer,413001,8894.64,0.0,4476.4,-4476.4,0.0,0,0,0.0,2.0,True
2026-02-01,farmer:413001:013,farmer,413001,34271.87,0.0,4113.52,-4113.52,0.0,0,0,0.0,2.0,True
2026-02-01,farmer:413001:014,farmer,413001,12740.04,0.0,4128.22,-4128.22,0.0,0,0,0.0,2.0,True
2026-02-01,farmer:413001:015,farmer,413001,0.0,0.0,0.0,0.0,0.0,3,2,0.0,0.0,True
2026-02-01,farmer:413001:016,farmer,413001,-0.0,0.0,0.0,0.0,0.0,3,3,0.0,0.0,True
2026-02-01,farmer:413001:017,farmer,413001,6743.73,0.0,4158.18,-4158.18,0.0,0,0,0.0,2.0,True
2026-02-01,farmer:413001:018,farmer,413001,23349.64,0.0,4420.68,-4420.68,0.0,0,0,0.0,2.0,True
2026-02-01,farmer:413001:019,farmer,413001,10744.25,0.0,4040.7,-4040.7,0.0,0,0,0.0,2.0,True
2026-02-01,farmer:413001:020,farmer,413001,-0.0,0.0,0.0,0.0,0.0,3,3,0.0,0.0,True
2026-02-01,farmer:413001:021,farmer,413001,24069.69,0.0,4694.67,-4694.67,0.0,0,0,0.0,2.0,True
2026-02-01,farmer:413001:022,farmer,413001,42999.74,0.0,5061.49,-5061.49,0.0,0,0,0.0,2.0,True
2026-02-01,farmer:413001:023,farmer,413001,-0.0,0.0,0.0,0.0,0.0,4,7,0.0,0.0,True
2026-02-01,farmer:413001:024,farmer,413001,15741.96,0.0,3857.31,-3857.31,0.0,0,0,0.0,2.0,True
2026-02-01,farmer:413001:025,farmer,413001,8826.6,0.0,3653.41,-3653.41,0.0,0,0,0.0,2.0,True
2026-02-01,farmer:413001:026,farmer,413001,35781.34,0.0,4155.0,-4155.0,0.0,0,0,0.0,2.0,True
2026-02-01,farmer:413001:027,farmer,413001,4087.47,0.0,4035.43,-4035.43,0.0,0,0,0.0,2.0,True
2026-02-01,farmer:413001:028,farmer,413001,38015.88,0.0,4131.08,-4131.08,0.0,0,0,0.0,2.0,True
2026-02-01,farmer:413001:029,farmer,413001,19748.84,0.0,3729.09,-3729.09,0.0,0,0,0.0,2.0,True
2026-02-01,farmer:413001:030,farmer,413001,-0.0,0.0,0.0,0.0,0.0,6,6,0.0,0.0,True
2026-02-01,farmer:413001:031,farmer,413001,39039.76,0.0,3642.3,-3642.3,0.0,0,0,0.0,2.0,True
2026-02-01,farmer:413001:032,farmer,413001,0.0,0.0,0.0,0.0,0.0,3,3,0.0,0.0,True
2026-02-01,farmer:413001:033,farmer,413001,36501.42,0.0,3819.95,-3819.95,0.0,0,0,0.0,2.0,True
2026-02-01,farmer:413001:034,farmer,413001,-0.0,0.0,0.0,0.0,0.0,1,2,0.0,0.0,True
2026-02-01,farmer:413001:035,farmer,413001,13085.54,0.0,3584.59,-3584.59,0.0,0,0,0.0,2.0,True
2026-02-01,utility:431001,utility_company,431001,658295.64,20600.0,0.0,20600.0,0.0819,0,0,0.0,0.0,True
2026-02-01,wholesaler:431001:01,wholesaler,431001,1202469.96,37311.43,2400.0,34911.43,0.0682,0,0,0.0,0.0,True
2026-02-01,retailer:431001:01,kirana,431001,163392.61,12973.36,8559.49,4413.87,0.1295,0,0,0.0,0.0,True
2026-02-01,retailer:431001:02,kirana,431001,183641.06,25358.59,14094.71,11263.88,0.074,0,0,0.0,0.0,True
2026-02-01,retailer:431001:03,kirana,431001,186155.53,15902.82,12087.78,3815.04,0.0989,0,0,0.0,0.0,True
2026-02-01,retailer:431001:04,kirana,431001,170882.62,8862.51,6769.45,2093.06,0.4926,0,0,0.0,0.0,True
2026-02-01,farmer:431001:001,farmer,431001,-0.0,0.0,0.0,0.0,0.0,2,3,0.0,0.0,True
2026-02-01,farmer:431001:002,farmer,431001,63327.42,0.0,3665.36,-3665.36,0.0,0,0,0.0,2.0,True
2026-02-01,farmer:431001:003,farmer,431001,12307.8,0.0,3733.85,-3733.85,0.0,0,0,0.0,2.0,True
2026-02-01,farmer:431001:004,farmer,431001,31197.59,0.0,4591.03,-4591.03,0.0,0,0,0.0,2.0,True
2026-02-01,farmer:431001:005,farmer,431001,6548.76,0.0,4692.98,-4692.98,0.0,0,0,0.0,2.0,True
2026-02-01,farmer:431001:006,farmer,431001,33669.5,0.0,3787.06,-3787.06,0.0,0,0,0.0,2.0,True
2026-02-01,farmer:431001:007,farmer,431001,-0.0,0.0,0.0,0.0,0.0,4,6,0.0,0.0,True
2026-02-01,farmer:431001:008,farmer,431001,56115.94,0.0,3632.98,-3632.98,0.0,0,0,0.0,2.0,True
2026-02-01,farmer:431001:009,farmer,431001,-0.0,0.0,0.0,0.0,0.0,2,2,0.0,0.0,True
2026-02-01,farmer:431001:010,farmer,431001,26324.9,0.0,5112.4,-5112.4,0.0,0,0,0.0,2.0,True
2026-02-01,farmer:431001:011,farmer,431001,5047.64,0.0,4015.96,-4015.96,0.0,0,0,0.0,2.0,True
2026-02-01,farmer:431001:012,farmer,431001,-0.0,0.0,2578.54,-2578.54,0.0,1,1,0.0,0.0,True
2026-02-01,farmer:431001:013,farmer,431001,17400.28,0.0,4978.44,-4978.44,0.0,0,0,0.0,2.0,True
2026-02-01,farmer:431001:014,farmer,431001,2849.55,0.0,3588.79,-3588.79,0.0,0,0,0.0,2.0,True
2026-02-01,farmer:431001:015,farmer,431001,-0.0,0.0,0.0,0.0,0.0,2,3,0.0,0.0,True
2026-02-01,farmer:431001:016,farmer,431001,18637.55,0.0,4689.22,-4689.22,0.0,0,0,0.0,2.0,True
2026-02-01,farmer:431001:017,farmer,431001,0.0,0.0,0.0,0.0,0.0,4,3,0.0,0.0,True
2026-02-01,farmer:431001:018,farmer,431001,15509.13,0.0,4261.25,-4261.25,0.0,0,0,0.0,2.0,True
2026-02-01,farmer:431001:019,farmer,431001,-0.0,0.0,7.12,-7.12,0.0,1,1,0.0,0.0,True
2026-02-01,farmer:431001:020,farmer,431001,50436.12,0.0,4799.56,-4799.56,0.0,0,0,0.0,2.0,True
2026-02-01,farmer:431001:021,farmer,431001,8839.47,0.0,3820.8,-3820.8,0.0,0,0,0.0,2.0,True
2026-02-01,farmer:431001:022,farmer,431001,12880.96,0.0,3685.68,-3685.68,0.0,0,0,0.0,2.0,True
2026-02-01,farmer:431001:023,farmer,431001,23623.82,0.0,5006.32,-5006.32,0.0,0,0,0.0,2.0,True
2026-02-01,farmer:431001:024,farmer,431001,-0.0,0.0,0.0,0.0,0.0,5,3,0.0,0.0,True
2026-02-01,farmer:431001:025,farmer,431001,12889.9,0.0,4213.81,-4213.81,0.0,0,0,0.0,2.0,True
2026-02-01,farmer:431001:026,farmer,431001,46401.46,0.0,3981.76,-3981.76,0.0,0,0,0.0,2.0,True
2026-02-01,farmer:431001:027,farmer,431001,6950.58,0.0,3999.18,-3999.18,0.0,0,0,0.0,2.0,True
2026-02-01,farmer:431001:028,farmer,431001,0.0,0.0,0.0,0.0,0.0,3,2,0.0,0.0,True
2026-02-01,farmer:431001:029,farmer,431001,2738.44,0.0,4546.81,-4546.81,0.0,0,0,0.0,2.0,True
2026-02-01,farmer:431001:030,farmer,431001,37753.85,0.0,4533.42,-4533.42,0.0,0,0,0.0,2.0,True
2026-02-01,farmer:431001:031,farmer,431001,5633.69,0.0,4818.64,-4818.64,0.0,0,0,0.0,2.0,True
2026-02-01,farmer:431001:032,farmer,431001,56104.96,0.0,3694.59,-3694.59,0.0,0,0,0.0,2.0,True
2026-02-01,farmer:431001:033,farmer,431001,29861.51,0.0,3589.27,-3589.27,0.0,0,0,0.0,2.0,True
2026-02-01,farmer:431001:034,farmer,431001,0.0,0.0,2416.6,-2416.6,0.0,1,1,0.0,0.0,True
2026-02-01,farmer:431001:035,farmer,431001,27344.25,0.0,4405.86,-4405.86,0.0,0,0,0.0,2.0,True
2026-02-01,utility:440001,utility_company,440001,660369.77,23500.0,0.0,23500.0,0.022,0,0,0.0,0.0,True
2026-02-01,wholesaler:440001:01,wholesaler,440001,1093306.58,39747.65,2400.0,37347.65,0.0429,0,0,0.0,0.0,True
2026-02-01,retailer:440001:01,kirana,440001,187299.36,22498.37,12358.62,10139.75,0.0817,0,0,0.0,0.0,True
2026-02-01,retailer:440001:02,kirana,440001,176143.68,26621.51,17781.38,8840.13,0.1619,0,0,0.0,0.0,True
2026-02-01,retailer:440001:03,kirana,440001,173026.58,13318.3,8136.26,5182.04,0.384,0,0,0.0,0.0,True
2026-02-01,retailer:440001:04,kirana,440001,184774.97,6701.08,5671.39,1029.69,0.4362,0,0,0.0,0.0,True
2026-02-01,farmer:440001:001,farmer,440001,31604.41,0.0,4710.16,-4710.16,0.0,0,0,0.0,2.0,True
2026-02-01,farmer:440001:002,farmer,440001,58269.69,0.0,4614.2,-4614.2,0.0,0,0,0.0,2.0,True
2026-02-01,farmer:440001:003,farmer,440001,17803.85,0.0,5057.95,-5057.95,0.0,0,0,0.0,2.0,True
2026-02-01,farmer:440001:004,farmer,440001,49589.45,0.0,3648.95,-3648.95,0.0,0,0,0.0,2.0,True
2026-02-01,farmer:440001:005,farmer,440001,13715.95,0.0,3952.55,-3952.55,0.0,0,0,0.0,2.0,True
2026-02-01,farmer:440001:006,farmer,440001,26133.56,0.0,4496.73,-4496.73,0.0,0,0,0.0,2.0,True
2026-02-01,farmer:440001:007,farmer,440001,27887.86,0.0,3479.36,-3479.36,0.0,0,0,0.0,2.0,True
2026-02-01,farmer:440001:008,farmer,440001,28302.44,0.0,3345.8,-3345.8,0.0,0,0,0.0,2.0,True
2026-02-01,farmer:440001:009,farmer,440001,9746.91,0.0,4871.87,-4871.87,0.0,0,0,0.0,2.0,True
2026-02-01,farmer:440001:010,farmer,440001,20961.07,0.0,4141.09,-4141.09,0.0,0,0,0.0,2.0,True
2026-02-01,farmer:440001:011,farmer,440001,23324.91,0.0,3912.42,-3912.42,0.0,0,0,0.0,2.0,True
2026-02-01,farmer:440001:012,farmer,440001,4772.23,0.0,4952.5,-4952.5,0.0,0,0,0.0,2.0,True
2026-02-01,farmer:440001:013,farmer,440001,13486.93,0.0,4460.04,-4460.04,0.0,0,0,0.0,2.0,True
2026-02-01,farmer:440001:014,farmer,440001,14306.17,0.0,3897.26,-3897.26,0.0,0,0,0.0,2.0,True
2026-02-01,farmer:440001:015,farmer,440001,31933.45,0.0,4683.22,-4683.22,0.0,0,0,0.0,2.0,True
2026-02-01,farmer:440001:016,farmer,440001,-0.0,0.0,0.0,0.0,0.0,5,5,0.0,0.0,True
2026-02-01,farmer:440001:017,farmer,440001,60387.62,0.0,3849.44,-3849.44,0.0,0,0,0.0,2.0,True
2026-02-01,farmer:440001:018,farmer,440001,-0.0,0.0,0.0,0.0,0.0,1,2,0.0,0.0,True
2026-02-01,farmer:440001:019,farmer,440001,32548.4,0.0,4412.33,-4412.33,0.0,0,0,0.0,2.0,True
2026-02-01,farmer:440001:020,farmer,440001,4319.68,0.0,3739.18,-3739.18,0.0,0,0,0.0,2.0,True
2026-02-01,farmer:440001:021,farmer,440001,9770.94,0.0,4452.96,-4452.96,0.0,0,0,0.0,2.0,True
2026-02-01,farmer:440001:022,farmer,440001,0.0,0.0,0.0,0.0,0.0,5,5,0.0,0.0,True
2026-02-01,farmer:440001:023,farmer,440001,12224.01,0.0,4220.87,-4220.87,0.0,0,0,0.0,2.0,True
2026-02-01,farmer:440001:024,farmer,440001,15717.92,0.0,4417.64,-4417.64,0.0,0,0,0.0,2.0,True
2026-02-01,farmer:440001:025,farmer,440001,3088.52,0.0,4625.26,-4625.26,0.0,0,0,0.0,2.0,True
2026-02-01,farmer:440001:026,farmer,440001,20519.0,0.0,4046.08,-4046.08,0.0,0,0,0.0,2.0,True
2026-02-01,farmer:440001:027,farmer,440001,0.0,0.0,0.0,0.0,0.0,3,2,0.0,0.0,True
2026-02-01,farmer:440001:028,farmer,440001,15827.65,0.0,3930.99,-3930.99,0.0,0,0,0.0,2.0,True
2026-02-01,farmer:440001:029,farmer,440001,19049.47,0.0,3842.25,-3842.25,0.0,0,0,0.0,2.0,True
2026-02-01,farmer:440001:030,farmer,440001,5515.29,0.0,3946.68,-3946.68,0.0,0,0,0.0,2.0,True
2026-02-01,farmer:440001:031,farmer,440001,31062.53,0.0,4556.67,-4556.67,0.0,0,0,0.0,2.0,True
2026-02-01,farmer:440001:032,farmer,440001,-0.0,0.0,0.0,0.0,0.0,5,3,0.0,0.0,True
2026-02-01,farmer:440001:033,farmer,440001,51806.15,0.0,3439.29,-3439.29,0.0,0,0,0.0,2.0,True
2026-02-01,farmer:440001:034,farmer,440001,29702.55,0.0,4731.21,-4731.21,0.0,0,0,0.0,2.0,True
2026-02-01,farmer:440001:035,farmer,440001,3507.77,0.0,4104.31,-4104.31,0.0,0,0,0.0,2.0,True
2026-03-01,lender:vridhi,synthetic_lender,national,4004167.27,139735.96,0.0,139735.96,0.1233,0,0,0.0,0.0,True
2026-03-01,utility:413001,utility_company,413001,682058.19,26775.0,0.0,26775.0,0.1217,0,0,0.0,0.0,True
2026-03-01,wholesaler:413001:01,wholesaler,413001,1136560.33,44138.17,312470.11,-268331.94,0.1305,0,0,0.0,0.0,True
2026-03-01,retailer:413001:01,kirana,413001,166165.55,21728.77,11976.84,9751.93,0.2963,0,0,0.0,0.0,True
2026-03-01,retailer:413001:02,kirana,413001,169225.69,13038.68,9907.58,3131.1,0.3011,0,0,0.0,0.0,True
2026-03-01,retailer:413001:03,kirana,413001,180943.48,12970.58,9349.4,3621.18,0.4709,0,0,0.0,0.0,True
2026-03-01,retailer:413001:04,kirana,413001,191303.01,27581.13,17104.35,10476.78,0.3226,0,0,0.0,0.0,True
2026-03-01,farmer:413001:001,farmer,413001,8.9,3901.01,3892.11,8.9,1.4142,5,6,0.0,0.0132,True
2026-03-01,farmer:413001:002,farmer,413001,50295.3,14744.81,3677.14,11067.67,1.4142,0,0,0.0,2.0,True
2026-03-01,farmer:413001:003,farmer,413001,760.17,5001.78,4241.61,760.17,1.4142,2,2,0.0,1.1262,True
2026-03-01,farmer:413001:004,farmer,413001,3278.39,5632.61,3636.04,1996.57,1.4142,0,0,0.0,2.0,True
2026-03-01,farmer:413001:005,farmer,413001,8681.05,6757.83,3581.69,3176.14,1.4142,0,0,0.0,2.0,True
2026-03-01,farmer:413001:006,farmer,413001,4149.52,7173.17,4515.26,2657.91,1.4142,0,0,0.0,2.0,True
2026-03-01,farmer:413001:007,farmer,413001,0.0,3471.87,3471.87,0.0,1.4142,1,2,0.0,0.0,True
2026-03-01,farmer:413001:008,farmer,413001,3532.9,7813.27,4280.37,3532.9,1.4142,3,1,0.0,2.0,True
2026-03-01,farmer:413001:009,farmer,413001,3173.2,7295.59,4122.39,3173.2,1.4142,1,0,0.0,2.0,True
2026-03-01,farmer:413001:010,farmer,413001,44763.3,13891.6,4115.82,9775.78,1.4142,0,0,0.0,2.0,True
2026-03-01,farmer:413001:011,farmer,413001,41754.32,14452.14,5049.79,9402.35,1.4142,0,0,0.0,2.0,True
2026-03-01,farmer:413001:012,farmer,413001,12520.07,7816.15,4190.72,3625.43,1.4142,0,0,0.0,2.0,True
2026-03-01,farmer:413001:013,farmer,413001,44088.36,13652.98,3836.49,9816.49,1.4142,0,0,0.0,2.0,True
2026-03-01,farmer:413001:014,farmer,413001,21557.37,13615.36,4798.03,8817.33,1.4142,0,0,0.0,2.0,True
2026-03-01,farmer:413001:015,farmer,413001,4246.79,8399.94,4153.15,4246.79,1.4142,3,1,0.0,2.0,True
2026-03-01,farmer:413001:016,farmer,413001,701.38,4158.07,3456.69,701.38,1.4142,3,2,0.0,1.0391,True
2026-03-01,farmer:413001:017,farmer,413001,10669.4,8461.17,4535.5,3925.67,1.4142,0,0,0.0,2.0,True
2026-03-01,farmer:413001:018,farmer,413001,25529.63,6180.35,4000.36,2179.99,1.4142,0,0,0.0,2.0,True
2026-03-01,farmer:413001:019,farmer,413001,18710.89,12031.9,4065.26,7966.64,1.4142,0,0,0.0,2.0,True
2026-03-01,farmer:413001:020,farmer,413001,1510.12,6199.89,4689.77,1510.12,1.4142,3,2,0.0,2.0,True
2026-03-01,farmer:413001:021,farmer,413001,33329.25,13658.79,4399.23,9259.56,1.4142,0,0,0.0,2.0,True
2026-03-01,farmer:413001:022,farmer,413001,54549.29,16071.77,4522.22,11549.55,1.4142,0,0,0.0,2.0,True
2026-03-01,farmer:413001:023,farmer,413001,-0.0,3982.72,3982.72,0.0,1.4142,4,8,0.0,0.0,True
2026-03-01,farmer:413001:024,farmer,413001,19446.8,7204.19,3499.35,3704.84,1.4142,0,0,0.0,2.0,True
2026-03-01,farmer:413001:025,farmer,413001,10752.13,7034.81,5109.28,1925.53,1.4142,0,0,0.0,2.0,True
2026-03-01,farmer:413001:026,farmer,413001,50103.25,17718.84,3396.93,14321.91,1.4142,0,0,0.0,2.0,True
2026-03-01,farmer:413001:027,farmer,413001,6922.02,6380.5,3545.95,2834.55,1.4142,0,0,0.0,2.0,True
2026-03-01,farmer:413001:028,farmer,413001,45073.88,11501.4,4443.4,7058.0,1.4142,0,0,0.0,2.0,True
2026-03-01,farmer:413001:029,farmer,413001,23322.81,7158.68,3584.71,3573.97,1.4142,0,0,0.0,2.0,True
2026-03-01,farmer:413001:030,farmer,413001,831.29,4864.27,4032.98,831.29,1.4142,6,5,0.0,1.2315,True
2026-03-01,farmer:413001:031,farmer,413001,47743.26,13237.13,4533.63,8703.5,1.4142,0,0,0.0,2.0,True
2026-03-01,farmer:413001:032,farmer,413001,1289.49,4618.61,3329.12,1289.49,1.4142,3,2,0.0,1.9104,True
2026-03-01,farmer:413001:033,farmer,413001,42954.85,10330.19,3876.76,6453.43,1.4142,0,0,0.0,2.0,True
2026-03-01,farmer:413001:034,farmer,413001,319.59,3811.62,3492.03,319.59,1.4142,1,1,0.0,0.4735,True
2026-03-01,farmer:413001:035,farmer,413001,20908.89,11845.1,4021.75,7823.35,1.4142,0,0,0.0,2.0,True
2026-03-01,utility:431001,utility_company,431001,684847.82,26552.18,0.0,26552.18,0.1041,0,0,0.0,0.0,True
2026-03-01,wholesaler:431001:01,wholesaler,431001,908866.91,48927.3,342530.35,-293603.05,0.1117,0,0,0.0,0.0,True
2026-03-01,retailer:431001:01,kirana,431001,174340.52,25249.11,14301.2,10947.91,0.2826,0,0,0.0,0.0,True
2026-03-01,retailer:431001:02,kirana,431001,187341.44,11218.85,7518.47,3700.38,0.3176,0,0,0.0,0.0,True
2026-03-01,retailer:431001:03,kirana,431001,191575.71,17427.32,12007.14,5420.18,0.086,0,0,0.0,0.0,True
2026-03-01,retailer:431001:04,kirana,431001,178329.49,26747.36,19300.49,7446.87,0.5209,0,0,0.0,0.0,True
2026-03-01,farmer:431001:001,farmer,431001,300.79,4365.1,4064.31,300.79,1.4142,2,2,0.0,0.4456,True
2026-03-01,farmer:431001:002,farmer,431001,74864.78,15920.34,4382.98,11537.36,1.4142,0,0,0.0,2.0,True
2026-03-01,farmer:431001:003,farmer,431001,18127.75,9277.33,3457.38,5819.95,1.4142,0,0,0.0,2.0,True
2026-03-01,farmer:431001:004,farmer,431001,43521.45,16830.85,4506.99,12323.86,1.4142,0,0,0.0,2.0,True
2026-03-01,farmer:431001:005,farmer,431001,15351.8,13170.74,4367.7,8803.04,1.4142,0,0,0.0,2.0,True
2026-03-01,farmer:431001:006,farmer,431001,40077.4,10539.89,4131.99,6407.9,1.4142,0,0,0.0,2.0,True
2026-03-01,farmer:431001:007,farmer,431001,-0.0,2845.03,2845.03,0.0,1.4142,5,7,0.0,0.0,True
2026-03-01,farmer:431001:008,farmer,431001,67380.57,15714.24,4449.61,11264.63,1.4142,0,0,0.0,2.0,True
2026-03-01,farmer:431001:009,farmer,431001,2678.94,6678.59,3999.65,2678.94,1.4142,2,1,0.0,2.0,True
2026-03-01,farmer:431001:010,farmer,431001,40547.65,19061.28,4838.53,14222.75,1.4142,0,0,0.0,2.0,True
2026-03-01,farmer:431001:011,farmer,431001,5511.03,4453.69,3990.3,463.39,1.4142,0,0,0.0,2.0,True
2026-03-01,farmer:431001:012,farmer,431001,912.35,5415.8,4503.45,912.35,1.4142,1,0,0.0,1.3516,True
2026-03-01,farmer:431001:013,farmer,431001,20242.55,6618.67,3776.4,2842.27,1.4142,0,0,0.0,2.0,True
2026-03-01,farmer:431001:014,farmer,431001,5062.71,6490.21,4277.05,2213.16,1.4142,0,0,0.0,2.0,True
2026-03-01,farmer:431001:015,farmer,431001,2554.39,6391.92,3837.53,2554.39,1.4142,2,2,0.0,2.0,True
2026-03-01,farmer:431001:016,farmer,431001,25594.49,11696.61,4739.67,6956.94,1.4142,0,0,0.0,2.0,True
2026-03-01,farmer:431001:017,farmer,431001,1565.01,5183.59,3618.58,1565.01,1.4142,4,2,0.0,2.0,True
2026-03-01,farmer:431001:018,farmer,431001,22298.2,10934.29,4145.22,6789.07,1.4142,0,0,0.0,2.0,True
2026-03-01,farmer:431001:019,farmer,431001,147.15,4279.23,4132.08,147.15,1.4142,1,0,0.0,0.218,True
2026-03-01,farmer:431001:020,farmer,431001,63752.06,17995.47,4679.53,13315.94,1.4142,0,0,0.0,2.0,True
2026-03-01,farmer:431001:021,farmer,431001,12171.65,6836.43,3504.25,3332.18,1.4142,0,0,0.0,2.0,True
2026-03-01,farmer:431001:022,farmer,431001,13315.52,5314.75,4880.19,434.56,1.4142,0,0,0.0,2.0,True
2026-03-01,farmer:431001:023,farmer,431001,30096.78,10098.1,3625.14,6472.96,1.4142,0,0,0.0,2.0,True
2026-03-01,farmer:431001:024,farmer,431001,2540.57,6435.8,3895.23,2540.57,1.4142,5,2,0.0,2.0,True
2026-03-01,farmer:431001:025,farmer,431001,18591.33,9747.74,4046.31,5701.43,1.4142,0,0,0.0,2.0,True
2026-03-01,farmer:431001:026,farmer,431001,53167.89,11831.61,5065.18,6766.43,1.4142,0,0,0.0,2.0,True
2026-03-01,farmer:431001:027,farmer,431001,11134.1,8225.42,4041.9,4183.52,1.4142,0,0,0.0,2.0,True
2026-03-01,farmer:431001:028,farmer,431001,2366.26,6526.09,4159.83,2366.26,1.4142,3,1,0.0,2.0,True
2026-03-01,farmer:431001:029,farmer,431001,6013.92,8209.25,4933.77,3275.48,1.4142,0,0,0.0,2.0,True
2026-03-01,farmer:431001:030,farmer,431001,52014.63,18242.9,3982.12,14260.78,1.4142,0,0,0.0,2.0,True
2026-03-01,farmer:431001:031,farmer,431001,11269.98,10183.11,4546.82,5636.29,1.4142,0,0,0.0,2.0,True
2026-03-01,farmer:431001:032,farmer,431001,66772.69,14461.14,3793.41,10667.73,1.4142,0,0,0.0,2.0,True
2026-03-01,farmer:431001:033,farmer,431001,39113.09,13577.93,4326.35,9251.58,1.4142,0,0,0.0,2.0,True
2026-03-01,farmer:431001:034,farmer,431001,2784.12,7064.83,4280.71,2784.12,1.4142,1,0,0.0,2.0,True
2026-03-01,farmer:431001:035,farmer,431001,32187.0,9512.38,4669.63,4842.75,1.4142,0,0,0.0,2.0,True
2026-03-01,utility:440001,utility_company,440001,686894.77,26525.0,0.0,26525.0,0.0501,0,0,0.0,0.0,True
2026-03-01,wholesaler:440001:01,wholesaler,440001,757691.3,46851.1,382466.38,-335615.28,0.0702,0,0,0.0,0.0,True
2026-03-01,retailer:440001:01,kirana,440001,195183.27,20210.47,12326.56,7883.91,0.0816,0,0,0.0,0.0,True
2026-03-01,retailer:440001:02,kirana,440001,180300.81,12932.62,8775.49,4157.13,0.2887,0,0,0.0,0.0,True
2026-03-01,retailer:440001:03,kirana,440001,181990.07,24469.19,15505.7,8963.49,0.247,0,0,0.0,0.0,True
2026-03-01,retailer:440001:04,kirana,440001,195857.97,25526.35,14443.35,11083.0,0.4982,0,0,0.0,0.0,True
2026-03-01,farmer:440001:001,farmer,440001,41996.6,13858.89,3466.7,10392.19,1.4142,0,0,0.0,2.0,True
2026-03-01,farmer:440001:002,farmer,440001,72327.42,18202.22,4144.49,14057.73,1.4142,0,0,0.0,2.0,True
2026-03-01,farmer:440001:003,farmer,440001,26500.27,13559.65,4863.23,8696.42,1.4142,0,0,0.0,2.0,True
2026-03-01,farmer:440001:004,farmer,440001,63543.84,18723.75,4769.36,13954.39,1.4142,0,0,0.0,2.0,True
2026-03-01,farmer:440001:005,farmer,440001,23544.58,14846.62,5017.99,9828.63,1.4142,0,0,0.0,2.0,True
2026-03-01,farmer:440001:006,farmer,440001,31615.44,9360.22,3878.34,5481.88,1.4142,0,0,0.0,2.0,True
2026-03-01,farmer:440001:007,farmer,440001,42377.46,17998.43,3508.83,14489.6,1.4142,0,0,0.0,2.0,True
2026-03-01,farmer:440001:008,farmer,440001,36845.8,12984.36,4441.0,8543.36,1.4142,0,0,0.0,2.0,True
2026-03-01,farmer:440001:009,farmer,440001,11049.13,4991.13,3688.91,1302.22,1.4142,0,0,0.0,2.0,True
2026-03-01,farmer:440001:010,farmer,440001,28493.37,12018.74,4486.44,7532.3,1.4142,0,0,0.0,2.0,True
2026-03-01,farmer:440001:011,farmer,440001,31917.09,12216.64,3624.46,8592.18,1.4142,0,0,0.0,2.0,True
2026-03-01,farmer:440001:012,farmer,440001,6400.87,6263.11,4634.47,1628.64,1.4142,0,0,0.0,2.0,True
2026-03-01,farmer:440001:013,farmer,440001,16560.7,8036.38,4962.61,3073.77,1.4142,0,0,0.0,2.0,True
2026-03-01,farmer:440001:014,farmer,440001,16962.14,7127.62,4471.65,2655.97,1.4142,0,0,0.0,2.0,True
2026-03-01,farmer:440001:015,farmer,440001,37956.86,9737.37,3713.96,6023.41,1.4142,0,0,0.0,2.0,True
2026-03-01,farmer:440001:016,farmer,440001,910.8,4541.95,3631.15,910.8,1.4142,5,4,0.0,1.3493,True
2026-03-01,farmer:440001:017,farmer,440001,73176.3,16184.05,3395.37,12788.68,1.4142,0,0,0.0,2.0,True
2026-03-01,farmer:440001:018,farmer,440001,5385.3,9137.36,3752.06,5385.3,1.4142,1,1,0.0,2.0,True
2026-03-01,farmer:440001:019,farmer,440001,41454.28,13434.67,4528.79,8905.88,1.4142,0,0,0.0,2.0,True
2026-03-01,farmer:440001:020,farmer,440001,10990.47,11005.41,4334.62,6670.79,1.4142,0,0,0.0,2.0,True
2026-03-01,farmer:440001:021,farmer,440001,12480.44,7387.17,4677.67,2709.5,1.4142,0,0,0.0,2.0,True
2026-03-01,farmer:440001:022,farmer,440001,1013.07,5643.02,4629.95,1013.07,1.4142,5,4,0.0,1.5008,True
2026-03-01,farmer:440001:023,farmer,440001,19970.74,12501.09,4754.36,7746.73,1.4142,0,0,0.0,2.0,True
2026-03-01,farmer:440001:024,farmer,440001,24363.79,12316.99,3671.12,8645.87,1.4142,0,0,0.0,2.0,True
2026-03-01,farmer:440001:025,farmer,440001,5822.64,6454.35,3720.23,2734.12,1.4142,0,0,0.0,2.0,True
2026-03-01,farmer:440001:026,farmer,440001,31572.79,15287.16,4233.37,11053.79,1.4142,0,0,0.0,2.0,True
2026-03-01,farmer:440001:027,farmer,440001,2245.96,6834.45,4588.49,2245.96,1.4142,3,1,0.0,2.0,True
2026-03-01,farmer:440001:028,farmer,440001,22573.09,11858.09,5112.65,6745.44,1.4142,0,0,0.0,2.0,True
2026-03-01,farmer:440001:029,farmer,440001,23748.43,9644.29,4945.33,4698.96,1.4142,0,0,0.0,2.0,True
2026-03-01,farmer:440001:030,farmer,440001,6476.82,4517.96,3556.43,961.53,1.4142,0,0,0.0,2.0,True
2026-03-01,farmer:440001:031,farmer,440001,37687.28,10665.76,4041.01,6624.75,1.4142,0,0,0.0,2.0,True
2026-03-01,farmer:440001:032,farmer,440001,548.05,5656.51,5108.46,548.05,1.4142,5,2,0.0,0.8119,True
2026-03-01,farmer:440001:033,farmer,440001,62379.83,15485.63,4911.95,10573.68,1.4142,0,0,0.0,2.0,True
2026-03-01,farmer:440001:034,farmer,440001,42619.5,17083.83,4166.88,12916.95,1.4142,0,0,0.0,2.0,True
2026-03-01,farmer:440001:035,farmer,440001,3127.98,4501.51,4881.3,-379.79,1.4142,0,0,0.0,2.0,True
2026-04-01,lender:vridhi,synthetic_lender,national,4141453.57,137286.3,0.0,137286.3,0.1231,0,0,0.0,0.0,True
2026-04-01,utility:413001,utility_company,413001,708647.73,26589.54,0.0,26589.54,0.1265,0,0,0.0,0.0,True
2026-04-01,wholesaler:413001:01,wholesaler,413001,876965.95,47017.81,306612.19,-259594.38,0.1531,0,0,0.0,0.0,True
2026-04-01,retailer:413001:01,kirana,413001,175951.61,23407.09,13621.03,9786.06,0.2568,0,0,0.0,0.0,True
2026-04-01,retailer:413001:02,kirana,413001,174582.17,17242.41,11885.93,5356.48,0.1561,0,0,0.0,0.0,True
2026-04-01,retailer:413001:03,kirana,413001,188524.78,22365.16,14783.86,7581.3,0.3529,0,0,0.0,0.0,True
2026-04-01,retailer:413001:04,kirana,413001,196212.25,15836.23,10926.99,4909.24,0.3217,0,0,0.0,0.0,True
2026-04-01,farmer:413001:001,farmer,413001,-0.0,3220.59,3229.49,-8.9,0.7167,6,7,0.0,0.0,True
2026-04-01,farmer:413001:002,farmer,413001,60787.62,14039.82,3547.5,10492.32,0.7077,0,0,0.0,2.0,True
2026-04-01,farmer:413001:003,farmer,413001,1204.93,4297.6,3852.84,444.76,0.7132,2,1,0.0,1.222,True
2026-04-01,farmer:413001:004,farmer,413001,6121.64,7163.22,4319.97,2843.25,0.7221,0,0,0.0,2.0,True
2026-04-01,farmer:413001:005,farmer,413001,11636.02,6685.0,3730.03,2954.97,0.7071,0,0,0.0,2.0,True
2026-04-01,farmer:413001:006,farmer,413001,5861.45,6069.84,4357.91,1711.93,0.7144,0,0,0.0,2.0,True
2026-04-01,farmer:413001:007,farmer,413001,0.0,3064.94,3064.94,0.0,0.7112,1,3,0.0,0.0,True
2026-04-01,farmer:413001:008,farmer,413001,8119.63,8063.77,3477.04,4586.73,0.7074,3,0,0.0,2.0,True
2026-04-01,farmer:413001:009,farmer,413001,7129.08,8723.15,4767.27,3955.88,0.7155,1,0,0.0,2.0,True
2026-04-01,farmer:413001:010,farmer,413001,57298.65,17124.42,4589.07,12535.35,0.7185,0,0,0.0,2.0,True
2026-04-01,farmer:413001:011,farmer,413001,51831.48,14933.8,4856.64,10077.16,0.7074,0,0,0.0,2.0,True
2026-04-01,farmer:413001:012,farmer,413001,15862.69,7733.87,4391.25,3342.62,0.7071,0,0,0.0,2.0,True
2026-04-01,farmer:413001:013,farmer,413001,51908.68,12442.99,4622.67,7820.32,0.7094,0,0,0.0,2.0,True
2026-04-01,farmer:413001:014,farmer,413001,29620.2,12004.35,3941.52,8062.83,0.7113,0,0,0.0,2.0,True
2026-04-01,farmer:413001:015,farmer,413001,8221.37,7393.72,3419.14,3974.58,0.7114,3,0,0.0,2.0,True
2026-04-01,farmer:413001:016,farmer,413001,375.95,4395.2,4720.63,-325.43,0.7079,3,1,0.0,0.2785,True
2026-04-01,farmer:413001:017,farmer,413001,14105.65,8297.18,4860.93,3436.25,0.7072,0,0,0.0,2.0,True
2026-04-01,farmer:413001:018,farmer,413001,29784.82,7808.81,3553.62,4255.19,0.7213,0,0,0.0,2.0,True
2026-04-01,farmer:413001:019,farmer,413001,25590.84,11119.42,4239.47,6879.95,0.7088,0,0,0.0,2.0,True
2026-04-01,farmer:413001:020,farmer,413001,3023.17,5598.95,4085.9,1513.05,0.7099,3,1,0.0,2.0,True
2026-04-01,farmer:413001:021,farmer,413001,40145.57,11205.48,4389.16,6816.32,0.7174,0,0,0.0,2.0,True
2026-04-01,farmer:413001:022,farmer,413001,66610.02,17034.51,4973.78,12060.73,0.708,0,0,0.0,2.0,True
2026-04-01,farmer:413001:023,farmer,413001,-0.0,3696.38,3696.38,0.0,0.7086,4,9,0.0,0.0,True
2026-04-01,farmer:413001:024,farmer,413001,22535.38,6690.22,3601.64,3088.58,0.7086,0,0,0.0,2.0,True
2026-04-01,farmer:413001:025,farmer,413001,14570.34,7721.39,3903.18,3818.21,0.7094,0,0,0.0,2.0,True
2026-04-01,farmer:413001:026,farmer,413001,63461.75,18299.84,4941.34,13358.5,0.7074,0,0,0.0,2.0,True
2026-04-01,farmer:413001:027,farmer,413001,10230.33,6833.33,3525.02,3308.31,0.7084,0,0,0.0,2.0,True
2026-04-01,farmer:413001:028,farmer,413001,53762.22,12043.53,3355.19,8688.34,0.7077,0,0,0.0,2.0,True
2026-04-01,farmer:413001:029,farmer,413001,25159.94,6433.98,4596.85,1837.13,0.7101,0,0,0.0,2.0,True
2026-04-01,farmer:413001:030,farmer,413001,442.7,4279.29,4667.88,-388.59,0.7114,6,4,0.0,0.3279,True
2026-04-01,farmer:413001:031,farmer,413001,53759.27,10760.57,4744.56,6016.01,0.7183,0,0,0.0,2.0,True
2026-04-01,farmer:413001:032,farmer,413001,2440.45,4638.98,3488.02,1150.96,0.7071,3,1,0.0,2.0,True
2026-04-01,farmer:413001:033,farmer,413001,49843.25,11062.18,4173.78,6888.4,0.7083,0,0,0.0,2.0,True
2026-04-01,farmer:413001:034,farmer,413001,512.85,3769.49,3576.23,193.26,0.7071,1,0,0.0,0.523,True
2026-04-01,farmer:413001:035,farmer,413001,26430.02,9562.38,4041.25,5521.13,0.7191,0,0,0.0,2.0,True
2026-04-01,utility:431001,utility_company,431001,711497.82,26650.0,0.0,26650.0,0.115,0,0,0.0,0.0,True
2026-04-01,wholesaler:431001:01,wholesaler,431001,611648.72,48932.35,346150.54,-297218.19,0.1216,0,0,0.0,0.0,True
2026-04-01,retailer:431001:01,kirana,431001,178442.25,10491.19,6389.46,4101.73,0.3973,0,0,0.0,0.0,True
2026-04-01,retailer:431001:02,kirana,431001,195746.13,23719.0,15314.31,8404.69,0.3142,0,0,0.0,0.0,True
2026-04-01,retailer:431001:03,kirana,431001,202906.15,26961.38,15630.94,11330.44,0.2435,0,0,0.0,0.0,True
2026-04-01,retailer:431001:04,kirana,431001,185712.56,23180.71,15797.64,7383.07,0.3944,0,0,0.0,0.0,True
2026-04-01,farmer:431001:001,farmer,431001,1721.53,5066.97,3646.23,1420.74,0.713,2,1,0.0,2.0,True
2026-04-01,farmer:431001:002,farmer,431001,85991.52,14812.58,3685.84,11126.74,0.7085,0,0,0.0,2.0,True
2026-04-01,farmer:431001:003,farmer,431001,24221.73,11044.78,4950.8,6093.98,0.7151,0,0,0.0,2.0,True
2026-04-01,farmer:431001:004,farmer,431001,56671.61,17631.86,4481.7,13150.16,0.7077,0,0,0.0,2.0,True
2026-04-01,farmer:431001:005,farmer,431001,25323.78,13456.85,3484.87,9971.98,0.7072,0,0,0.0,2.0,True
2026-04-01,farmer:431001:006,farmer,431001,44719.23,9642.93,5001.1,4641.83,0.7092,0,0,0.0,2.0,True
2026-04-01,farmer:431001:007,farmer,431001,-0.0,2905.37,2905.37,0.0,0.7072,5,8,0.0,0.0,True
2026-04-01,farmer:431001:008,farmer,431001,81073.23,18606.88,4914.22,13692.66,0.7146,0,0,0.0,2.0,True
2026-04-01,farmer:431001:009,farmer,431001,6153.42,7716.39,4241.91,3474.48,0.7126,2,0,0.0,2.0,True
2026-04-01,farmer:431001:010,farmer,431001,55071.74,18862.21,4338.12,14524.09,0.7071,0,0,0.0,2.0,True
2026-04-01,farmer:431001:011,farmer,431001,5376.84,4353.06,4487.25,-134.19,0.7072,0,0,0.0,2.0,True
2026-04-01,farmer:431001:012,farmer,431001,1910.45,5026.14,4028.04,998.1,0.7086,1,0,0.0,2.0,True
2026-04-01,farmer:431001:013,farmer,431001,21826.29,6284.45,4700.71,1583.74,0.7078,0,0,0.0,2.0,True
2026-04-01,farmer:431001:014,farmer,431001,7570.7,7194.45,4686.46,2507.99,0.7099,0,0,0.0,2.0,True
2026-04-01,farmer:431001:015,farmer,431001,2800.65,5373.01,5126.75,246.26,0.715,2,1,0.0,2.0,True
2026-04-01,farmer:431001:016,farmer,431001,34470.34,13147.23,4271.38,8875.85,0.7107,0,0,0.0,2.0,True
2026-04-01,farmer:431001:017,farmer,431001,1421.67,4613.01,4756.35,-143.34,0.7107,4,1,0.0,1.0531,True
2026-04-01,farmer:431001:018,farmer,431001,29853.87,10952.47,3396.8,7555.67,0.7071,0,0,0.0,2.0,True
2026-04-01,farmer:431001:019,farmer,431001,-0.0,4025.48,4172.63,-147.15,0.7081,1,1,0.0,0.0,True
2026-04-01,farmer:431001:020,farmer,431001,74897.22,14511.14,3365.98,11145.16,0.7192,0,0,0.0,2.0,True
2026-04-01,farmer:431001:021,farmer,431001,15968.32,7561.18,3764.51,3796.67,0.7098,0,0,0.0,2.0,True
2026-04-01,farmer:431001:022,farmer,431001,13701.06,4532.65,4147.11,385.54,0.7138,0,0,0.0,2.0,True
2026-04-01,farmer:431001:023,farmer,431001,34997.23,9235.69,4335.24,4900.45,0.7092,0,0,0.0,2.0,True
2026-04-01,farmer:431001:024,farmer,431001,4332.64,6790.66,4998.59,1792.07,0.7079,5,1,0.0,2.0,True
2026-04-01,farmer:431001:025,farmer,431001,23838.06,10023.49,4776.76,5246.73,0.7073,0,0,0.0,2.0,True
2026-04-01,farmer:431001:026,farmer,431001,62315.89,14037.47,4889.47,9148.0,0.7148,0,0,0.0,2.0,True
2026-04-01,farmer:431001:027,farmer,431001,15445.14,9248.56,4937.52,4311.04,0.7107,0,0,0.0,2.0,True
2026-04-01,farmer:431001:028,farmer,431001,6450.7,7659.85,3575.41,4084.44,0.7138,3,0,0.0,2.0,True
2026-04-01,farmer:431001:029,farmer,431001,11326.12,9074.07,3761.87,5312.2,0.7098,0,0,0.0,2.0,True
2026-04-01,farmer:431001:030,farmer,431001,61535.44,14247.01,4726.2,9520.81,0.723,0,0,0.0,2.0,True
2026-04-01,farmer:431001:031,farmer,431001,16653.26,9629.63,4246.35,5383.28,0.7079,0,0,0.0,2.0,True
2026-04-01,farmer:431001:032,farmer,431001,78829.07,17106.98,5050.6,12056.38,0.7145,0,0,0.0,2.0,True
2026-04-01,farmer:431001:033,farmer,431001,49025.96,14414.44,4501.57,9912.87,0.7081,0,0,0.0,2.0,True
2026-04-01,farmer:431001:034,farmer,431001,4184.56,5691.25,4290.81,1400.44,0.7193,1,0,0.0,2.0,True
2026-04-01,farmer:431001:035,farmer,431001,38124.95,9270.35,3332.4,5937.95,0.7073,0,0,0.0,2.0,True
2026-04-01,utility:440001,utility_company,440001,713419.77,26525.0,0.0,26525.0,0.0559,0,0,0.0,0.0,True
2026-04-01,wholesaler:440001:01,wholesaler,440001,417477.81,50661.43,390874.92,-340213.49,0.0988,0,0,0.0,0.0,True
2026-04-01,retailer:440001:01,kirana,440001,199794.57,15137.4,10526.1,4611.3,0.1595,0,0,0.0,0.0,True
2026-04-01,retailer:440001:02,kirana,440001,186443.03,16311.98,10169.76,6142.22,0.3127,0,0,0.0,0.0,True
2026-04-01,retailer:440001:03,kirana,440001,189030.97,25233.88,18192.98,7040.9,0.2592,0,0,0.0,0.0,True
2026-04-01,retailer:440001:04,kirana,440001,205202.16,25316.78,15972.59,9344.19,0.4601,0,0,0.0,0.0,True
2026-04-01,farmer:440001:001,farmer,440001,50848.71,13814.78,4962.67,8852.11,0.7071,0,0,0.0,2.0,True
2026-04-01,farmer:440001:002,farmer,440001,84961.61,16015.03,3380.84,12634.19,0.7114,0,0,0.0,2.0,True
2026-04-01,farmer:440001:003,farmer,440001,35472.13,13999.76,5027.9,8971.86,0.7074,0,0,0.0,2.0,True
2026-04-01,farmer:440001:004,farmer,440001,74093.72,15478.68,4928.8,10549.88,0.7166,0,0,0.0,2.0,True
2026-04-01,farmer:440001:005,farmer,440001,35115.59,15917.25,4346.24,11571.01,0.7084,0,0,0.0,2.0,True
2026-04-01,farmer:440001:006,farmer,440001,38466.67,10820.03,3968.8,6851.23,0.7126,0,0,0.0,2.0,True
2026-04-01,farmer:440001:007,farmer,440001,54912.09,16232.14,3697.51,12534.63,0.7099,0,0,0.0,2.0,True
2026-04-01,farmer:440001:008,farmer,440001,44568.52,11642.92,3920.2,7722.72,0.7102,0,0,0.0,2.0,True
2026-04-01,farmer:440001:009,farmer,440001,11627.29,5219.88,4641.72,578.16,0.7076,0,0,0.0,2.0,True
2026-04-01,farmer:440001:010,farmer,440001,37276.94,13234.55,4450.98,8783.57,0.7096,0,0,0.0,2.0,True
2026-04-01,farmer:440001:011,farmer,440001,39039.11,11142.76,4020.74,7122.02,0.7093,0,0,0.0,2.0,True
2026-04-01,farmer:440001:012,farmer,440001,9633.96,6689.46,3456.37,3233.09,0.7083,0,0,0.0,2.0,True
2026-04-01,farmer:440001:013,farmer,440001,21822.32,10044.7,4783.08,5261.62,0.7201,0,0,0.0,2.0,True
2026-04-01,farmer:440001:014,farmer,440001,18996.17,6876.27,4842.24,2034.03,0.7074,0,0,0.0,2.0,True
2026-04-01,farmer:440001:015,farmer,440001,44075.7,10429.35,4310.51,6118.84,0.7084,0,0,0.0,2.0,True
2026-04-01,farmer:440001:016,farmer,440001,568.11,4635.46,4978.15,-342.69,0.7072,5,3,0.0,0.4208,True
2026-04-01,farmer:440001:017,farmer,440001,86508.29,17867.29,4535.3,13331.99,0.7097,0,0,0.0,2.0,True
2026-04-01,farmer:440001:018,farmer,440001,8554.24,7744.58,4575.64,3168.94,0.7143,1,0,0.0,2.0,True
2026-04-01,farmer:440001:019,farmer,440001,51827.19,14197.76,3824.85,10372.91,0.7079,0,0,0.0,2.0,True
2026-04-01,farmer:440001:020,farmer,440001,19814.77,12739.24,3914.94,8824.3,0.7127,0,0,0.0,2.0,True
2026-04-01,farmer:440001:021,farmer,440001,14935.05,6616.52,4161.91,2454.61,0.7103,0,0,0.0,2.0,True
2026-04-01,farmer:440001:022,farmer,440001,2119.2,5001.67,3895.54,1106.13,0.7109,5,3,0.0,2.0,True
2026-04-01,farmer:440001:023,farmer,440001,27626.28,12532.22,4876.68,7655.54,0.7071,0,0,0.0,2.0,True
2026-04-01,farmer:440001:024,farmer,440001,34790.21,14873.69,4447.27,10426.42,0.7164,0,0,0.0,2.0,True
2026-04-01,farmer:440001:025,farmer,440001,8253.77,6489.35,4058.22,2431.13,0.7071,0,0,0.0,2.0,True
2026-04-01,farmer:440001:026,farmer,440001,42803.47,15162.08,3931.4,11230.68,0.7071,0,0,0.0,2.0,True
2026-04-01,farmer:440001:027,farmer,440001,5940.28,7146.99,3452.67,3694.32,0.7076,3,0,0.0,2.0,True
2026-04-01,farmer:440001:028,farmer,440001,31966.94,14060.36,4666.51,9393.85,0.7147,0,0,0.0,2.0,True
2026-04-01,farmer:440001:029,farmer,440001,30690.21,11573.36,4631.58,6941.78,0.7158,0,0,0.0,2.0,True
2026-04-01,farmer:440001:030,farmer,440001,7780.82,4932.68,3628.68,1304.0,0.7091,0,0,0.0,2.0,True
2026-04-01,farmer:440001:031,farmer,440001,46531.91,12507.32,3662.69,8844.63,0.7138,0,0,0.0,2.0,True
2026-04-01,farmer:440001:032,farmer,440001,958.16,5087.16,4677.05,410.11,0.7101,5,1,0.0,1.0135,True
2026-04-01,farmer:440001:033,farmer,440001,77280.58,18211.19,3310.44,14900.75,0.714,0,0,0.0,2.0,True
2026-04-01,farmer:440001:034,farmer,440001,52859.39,14712.63,4472.74,10239.89,0.713,0,0,0.0,2.0,True
2026-04-01,farmer:440001:035,farmer,440001,3219.61,4825.81,4734.18,91.63,0.7084,0,0,0.0,2.0,True
2026-05-01,lender:vridhi,synthetic_lender,national,4257798.02,116344.45,0.0,116344.45,0.0801,0,0,0.0,0.0,True
2026-05-01,utility:413001,utility_company,413001,731262.73,22615.0,0.0,22615.0,0.0758,0,0,0.0,0.0,True
2026-05-01,wholesaler:413001:01,wholesaler,413001,915131.7,40565.75,2400.0,38165.75,0.0601,0,0,0.0,0.0,True
2026-05-01,retailer:413001:01,kirana,413001,182728.06,19708.34,12931.89,6776.45,0.07,0,0,0.0,0.0,True
2026-05-01,retailer:413001:02,kirana,413001,181888.79,17275.98,9969.36,7306.62,0.1255,0,0,0.0,0.0,True
2026-05-01,retailer:413001:03,kirana,413001,194317.57,16105.88,10313.09,5792.79,0.2278,0,0,0.0,0.0,True
2026-05-01,retailer:413001:04,kirana,413001,200826.07,16165.23,11551.41,4613.82,0.2749,0,0,0.0,0.0,True
2026-05-01,farmer:413001:001,farmer,413001,-0.0,0.0,0.0,0.0,0.7167,7,8,0.0,0.0,True
2026-05-01,farmer:413001:002,farmer,413001,56284.43,0.0,4503.19,-4503.19,0.7077,0,0,0.0,2.0,True
2026-05-01,farmer:413001:003,farmer,413001,-0.0,0.0,1204.93,-1204.93,0.7132,3,2,0.0,0.0,True
2026-05-01,farmer:413001:004,farmer,413001,2322.06,0.0,3799.58,-3799.58,0.7221,0,0,0.0,1.72,True
2026-05-01,farmer:413001:005,farmer,413001,7375.18,0.0,4260.84,-4260.84,0.7071,0,0,0.0,2.0,True
2026-05-01,farmer:413001:006,farmer,413001,1708.61,0.0,4152.84,-4152.84,0.7144,0,0,0.0,1.2656,True
2026-05-01,farmer:413001:007,farmer,413001,0.0,0.0,0.0,0.0,0.7112,2,4,0.0,0.0,True
2026-05-01,farmer:413001:008,farmer,413001,4165.16,0.0,3954.47,-3954.47,0.7074,3,0,0.0,2.0,True
2026-05-01,farmer:413001:009,farmer,413001,2373.84,0.0,4755.24,-4755.24,0.7155,1,0,0.0,1.7584,True
2026-05-01,farmer:413001:010,farmer,413001,52965.22,0.0,4333.43,-4333.43,0.7185,0,0,0.0,2.0,True
2026-05-01,farmer:413001:011,farmer,413001,47074.74,0.0,4756.74,-4756.74,0.7074,0,0,0.0,2.0,True
2026-05-01,farmer:413001:012,farmer,413001,11319.31,0.0,4543.38,-4543.38,0.7071,0,0,0.0,2.0,True
2026-05-01,farmer:413001:013,farmer,413001,47053.83,0.0,4854.85,-4854.85,0.7094,0,0,0.0,2.0,True
2026-05-01,farmer:413001:014,farmer,413001,24642.09,0.0,4978.11,-4978.11,0.7113,0,0,0.0,2.0,True
2026-05-01,farmer:413001:015,farmer,413001,4855.04,0.0,3366.33,-3366.33,0.7114,3,0,0.0,2.0,True
2026-05-01,farmer:413001:016,farmer,413001,-0.0,0.0,375.95,-375.95,0.7079,4,2,0.0,0.0,True
2026-05-01,farmer:413001:017,farmer,413001,10163.16,0.0,3942.49,-3942.49,0.7072,0,0,0.0,2.0,True
2026-05-01,farmer:413001:018,farmer,413001,25204.96,0.0,4579.86,-4579.86,0.7213,0,0,0.0,2.0,True
2026-05-01,farmer:413001:019,farmer,413001,20695.47,0.0,4895.37,-4895.37,0.7088,0,0,0.0,2.0,True
2026-05-01,farmer:413001:020,farmer,413001,-0.0,0.0,3023.17,-3023.17,0.7099,3,2,0.0,0.0,True
2026-05-01,farmer:413001:021,farmer,413001,35464.59,0.0,4680.98,-4680.98,0.7174,0,0,0.0,2.0,True
2026-05-01,farmer:413001:022,farmer,413001,61845.91,0.0,4764.11,-4764.11,0.708,0,0,0.0,2.0,True
2026-05-01,farmer:413001:023,farmer,413001,-0.0,0.0,0.0,0.0,0.7086,5,10,0.0,0.0,True
2026-05-01,farmer:413001:024,farmer,413001,17582.63,0.0,4952.75,-4952.75,0.7086,0,0,0.0,2.0,True
2026-05-01,farmer:413001:025,farmer,413001,9496.63,0.0,5073.71,-5073.71,0.7094,0,0,0.0,2.0,True
2026-05-01,farmer:413001:026,farmer,413001,59506.66,0.0,3955.09,-3955.09,0.7074,0,0,0.0,2.0,True
2026-05-01,farmer:413001:027,farmer,413001,6156.47,0.0,4073.86,-4073.86,0.7084,0,0,0.0,2.0,True
2026-05-01,farmer:413001:028,farmer,413001,49828.52,0.0,3933.7,-3933.7,0.7077,0,0,0.0,2.0,True
2026-05-01,farmer:413001:029,farmer,413001,21692.78,0.0,3467.16,-3467.16,0.7101,0,0,0.0,2.0,True
2026-05-01,farmer:413001:030,farmer,413001,-0.0,0.0,442.7,-442.7,0.7114,7,5,0.0,0.0,True
2026-05-01,farmer:413001:031,farmer,413001,49564.48,0.0,4194.79,-4194.79,0.7183,0,0,0.0,2.0,True
2026-05-01,farmer:413001:032,farmer,413001,0.0,0.0,2440.45,-2440.45,0.7071,3,2,0.0,0.0,True
2026-05-01,farmer:413001:033,farmer,413001,45241.95,0.0,4601.3,-4601.3,0.7083,0,0,0.0,2.0,True
2026-05-01,farmer:413001:034,farmer,413001,-0.0,0.0,512.85,-512.85,0.7071,2,1,0.0,0.0,True
2026-05-01,farmer:413001:035,farmer,413001,22467.89,0.0,3962.13,-3962.13,0.7191,0,0,0.0,2.0,True
2026-05-01,utility:431001,utility_company,431001,734492.82,22995.0,0.0,22995.0,0.0669,0,0,0.0,0.0,True
2026-05-01,wholesaler:431001:01,wholesaler,431001,653216.96,43968.24,2400.0,41568.24,0.0495,0,0,0.0,0.0,True
2026-05-01,retailer:431001:01,kirana,431001,181148.62,7685.04,4978.67,2706.37,0.5322,0,0,0.0,0.0,True
2026-05-01,retailer:431001:02,kirana,431001,205707.12,22915.46,12954.47,9960.99,0.2962,0,0,0.0,0.0,True
2026-05-01,retailer:431001:03,kirana,431001,210033.27,17731.5,10604.38,7127.12,0.2137,0,0,0.0,0.0,True
2026-05-01,retailer:431001:04,kirana,431001,193920.01,27838.17,19630.72,8207.45,0.0767,0,0,0.0,0.0,True
2026-05-01,farmer:431001:001,farmer,431001,-0.0,0.0,1721.53,-1721.53,0.713,3,2,0.0,0.0,True
2026-05-01,farmer:431001:002,farmer,431001,82448.75,0.0,3542.77,-3542.77,0.7085,0,0,0.0,2.0,True
2026-05-01,farmer:431001:003,farmer,431001,20176.42,0.0,4045.31,-4045.31,0.7151,0,0,0.0,2.0,True
2026-05-01,farmer:431001:004,farmer,431001,52195.94,0.0,4475.67,-4475.67,0.7077,0,0,0.0,2.0,True
2026-05-01,farmer:431001:005,farmer,431001,20529.0,0.0,4794.78,-4794.78,0.7072,0,0,0.0,2.0,True
2026-05-01,farmer:431001:006,farmer,431001,40502.33,0.0,4216.9,-4216.9,0.7092,0,0,0.0,2.0,True
2026-05-01,farmer:431001:007,farmer,431001,-0.0,0.0,0.0,0.0,0.7072,6,9,0.0,0.0,True
2026-05-01,farmer:431001:008,farmer,431001,77751.53,0.0,3321.7,-3321.7,0.7146,0,0,0.0,2.0,True
2026-05-01,farmer:431001:009,farmer,431001,2193.29,0.0,3960.13,-3960.13,0.7126,2,0,0.0,1.6247,True
2026-05-01,farmer:431001:010,farmer,431001,51480.73,0.0,3591.01,-3591.01,0.7071,0,0,0.0,2.0,True
2026-05-01,farmer:431001:011,farmer,431001,1485.41,0.0,3891.43,-3891.43,0.7072,0,0,0.0,1.1003,True
2026-05-01,farmer:431001:012,farmer,431001,-0.0,0.0,1910.45,-1910.45,0.7086,2,1,0.0,0.0,True
2026-05-01,farmer:431001:013,farmer,431001,16807.97,0.0,5018.32,-5018.32,0.7078,0,0,0.0,2.0,True
2026-05-01,farmer:431001:014,farmer,431001,4090.64,0.0,3480.06,-3480.06,0.7099,0,0,0.0,2.0,True
2026-05-01,farmer:431001:015,farmer,431001,-0.0,0.0,2800.65,-2800.65,0.715,3,2,0.0,0.0,True
2026-05-01,farmer:431001:016,farmer,431001,30479.07,0.0,3991.27,-3991.27,0.7107,0,0,0.0,2.0,True
2026-05-01,farmer:431001:017,farmer,431001,0.0,0.0,1421.67,-1421.67,0.7107,5,2,0.0,0.0,True
2026-05-01,farmer:431001:018,farmer,431001,24867.42,0.0,4986.45,-4986.45,0.7071,0,0,0.0,2.0,True
2026-05-01,farmer:431001:019,farmer,431001,-0.0,0.0,0.0,0.0,0.7081,2,2,0.0,0.0,True
2026-05-01,farmer:431001:020,farmer,431001,71042.55,0.0,3854.67,-3854.67,0.7192,0,0,0.0,2.0,True
2026-05-01,farmer:431001:021,farmer,431001,11940.13,0.0,4028.19,-4028.19,0.7098,0,0,0.0,2.0,True
2026-05-01,farmer:431001:022,farmer,431001,9443.81,0.0,4257.25,-4257.25,0.7138,0,0,0.0,2.0,True
2026-05-01,farmer:431001:023,farmer,431001,30141.53,0.0,4855.7,-4855.7,0.7092,0,0,0.0,2.0,True
2026-05-01,farmer:431001:024,farmer,431001,-0.0,0.0,4332.64,-4332.64,0.7079,5,2,0.0,0.0,True
2026-05-01,farmer:431001:025,farmer,431001,19580.23,0.0,4257.83,-4257.83,0.7073,0,0,0.0,2.0,True
2026-05-01,farmer:431001:026,farmer,431001,57777.33,0.0,4538.56,-4538.56,0.7148,0,0,0.0,2.0,True
2026-05-01,farmer:431001:027,farmer,431001,10901.7,0.0,4543.44,-4543.44,0.7107,0,0,0.0,2.0,True
2026-05-01,farmer:431001:028,farmer,431001,2370.52,0.0,4080.18,-4080.18,0.7138,3,0,0.0,1.7559,True
2026-05-01,farmer:431001:029,farmer,431001,7407.43,0.0,3918.69,-3918.69,0.7098,0,0,0.0,2.0,True
2026-05-01,farmer:431001:030,farmer,431001,56673.57,0.0,4861.87,-4861.87,0.723,0,0,0.0,2.0,True
2026-05-01,farmer:431001:031,farmer,431001,12132.41,0.0,4520.85,-4520.85,0.7079,0,0,0.0,2.0,True
2026-05-01,farmer:431001:032,farmer,431001,74336.11,0.0,4492.96,-4492.96,0.7145,0,0,0.0,2.0,True
2026-05-01,farmer:431001:033,farmer,431001,43900.67,0.0,5125.29,-5125.29,0.7081,0,0,0.0,2.0,True
2026-05-01,farmer:431001:034,farmer,431001,814.63,0.0,3369.93,-3369.93,0.7193,1,0,0.0,0.6034,True
2026-05-01,farmer:431001:035,farmer,431001,33339.4,0.0,4785.55,-4785.55,0.7073,0,0,0.0,2.0,True
2026-05-01,utility:440001,utility_company,440001,738170.71,24750.94,0.0,24750.94,0.0322,0,0,0.0,0.0,True
2026-05-01,wholesaler:440001:01,wholesaler,440001,463414.03,48336.22,2400.0,45936.22,0.0323,0,0,0.0,0.0,True
2026-05-01,retailer:440001:01,kirana,440001,205689.18,19990.76,14096.15,5894.61,0.1269,0,0,0.0,0.0,True
2026-05-01,retailer:440001:02,kirana,440001,193031.67,23841.26,17252.62,6588.64,0.2577,0,0,0.0,0.0,True
2026-05-01,retailer:440001:03,kirana,440001,195729.58,18667.69,11969.08,6698.61,0.1286,0,0,0.0,0.0,True
2026-05-01,retailer:440001:04,kirana,440001,209651.0,13667.21,9218.37,4448.84,0.2577,0,0,0.0,0.0,True
2026-05-01,farmer:440001:001,farmer,440001,45944.78,0.0,4903.93,-4903.93,0.7071,0,0,0.0,2.0,True
2026-05-01,farmer:440001:002,farmer,440001,81328.61,0.0,3633.0,-3633.0,0.7114,0,0,0.0,2.0,True
2026-05-01,farmer:440001:003,farmer,440001,31288.35,0.0,4183.78,-4183.78,0.7074,0,0,0.0,2.0,True
2026-05-01,farmer:440001:004,farmer,440001,69708.71,0.0,4385.01,-4385.01,0.7166,0,0,0.0,2.0,True
2026-05-01,farmer:440001:005,farmer,440001,31485.48,0.0,3630.11,-3630.11,0.7084,0,0,0.0,2.0,True
2026-05-01,farmer:440001:006,farmer,440001,34886.79,0.0,3579.88,-3579.88,0.7126,0,0,0.0,2.0,True
2026-05-01,farmer:440001:007,farmer,440001,50602.14,0.0,4309.95,-4309.95,0.7099,0,0,0.0,2.0,True
2026-05-01,farmer:440001:008,farmer,440001,40179.01,0.0,4389.51,-4389.51,0.7102,0,0,0.0,2.0,True
2026-05-01,farmer:440001:009,farmer,440001,6898.87,0.0,4728.42,-4728.42,0.7076,0,0,0.0,2.0,True
2026-05-01,farmer:440001:010,farmer,440001,33444.11,0.0,3832.83,-3832.83,0.7096,0,0,0.0,2.0,True
2026-05-01,farmer:440001:011,farmer,440001,35030.34,0.0,4008.77,-4008.77,0.7093,0,0,0.0,2.0,True
2026-05-01,farmer:440001:012,farmer,440001,5763.06,0.0,3870.9,-3870.9,0.7083,0,0,0.0,2.0,True
2026-05-01,farmer:440001:013,farmer,440001,17924.26,0.0,3898.06,-3898.06,0.7201,0,0,0.0,2.0,True
2026-05-01,farmer:440001:014,farmer,440001,15628.73,0.0,3367.44,-3367.44,0.7074,0,0,0.0,2.0,True
2026-05-01,farmer:440001:015,farmer,440001,39081.32,0.0,4994.38,-4994.38,0.7084,0,0,0.0,2.0,True
2026-05-01,farmer:440001:016,farmer,440001,-0.0,0.0,568.11,-568.11,0.7072,6,4,0.0,0.0,True
2026-05-01,farmer:440001:017,farmer,440001,83049.0,0.0,3459.29,-3459.29,0.7097,0,0,0.0,2.0,True
2026-05-01,farmer:440001:018,farmer,440001,3556.98,0.0,4997.26,-4997.26,0.7143,1,0,0.0,2.0,True
2026-05-01,farmer:440001:019,farmer,440001,47399.59,0.0,4427.6,-4427.6,0.7079,0,0,0.0,2.0,True
2026-05-01,farmer:440001:020,farmer,440001,15836.74,0.0,3978.03,-3978.03,0.7127,0,0,0.0,2.0,True
2026-05-01,farmer:440001:021,farmer,440001,10788.66,0.0,4146.39,-4146.39,0.7103,0,0,0.0,2.0,True
2026-05-01,farmer:440001:022,farmer,440001,0.0,0.0,2119.2,-2119.2,0.7109,6,4,0.0,0.0,True
2026-05-01,farmer:440001:023,farmer,440001,23574.97,0.0,4051.31,-4051.31,0.7071,0,0,0.0,2.0,True
2026-05-01,farmer:440001:024,farmer,440001,30555.14,0.0,4235.07,-4235.07,0.7164,0,0,0.0,2.0,True
2026-05-01,farmer:440001:025,farmer,440001,3670.23,0.0,4583.54,-4583.54,0.7071,0,0,0.0,2.0,True
2026-05-01,farmer:440001:026,farmer,440001,38657.79,0.0,4145.68,-4145.68,0.7071,0,0,0.0,2.0,True
2026-05-01,farmer:440001:027,farmer,440001,2356.44,0.0,3583.84,-3583.84,0.7076,3,0,0.0,1.7455,True
2026-05-01,farmer:440001:028,farmer,440001,26919.4,0.0,5047.54,-5047.54,0.7147,0,0,0.0,2.0,True
2026-05-01,farmer:440001:029,farmer,440001,25610.66,0.0,5079.55,-5079.55,0.7158,0,0,0.0,2.0,True
2026-05-01,farmer:440001:030,farmer,440001,3802.63,0.0,3978.19,-3978.19,0.7091,0,0,0.0,2.0,True
2026-05-01,farmer:440001:031,farmer,440001,42589.73,0.0,3942.18,-3942.18,0.7138,0,0,0.0,2.0,True
2026-05-01,farmer:440001:032,farmer,440001,-0.0,0.0,958.16,-958.16,0.7101,6,2,0.0,0.0,True
2026-05-01,farmer:440001:033,farmer,440001,73967.17,0.0,3313.41,-3313.41,0.714,0,0,0.0,2.0,True
2026-05-01,farmer:440001:034,farmer,440001,48241.46,0.0,4617.93,-4617.93,0.713,0,0,0.0,2.0,True
2026-05-01,farmer:440001:035,farmer,440001,0.0,0.0,3219.61,-3219.61,0.7084,1,1,0.0,0.0,True
2026-06-01,lender:vridhi,synthetic_lender,national,4359320.18,101522.16,0.0,101522.16,0.1239,0,0,0.0,0.0,True
2026-06-01,utility:413001,utility_company,413001,751335.03,20072.3,0.0,20072.3,0.1161,0,0,0.0,0.0,True
2026-06-01,wholesaler:413001:01,wholesaler,413001,946418.59,33686.89,2400.0,31286.89,0.1347,0,0,0.0,0.0,True
2026-06-01,retailer:413001:01,kirana,413001,187915.52,15306.22,10118.76,5187.46,0.17,0,0,0.0,0.0,True
2026-06-01,retailer:413001:02,kirana,413001,185578.52,9862.72,6172.99,3689.73,0.2357,0,0,0.0,0.0,True
2026-06-01,retailer:413001:03,kirana,413001,197236.63,8708.11,5789.05,2919.06,0.3549,0,0,0.0,0.0,True
2026-06-01,retailer:413001:04,kirana,413001,208748.81,23728.83,15806.09,7922.74,0.1962,0,0,0.0,0.0,True
2026-06-01,farmer:413001:001,farmer,413001,-0.0,0.0,0.0,0.0,1.4142,8,9,0.0,0.0,True
2026-06-01,farmer:413001:002,farmer,413001,52126.95,0.0,4157.48,-4157.48,1.4142,0,0,0.0,2.0,True
2026-06-01,farmer:413001:003,farmer,413001,-0.0,0.0,0.0,0.0,1.4142,4,3,0.0,0.0,True
2026-06-01,farmer:413001:004,farmer,413001,0.0,0.0,2322.06,-2322.06,1.4142,1,1,0.0,0.0,True
2026-06-01,farmer:413001:005,farmer,413001,3492.88,0.0,3882.3,-3882.3,1.4142,0,0,0.0,2.0,True
2026-06-01,farmer:413001:006,farmer,413001,0.0,0.0,1708.61,-1708.61,1.4142,1,1,0.0,0.0,True
2026-06-01,farmer:413001:007,farmer,413001,0.0,0.0,0.0,0.0,1.4142,3,5,0.0,0.0,True
2026-06-01,farmer:413001:008,farmer,413001,429.98,0.0,3735.18,-3735.18,1.4142,3,0,0.0,0.3185,True
2026-06-01,farmer:413001:009,farmer,413001,0.0,0.0,2373.84,-2373.84,1.4142,2,1,0.0,0.0,True
2026-06-01,farmer:413001:010,farmer,413001,48294.18,0.0,4671.04,-4671.04,1.4142,0,0,0.0,2.0,True
2026-06-01,farmer:413001:011,farmer,413001,42478.03,0.0,4596.71,-4596.71,1.4142,0,0,0.0,2.0,True
2026-06-01,farmer:413001:012,farmer,413001,6578.0,0.0,4741.31,-4741.31,1.4142,0,0,0.0,2.0,True
2026-06-01,farmer:413001:013,farmer,413001,42770.33,0.0,4283.5,-4283.5,1.4142,0,0,0.0,2.0,True
2026-06-01,farmer:413001:014,farmer,413001,21022.25,0.0,3619.84,-3619.84,1.4142,0,0,0.0,2.0,True
2026-06-01,farmer:413001:015,farmer,413001,1294.38,0.0,3560.66,-3560.66,1.4142,3,0,0.0,0.9588,True
2026-06-01,farmer:413001:016,farmer,413001,-0.0,0.0,0.0,0.0,1.4142,5,3,0.0,0.0,True
2026-06-01,farmer:413001:017,farmer,413001,5993.85,0.0,4169.31,-4169.31,1.4142,0,0,0.0,2.0,True
2026-06-01,farmer:413001:018,farmer,413001,21275.88,0.0,3929.08,-3929.08,1.4142,0,0,0.0,2.0,True
2026-06-01,farmer:413001:019,farmer,413001,16117.98,0.0,4577.49,-4577.49,1.4142,0,0,0.0,2.0,True
2026-06-01,farmer:413001:020,farmer,413001,-0.0,0.0,0.0,0.0,1.4142,4,3,0.0,0.0,True
2026-06-01,farmer:413001:021,farmer,413001,31275.08,0.0,4189.51,-4189.51,1.4142,0,0,0.0,2.0,True
2026-06-01,farmer:413001:022,farmer,413001,57512.75,0.0,4333.16,-4333.16,1.4142,0,0,0.0,2.0,True
2026-06-01,farmer:413001:023,farmer,413001,-0.0,0.0,0.0,0.0,1.4142,6,11,0.0,0.0,True
2026-06-01,farmer:413001:024,farmer,413001,13544.76,0.0,4037.87,-4037.87,1.4142,0,0,0.0,2.0,True
2026-06-01,farmer:413001:025,farmer,413001,4504.71,0.0,4991.92,-4991.92,1.4142,0,0,0.0,2.0,True
2026-06-01,farmer:413001:026,farmer,413001,56132.57,0.0,3374.09,-3374.09,1.4142,0,0,0.0,2.0,True
2026-06-01,farmer:413001:027,farmer,413001,2202.22,0.0,3954.25,-3954.25,1.4142,0,0,0.0,1.6313,True
2026-06-01,farmer:413001:028,farmer,413001,45805.22,0.0,4023.3,-4023.3,1.4142,0,0,0.0,2.0,True
2026-06-01,farmer:413001:029,farmer,413001,16965.13,0.0,4727.65,-4727.65,1.4142,0,0,0.0,2.0,True
2026-06-01,farmer:413001:030,farmer,413001,-0.0,0.0,0.0,0.0,1.4142,8,6,0.0,0.0,True
2026-06-01,farmer:413001:031,farmer,413001,45079.24,0.0,4485.24,-4485.24,1.4142,0,0,0.0,2.0,True
2026-06-01,farmer:413001:032,farmer,413001,0.0,0.0,0.0,0.0,1.4142,4,3,0.0,0.0,True
2026-06-01,farmer:413001:033,farmer,413001,41341.3,0.0,3900.65,-3900.65,1.4142,0,0,0.0,2.0,True
2026-06-01,farmer:413001:034,farmer,413001,-0.0,0.0,0.0,0.0,1.4142,3,2,0.0,0.0,True
2026-06-01,farmer:413001:035,farmer,413001,18685.76,0.0,3782.13,-3782.13,1.4142,0,0,0.0,2.0,True
2026-06-01,utility:431001,utility_company,431001,754587.82,20095.0,0.0,20095.0,0.1154,0,0,0.0,0.0,True
2026-06-01,wholesaler:431001:01,wholesaler,431001,687193.93,36376.97,2400.0,33976.97,0.1198,0,0,0.0,0.0,True
2026-06-01,retailer:431001:01,kirana,431001,185186.8,15190.68,11152.5,4038.18,0.2784,0,0,0.0,0.0,True
2026-06-01,retailer:431001:02,kirana,431001,210588.85,12723.32,7841.59,4881.73,0.2529,0,0,0.0,0.0,True
2026-06-01,retailer:431001:03,kirana,431001,210824.79,5801.8,5010.28,791.52,0.5146,0,0,0.0,0.0,True
2026-06-01,retailer:431001:04,kirana,431001,207231.6,29884.19,16572.6,13311.59,0.104,0,0,0.0,0.0,True
2026-06-01,farmer:431001:001,farmer,431001,-0.0,0.0,0.0,0.0,1.4142,4,3,0.0,0.0,True
2026-06-01,farmer:431001:002,farmer,431001,78560.73,0.0,3888.02,-3888.02,1.4142,0,0,0.0,2.0,True
2026-06-01,farmer:431001:003,farmer,431001,16513.34,0.0,3663.08,-3663.08,1.4142,0,0,0.0,2.0,True
2026-06-01,farmer:431001:004,farmer,431001,47642.75,0.0,4553.19,-4553.19,1.4142,0,0,0.0,2.0,True
2026-06-01,farmer:431001:005,farmer,431001,16957.74,0.0,3571.26,-3571.26,1.4142,0,0,0.0,2.0,True
2026-06-01,farmer:431001:006,farmer,431001,36304.78,0.0,4197.55,-4197.55,1.4142,0,0,0.0,2.0,True
2026-06-01,farmer:431001:007,farmer,431001,-0.0,0.0,0.0,0.0,1.4142,7,10,0.0,0.0,True
2026-06-01,farmer:431001:008,farmer,431001,72753.63,0.0,4997.9,-4997.9,1.4142,0,0,0.0,2.0,True
2026-06-01,farmer:431001:009,farmer,431001,-0.0,0.0,2193.29,-2193.29,1.4142,3,1,0.0,0.0,True
2026-06-01,farmer:431001:010,farmer,431001,47407.4,0.0,4073.33,-4073.33,1.4142,0,0,0.0,2.0,True
2026-06-01,farmer:431001:011,farmer,431001,-0.0,0.0,1485.41,-1485.41,1.4142,1,1,0.0,0.0,True
2026-06-01,farmer:431001:012,farmer,431001,-0.0,0.0,0.0,0.0,1.4142,3,2,0.0,0.0,True
2026-06-01,farmer:431001:013,farmer,431001,12442.85,0.0,4365.12,-4365.12,1.4142,0,0,0.0,2.0,True
2026-06-01,farmer:431001:014,farmer,431001,242.65,0.0,3847.99,-3847.99,1.4142,0,0,0.0,0.1797,True
2026-06-01,farmer:431001:015,farmer,431001,-0.0,0.0,0.0,0.0,1.4142,4,3,0.0,0.0,True
2026-06-01,farmer:431001:016,farmer,431001,26666.4,0.0,3812.67,-3812.67,1.4142,0,0,0.0,2.0,True
2026-06-01,farmer:431001:017,farmer,431001,0.0,0.0,0.0,0.0,1.4142,6,3,0.0,0.0,True
2026-06-01,farmer:431001:018,farmer,431001,20882.33,0.0,3985.09,-3985.09,1.4142,0,0,0.0,2.0,True
2026-06-01,farmer:431001:019,farmer,431001,-0.0,0.0,0.0,0.0,1.4142,3,3,0.0,0.0,True
2026-06-01,farmer:431001:020,farmer,431001,67085.85,0.0,3956.7,-3956.7,1.4142,0,0,0.0,2.0,True
2026-06-01,farmer:431001:021,farmer,431001,7583.04,0.0,4357.09,-4357.09,1.4142,0,0,0.0,2.0,True
2026-06-01,farmer:431001:022,farmer,431001,4531.48,0.0,4912.33,-4912.33,1.4142,0,0,0.0,2.0,True
2026-06-01,farmer:431001:023,farmer,431001,25548.11,0.0,4593.42,-4593.42,1.4142,0,0,0.0,2.0,True
2026-06-01,farmer:431001:024,farmer,431001,-0.0,0.0,0.0,0.0,1.4142,6,3,0.0,0.0,True
2026-06-01,farmer:431001:025,farmer,431001,14829.7,0.0,4750.53,-4750.53,1.4142,0,0,0.0,2.0,True
2026-06-01,farmer:431001:026,farmer,431001,53544.64,0.0,4232.69,-4232.69,1.4142,0,0,0.0,2.0,True
2026-06-01,farmer:431001:027,farmer,431001,6076.14,0.0,4825.56,-4825.56,1.4142,0,0,0.0,2.0,True
2026-06-01,farmer:431001:028,farmer,431001,0.0,0.0,2370.52,-2370.52,1.4142,4,1,0.0,0.0,True
2026-06-01,farmer:431001:029,farmer,431001,3252.06,0.0,4155.37,-4155.37,1.4142,0,0,0.0,2.0,True
2026-06-01,farmer:431001:030,farmer,431001,52952.3,0.0,3721.27,-3721.27,1.4142,0,0,0.0,2.0,True
2026-06-01,farmer:431001:031,farmer,431001,7228.4,0.0,4904.01,-4904.01,1.4142,0,0,0.0,2.0,True
2026-06-01,farmer:431001:032,farmer,431001,69278.23,0.0,5057.88,-5057.88,1.4142,0,0,0.0,2.0,True
2026-06-01,farmer:431001:033,farmer,431001,39725.18,0.0,4175.49,-4175.49,1.4142,0,0,0.0,2.0,True
2026-06-01,farmer:431001:034,farmer,431001,0.0,0.0,814.63,-814.63,1.4142,2,1,0.0,0.0,True
2026-06-01,farmer:431001:035,farmer,431001,29305.8,0.0,4033.6,-4033.6,1.4142,0,0,0.0,2.0,True
2026-06-01,utility:440001,utility_company,440001,761795.71,23625.0,0.0,23625.0,0.0478,0,0,0.0,0.0,True
2026-06-01,wholesaler:440001:01,wholesaler,440001,505166.88,44152.85,2400.0,41752.85,0.0564,0,0,0.0,0.0,True
2026-06-01,retailer:440001:01,kirana,440001,209324.29,11893.55,8258.44,3635.11,0.2123,0,0,0.0,0.0,True
2026-06-01,retailer:440001:02,kirana,440001,198470.3,17161.39,11722.76,5438.63,0.1762,0,0,0.0,0.0,True
2026-06-01,retailer:440001:03,kirana,440001,205324.12,22709.68,13115.14,9594.54,0.1218,0,0,0.0,0.0,True
2026-06-01,retailer:440001:04,kirana,440001,215583.33,21188.84,15256.51,5932.33,0.2404,0,0,0.0,0.0,True
2026-06-01,farmer:440001:001,farmer,440001,41352.91,0.0,4591.87,-4591.87,1.4142,0,0,0.0,2.0,True
2026-06-01,farmer:440001:002,farmer,440001,76834.36,0.0,4494.25,-4494.25,1.4142,0,0,0.0,2.0,True
2026-06-01,farmer:440001:003,farmer,440001,26971.33,0.0,4317.02,-4317.02,1.4142,0,0,0.0,2.0,True
2026-06-01,farmer:440001:004,farmer,440001,65882.38,0.0,3826.33,-3826.33,1.4142,0,0,0.0,2.0,True
2026-06-01,farmer:440001:005,farmer,440001,26910.91,0.0,4574.57,-4574.57,1.4142,0,0,0.0,2.0,True
2026-06-01,farmer:440001:006,farmer,440001,29996.24,0.0,4890.55,-4890.55,1.4142,0,0,0.0,2.0,True
2026-06-01,farmer:440001:007,farmer,440001,47044.92,0.0,3557.22,-3557.22,1.4142,0,0,0.0,2.0,True
2026-06-01,farmer:440001:008,farmer,440001,36063.15,0.0,4115.86,-4115.86,1.4142,0,0,0.0,2.0,True
2026-06-01,farmer:440001:009,farmer,440001,2704.2,0.0,4194.67,-4194.67,1.4142,0,0,0.0,2.0,True
2026-06-01,farmer:440001:010,farmer,440001,29840.95,0.0,3603.16,-3603.16,1.4142,0,0,0.0,2.0,True
2026-06-01,farmer:440001:011,farmer,440001,31343.14,0.0,3687.2,-3687.2,1.4142,0,0,0.0,2.0,True
2026-06-01,farmer:440001:012,farmer,440001,1228.07,0.0,4534.99,-4534.99,1.4142,0,0,0.0,0.9097,True
2026-06-01,farmer:440001:013,farmer,440001,13191.3,0.0,4732.96,-4732.96,1.4142,0,0,0.0,2.0,True
2026-06-01,farmer:440001:014,farmer,440001,11063.39,0.0,4565.34,-4565.34,1.4142,0,0,0.0,2.0,True
2026-06-01,farmer:440001:015,farmer,440001,34913.71,0.0,4167.61,-4167.61,1.4142,0,0,0.0,2.0,True
2026-06-01,farmer:440001:016,farmer,440001,-0.0,0.0,0.0,0.0,1.4142,7,5,0.0,0.0,True
2026-06-01,farmer:440001:017,farmer,440001,78984.72,0.0,4064.28,-4064.28,1.4142,0,0,0.0,2.0,True
2026-06-01,farmer:440001:018,farmer,440001,-0.0,0.0,3556.98,-3556.98,1.4142,1,1,0.0,0.0,True
2026-06-01,farmer:440001:019,farmer,440001,43667.96,0.0,3731.63,-3731.63,1.4142,0,0,0.0,2.0,True
2026-06-01,farmer:440001:020,farmer,440001,11160.07,0.0,4676.67,-4676.67,1.4142,0,0,0.0,2.0,True
2026-06-01,farmer:440001:021,farmer,440001,7255.19,0.0,3533.47,-3533.47,1.4142,0,0,0.0,2.0,True
2026-06-01,farmer:440001:022,farmer,440001,0.0,0.0,0.0,0.0,1.4142,7,5,0.0,0.0,True
2026-06-01,farmer:440001:023,farmer,440001,19727.91,0.0,3847.06,-3847.06,1.4142,0,0,0.0,2.0,True
2026-06-01,farmer:440001:024,farmer,440001,26315.88,0.0,4239.26,-4239.26,1.4142,0,0,0.0,2.0,True
2026-06-01,farmer:440001:025,farmer,440001,-0.0,0.0,3670.23,-3670.23,1.4142,0,1,0.0,0.0,True
2026-06-01,farmer:440001:026,farmer,440001,33906.22,0.0,4751.57,-4751.57,1.4142,0,0,0.0,2.0,True
2026-06-01,farmer:440001:027,farmer,440001,0.0,0.0,2356.44,-2356.44,1.4142,4,1,0.0,0.0,True
2026-06-01,farmer:440001:028,farmer,440001,22467.1,0.0,4452.3,-4452.3,1.4142,0,0,0.0,2.0,True
2026-06-01,farmer:440001:029,farmer,440001,20563.22,0.0,5047.44,-5047.44,1.4142,0,0,0.0,2.0,True
2026-06-01,farmer:440001:030,farmer,440001,0.0,0.0,3802.63,-3802.63,1.4142,0,1,0.0,0.0,True
2026-06-01,farmer:440001:031,farmer,440001,38330.84,0.0,4258.89,-4258.89,1.4142,0,0,0.0,2.0,True
2026-06-01,farmer:440001:032,farmer,440001,-0.0,0.0,0.0,0.0,1.4142,7,3,0.0,0.0,True
2026-06-01,farmer:440001:033,farmer,440001,69518.11,0.0,4449.06,-4449.06,1.4142,0,0,0.0,2.0,True
2026-06-01,farmer:440001:034,farmer,440001,44482.35,0.0,3759.11,-3759.11,1.4142,0,0,0.0,2.0,True
2026-06-01,farmer:440001:035,farmer,440001,0.0,0.0,0.0,0.0,1.4142,2,2,0.0,0.0,True
2026-07-01,lender:vridhi,synthetic_lender,national,4449494.89,90174.71,0.0,90174.71,0.1044,0,0,0.0,0.0,True
2026-07-01,utility:413001,utility_company,413001,769435.79,18100.76,0.0,18100.76,0.0912,0,0,0.0,0.0,True
2026-07-01,wholesaler:413001:01,wholesaler,413001,975012.46,30993.87,2400.0,28593.87,0.1149,0,0,0.0,0.0,True
2026-07-01,retailer:413001:01,kirana,413001,195681.73,18775.51,11009.3,7766.21,0.1056,0,0,0.0,0.0,True
2026-07-01,retailer:413001:02,kirana,413001,187620.54,8032.16,5990.14,2042.02,0.3409,0,0,0.0,0.0,True
2026-07-01,retailer:413001:03,kirana,413001,201872.75,16148.79,11512.67,4636.12,0.2561,0,0,0.0,0.0,True
2026-07-01,retailer:413001:04,kirana,413001,211772.08,9705.03,6681.76,3023.27,0.3466,0,0,0.0,0.0,True
2026-07-01,farmer:413001:001,farmer,413001,-0.0,0.0,0.0,0.0,0.0,9,10,0.0,0.0,True
2026-07-01,farmer:413001:002,farmer,413001,48433.12,0.0,3693.83,-3693.83,0.0,0,0,0.0,2.0,True
2026-07-01,farmer:413001:003,farmer,413001,-0.0,0.0,0.0,0.0,0.0,5,4,0.0,0.0,True
2026-07-01,farmer:413001:004,farmer,413001,0.0,0.0,0.0,0.0,0.0,2,2,0.0,0.0,True
2026-07-01,farmer:413001:005,farmer,413001,-0.0,0.0,3492.88,-3492.88,0.0,0,1,0.0,0.0,True
2026-07-01,farmer:413001:006,farmer,413001,0.0,0.0,0.0,0.0,0.0,2,2,0.0,0.0,True
2026-07-01,farmer:413001:007,farmer,413001,0.0,0.0,0.0,0.0,0.0,4,6,0.0,0.0,True
2026-07-01,farmer:413001:008,farmer,413001,0.0,0.0,429.98,-429.98,0.0,4,1,0.0,0.0,True
2026-07-01,farmer:413001:009,farmer,413001,0.0,0.0,0.0,0.0,0.0,3,2,0.0,0.0,True
2026-07-01,farmer:413001:010,farmer,413001,44634.54,0.0,3659.64,-3659.64,0.0,0,0,0.0,2.0,True
2026-07-01,farmer:413001:011,farmer,413001,38321.28,0.0,4156.75,-4156.75,0.0,0,0,0.0,2.0,True
2026-07-01,farmer:413001:012,farmer,413001,2098.16,0.0,4479.84,-4479.84,0.0,0,0,0.0,1.5542,True
2026-07-01,farmer:413001:013,farmer,413001,38787.01,0.0,3983.32,-3983.32,0.0,0,0,0.0,2.0,True
2026-07-01,farmer:413001:014,farmer,413001,16264.16,0.0,4758.09,-4758.09,0.0,0,0,0.0,2.0,True
2026-07-01,farmer:413001:015,farmer,413001,0.0,0.0,1294.38,-1294.38,0.0,4,1,0.0,0.0,True
2026-07-01,farmer:413001:016,farmer,413001,-0.0,0.0,0.0,0.0,0.0,6,4,0.0,0.0,True
2026-07-01,farmer:413001:017,farmer,413001,1476.48,0.0,4517.37,-4517.37,0.0,0,0,0.0,1.0937,True
2026-07-01,farmer:413001:018,farmer,413001,17168.75,0.0,4107.13,-4107.13,0.0,0,0,0.0,2.0,True
2026-07-01,farmer:413001:019,farmer,413001,11286.65,0.0,4831.33,-4831.33,0.0,0,0,0.0,2.0,True
2026-07-01,farmer:413001:020,farmer,413001,-0.0,0.0,0.0,0.0,0.0,5,4,0.0,0.0,True
2026-07-01,farmer:413001:021,farmer,413001,26871.43,0.0,4403.65,-4403.65,0.0,0,0,0.0,2.0,True
2026-07-01,farmer:413001:022,farmer,413001,52910.48,0.0,4602.27,-4602.27,0.0,0,0,0.0,2.0,True
2026-07-01,farmer:413001:023,farmer,413001,-0.0,0.0,0.0,0.0,0.0,7,12,0.0,0.0,True
2026-07-01,farmer:413001:024,farmer,413001,8701.08,0.0,4843.68,-4843.68,0.0,0,0,0.0,2.0,True
2026-07-01,farmer:413001:025,farmer,413001,687.65,0.0,3817.06,-3817.06,0.0,0,0,0.0,0.5094,True
2026-07-01,farmer:413001:026,farmer,413001,52393.46,0.0,3739.11,-3739.11,0.0,0,0,0.0,2.0,True
2026-07-01,farmer:413001:027,farmer,413001,0.0,0.0,2202.22,-2202.22,0.0,1,1,0.0,0.0,True
2026-07-01,farmer:413001:028,farmer,413001,40948.15,0.0,4857.07,-4857.07,0.0,0,0,0.0,2.0,True
2026-07-01,farmer:413001:029,farmer,413001,12028.49,0.0,4936.64,-4936.64,0.0,0,0,0.0,2.0,True
2026-07-01,farmer:413001:030,farmer,413001,-0.0,0.0,0.0,0.0,0.0,9,7,0.0,0.0,True
2026-07-01,farmer:413001:031,farmer,413001,40525.7,0.0,4553.54,-4553.54,0.0,0,0,0.0,2.0,True
2026-07-01,farmer:413001:032,farmer,413001,0.0,0.0,0.0,0.0,0.0,5,4,0.0,0.0,True
2026-07-01,farmer:413001:033,farmer,413001,36935.63,0.0,4405.67,-4405.67,0.0,0,0,0.0,2.0,True
2026-07-01,farmer:413001:034,farmer,413001,-0.0,0.0,0.0,0.0,0.0,4,3,0.0,0.0,True
2026-07-01,farmer:413001:035,farmer,413001,13865.58,0.0,4820.18,-4820.18,0.0,0,0,0.0,2.0,True
2026-07-01,utility:431001,utility_company,431001,773929.61,19341.79,0.0,19341.79,0.0757,0,0,0.0,0.0,True
2026-07-01,wholesaler:431001:01,wholesaler,431001,718947.21,34153.28,2400.0,31753.28,0.1101,0,0,0.0,0.0,True
2026-07-01,retailer:431001:01,kirana,431001,189396.3,14264.02,10054.52,4209.5,0.2699,0,0,0.0,0.0,True
2026-07-01,retailer:431001:02,kirana,431001,215821.05,17610.18,12377.98,5232.2,0.2345,0,0,0.0,0.0,True
2026-07-01,retailer:431001:03,kirana,431001,214491.65,14310.6,10643.74,3666.86,0.3976,0,0,0.0,0.0,True
2026-07-01,retailer:431001:04,kirana,431001,209991.34,8036.78,5277.04,2759.74,0.4495,0,0,0.0,0.0,True
2026-07-01,farmer:431001:001,farmer,431001,-0.0,0.0,0.0,0.0,0.0,5,4,0.0,0.0,True
2026-07-01,farmer:431001:002,farmer,431001,74815.68,0.0,3745.05,-3745.05,0.0,0,0,0.0,2.0,True
2026-07-01,farmer:431001:003,farmer,431001,12097.2,0.0,4416.14,-4416.14,0.0,0,0,0.0,2.0,True
2026-07-01,farmer:431001:004,farmer,431001,43891.71,0.0,3751.04,-3751.04,0.0,0,0,0.0,2.0,True
2026-07-01,farmer:431001:005,farmer,431001,12202.65,0.0,4755.09,-4755.09,0.0,0,0,0.0,2.0,True
2026-07-01,farmer:431001:006,farmer,431001,31296.39,0.0,5008.39,-5008.39,0.0,0,0,0.0,2.0,True
2026-07-01,farmer:431001:007,farmer,431001,-0.0,0.0,0.0,0.0,0.0,8,11,0.0,0.0,True
2026-07-01,farmer:431001:008,farmer,431001,68135.64,0.0,4617.99,-4617.99,0.0,0,0,0.0,2.0,True
2026-07-01,farmer:431001:009,farmer,431001,-0.0,0.0,0.0,0.0,0.0,4,2,0.0,0.0,True
2026-07-01,farmer:431001:010,farmer,431001,43934.18,0.0,3473.22,-3473.22,0.0,0,0,0.0,2.0,True
2026-07-01,farmer:431001:011,farmer,431001,-0.0,0.0,0.0,0.0,0.0,2,2,0.0,0.0,True
2026-07-01,farmer:431001:012,farmer,431001,-0.0,0.0,0.0,0.0,0.0,4,3,0.0,0.0,True
2026-07-01,farmer:431001:013,farmer,431001,8009.48,0.0,4433.37,-4433.37,0.0,0,0,0.0,2.0,True
2026-07-01,farmer:431001:014,farmer,431001,-0.0,0.0,242.65,-242.65,0.0,1,1,0.0,0.0,True
2026-07-01,farmer:431001:015,farmer,431001,-0.0,0.0,0.0,0.0,0.0,5,4,0.0,0.0,True
2026-07-01,farmer:431001:016,farmer,431001,21961.94,0.0,4704.46,-4704.46,0.0,0,0,0.0,2.0,True
2026-07-01,farmer:431001:017,farmer,431001,0.0,0.0,0.0,0.0,0.0,7,4,0.0,0.0,True
2026-07-01,farmer:431001:018,farmer,431001,15971.01,0.0,4911.32,-4911.32,0.0,0,0,0.0,2.0,True
2026-07-01,farmer:431001:019,farmer,431001,-0.0,0.0,0.0,0.0,0.0,4,4,0.0,0.0,True
2026-07-01,farmer:431001:020,farmer,431001,62358.74,0.0,4727.11,-4727.11,0.0,0,0,0.0,2.0,True
2026-07-01,farmer:431001:021,farmer,431001,3172.3,0.0,4410.74,-4410.74,0.0,0,0,0.0,2.0,True
2026-07-01,farmer:431001:022,farmer,431001,0.0,0.0,4531.48,-4531.48,0.0,0,0,0.0,0.0,True
2026-07-01,farmer:431001:023,farmer,431001,21158.33,0.0,4389.78,-4389.78,0.0,0,0,0.0,2.0,True
2026-07-01,farmer:431001:024,farmer,431001,-0.0,0.0,0.0,0.0,0.0,7,4,0.0,0.0,True
2026-07-01,farmer:431001:025,farmer,431001,10051.91,0.0,4777.79,-4777.79,0.0,0,0,0.0,2.0,True
2026-07-01,farmer:431001:026,farmer,431001,49401.93,0.0,4142.71,-4142.71,0.0,0,0,0.0,2.0,True
2026-07-01,farmer:431001:027,farmer,431001,2150.52,0.0,3925.62,-3925.62,0.0,0,0,0.0,1.593,True
2026-07-01,farmer:431001:028,farmer,431001,0.0,0.0,0.0,0.0,0.0,5,2,0.0,0.0,True
2026-07-01,farmer:431001:029,farmer,431001,-0.0,0.0,3252.06,-3252.06,0.0,1,1,0.0,0.0,True
2026-07-01,farmer:431001:030,farmer,431001,49083.61,0.0,3868.69,-3868.69,0.0,0,0,0.0,2.0,True
2026-07-01,farmer:431001:031,farmer,431001,3719.35,0.0,3509.05,-3509.05,0.0,0,0,0.0,2.0,True
2026-07-01,farmer:431001:032,farmer,431001,65678.03,0.0,3600.2,-3600.2,0.0,0,0,0.0,2.0,True
2026-07-01,farmer:431001:033,farmer,431001,36104.08,0.0,3621.1,-3621.1,0.0,0,0,0.0,2.0,True
2026-07-01,farmer:431001:034,farmer,431001,0.0,0.0,0.0,0.0,0.0,3,2,0.0,0.0,True
2026-07-01,farmer:431001:035,farmer,431001,25471.37,0.0,3834.43,-3834.43,0.0,0,0,0.0,2.0,True
2026-07-01,utility:440001,utility_company,440001,783025.71,21230.0,0.0,21230.0,0.0633,0,0,0.0,0.0,True
2026-07-01,wholesaler:440001:01,wholesaler,440001,536976.75,34209.87,2400.0,31809.87,0.1403,0,0,0.0,0.0,True
2026-07-01,retailer:440001:01,kirana,440001,215419.36,14528.24,8433.17,6095.07,0.218,0,0,0.0,0.0,True
2026-07-01,retailer:440001:02,kirana,440001,204001.4,17567.38,12036.28,5531.1,0.1566,0,0,0.0,0.0,True
2026-07-01,retailer:440001:03,kirana,440001,207349.84,8590.26,6564.54,2025.72,0.3565,0,0,0.0,0.0,True
2026-07-01,retailer:440001:04,kirana,440001,222705.27,18497.82,11375.88,7121.94,0.175,0,0,0.0,0.0,True
2026-07-01,farmer:440001:001,farmer,440001,37568.0,0.0,3784.91,-3784.91,0.0,0,0,0.0,2.0,True
2026-07-01,farmer:440001:002,farmer,440001,72970.7,0.0,3863.66,-3863.66,0.0,0,0,0.0,2.0,True
2026-07-01,farmer:440001:003,farmer,440001,22249.51,0.0,4721.82,-4721.82,0.0,0,0,0.0,2.0,True
2026-07-01,farmer:440001:004,farmer,440001,61305.89,0.0,4576.49,-4576.49,0.0,0,0,0.0,2.0,True
2026-07-01,farmer:440001:005,farmer,440001,23456.56,0.0,3454.35,-3454.35,0.0,0,0,0.0,2.0,True
2026-07-01,farmer:440001:006,farmer,440001,26017.93,0.0,3978.31,-3978.31,0.0,0,0,0.0,2.0,True
2026-07-01,farmer:440001:007,farmer,440001,42971.34,0.0,4073.58,-4073.58,0.0,0,0,0.0,2.0,True
2026-07-01,farmer:440001:008,farmer,440001,31491.72,0.0,4571.43,-4571.43,0.0,0,0,0.0,2.0,True
2026-07-01,farmer:440001:009,farmer,440001,0.0,0.0,2704.2,-2704.2,0.0,0,1,0.0,0.0,True
2026-07-01,farmer:440001:010,farmer,440001,25400.33,0.0,4440.62,-4440.62,0.0,0,0,0.0,2.0,True
2026-07-01,farmer:440001:011,farmer,440001,27313.07,0.0,4030.07,-4030.07,0.0,0,0,0.0,2.0,True
2026-07-01,farmer:440001:012,farmer,440001,0.0,0.0,1228.07,-1228.07,0.0,1,1,0.0,0.0,True
2026-07-01,farmer:440001:013,farmer,440001,9671.59,0.0,3519.71,-3519.71,0.0,0,0,0.0,2.0,True
2026-07-01,farmer:440001:014,farmer,440001,6115.69,0.0,4947.7,-4947.7,0.0,0,0,0.0,2.0,True
2026-07-01,farmer:440001:015,farmer,440001,31367.81,0.0,3545.9,-3545.9,0.0,0,0,0.0,2.0,True
2026-07-01,farmer:440001:016,farmer,440001,-0.0,0.0,0.0,0.0,0.0,8,6,0.0,0.0,True
2026-07-01,farmer:440001:017,farmer,440001,74722.82,0.0,4261.9,-4261.9,0.0,0,0,0.0,2.0,True
2026-07-01,farmer:440001:018,farmer,440001,-0.0,0.0,0.0,0.0,0.0,2,2,0.0,0.0,True
2026-07-01,farmer:440001:019,farmer,440001,39601.36,0.0,4066.6,-4066.6,0.0,0,0,0.0,2.0,True
2026-07-01,farmer:440001:020,farmer,440001,6296.56,0.0,4863.51,-4863.51,0.0,0,0,0.0,2.0,True
2026-07-01,farmer:440001:021,farmer,440001,2366.09,0.0,4889.1,-4889.1,0.0,0,0,0.0,1.7527,True
2026-07-01,farmer:440001:022,farmer,440001,0.0,0.0,0.0,0.0,0.0,8,6,0.0,0.0,True
2026-07-01,farmer:440001:023,farmer,440001,14903.54,0.0,4824.37,-4824.37,0.0,0,0,0.0,2.0,True
2026-07-01,farmer:440001:024,farmer,440001,22758.6,0.0,3557.28,-3557.28,0.0,0,0,0.0,2.0,True
2026-07-01,farmer:440001:025,farmer,440001,-0.0,0.0,0.0,0.0,0.0,1,2,0.0,0.0,True
2026-07-01,farmer:440001:026,farmer,440001,30237.7,0.0,3668.52,-3668.52,0.0,0,0,0.0,2.0,True
2026-07-01,farmer:440001:027,farmer,440001,0.0,0.0,0.0,0.0,0.0,5,2,0.0,0.0,True
2026-07-01,farmer:440001:028,farmer,440001,17938.76,0.0,4528.34,-4528.34,0.0,0,0,0.0,2.0,True
2026-07-01,farmer:440001:029,farmer,440001,16748.5,0.0,3814.72,-3814.72,0.0,0,0,0.0,2.0,True
2026-07-01,farmer:440001:030,farmer,440001,0.0,0.0,0.0,0.0,0.0,1,2,0.0,0.0,True
2026-07-01,farmer:440001:031,farmer,440001,33758.04,0.0,4572.8,-4572.8,0.0,0,0,0.0,2.0,True
2026-07-01,farmer:440001:032,farmer,440001,-0.0,0.0,0.0,0.0,0.0,8,4,0.0,0.0,True
2026-07-01,farmer:440001:033,farmer,440001,65818.4,0.0,3699.71,-3699.71,0.0,0,0,0.0,2.0,True
2026-07-01,farmer:440001:034,farmer,440001,40791.1,0.0,3691.25,-3691.25,0.0,0,0,0.0,2.0,True
2026-07-01,farmer:440001:035,farmer,440001,0.0,0.0,0.0,0.0,0.0,3,3,0.0,0.0,True
2026-08-01,lender:vridhi,synthetic_lender,national,4529996.34,80501.45,0.0,80501.45,0.0947,0,0,0.0,0.0,True
2026-08-01,utility:413001,utility_company,413001,785115.79,15680.0,0.0,15680.0,0.1001,0,0,0.0,0.0,True
2026-08-01,wholesaler:413001:01,wholesaler,413001,995964.72,23352.26,2400.0,20952.26,0.1492,0,0,0.0,0.0,True
2026-08-01,retailer:413001:01,kirana,413001,198939.82,8988.76,5730.67,3258.09,0.2822,0,0,0.0,0.0,True
2026-08-01,retailer:413001:02,kirana,413001,189857.88,10193.0,7955.66,2237.34,0.1015,0,0,0.0,0.0,True
2026-08-01,retailer:413001:03,kirana,413001,203831.42,6221.94,4263.27,1958.67,0.4071,0,0,0.0,0.0,True
2026-08-01,retailer:413001:04,kirana,413001,219000.25,16830.83,9602.66,7228.17,0.3417,0,0,0.0,0.0,True
2026-08-01,farmer:413001:001,farmer,413001,-0.0,0.0,0.0,0.0,0.0,10,11,0.0,0.0,True
2026-08-01,farmer:413001:002,farmer,413001,43705.71,0.0,4727.41,-4727.41,0.0,0,0,0.0,2.0,True
2026-08-01,farmer:413001:003,farmer,413001,-0.0,0.0,0.0,0.0,0.0,6,5,0.0,0.0,True
2026-08-01,farmer:413001:004,farmer,413001,0.0,0.0,0.0,0.0,0.0,3,3,0.0,0.0,True
2026-08-01,farmer:413001:005,farmer,413001,-0.0,0.0,0.0,0.0,0.0,1,2,0.0,0.0,True
2026-08-01,farmer:413001:006,farmer,413001,0.0,0.0,0.0,0.0,0.0,3,3,0.0,0.0,True
2026-08-01,farmer:413001:007,farmer,413001,0.0,0.0,0.0,0.0,0.0,5,7,0.0,0.0,True
2026-08-01,farmer:413001:008,farmer,413001,0.0,0.0,0.0,0.0,0.0,5,2,0.0,0.0,True
2026-08-01,farmer:413001:009,farmer,413001,0.0,0.0,0.0,0.0,0.0,4,3,0.0,0.0,True
2026-08-01,farmer:413001:010,farmer,413001,40197.97,0.0,4436.57,-4436.57,0.0,0,0,0.0,2.0,True
2026-08-01,farmer:413001:011,farmer,413001,33860.01,0.0,4461.27,-4461.27,0.0,0,0,0.0,2.0,True
2026-08-01,farmer:413001:012,farmer,413001,0.0,0.0,2098.16,-2098.16,0.0,1,1,0.0,0.0,True
2026-08-01,farmer:413001:013,farmer,413001,34378.45,0.0,4408.56,-4408.56,0.0,0,0,0.0,2.0,True
2026-08-01,farmer:413001:014,farmer,413001,11448.18,0.0,4815.98,-4815.98,0.0,0,0,0.0,2.0,True
2026-08-01,farmer:413001:015,farmer,413001,0.0,0.0,0.0,0.0,0.0,5,2,0.0,0.0,True
2026-08-01,farmer:413001:016,farmer,413001,-0.0,0.0,0.0,0.0,0.0,7,5,0.0,0.0,True
2026-08-01,farmer:413001:017,farmer,413001,0.0,0.0,1476.48,-1476.48,0.0,1,1,0.0,0.0,True
2026-08-01,farmer:413001:018,farmer,413001,13822.7,0.0,3346.05,-3346.05,0.0,0,0,0.0,2.0,True
2026-08-01,farmer:413001:019,farmer,413001,6617.25,0.0,4669.4,-4669.4,0.0,0,0,0.0,2.0,True
2026-08-01,farmer:413001:020,farmer,413001,-0.0,0.0,0.0,0.0,0.0,6,5,0.0,0.0,True
2026-08-01,farmer:413001:021,farmer,413001,22971.15,0.0,3900.28,-3900.28,0.0,0,0,0.0,2.0,True
2026-08-01,farmer:413001:022,farmer,413001,48173.84,0.0,4736.64,-4736.64,0.0,0,0,0.0,2.0,True
2026-08-01,farmer:413001:023,farmer,413001,-0.0,0.0,0.0,0.0,0.0,8,13,0.0,0.0,True
2026-08-01,farmer:413001:024,farmer,413001,4068.43,0.0,4632.65,-4632.65,0.0,0,0,0.0,2.0,True
2026-08-01,farmer:413001:025,farmer,413001,0.0,0.0,687.65,-687.65,0.0,1,1,0.0,0.0,True
2026-08-01,farmer:413001:026,farmer,413001,48550.35,0.0,3843.11,-3843.11,0.0,0,0,0.0,2.0,True
2026-08-01,farmer:413001:027,farmer,413001,0.0,0.0,0.0,0.0,0.0,2,2,0.0,0.0,True
2026-08-01,farmer:413001:028,farmer,413001,36556.04,0.0,4392.11,-4392.11,0.0,0,0,0.0,2.0,True
2026-08-01,farmer:413001:029,farmer,413001,8127.48,0.0,3901.01,-3901.01,0.0,0,0,0.0,2.0,True
2026-08-01,farmer:413001:030,farmer,413001,-0.0,0.0,0.0,0.0,0.0,10,8,0.0,0.0,True
2026-08-01,farmer:413001:031,farmer,413001,36898.06,0.0,3627.64,-3627.64,0.0,0,0,0.0,2.0,True
2026-08-01,farmer:413001:032,farmer,413001,0.0,0.0,0.0,0.0,0.0,6,5,0.0,0.0,True
2026-08-01,farmer:413001:033,farmer,413001,32829.08,0.0,4106.55,-4106.55,0.0,0,0,0.0,2.0,True
2026-08-01,farmer:413001:034,farmer,413001,-0.0,0.0,0.0,0.0,0.0,5,4,0.0,0.0,True
2026-08-01,farmer:413001:035,farmer,413001,9218.57,0.0,4647.01,-4647.01,0.0,0,0,0.0,2.0,True
2026-08-01,utility:431001,utility_company,431001,792004.61,18075.0,0.0,18075.0,0.0435,0,0,0.0,0.0,True
2026-08-01,wholesaler:431001:01,wholesaler,431001,740322.02,23774.81,2400.0,21374.81,0.1747,0,0,0.0,0.0,True
2026-08-01,retailer:431001:01,kirana,431001,194393.02,12573.7,7576.98,4996.72,0.0773,0,0,0.0,0.0,True
2026-08-01,retailer:431001:02,kirana,431001,221221.4,12965.93,7565.58,5400.35,0.1558,0,0,0.0,0.0,True
2026-08-01,retailer:431001:03,kirana,431001,214936.53,4396.79,3951.91,444.88,0.5361,0,0,0.0,0.0,True
2026-08-01,retailer:431001:04,kirana,431001,216348.75,15237.75,8880.34,6357.41,0.513,0,0,0.0,0.0,True
2026-08-01,farmer:431001:001,farmer,431001,-0.0,0.0,0.0,0.0,0.0,6,5,0.0,0.0,True
2026-08-01,farmer:431001:002,farmer,431001,71093.58,0.0,3722.1,-3722.1,0.0,0,0,0.0,2.0,True
2026-08-01,farmer:431001:003,farmer,431001,8287.65,0.0,3809.55,-3809.55,0.0,0,0,0.0,2.0,True
2026-08-01,farmer:431001:004,farmer,431001,39757.02,0.0,4134.69,-4134.69,0.0,0,0,0.0,2.0,True
2026-08-01,farmer:431001:005,farmer,431001,7706.32,0.0,4496.33,-4496.33,0.0,0,0,0.0,2.0,True
2026-08-01,farmer:431001:006,farmer,431001,26500.57,0.0,4795.82,-4795.82,0.0,0,0,0.0,2.0,True
2026-08-01,farmer:431001:007,farmer,431001,-0.0,0.0,0.0,0.0,0.0,9,12,0.0,0.0,True
2026-08-01,farmer:431001:008,farmer,431001,64699.67,0.0,3435.97,-3435.97,0.0,0,0,0.0,2.0,True
2026-08-01,farmer:431001:009,farmer,431001,-0.0,0.0,0.0,0.0,0.0,5,3,0.0,0.0,True
2026-08-01,farmer:431001:010,farmer,431001,40339.92,0.0,3594.26,-3594.26,0.0,0,0,0.0,2.0,True
2026-08-01,farmer:431001:011,farmer,431001,-0.0,0.0,0.0,0.0,0.0,3,3,0.0,0.0,True
2026-08-01,farmer:431001:012,farmer,431001,-0.0,0.0,0.0,0.0,0.0,5,4,0.0,0.0,True
2026-08-01,farmer:431001:013,farmer,431001,3788.49,0.0,4220.99,-4220.99,0.0,0,0,0.0,2.0,True
2026-08-01,farmer:431001:014,farmer,431001,-0.0,0.0,0.0,0.0,0.0,2,2,0.0,0.0,True
2026-08-01,farmer:431001:015,farmer,431001,-0.0,0.0,0.0,0.0,0.0,6,5,0.0,0.0,True
2026-08-01,farmer:431001:016,farmer,431001,18494.34,0.0,3467.6,-3467.6,0.0,0,0,0.0,2.0,True
2026-08-01,farmer:431001:017,farmer,431001,0.0,0.0,0.0,0.0,0.0,8,5,0.0,0.0,True
2026-08-01,farmer:431001:018,farmer,431001,12557.59,0.0,3413.42,-3413.42,0.0,0,0,0.0,2.0,True
2026-08-01,farmer:431001:019,farmer,431001,-0.0,0.0,0.0,0.0,0.0,5,5,0.0,0.0,True
2026-08-01,farmer:431001:020,farmer,431001,57840.6,0.0,4518.14,-4518.14,0.0,0,0,0.0,2.0,True
2026-08-01,farmer:431001:021,farmer,431001,0.0,0.0,3172.3,-3172.3,0.0,0,1,0.0,0.0,True
2026-08-01,farmer:431001:022,farmer,431001,0.0,0.0,0.0,0.0,0.0,1,1,0.0,0.0,True
2026-08-01,farmer:431001:023,farmer,431001,17483.13,0.0,3675.2,-3675.2,0.0,0,0,0.0,2.0,True
2026-08-01,farmer:431001:024,farmer,431001,-0.0,0.0,0.0,0.0,0.0,8,5,0.0,0.0,True
2026-08-01,farmer:431001:025,farmer,431001,5536.32,0.0,4515.59,-4515.59,0.0,0,0,0.0,2.0,True
2026-08-01,farmer:431001:026,farmer,431001,45071.32,0.0,4330.61,-4330.61,0.0,0,0,0.0,2.0,True
2026-08-01,farmer:431001:027,farmer,431001,0.0,0.0,2150.52,-2150.52,0.0,1,1,0.0,0.0,True
2026-08-01,farmer:431001:028,farmer,431001,0.0,0.0,0.0,0.0,0.0,6,3,0.0,0.0,True
2026-08-01,farmer:431001:029,farmer,431001,-0.0,0.0,0.0,0.0,0.0,2,2,0.0,0.0,True
2026-08-01,farmer:431001:030,farmer,431001,44802.81,0.0,4280.8,-4280.8,0.0,0,0,0.0,2.0,True
2026-08-01,farmer:431001:031,farmer,431001,53.88,0.0,3665.47,-3665.47,0.0,0,0,0.0,0.0399,True
2026-08-01,farmer:431001:032,farmer,431001,60753.62,0.0,4924.41,-4924.41,0.0,0,0,0.0,2.0,True
2026-08-01,farmer:431001:033,farmer,431001,32077.04,0.0,4027.04,-4027.04,0.0,0,0,0.0,2.0,True
2026-08-01,farmer:431001:034,farmer,431001,0.0,0.0,0.0,0.0,0.0,4,3,0.0,0.0,True
2026-08-01,farmer:431001:035,farmer,431001,20671.56,0.0,4799.81,-4799.81,0.0,0,0,0.0,2.0,True
2026-08-01,utility:440001,utility_company,440001,803171.93,20146.22,0.0,20146.22,0.0671,0,0,0.0,0.0,True
2026-08-01,wholesaler:440001:01,wholesaler,440001,574110.17,39533.42,2400.0,37133.42,0.1034,0,0,0.0,0.0,True
2026-08-01,retailer:440001:01,kirana,440001,222119.4,19264.69,12564.65,6700.04,0.2003,0,0,0.0,0.0,True
2026-08-01,retailer:440001:02,kirana,440001,211572.03,27692.4,20121.77,7570.63,0.2341,0,0,0.0,0.0,True
2026-08-01,retailer:440001:03,kirana,440001,208234.77,6164.62,5279.69,884.93,0.5842,0,0,0.0,0.0,True
2026-08-01,retailer:440001:04,kirana,440001,225408.0,8470.04,5767.31,2702.73,0.3409,0,0,0.0,0.0,True
2026-08-01,farmer:440001:001,farmer,440001,34098.16,0.0,3469.84,-3469.84,0.0,0,0,0.0,2.0,True
2026-08-01,farmer:440001:002,farmer,440001,68150.26,0.0,4820.44,-4820.44,0.0,0,0,0.0,2.0,True
2026-08-01,farmer:440001:003,farmer,440001,17435.1,0.0,4814.41,-4814.41,0.0,0,0,0.0,2.0,True
2026-08-01,farmer:440001:004,farmer,440001,56628.64,0.0,4677.25,-4677.25,0.0,0,0,0.0,2.0,True
2026-08-01,farmer:440001:005,farmer,440001,19023.38,0.0,4433.18,-4433.18,0.0,0,0,0.0,2.0,True
2026-08-01,farmer:440001:006,farmer,440001,20892.45,0.0,5125.48,-5125.48,0.0,0,0,0.0,2.0,True
2026-08-01,farmer:440001:007,farmer,440001,38333.43,0.0,4637.91,-4637.91,0.0,0,0,0.0,2.0,True
2026-08-01,farmer:440001:008,farmer,440001,27565.04,0.0,3926.68,-3926.68,0.0,0,0,0.0,2.0,True
2026-08-01,farmer:440001:009,farmer,440001,0.0,0.0,0.0,0.0,0.0,1,2,0.0,0.0,True
2026-08-01,farmer:440001:010,farmer,440001,20537.09,0.0,4863.24,-4863.24,0.0,0,0,0.0,2.0,True
2026-08-01,farmer:440001:011,farmer,440001,22566.85,0.0,4746.22,-4746.22,0.0,0,0,0.0,2.0,True
2026-08-01,farmer:440001:012,farmer,440001,0.0,0.0,0.0,0.0,0.0,2,2,0.0,0.0,True
2026-08-01,farmer:440001:013,farmer,440001,5886.24,0.0,3785.35,-3785.35,0.0,0,0,0.0,2.0,True
2026-08-01,farmer:440001:014,farmer,440001,2123.49,0.0,3992.2,-3992.2,0.0,0,0,0.0,1.573,True
2026-08-01,farmer:440001:015,farmer,440001,27108.68,0.0,4259.13,-4259.13,0.0,0,0,0.0,2.0,True
2026-08-01,farmer:440001:016,farmer,440001,-0.0,0.0,0.0,0.0,0.0,9,7,0.0,0.0,True
2026-08-01,farmer:440001:017,farmer,440001,70520.98,0.0,4201.84,-4201.84,0.0,0,0,0.0,2.0,True
2026-08-01,farmer:440001:018,farmer,440001,-0.0,0.0,0.0,0.0,0.0,3,3,0.0,0.0,True
2026-08-01,farmer:440001:019,farmer,440001,35263.06,0.0,4338.3,-4338.3,0.0,0,0,0.0,2.0,True
2026-08-01,farmer:440001:020,farmer,440001,1466.19,0.0,4830.37,-4830.37,0.0,0,0,0.0,1.0861,True
2026-08-01,farmer:440001:021,farmer,440001,0.0,0.0,2366.09,-2366.09,0.0,1,1,0.0,0.0,True
2026-08-01,farmer:440001:022,farmer,440001,0.0,0.0,0.0,0.0,0.0,9,7,0.0,0.0,True
2026-08-01,farmer:440001:023,farmer,440001,10081.53,0.0,4822.01,-4822.01,0.0,0,0,0.0,2.0,True
2026-08-01,farmer:440001:024,farmer,440001,18357.65,0.0,4400.95,-4400.95,0.0,0,0,0.0,2.0,True
2026-08-01,farmer:440001:025,farmer,440001,-0.0,0.0,0.0,0.0,0.0,2,3,0.0,0.0,True
2026-08-01,farmer:440001:026,farmer,440001,25270.23,0.0,4967.47,-4967.47,0.0,0,0,0.0,2.0,True
2026-08-01,farmer:440001:027,farmer,440001,0.0,0.0,0.0,0.0,0.0,6,3,0.0,0.0,True
2026-08-01,farmer:440001:028,farmer,440001,13876.73,0.0,4062.03,-4062.03,0.0,0,0,0.0,2.0,True
2026-08-01,farmer:440001:029,farmer,440001,12261.5,0.0,4487.0,-4487.0,0.0,0,0,0.0,2.0,True
2026-08-01,farmer:440001:030,farmer,440001,0.0,0.0,0.0,0.0,0.0,2,3,0.0,0.0,True
2026-08-01,farmer:440001:031,farmer,440001,29632.39,0.0,4125.65,-4125.65,0.0,0,0,0.0,2.0,True
2026-08-01,farmer:440001:032,farmer,440001,-0.0,0.0,0.0,0.0,0.0,9,5,0.0,0.0,True
2026-08-01,farmer:440001:033,farmer,440001,62082.58,0.0,3735.82,-3735.82,0.0,0,0,0.0,2.0,True
2026-08-01,farmer:440001:034,farmer,440001,37141.99,0.0,3649.11,-3649.11,0.0,0,0,0.0,2.0,True
2026-08-01,farmer:440001:035,farmer,440001,0.0,0.0,0.0,0.0,0.0,4,4,0.0,0.0,True
2026-09-01,lender:vridhi,synthetic_lender,national,4605146.17,75149.83,0.0,75149.83,0.0759,0,0,0.0,0.0,True
2026-09-01,utility:413001,utility_company,413001,800795.79,15680.0,0.0,15680.0,0.0692,0,0,0.0,0.0,True
2026-09-01,wholesaler:413001:01,wholesaler,413001,1015446.13,21881.41,2400.0,19481.41,0.1572,0,0,0.0,0.0,True
2026-09-01,retailer:413001:01,kirana,413001,201279.74,9572.31,7232.39,2339.92,0.3602,0,0,0.0,0.0,True
2026-09-01,retailer:413001:02,kirana,413001,191998.7,7833.61,5692.79,2140.82,0.123,0,0,0.0,0.0,True
2026-09-01,retailer:413001:03,kirana,413001,206577.28,8930.66,6184.8,2745.86,0.4015,0,0,0.0,0.0,True
2026-09-01,retailer:413001:04,kirana,413001,221996.77,9967.95,6971.43,2996.52,0.2711,0,0,0.0,0.0,True
2026-09-01,farmer:413001:001,farmer,413001,-0.0,0.0,0.0,0.0,0.0,11,12,0.0,0.0,True
2026-09-01,farmer:413001:002,farmer,413001,40059.37,0.0,3646.34,-3646.34,0.0,0,0,0.0,2.0,True
2026-09-01,farmer:413001:003,farmer,413001,-0.0,0.0,0.0,0.0,0.0,7,6,0.0,0.0,True
2026-09-01,farmer:413001:004,farmer,413001,0.0,0.0,0.0,0.0,0.0,4,4,0.0,0.0,True
2026-09-01,farmer:413001:005,farmer,413001,-0.0,0.0,0.0,0.0,0.0,2,3,0.0,0.0,True
2026-09-01,farmer:413001:006,farmer,413001,0.0,0.0,0.0,0.0,0.0,4,4,0.0,0.0,True
2026-09-01,farmer:413001:007,farmer,413001,0.0,0.0,0.0,0.0,0.0,6,8,0.0,0.0,True
2026-09-01,farmer:413001:008,farmer,413001,0.0,0.0,0.0,0.0,0.0,6,3,0.0,0.0,True
2026-09-01,farmer:413001:009,farmer,413001,0.0,0.0,0.0,0.0,0.0,5,4,0.0,0.0,True
2026-09-01,farmer:413001:010,farmer,413001,36818.58,0.0,3379.39,-3379.39,0.0,0,0,0.0,2.0,True
2026-09-01,farmer:413001:011,farmer,413001,28862.88,0.0,4997.13,-4997.13,0.0,0,0,0.0,2.0,True
2026-09-01,farmer:413001:012,farmer,413001,0.0,0.0,0.0,0.0,0.0,2,2,0.0,0.0,True
2026-09-01,farmer:413001:013,farmer,413001,30088.94,0.0,4289.51,-4289.51,0.0,0,0,0.0,2.0,True
2026-09-01,farmer:413001:014,farmer,413001,7975.15,0.0,3473.03,-3473.03,0.0,0,0,0.0,2.0,True
2026-09-01,farmer:413001:015,farmer,413001,0.0,0.0,0.0,0.0,0.0,6,3,0.0,0.0,True
2026-09-01,farmer:413001:016,farmer,413001,-0.0,0.0,0.0,0.0,0.0,8,6,0.0,0.0,True
2026-09-01,farmer:413001:017,farmer,413001,0.0,0.0,0.0,0.0,0.0,2,2,0.0,0.0,True
2026-09-01,farmer:413001:018,farmer,413001,9820.83,0.0,4001.87,-4001.87,0.0,0,0,0.0,2.0,True
2026-09-01,farmer:413001:019,farmer,413001,2557.62,0.0,4059.63,-4059.63,0.0,0,0,0.0,1.8945,True
2026-09-01,farmer:413001:020,farmer,413001,-0.0,0.0,0.0,0.0,0.0,7,6,0.0,0.0,True
2026-09-01,farmer:413001:021,farmer,413001,18157.85,0.0,4813.3,-4813.3,0.0,0,0,0.0,2.0,True
2026-09-01,farmer:413001:022,farmer,413001,43785.65,0.0,4388.19,-4388.19,0.0,0,0,0.0,2.0,True
2026-09-01,farmer:413001:023,farmer,413001,-0.0,0.0,0.0,0.0,0.0,9,14,0.0,0.0,True
2026-09-01,farmer:413001:024,farmer,413001,-0.0,0.0,4068.43,-4068.43,0.0,0,0,0.0,0.0,True
2026-09-01,farmer:413001:025,farmer,413001,0.0,0.0,0.0,0.0,0.0,2,2,0.0,0.0,True
2026-09-01,farmer:413001:026,farmer,413001,44430.83,0.0,4119.52,-4119.52,0.0,0,0,0.0,2.0,True
2026-09-01,farmer:413001:027,farmer,413001,0.0,0.0,0.0,0.0,0.0,3,3,0.0,0.0,True
2026-09-01,farmer:413001:028,farmer,413001,31613.87,0.0,4942.17,-4942.17,0.0,0,0,0.0,2.0,True
2026-09-01,farmer:413001:029,farmer,413001,4088.53,0.0,4038.95,-4038.95,0.0,0,0,0.0,2.0,True
2026-09-01,farmer:413001:030,farmer,413001,-0.0,0.0,0.0,0.0,0.0,11,9,0.0,0.0,True
2026-09-01,farmer:413001:031,farmer,413001,32164.83,0.0,4733.23,-4733.23,0.0,0,0,0.0,2.0,True
2026-09-01,farmer:413001:032,farmer,413001,0.0,0.0,0.0,0.0,0.0,7,6,0.0,0.0,True
2026-09-01,farmer:413001:033,farmer,413001,28644.46,0.0,4184.62,-4184.62,0.0,0,0,0.0,2.0,True
2026-09-01,farmer:413001:034,farmer,413001,-0.0,0.0,0.0,0.0,0.0,6,5,0.0,0.0,True
2026-09-01,farmer:413001:035,farmer,413001,5370.36,0.0,3848.21,-3848.21,0.0,0,0,0.0,2.0,True
2026-09-01,utility:431001,utility_company,431001,808944.61,16940.0,0.0,16940.0,0.0541,0,0,0.0,0.0,True
2026-09-01,wholesaler:431001:01,wholesaler,431001,765644.74,27722.72,2400.0,25322.72,0.1498,0,0,0.0,0.0,True
2026-09-01,retailer:431001:01,kirana,431001,197553.3,11924.71,8764.43,3160.28,0.0763,0,0,0.0,0.0,True
2026-09-01,retailer:431001:02,kirana,431001,223395.58,10104.2,7930.02,2174.18,0.2281,0,0,0.0,0.0,True
2026-09-01,retailer:431001:03,kirana,431001,217961.09,11144.27,8119.71,3024.56,0.4155,0,0,0.0,0.0,True
2026-09-01,retailer:431001:04,kirana,431001,218411.08,9170.89,7108.56,2062.33,0.2923,0,0,0.0,0.0,True
2026-09-01,farmer:431001:001,farmer,431001,-0.0,0.0,0.0,0.0,0.0,7,6,0.0,0.0,True
2026-09-01,farmer:431001:002,farmer,431001,66850.7,0.0,4242.88,-4242.88,0.0,0,0,0.0,2.0,True
2026-09-01,farmer:431001:003,farmer,431001,3379.21,0.0,4908.44,-4908.44,0.0,0,0,0.0,2.0,True
2026-09-01,farmer:431001:004,farmer,431001,35862.38,0.0,3894.64,-3894.64,0.0,0,0,0.0,2.0,True
2026-09-01,farmer:431001:005,farmer,431001,3298.7,0.0,4407.62,-4407.62,0.0,0,0,0.0,2.0,True
2026-09-01,farmer:431001:006,farmer,431001,21594.92,0.0,4905.65,-4905.65,0.0,0,0,0.0,2.0,True
2026-09-01,farmer:431001:007,farmer,431001,-0.0,0.0,0.0,0.0,0.0,10,13,0.0,0.0,True
2026-09-01,farmer:431001:008,farmer,431001,61248.89,0.0,3450.78,-3450.78,0.0,0,0,0.0,2.0,True
2026-09-01,farmer:431001:009,farmer,431001,-0.0,0.0,0.0,0.0,0.0,6,4,0.0,0.0,True
2026-09-01,farmer:431001:010,farmer,431001,36564.81,0.0,3775.11,-3775.11,0.0,0,0,0.0,2.0,True
2026-09-01,farmer:431001:011,farmer,431001,-0.0,0.0,0.0,0.0,0.0,4,4,0.0,0.0,True
2026-09-01,farmer:431001:012,farmer,431001,-0.0,0.0,0.0,0.0,0.0,6,5,0.0,0.0,True
2026-09-01,farmer:431001:013,farmer,431001,-0.0,0.0,3788.49,-3788.49,0.0,0,1,0.0,0.0,True
2026-09-01,farmer:431001:014,farmer,431001,-0.0,0.0,0.0,0.0,0.0,3,3,0.0,0.0,True
2026-09-01,farmer:431001:015,farmer,431001,-0.0,0.0,0.0,0.0,0.0,7,6,0.0,0.0,True
2026-09-01,farmer:431001:016,farmer,431001,14159.42,0.0,4334.92,-4334.92,0.0,0,0,0.0,2.0,True
2026-09-01,farmer:431001:017,farmer,431001,0.0,0.0,0.0,0.0,0.0,9,6,0.0,0.0,True
2026-09-01,farmer:431001:018,farmer,431001,8079.65,0.0,4477.94,-4477.94,0.0,0,0,0.0,2.0,True
2026-09-01,farmer:431001:019,farmer,431001,-0.0,0.0,0.0,0.0,0.0,6,6,0.0,0.0,True
2026-09-01,farmer:431001:020,farmer,431001,53250.96,0.0,4589.64,-4589.64,0.0,0,0,0.0,2.0,True
2026-09-01,farmer:431001:021,farmer,431001,0.0,0.0,0.0,0.0,0.0,1,2,0.0,0.0,True
2026-09-01,farmer:431001:022,farmer,431001,0.0,0.0,0.0,0.0,0.0,2,2,0.0,0.0,True
2026-09-01,farmer:431001:023,farmer,431001,13292.66,0.0,4190.47,-4190.47,0.0,0,0,0.0,2.0,True
2026-09-01,farmer:431001:024,farmer,431001,-0.0,0.0,0.0,0.0,0.0,9,6,0.0,0.0,True
2026-09-01,farmer:431001:025,farmer,431001,724.29,0.0,4812.03,-4812.03,0.0,0,0,0.0,0.5365,True
2026-09-01,farmer:431001:026,farmer,431001,40082.82,0.0,4988.5,-4988.5,0.0,0,0,0.0,2.0,True
2026-09-01,farmer:431001:027,farmer,431001,0.0,0.0,0.0,0.0,0.0,2,2,0.0,0.0,True
2026-09-01,farmer:431001:028,farmer,431001,0.0,0.0,0.0,0.0,0.0,7,4,0.0,0.0,True
2026-09-01,farmer:431001:029,farmer,431001,-0.0,0.0,0.0,0.0,0.0,3,3,0.0,0.0,True
2026-09-01,farmer:431001:030,farmer,431001,41470.69,0.0,3332.12,-3332.12,0.0,0,0,0.0,2.0,True
2026-09-01,farmer:431001:031,farmer,431001,-0.0,0.0,53.88,-53.88,0.0,1,1,0.0,0.0,True
2026-09-01,farmer:431001:032,farmer,431001,56491.28,0.0,4262.34,-4262.34,0.0,0,0,0.0,2.0,True
2026-09-01,farmer:431001:033,farmer,431001,28199.75,0.0,3877.29,-3877.29,0.0,0,0,0.0,2.0,True
2026-09-01,farmer:431001:034,farmer,431001,0.0,0.0,0.0,0.0,0.0,5,4,0.0,0.0,True
2026-09-01,farmer:431001:035,farmer,431001,16429.39,0.0,4242.17,-4242.17,0.0,0,0,0.0,2.0,True
2026-09-01,utility:440001,utility_company,440001,822491.04,19319.11,0.0,19319.11,0.0387,0,0,0.0,0.0,True
2026-09-01,wholesaler:440001:01,wholesaler,440001,605616.53,33906.36,2400.0,31506.36,0.072,0,0,0.0,0.0,True
2026-09-01,retailer:440001:01,kirana,440001,225752.61,15068.66,11435.45,3633.21,0.13,0,0,0.0,0.0,True
2026-09-01,retailer:440001:02,kirana,440001,216174.9,13939.03,9336.16,4602.87,0.2949,0,0,0.0,0.0,True
2026-09-01,retailer:440001:03,kirana,440001,212796.66,14010.96,9449.07,4561.89,0.3421,0,0,0.0,0.0,True
2026-09-01,retailer:440001:04,kirana,440001,227713.23,10190.91,7885.68,2305.23,0.3535,0,0,0.0,0.0,True
2026-09-01,farmer:440001:001,farmer,440001,29190.22,0.0,4907.94,-4907.94,0.0,0,0,0.0,2.0,True
2026-09-01,farmer:440001:002,farmer,440001,64703.64,0.0,3446.62,-3446.62,0.0,0,0,0.0,2.0,True
2026-09-01,farmer:440001:003,farmer,440001,12540.59,0.0,4894.51,-4894.51,0.0,0,0,0.0,2.0,True
2026-09-01,farmer:440001:004,farmer,440001,52910.61,0.0,3718.03,-3718.03,0.0,0,0,0.0,2.0,True
2026-09-01,farmer:440001:005,farmer,440001,14269.29,0.0,4754.09,-4754.09,0.0,0,0,0.0,2.0,True
2026-09-01,farmer:440001:006,farmer,440001,15983.18,0.0,4909.27,-4909.27,0.0,0,0,0.0,2.0,True
2026-09-01,farmer:440001:007,farmer,440001,33955.73,0.0,4377.7,-4377.7,0.0,0,0,0.0,2.0,True
2026-09-01,farmer:440001:008,farmer,440001,23062.99,0.0,4502.05,-4502.05,0.0,0,0,0.0,2.0,True
2026-09-01,farmer:440001:009,farmer,440001,0.0,0.0,0.0,0.0,0.0,2,3,0.0,0.0,True
2026-09-01,farmer:440001:010,farmer,440001,17225.56,0.0,3311.53,-3311.53,0.0,0,0,0.0,2.0,True
2026-09-01,farmer:440001:011,farmer,440001,18604.12,0.0,3962.73,-3962.73,0.0,0,0,0.0,2.0,True
2026-09-01,farmer:440001:012,farmer,440001,0.0,0.0,0.0,0.0,0.0,3,3,0.0,0.0,True
2026-09-01,farmer:440001:013,farmer,440001,1783.58,0.0,4102.66,-4102.66,0.0,0,0,0.0,1.3212,True
2026-09-01,farmer:440001:014,farmer,440001,0.0,0.0,2123.49,-2123.49,0.0,1,1,0.0,0.0,True
2026-09-01,farmer:440001:015,farmer,440001,23356.14,0.0,3752.54,-3752.54,0.0,0,0,0.0,2.0,True
2026-09-01,farmer:440001:016,farmer,440001,-0.0,0.0,0.0,0.0,0.0,10,8,0.0,0.0,True
2026-09-01,farmer:440001:017,farmer,440001,66896.04,0.0,3624.94,-3624.94,0.0,0,0,0.0,2.0,True
2026-09-01,farmer:440001:018,farmer,440001,-0.0,0.0,0.0,0.0,0.0,4,4,0.0,0.0,True
2026-09-01,farmer:440001:019,farmer,440001,30810.42,0.0,4452.64,-4452.64,0.0,0,0,0.0,2.0,True
2026-09-01,farmer:440001:020,farmer,440001,0.0,0.0,1466.19,-1466.19,0.0,1,1,0.0,0.0,True
2026-09-01,farmer:440001:021,farmer,440001,0.0,0.0,0.0,0.0,0.0,2,2,0.0,0.0,True
2026-09-01,farmer:440001:022,farmer,440001,0.0,0.0,0.0,0.0,0.0,10,8,0.0,0.0,True
2026-09-01,farmer:440001:023,farmer,440001,5936.86,0.0,4144.67,-4144.67,0.0,0,0,0.0,2.0,True
2026-09-01,farmer:440001:024,farmer,440001,14791.73,0.0,3565.92,-3565.92,0.0,0,0,0.0,2.0,True
2026-09-01,farmer:440001:025,farmer,440001,-0.0,0.0,0.0,0.0,0.0,3,4,0.0,0.0,True
2026-09-01,farmer:440001:026,farmer,440001,20653.5,0.0,4616.73,-4616.73,0.0,0,0,0.0,2.0,True
2026-09-01,farmer:440001:027,farmer,440001,0.0,0.0,0.0,0.0,0.0,7,4,0.0,0.0,True
2026-09-01,farmer:440001:028,farmer,440001,9816.98,0.0,4059.75,-4059.75,0.0,0,0,0.0,2.0,True
2026-09-01,farmer:440001:029,farmer,440001,8443.71,0.0,3817.79,-3817.79,0.0,0,0,0.0,2.0,True
2026-09-01,farmer:440001:030,farmer,440001,0.0,0.0,0.0,0.0,0.0,3,4,0.0,0.0,True
2026-09-01,farmer:440001:031,farmer,440001,25414.23,0.0,4218.16,-4218.16,0.0,0,0,0.0,2.0,True
2026-09-01,farmer:440001:032,farmer,440001,-0.0,0.0,0.0,0.0,0.0,10,6,0.0,0.0,True
2026-09-01,farmer:440001:033,farmer,440001,57292.87,0.0,4789.71,-4789.71,0.0,0,0,0.0,2.0,True
2026-09-01,farmer:440001:034,farmer,440001,33032.98,0.0,4109.01,-4109.01,0.0,0,0,0.0,2.0,True
2026-09-01,farmer:440001:035,farmer,440001,0.0,0.0,0.0,0.0,0.0,5,5,0.0,0.0,True
2026-10-01,lender:vridhi,synthetic_lender,national,4741081.51,135935.34,0.0,135935.34,0.2827,0,0,0.0,0.0,True
2026-10-01,utility:413001,utility_company,413001,827018.23,26222.44,0.0,26222.44,0.2589,0,0,0.0,0.0,True
2026-10-01,wholesaler:413001:01,wholesaler,413001,751875.2,49926.16,313497.09,-263570.93,0.4063,0,0,0.0,0.0,True
2026-10-01,retailer:413001:01,kirana,413001,204324.03,9243.62,6199.33,3044.29,0.0258,0,0,0.0,0.0,True
2026-10-01,retailer:413001:02,kirana,413001,200615.75,21468.19,12851.14,8617.05,0.4519,0,0,0.0,0.0,True
2026-10-01,retailer:413001:03,kirana,413001,214439.66,27051.18,19188.8,7862.38,0.6573,0,0,0.0,0.0,True
2026-10-01,retailer:413001:04,kirana,413001,227632.66,21522.78,15886.89,5635.89,0.2946,0,0,0.0,0.0,True
2026-10-01,farmer:413001:001,farmer,413001,-0.0,3615.72,3615.72,0.0,1.4142,11,13,0.0,0.0,True
2026-10-01,farmer:413001:002,farmer,413001,52069.69,15555.83,3545.51,12010.32,1.4142,0,0,0.0,2.0,True
2026-10-01,farmer:413001:003,farmer,413001,547.28,4552.87,4005.59,547.28,1.4142,7,5,0.0,0.8108,True
2026-10-01,farmer:413001:004,farmer,413001,2076.5,6613.59,4537.09,2076.5,1.4142,4,3,0.0,2.0,True
2026-10-01,farmer:413001:005,farmer,413001,3037.39,6971.4,3934.01,3037.39,1.4142,2,2,0.0,2.0,True
2026-10-01,farmer:413001:006,farmer,413001,2406.43,7174.0,4767.57,2406.43,1.4142,4,3,0.0,2.0,True
2026-10-01,farmer:413001:007,farmer,413001,0.0,3118.19,3118.19,0.0,1.4142,7,9,0.0,0.0,True
2026-10-01,farmer:413001:008,farmer,413001,4353.71,8614.31,4260.6,4353.71,1.4142,6,2,0.0,2.0,True
2026-10-01,farmer:413001:009,farmer,413001,3650.03,7218.25,3568.22,3650.03,1.4142,5,3,0.0,2.0,True
2026-10-01,farmer:413001:010,farmer,413001,50227.37,17376.07,3967.28,13408.79,1.4142,0,0,0.0,2.0,True
2026-10-01,farmer:413001:011,farmer,413001,38239.24,13225.56,3849.2,9376.36,1.4142,0,0,0.0,2.0,True
2026-10-01,farmer:413001:012,farmer,413001,3591.22,8647.55,5056.33,3591.22,1.4142,2,1,0.0,2.0,True
2026-10-01,farmer:413001:013,farmer,413001,36164.99,11134.18,5058.13,6076.05,1.4142,0,0,0.0,2.0,True
2026-10-01,farmer:413001:014,farmer,413001,18369.44,14246.27,3851.98,10394.29,1.4142,0,0,0.0,2.0,True
2026-10-01,farmer:413001:015,farmer,413001,3657.43,7005.41,3347.98,3657.43,1.4142,6,2,0.0,2.0,True
2026-10-01,farmer:413001:016,farmer,413001,619.21,4683.57,4064.36,619.21,1.4142,8,5,0.0,0.9173,True
2026-10-01,farmer:413001:017,farmer,413001,4182.12,8081.23,3899.11,4182.12,1.4142,2,1,0.0,2.0,True
2026-10-01,farmer:413001:018,farmer,413001,12783.76,6357.05,3394.12,2962.93,1.4142,0,0,0.0,2.0,True
2026-10-01,farmer:413001:019,farmer,413001,11162.44,13103.93,4499.11,8604.82,1.4142,0,0,0.0,2.0,True
2026-10-01,farmer:413001:020,farmer,413001,2157.08,6137.9,3980.82,2157.08,1.4142,7,5,0.0,2.0,True
2026-10-01,farmer:413001:021,farmer,413001,27824.61,13205.35,3538.59,9666.76,1.4142,0,0,0.0,2.0,True
2026-10-01,farmer:413001:022,farmer,413001,55938.74,17236.03,5082.94,12153.09,1.4142,0,0,0.0,2.0,True
2026-10-01,farmer:413001:023,farmer,413001,-0.0,3732.1,3732.1,0.0,1.4142,9,15,0.0,0.0,True
2026-10-01,farmer:413001:024,farmer,413001,2280.04,6881.74,4601.7,2280.04,1.4142,0,0,0.0,2.0,True
2026-10-01,farmer:413001:025,farmer,413001,3967.55,8211.33,4243.78,3967.55,1.4142,2,1,0.0,2.0,True
2026-10-01,farmer:413001:026,farmer,413001,59052.24,18475.43,3854.02,14621.41,1.4142,0,0,0.0,2.0,True
2026-10-01,farmer:413001:027,farmer,413001,3087.02,7327.07,4240.05,3087.02,1.4142,3,2,0.0,2.0,True
2026-10-01,farmer:413001:028,farmer,413001,39250.31,11930.13,4293.69,7636.44,1.4142,0,0,0.0,2.0,True
2026-10-01,farmer:413001:029,farmer,413001,6249.41,5917.48,3756.6,2160.88,1.4142,0,0,0.0,2.0,True
2026-10-01,farmer:413001:030,farmer,413001,962.8,4948.8,3986.0,962.8,1.4142,11,8,0.0,1.4264,True
2026-10-01,farmer:413001:031,farmer,413001,39158.89,10646.86,3652.8,6994.06,1.4142,0,0,0.0,2.0,True
2026-10-01,farmer:413001:032,farmer,413001,27.57,4748.55,4720.98,27.57,1.4142,7,5,0.0,0.0408,True
2026-10-01,farmer:413001:033,farmer,413001,34716.79,10465.97,4393.64,6072.33,1.4142,0,0,0.0,2.0,True
2026-10-01,farmer:413001:034,farmer,413001,-0.0,3280.57,3280.57,0.0,1.4142,7,6,0.0,0.0,True
2026-10-01,farmer:413001:035,farmer,413001,11574.08,10656.8,4453.08,6203.72,1.4142,0,0,0.0,2.0,True
2026-10-01,utility:431001,utility_company,431001,835594.61,26650.0,0.0,26650.0,0.2109,0,0,0.0,0.0,True
2026-10-01,wholesaler:431001:01,wholesaler,431001,461501.39,46615.19,350758.54,-304143.35,0.3048,0,0,0.0,0.0,True
2026-10-01,retailer:431001:01,kirana,431001,206141.26,21217.15,12629.19,8587.96,0.278,0,0,0.0,0.0,True
2026-10-01,retailer:431001:02,kirana,431001,227675.37,16777.81,12498.02,4279.79,0.2058,0,0,0.0,0.0,True
2026-10-01,retailer:431001:03,kirana,431001,223124.69,17655.85,12492.25,5163.6,0.4892,0,0,0.0,0.0,True
2026-10-01,retailer:431001:04,kirana,431001,225884.73,20669.38,13195.73,7473.65,0.3126,0,0,0.0,0.0,True
2026-10-01,farmer:431001:001,farmer,431001,-0.0,4342.97,4342.97,0.0,1.4142,7,7,0.0,0.0,True
2026-10-01,farmer:431001:002,farmer,431001,79686.89,17668.68,4832.49,12836.19,1.4142,0,0,0.0,2.0,True
2026-10-01,farmer:431001:003,farmer,431001,11453.08,11583.42,3509.55,8073.87,1.4142,0,0,0.0,2.0,True
2026-10-01,farmer:431001:004,farmer,431001,49812.95,17404.95,3454.38,13950.57,1.4142,0,0,0.0,2.0,True
2026-10-01,farmer:431001:005,farmer,431001,12088.18,12257.83,3468.35,8789.48,1.4142,0,0,0.0,2.0,True
2026-10-01,farmer:431001:006,farmer,431001,28237.75,10123.66,3480.83,6642.83,1.4142,0,0,0.0,2.0,True
2026-10-01,farmer:431001:007,farmer,431001,-0.0,3736.97,3736.97,0.0,1.4142,10,14,0.0,0.0,True
2026-10-01,farmer:431001:008,farmer,431001,75530.31,17627.92,3346.5,14281.42,1.4142,0,0,0.0,2.0,True
2026-10-01,farmer:431001:009,farmer,431001,2672.87,7587.86,4914.99,2672.87,1.4142,6,3,0.0,2.0,True
2026-10-01,farmer:431001:010,farmer,431001,49423.67,16775.94,3917.08,12858.86,1.4142,0,0,0.0,2.0,True
2026-10-01,farmer:431001:011,farmer,431001,-0.0,4343.56,4343.56,0.0,1.4142,4,5,0.0,0.0,True
2026-10-01,farmer:431001:012,farmer,431001,757.09,4981.81,4224.72,757.09,1.4142,6,4,0.0,1.1216,True
2026-10-01,farmer:431001:013,farmer,431001,3552.39,7594.95,4042.56,3552.39,1.4142,0,0,0.0,2.0,True
2026-10-01,farmer:431001:014,farmer,431001,1957.59,6028.9,4071.31,1957.59,1.4142,3,2,0.0,2.0,True
2026-10-01,farmer:431001:015,farmer,431001,1442.04,5889.99,4447.95,1442.04,1.4142,7,5,0.0,2.0,True
2026-10-01,farmer:431001:016,farmer,431001,22975.97,13648.52,4831.97,8816.55,1.4142,0,0,0.0,2.0,True
2026-10-01,farmer:431001:017,farmer,431001,1284.1,5692.39,4408.29,1284.1,1.4142,9,5,0.0,1.9024,True
2026-10-01,farmer:431001:018,farmer,431001,16444.34,12501.3,4136.61,8364.69,1.4142,0,0,0.0,2.0,True
2026-10-01,farmer:431001:019,farmer,431001,1137.42,4814.84,3677.42,1137.42,1.4142,6,5,0.0,1.6851,True
2026-10-01,farmer:431001:020,farmer,431001,64118.27,14437.0,3569.69,10867.31,1.4142,0,0,0.0,2.0,True
2026-10-01,farmer:431001:021,farmer,431001,3301.87,7448.71,4146.84,3301.87,1.4142,1,1,0.0,2.0,True
2026-10-01,farmer:431001:022,farmer,431001,1313.96,5540.3,4226.34,1313.96,1.4142,2,1,0.0,1.9466,True
2026-10-01,farmer:431001:023,farmer,431001,17199.18,8743.54,4837.02,3906.52,1.4142,0,0,0.0,2.0,True
2026-10-01,farmer:431001:024,farmer,431001,1956.54,5404.51,3447.97,1956.54,1.4142,9,5,0.0,2.0,True
2026-10-01,farmer:431001:025,farmer,431001,5175.73,8836.31,4384.87,4451.44,1.4142,0,0,0.0,2.0,True
2026-10-01,farmer:431001:026,farmer,431001,48386.73,12924.98,4621.07,8303.91,1.4142,0,0,0.0,2.0,True
2026-10-01,farmer:431001:027,farmer,431001,3135.03,8053.54,4918.51,3135.03,1.4142,2,1,0.0,2.0,True
2026-10-01,farmer:431001:028,farmer,431001,3528.55,7765.83,4237.28,3528.55,1.4142,7,3,0.0,2.0,True
2026-10-01,farmer:431001:029,farmer,431001,5963.71,9914.46,3950.75,5963.71,1.4142,3,2,0.0,2.0,True
2026-10-01,farmer:431001:030,farmer,431001,53479.22,15681.67,3673.14,12008.53,1.4142,0,0,0.0,2.0,True
2026-10-01,farmer:431001:031,farmer,431001,8751.45,12298.92,3547.47,8751.45,1.4142,1,0,0.0,2.0,True
2026-10-01,farmer:431001:032,farmer,431001,69151.15,16520.32,3860.45,12659.87,1.4142,0,0,0.0,2.0,True
2026-10-01,farmer:431001:033,farmer,431001,39522.36,15246.1,3923.49,11322.61,1.4142,0,0,0.0,2.0,True
2026-10-01,farmer:431001:034,farmer,431001,3254.32,6982.69,3728.37,3254.32,1.4142,5,3,0.0,2.0,True
2026-10-01,farmer:431001:035,farmer,431001,20767.04,7953.2,3615.55,4337.65,1.4142,0,0,0.0,2.0,True
2026-10-01,utility:440001,utility_company,440001,849016.04,26525.0,0.0,26525.0,0.1464,0,0,0.0,0.0,True
2026-10-01,wholesaler:440001:01,wholesaler,440001,271156.33,45221.67,379681.87,-334460.2,0.1168,0,0,0.0,0.0,True
2026-10-01,retailer:440001:01,kirana,440001,231811.58,15488.83,9429.86,6058.97,0.1136,0,0,0.0,0.0,True
2026-10-01,retailer:440001:02,kirana,440001,217944.93,8677.81,6907.78,1770.03,0.478,0,0,0.0,0.0,True
2026-10-01,retailer:440001:03,kirana,440001,224757.44,32650.37,20689.59,11960.78,0.6308,0,0,0.0,0.0,True
2026-10-01,retailer:440001:04,kirana,440001,236284.54,20965.75,12394.44,8571.31,0.4186,0,0,0.0,0.0,True
2026-10-01,farmer:440001:001,farmer,440001,40896.38,15068.17,3362.01,11706.16,1.4142,0,0,0.0,2.0,True
2026-10-01,farmer:440001:002,farmer,440001,75622.63,15030.85,4111.86,10918.99,1.4142,0,0,0.0,2.0,True
2026-10-01,farmer:440001:003,farmer,440001,20347.1,12206.23,4399.72,7806.51,1.4142,0,0,0.0,2.0,True
2026-10-01,farmer:440001:004,farmer,440001,64506.45,16551.31,4955.47,11595.84,1.4142,0,0,0.0,2.0,True
2026-10-01,farmer:440001:005,farmer,440001,22782.53,12169.71,3656.47,8513.24,1.4142,0,0,0.0,2.0,True
2026-10-01,farmer:440001:006,farmer,440001,22910.09,11352.38,4425.47,6926.91,1.4142,0,0,0.0,2.0,True
2026-10-01,farmer:440001:007,farmer,440001,49388.57,19058.57,3625.73,15432.84,1.4142,0,0,0.0,2.0,True
2026-10-01,farmer:440001:008,farmer,440001,30963.3,11453.7,3553.39,7900.31,1.4142,0,0,0.0,2.0,True
2026-10-01,farmer:440001:009,farmer,440001,132.12,4399.59,4267.47,132.12,1.4142,2,2,0.0,0.1957,True
2026-10-01,farmer:440001:010,farmer,440001,24596.85,11367.16,3995.87,7371.29,1.4142,0,0,0.0,2.0,True
2026-10-01,farmer:440001:011,farmer,440001,25950.78,11315.98,3969.32,7346.66,1.4142,0,0,0.0,2.0,True
2026-10-01,farmer:440001:012,farmer,440001,1038.2,5566.47,4528.27,1038.2,1.4142,3,2,0.0,1.5381,True
2026-10-01,farmer:440001:013,farmer,440001,5890.78,8431.9,4324.7,4107.2,1.4142,0,0,0.0,2.0,True
2026-10-01,farmer:440001:014,farmer,440001,4482.66,8415.85,3933.19,4482.66,1.4142,1,0,0.0,2.0,True
2026-10-01,farmer:440001:015,farmer,440001,29483.09,10994.81,4867.86,6126.95,1.4142,0,0,0.0,2.0,True
2026-10-01,farmer:440001:016,farmer,440001,430.31,4658.17,4227.86,430.31,1.4142,10,7,0.0,0.6375,True
2026-10-01,farmer:440001:017,farmer,440001,79265.84,16744.31,4374.51,12369.8,1.4142,0,0,0.0,2.0,True
2026-10-01,farmer:440001:018,farmer,440001,2953.9,7926.17,4972.27,2953.9,1.4142,4,3,0.0,2.0,True
2026-10-01,farmer:440001:019,farmer,440001,41490.9,14583.97,3903.49,10680.48,1.4142,0,0,0.0,2.0,True
2026-10-01,farmer:440001:020,farmer,440001,9297.5,13050.44,3752.94,9297.5,1.4142,1,0,0.0,2.0,True
2026-10-01,farmer:440001:021,farmer,440001,3332.67,6961.93,3629.26,3332.67,1.4142,2,1,0.0,2.0,True
2026-10-01,farmer:440001:022,farmer,440001,1627.34,5368.57,3741.23,1627.34,1.4142,10,7,0.0,2.0,True
2026-10-01,farmer:440001:023,farmer,440001,12889.08,11170.81,4218.59,6952.22,1.4142,0,0,0.0,2.0,True
2026-10-01,farmer:440001:024,farmer,440001,26715.7,15359.52,3435.55,11923.97,1.4142,0,0,0.0,2.0,True
2026-10-01,farmer:440001:025,farmer,440001,2706.23,7005.13,4298.9,2706.23,1.4142,3,3,0.0,2.0,True
2026-10-01,farmer:440001:026,farmer,440001,32366.09,15952.42,4239.83,11712.59,1.4142,0,0,0.0,2.0,True
2026-10-01,farmer:440001:027,farmer,440001,3603.36,6978.12,3374.76,3603.36,1.4142,7,3,0.0,2.0,True
2026-10-01,farmer:440001:028,farmer,440001,17171.94,11133.28,3778.32,7354.96,1.4142,0,0,0.0,2.0,True
2026-10-01,farmer:440001:029,farmer,440001,15187.91,10657.32,3913.12,6744.2,1.4142,0,0,0.0,2.0,True
2026-10-01,farmer:440001:030,farmer,440001,0.0,4710.13,4710.13,0.0,1.4142,3,3,0.0,0.0,True
2026-10-01,farmer:440001:031,farmer,440001,31877.47,10238.58,3775.34,6463.24,1.4142,0,0,0.0,2.0,True
2026-10-01,farmer:440001:032,farmer,440001,1005.36,5811.6,4806.24,1005.36,1.4142,10,5,0.0,1.4894,True
2026-10-01,farmer:440001:033,farmer,440001,67429.9,15001.99,4864.96,10137.03,1.4142,0,0,0.0,2.0,True
2026-10-01,farmer:440001:034,farmer,440001,44721.08,15876.58,4188.48,11688.1,1.4142,0,0,0.0,2.0,True
2026-10-01,farmer:440001:035,farmer,440001,0.0,4710.15,4710.15,0.0,1.4142,5,6,0.0,0.0,True
2026-11-01,lender:vridhi,synthetic_lender,national,4874455.63,133374.12,0.0,133374.12,0.2445,0,0,0.0,0.0,True
2026-11-01,utility:413001,utility_company,413001,853755.4,26737.17,0.0,26737.17,0.2227,0,0,0.0,0.0,True
2026-11-01,wholesaler:413001:01,wholesaler,413001,494402.0,45327.39,302800.59,-257473.2,0.3145,0,0,0.0,0.0,True
2026-11-01,retailer:413001:01,kirana,413001,207112.93,10762.66,7973.76,2788.9,0.0662,0,0,0.0,0.0,True
2026-11-01,retailer:413001:02,kirana,413001,209035.76,24840.68,16420.67,8420.01,0.4074,0,0,0.0,0.0,True
2026-11-01,retailer:413001:03,kirana,413001,226305.58,26063.55,14197.63,11865.92,0.4022,0,0,0.0,0.0,True
2026-11-01,retailer:413001:04,kirana,413001,233124.51,16427.18,10935.33,5491.85,0.296,0,0,0.0,0.0,True
2026-11-01,farmer:413001:001,farmer,413001,-0.0,3342.84,3342.84,0.0,0.7087,11,14,0.0,0.0,True
2026-11-01,farmer:413001:002,farmer,413001,59896.38,12764.8,4938.11,7826.69,0.7173,0,0,0.0,2.0,True
2026-11-01,farmer:413001:003,farmer,413001,464.79,4008.59,4091.08,-82.49,0.7114,7,4,0.0,0.3443,True
2026-11-01,farmer:413001:004,farmer,413001,4866.9,6838.92,4048.52,2790.4,0.7074,4,2,0.0,2.0,True
2026-11-01,farmer:413001:005,farmer,413001,4026.99,5745.8,4756.2,989.6,0.7169,2,1,0.0,2.0,True
2026-11-01,farmer:413001:006,farmer,413001,5953.12,7058.25,3511.56,3546.69,0.7072,4,2,0.0,2.0,True
2026-11-01,farmer:413001:007,farmer,413001,0.0,3520.23,3520.23,0.0,0.711,7,10,0.0,0.0,True
2026-11-01,farmer:413001:008,farmer,413001,9491.35,8957.09,3819.45,5137.64,0.7075,6,1,0.0,2.0,True
2026-11-01,farmer:413001:009,farmer,413001,6940.72,7210.7,3920.01,3290.69,0.7071,5,2,0.0,2.0,True
2026-11-01,farmer:413001:010,farmer,413001,60125.91,13318.09,3419.55,9898.54,0.7254,0,0,0.0,2.0,True
2026-11-01,farmer:413001:011,farmer,413001,45882.72,12302.93,4659.45,7643.48,0.7085,0,0,0.0,2.0,True
2026-11-01,farmer:413001:012,farmer,413001,6783.38,7494.68,4302.52,3192.16,0.7125,2,0,0.0,2.0,True
2026-11-01,farmer:413001:013,farmer,413001,42208.47,10912.59,4869.11,6043.48,0.7072,0,0,0.0,2.0,True
2026-11-01,farmer:413001:014,farmer,413001,29066.32,14424.63,3727.75,10696.88,0.7071,0,0,0.0,2.0,True
2026-11-01,farmer:413001:015,farmer,413001,8075.52,7954.13,3536.04,4418.09,0.7114,6,1,0.0,2.0,True
2026-11-01,farmer:413001:016,farmer,413001,870.0,5066.74,4815.95,250.79,0.7087,8,4,0.0,0.8302,True
2026-11-01,farmer:413001:017,farmer,413001,8682.95,9208.6,4707.77,4500.83,0.7116,2,0,0.0,2.0,True
2026-11-01,farmer:413001:018,farmer,413001,16448.41,7094.46,3429.81,3664.65,0.7103,0,0,0.0,2.0,True
2026-11-01,farmer:413001:019,farmer,413001,20444.14,13346.86,4065.16,9281.7,0.7072,0,0,0.0,2.0,True
2026-11-01,farmer:413001:020,farmer,413001,3470.92,5508.74,4194.9,1313.84,0.7102,7,4,0.0,2.0,True
2026-11-01,farmer:413001:021,farmer,413001,37819.17,13452.4,3457.84,9994.56,0.7072,0,0,0.0,2.0,True
2026-11-01,farmer:413001:022,farmer,413001,66921.55,15200.42,4217.61,10982.81,0.7113,0,0,0.0,2.0,True
2026-11-01,farmer:413001:023,farmer,413001,214.92,4155.78,3940.86,214.92,0.7102,9,14,0.0,0.3184,True
2026-11-01,farmer:413001:024,farmer,413001,5355.93,6984.01,3908.12,3075.89,0.7072,0,0,0.0,2.0,True
2026-11-01,farmer:413001:025,farmer,413001,8590.2,8616.12,3993.47,4622.65,0.7077,2,0,0.0,2.0,True
2026-11-01,farmer:413001:026,farmer,413001,70205.73,14560.3,3406.81,11153.49,0.7219,0,0,0.0,2.0,True
2026-11-01,farmer:413001:027,farmer,413001,5913.64,6721.39,3894.77,2826.62,0.7091,3,1,0.0,2.0,True
2026-11-01,farmer:413001:028,farmer,413001,47148.06,11939.54,4041.79,7897.75,0.7071,0,0,0.0,2.0,True
2026-11-01,farmer:413001:029,farmer,413001,8241.94,6883.54,4891.01,1992.53,0.7131,0,0,0.0,2.0,True
2026-11-01,farmer:413001:030,farmer,413001,1145.1,4907.88,4725.58,182.3,0.7071,11,7,0.0,0.9833,True
2026-11-01,farmer:413001:031,farmer,413001,45537.08,11304.24,4926.05,6378.19,0.7081,0,0,0.0,2.0,True
2026-11-01,farmer:413001:032,farmer,413001,0.0,4621.48,4649.05,-27.57,0.7073,7,6,0.0,0.0,True
2026-11-01,farmer:413001:033,farmer,413001,40393.96,9479.63,3802.46,5677.17,0.7097,0,0,0.0,2.0,True
2026-11-01,farmer:413001:034,farmer,413001,-0.0,3090.73,3090.73,0.0,0.708,8,7,0.0,0.0,True
2026-11-01,farmer:413001:035,farmer,413001,19473.95,12403.46,4503.59,7899.87,0.7132,0,0,0.0,2.0,True
2026-11-01,utility:431001,utility_company,431001,862244.61,26650.0,0.0,26650.0,0.1955,0,0,0.0,0.0,True
2026-11-01,wholesaler:431001:01,wholesaler,431001,157764.9,45466.1,349202.59,-303736.49,0.2166,0,0,0.0,0.0,True
2026-11-01,retailer:431001:01,kirana,431001,212916.97,17454.02,10678.31,6775.71,0.2263,0,0,0.0,0.0,True
2026-11-01,retailer:431001:02,kirana,431001,234447.79,18763.98,11991.56,6772.42,0.2434,0,0,0.0,0.0,True
2026-11-01,retailer:431001:03,kirana,431001,233104.7,23607.81,13627.8,9980.01,0.2914,0,0,0.0,0.0,True
2026-11-01,retailer:431001:04,kirana,431001,234439.17,21922.87,13368.43,8554.44,0.3326,0,0,0.0,0.0,True
2026-11-01,farmer:431001:001,farmer,431001,934.95,5308.47,4373.52,934.95,0.7176,7,6,0.0,1.3851,True
2026-11-01,farmer:431001:002,farmer,431001,91967.23,16770.89,4490.55,12280.34,0.7078,0,0,0.0,2.0,True
2026-11-01,farmer:431001:003,farmer,431001,18516.71,10644.79,3581.16,7063.63,0.709,0,0,0.0,2.0,True
2026-11-01,farmer:431001:004,farmer,431001,60603.47,14910.59,4120.07,10790.52,0.7134,0,0,0.0,2.0,True
2026-11-01,farmer:431001:005,farmer,431001,19689.51,11431.99,3830.66,7601.33,0.7084,0,0,0.0,2.0,True
2026-11-01,farmer:431001:006,farmer,431001,35593.1,11272.34,3916.99,7355.35,0.7102,0,0,0.0,2.0,True
2026-11-01,farmer:431001:007,farmer,431001,-0.0,3140.28,3140.28,0.0,0.715,10,15,0.0,0.0,True
2026-11-01,farmer:431001:008,farmer,431001,86816.86,16277.67,4991.12,11286.55,0.7088,0,0,0.0,2.0,True
2026-11-01,farmer:431001:009,farmer,431001,6853.43,8742.86,4562.3,4180.56,0.7124,6,2,0.0,2.0,True
2026-11-01,farmer:431001:010,farmer,431001,59258.66,14944.9,5109.91,9834.99,0.7106,0,0,0.0,2.0,True
2026-11-01,farmer:431001:011,farmer,431001,405.71,3893.53,3487.82,405.71,0.7103,4,4,0.0,0.6011,True
2026-11-01,farmer:431001:012,farmer,431001,2131.33,5590.21,4215.97,1374.24,0.7106,6,3,0.0,2.0,True
2026-11-01,farmer:431001:013,farmer,431001,6075.62,7124.58,4601.35,2523.23,0.7082,0,0,0.0,2.0,True
2026-11-01,farmer:431001:014,farmer,431001,3704.87,6670.18,4922.9,1747.28,0.7098,3,1,0.0,2.0,True
2026-11-01,farmer:431001:015,farmer,431001,2897.92,6018.51,4562.63,1455.88,0.7072,7,4,0.0,2.0,True
2026-11-01,farmer:431001:016,farmer,431001,30256.38,10961.47,3681.06,7280.41,0.7196,0,0,0.0,2.0,True
2026-11-01,farmer:431001:017,farmer,431001,1569.5,4700.16,4414.76,285.4,0.7167,9,4,0.0,1.374,True
2026-11-01,farmer:431001:018,farmer,431001,23734.07,12188.37,4898.64,7289.73,0.7073,0,0,0.0,2.0,True
2026-11-01,farmer:431001:019,farmer,431001,1626.69,3877.42,3388.15,489.27,0.7193,6,4,0.0,1.5674,True
2026-11-01,farmer:431001:020,farmer,431001,77125.71,17644.77,4637.33,13007.44,0.7176,0,0,0.0,2.0,True
2026-11-01,farmer:431001:021,farmer,431001,5538.99,7170.83,4933.71,2237.12,0.7075,1,0,0.0,2.0,True
2026-11-01,farmer:431001:022,farmer,431001,3006.52,5704.42,4011.86,1692.56,0.7073,2,0,0.0,2.0,True
2026-11-01,farmer:431001:023,farmer,431001,23289.98,11147.81,5057.01,6090.8,0.7224,0,0,0.0,2.0,True
2026-11-01,farmer:431001:024,farmer,431001,3675.03,6508.84,4790.35,1718.49,0.7162,9,4,0.0,2.0,True
2026-11-01,farmer:431001:025,farmer,431001,11818.54,10199.08,3556.27,6642.81,0.7125,0,0,0.0,2.0,True
2026-11-01,farmer:431001:026,farmer,431001,56322.44,12105.1,4169.39,7935.71,0.7082,0,0,0.0,2.0,True
2026-11-01,farmer:431001:027,farmer,431001,9386.11,9631.75,3380.67,6251.08,0.7155,2,0,0.0,2.0,True
2026-11-01,farmer:431001:028,farmer,431001,5955.96,7436.79,5009.38,2427.41,0.7076,7,2,0.0,2.0,True
2026-11-01,farmer:431001:029,farmer,431001,11074.86,8866.14,3754.99,5111.15,0.7104,3,1,0.0,2.0,True
2026-11-01,farmer:431001:030,farmer,431001,67001.26,17278.16,3756.12,13522.04,0.7096,0,0,0.0,2.0,True
2026-11-01,farmer:431001:031,farmer,431001,16246.6,11006.35,3511.2,7495.15,0.7104,1,0,0.0,2.0,True
2026-11-01,farmer:431001:032,farmer,431001,81807.33,16939.16,4282.98,12656.18,0.7073,0,0,0.0,2.0,True
2026-11-01,farmer:431001:033,farmer,431001,49864.45,14616.37,4274.28,10342.09,0.7076,0,0,0.0,2.0,True
2026-11-01,farmer:431001:034,farmer,431001,5875.65,6879.61,4258.28,2621.33,0.7072,5,2,0.0,2.0,True
2026-11-01,farmer:431001:035,farmer,431001,25051.06,9198.2,4914.18,4284.02,0.7127,0,0,0.0,2.0,True
2026-11-01,utility:440001,utility_company,440001,873689.76,24673.72,0.0,24673.72,0.13,0,0,0.0,0.0,True
2026-11-01,wholesaler:440001:01,wholesaler,440001,38843.23,41243.23,273556.33,-232313.1,0.1168,0,0,0.0,0.0,True
2026-11-01,retailer:440001:01,kirana,440001,239662.19,18904.62,11054.01,7850.61,0.1042,0,0,0.0,0.0,True
2026-11-01,retailer:440001:02,kirana,440001,222549.89,15415.8,10810.84,4604.96,0.2281,0,0,0.0,0.0,True
2026-11-01,retailer:440001:03,kirana,440001,234581.47,27035.22,17211.19,9824.03,0.3178,0,0,0.0,0.0,True
2026-11-01,retailer:440001:04,kirana,440001,240538.74,10621.39,6367.19,4254.2,0.3577,0,0,0.0,0.0,True
2026-11-01,farmer:440001:001,farmer,440001,52007.65,16037.37,4926.1,11111.27,0.7081,0,0,0.0,2.0,True
2026-11-01,farmer:440001:002,farmer,440001,87644.6,15900.77,3878.8,12021.97,0.7079,0,0,0.0,2.0,True
2026-11-01,farmer:440001:003,farmer,440001,29207.76,13626.0,4765.34,8860.66,0.7103,0,0,0.0,2.0,True
2026-11-01,farmer:440001:004,farmer,440001,78601.57,18633.16,4538.04,14095.12,0.7108,0,0,0.0,2.0,True
2026-11-01,farmer:440001:005,farmer,440001,34117.03,15012.38,3677.88,11334.5,0.7186,0,0,0.0,2.0,True
2026-11-01,farmer:440001:006,farmer,440001,29871.77,10442.32,3480.64,6961.68,0.709,0,0,0.0,2.0,True
2026-11-01,farmer:440001:007,farmer,440001,64239.49,18516.93,3666.01,14850.92,0.7073,0,0,0.0,2.0,True
2026-11-01,farmer:440001:008,farmer,440001,38884.88,12645.25,4723.67,7921.58,0.7097,0,0,0.0,2.0,True
2026-11-01,farmer:440001:009,farmer,440001,1434.57,4945.94,3643.49,1302.45,0.7107,2,1,0.0,2.0,True
2026-11-01,farmer:440001:010,farmer,440001,31535.33,11346.3,4407.82,6938.48,0.7071,0,0,0.0,2.0,True
2026-11-01,farmer:440001:011,farmer,440001,34476.76,12841.88,4315.9,8525.98,0.7113,0,0,0.0,2.0,True
2026-11-01,farmer:440001:012,farmer,440001,3609.78,6205.16,3633.58,2571.58,0.7102,3,1,0.0,2.0,True
2026-11-01,farmer:440001:013,farmer,440001,10414.41,8327.5,3803.87,4523.63,0.7071,0,0,0.0,2.0,True
2026-11-01,farmer:440001:014,farmer,440001,8615.83,8824.85,4691.68,4133.17,0.7077,1,0,0.0,2.0,True
2026-11-01,farmer:440001:015,farmer,440001,37222.18,11171.78,3432.69,7739.09,0.7072,0,0,0.0,2.0,True
2026-11-01,farmer:440001:016,farmer,440001,452.64,4930.49,4908.16,22.33,0.708,10,6,0.0,0.3518,True
2026-11-01,farmer:440001:017,farmer,440001,90678.79,16023.55,4610.6,11412.95,0.7076,0,0,0.0,2.0,True
2026-11-01,farmer:440001:018,farmer,440001,7831.37,8777.55,3900.08,4877.47,0.7099,4,2,0.0,2.0,True
2026-11-01,farmer:440001:019,farmer,440001,51229.56,14709.4,4970.74,9738.66,0.7071,0,0,0.0,2.0,True
2026-11-01,farmer:440001:020,farmer,440001,19885.31,14175.85,3588.04,10587.81,0.7089,1,0,0.0,2.0,True
2026-11-01,farmer:440001:021,farmer,440001,6448.9,6727.84,3611.61,3116.23,0.7074,2,0,0.0,2.0,True
2026-11-01,farmer:440001:022,farmer,440001,3344.31,5286.39,3569.42,1716.97,0.7072,10,6,0.0,2.0,True
2026-11-01,farmer:440001:023,farmer,440001,21156.54,12372.0,4104.54,8267.46,0.7099,0,0,0.0,2.0,True
2026-11-01,farmer:440001:024,farmer,440001,25278.97,3675.67,5112.4,-1436.73,1.0321,0,0,0.0,2.0,True
2026-11-01,farmer:440001:025,farmer,440001,-0.0,0.0,2706.23,-2706.23,1.4142,4,4,0.0,0.0,True
2026-11-01,farmer:440001:026,farmer,440001,28608.89,0.0,3757.2,-3757.2,1.4142,0,0,0.0,2.0,True
2026-11-01,farmer:440001:027,farmer,440001,0.0,0.0,3603.36,-3603.36,1.4142,7,4,0.0,0.0,True
2026-11-01,farmer:440001:028,farmer,440001,13739.47,0.0,3432.47,-3432.47,1.4142,0,0,0.0,2.0,True
2026-11-01,farmer:440001:029,farmer,440001,10373.35,0.0,4814.56,-4814.56,1.4142,0,0,0.0,2.0,True
2026-11-01,farmer:440001:030,farmer,440001,0.0,0.0,0.0,0.0,1.4142,4,4,0.0,0.0,True
2026-11-01,farmer:440001:031,farmer,440001,27284.55,0.0,4592.92,-4592.92,1.4142,0,0,0.0,2.0,True
2026-11-01,farmer:440001:032,farmer,440001,-0.0,0.0,1005.36,-1005.36,1.4142,11,6,0.0,0.0,True
2026-11-01,farmer:440001:033,farmer,440001,63544.59,0.0,3885.31,-3885.31,1.4142,0,0,0.0,2.0,True
2026-11-01,farmer:440001:034,farmer,440001,40738.39,0.0,3982.69,-3982.69,1.4142,0,0,0.0,2.0,True
2026-11-01,farmer:440001:035,farmer,440001,0.0,0.0,0.0,0.0,1.4142,6,7,0.0,0.0,True
2026-12-01,lender:vridhi,synthetic_lender,national,4980582.93,106127.3,0.0,106127.3,0.1078,0,0,0.0,0.0,True
2026-12-01,utility:413001,utility_company,413001,875865.4,22110.0,0.0,22110.0,0.0827,0,0,0.0,0.0,True
2026-12-01,wholesaler:413001:01,wholesaler,413001,527683.07,35681.07,2400.0,33281.07,0.136,0,0,0.0,0.0,True
2026-12-01,retailer:413001:01,kirana,413001,213623.24,16148.08,9637.77,6510.31,0.2458,0,0,0.0,0.0,True
2026-12-01,retailer:413001:02,kirana,413001,220222.21,24821.68,13635.23,11186.45,0.0669,0,0,0.0,0.0,True
2026-12-01,retailer:413001:03,kirana,413001,232611.91,17686.52,11380.19,6306.33,0.178,0,0,0.0,0.0,True
2026-12-01,retailer:413001:04,kirana,413001,236014.65,8118.02,5227.88,2890.14,0.3598,0,0,0.0,0.0,True
2026-12-01,farmer:413001:001,farmer,413001,-0.0,0.0,0.0,0.0,0.7087,12,15,0.0,0.0,True
2026-12-01,farmer:413001:002,farmer,413001,55888.59,0.0,4007.79,-4007.79,0.7173,0,0,0.0,2.0,True
2026-12-01,farmer:413001:003,farmer,413001,-0.0,0.0,464.79,-464.79,0.7114,8,5,0.0,0.0,True
2026-12-01,farmer:413001:004,farmer,413001,564.88,0.0,4302.02,-4302.02,0.7074,4,1,0.0,0.4184,True
2026-12-01,farmer:413001:005,farmer,413001,-0.0,0.0,4026.99,-4026.99,0.7169,2,2,0.0,0.0,True
2026-12-01,farmer:413001:006,farmer,413001,984.95,0.0,4968.17,-4968.17,0.7072,4,1,0.0,0.7296,True
2026-12-01,farmer:413001:007,farmer,413001,0.0,0.0,0.0,0.0,0.711,8,11,0.0,0.0,True
2026-12-01,farmer:413001:008,farmer,413001,5874.65,0.0,3616.7,-3616.7,0.7075,6,0,0.0,2.0,True
2026-12-01,farmer:413001:009,farmer,413001,2045.32,0.0,4895.4,-4895.4,0.7071,5,1,0.0,1.5151,True
2026-12-01,farmer:413001:010,farmer,413001,55856.75,0.0,4269.16,-4269.16,0.7254,0,0,0.0,2.0,True
2026-12-01,farmer:413001:011,farmer,413001,41164.57,0.0,4718.15,-4718.15,0.7085,0,0,0.0,2.0,True
2026-12-01,farmer:413001:012,farmer,413001,2286.6,0.0,4496.78,-4496.78,0.7125,2,0,0.0,1.6938,True
2026-12-01,farmer:413001:013,farmer,413001,37472.03,0.0,4736.44,-4736.44,0.7072,0,0,0.0,2.0,True
2026-12-01,farmer:413001:014,farmer,413001,25307.51,0.0,3758.81,-3758.81,0.7071,0,0,0.0,2.0,True
2026-12-01,farmer:413001:015,farmer,413001,3587.27,0.0,4488.25,-4488.25,0.7114,6,0,0.0,2.0,True
2026-12-01,farmer:413001:016,farmer,413001,-0.0,0.0,870.0,-870.0,0.7087,9,5,0.0,0.0,True
2026-12-01,farmer:413001:017,farmer,413001,3739.51,0.0,4943.44,-4943.44,0.7116,2,0,0.0,2.0,True
2026-12-01,farmer:413001:018,farmer,413001,12238.18,0.0,4210.23,-4210.23,0.7103,0,0,0.0,2.0,True
2026-12-01,farmer:413001:019,farmer,413001,16838.71,0.0,3605.43,-3605.43,0.7072,0,0,0.0,2.0,True
2026-12-01,farmer:413001:020,farmer,413001,-0.0,0.0,3470.92,-3470.92,0.7102,7,5,0.0,0.0,True
2026-12-01,farmer:413001:021,farmer,413001,33167.84,0.0,4651.33,-4651.33,0.7072,0,0,0.0,2.0,True
2026-12-01,farmer:413001:022,farmer,413001,63055.57,0.0,3865.98,-3865.98,0.7113,0,0,0.0,2.0,True
2026-12-01,farmer:413001:023,farmer,413001,-0.0,0.0,214.92,-214.92,0.7102,10,15,0.0,0.0,True
2026-12-01,farmer:413001:024,farmer,413001,1010.91,0.0,4345.02,-4345.02,0.7072,0,0,0.0,0.7488,True
2026-12-01,farmer:413001:025,farmer,413001,5085.11,0.0,3505.09,-3505.09,0.7077,2,0,0.0,2.0,True
2026-12-01,farmer:413001:026,farmer,413001,65326.14,0.0,4879.59,-4879.59,0.7219,0,0,0.0,2.0,True
2026-12-01,farmer:413001:027,farmer,413001,2438.48,0.0,3475.16,-3475.16,0.7091,3,0,0.0,1.8063,True
2026-12-01,farmer:413001:028,farmer,413001,43116.98,0.0,4031.08,-4031.08,0.7071,0,0,0.0,2.0,True
2026-12-01,farmer:413001:029,farmer,413001,4891.21,0.0,3350.73,-3350.73,0.7131,0,0,0.0,2.0,True
2026-12-01,farmer:413001:030,farmer,413001,-0.0,0.0,1145.1,-1145.1,0.7071,12,8,0.0,0.0,True
2026-12-01,farmer:413001:031,farmer,413001,40978.37,0.0,4558.71,-4558.71,0.7081,0,0,0.0,2.0,True
2026-12-01,farmer:413001:032,farmer,413001,0.0,0.0,0.0,0.0,0.7073,8,7,0.0,0.0,True
2026-12-01,farmer:413001:033,farmer,413001,35839.14,0.0,4554.82,-4554.82,0.7097,0,0,0.0,2.0,True
2026-12-01,farmer:413001:034,farmer,413001,-0.0,0.0,0.0,0.0,0.708,9,8,0.0,0.0,True
2026-12-01,farmer:413001:035,farmer,413001,14624.88,0.0,4849.07,-4849.07,0.7132,0,0,0.0,2.0,True
2026-12-01,utility:431001,utility_company,431001,885005.31,22760.7,0.0,22760.7,0.0723,0,0,0.0,0.0,True
2026-12-01,wholesaler:431001:01,wholesaler,431001,197948.07,42583.17,2400.0,40183.17,0.0378,0,0,0.0,0.0,True
2026-12-01,retailer:431001:01,kirana,431001,223787.49,30525.94,19655.42,10870.52,0.2382,0,0,0.0,0.0,True
2026-12-01,retailer:431001:02,kirana,431001,241702.22,18446.22,11191.79,7254.43,0.0484,0,0,0.0,0.0,True
2026-12-01,retailer:431001:03,kirana,431001,240628.89,18540.26,11016.07,7524.19,0.1315,0,0,0.0,0.0,True
2026-12-01,retailer:431001:04,kirana,431001,236575.38,7056.1,4919.89,2136.21,0.4068,0,0,0.0,0.0,True
2026-12-01,farmer:431001:001,farmer,431001,-0.0,0.0,934.95,-934.95,0.7176,8,7,0.0,0.0,True
2026-12-01,farmer:431001:002,farmer,431001,87155.37,0.0,4811.86,-4811.86,0.7078,0,0,0.0,2.0,True
2026-12-01,farmer:431001:003,farmer,431001,13590.56,0.0,4926.15,-4926.15,0.709,0,0,0.0,2.0,True
2026-12-01,farmer:431001:004,farmer,431001,56636.73,0.0,3966.74,-3966.74,0.7134,0,0,0.0,2.0,True
2026-12-01,farmer:431001:005,farmer,431001,15925.85,0.0,3763.66,-3763.66,0.7084,0,0,0.0,2.0,True
2026-12-01,farmer:431001:006,farmer,431001,30676.07,0.0,4917.03,-4917.03,0.7102,0,0,0.0,2.0,True
2026-12-01,farmer:431001:007,farmer,431001,-0.0,0.0,0.0,0.0,0.715,11,16,0.0,0.0,True
2026-12-01,farmer:431001:008,farmer,431001,82559.75,0.0,4257.11,-4257.11,0.7088,0,0,0.0,2.0,True
2026-12-01,farmer:431001:009,farmer,431001,3333.62,0.0,3519.81,-3519.81,0.7124,6,1,0.0,2.0,True
2026-12-01,farmer:431001:010,farmer,431001,54285.06,0.0,4973.6,-4973.6,0.7106,0,0,0.0,2.0,True
2026-12-01,farmer:431001:011,farmer,431001,-0.0,0.0,405.71,-405.71,0.7103,5,5,0.0,0.0,True
2026-12-01,farmer:431001:012,farmer,431001,-0.0,0.0,2131.33,-2131.33,0.7106,7,4,0.0,0.0,True
2026-12-01,farmer:431001:013,farmer,431001,2570.79,0.0,3504.83,-3504.83,0.7082,0,0,0.0,1.9043,True
2026-12-01,farmer:431001:014,farmer,431001,-0.0,0.0,3704.87,-3704.87,0.7098,3,2,0.0,0.0,True
2026-12-01,farmer:431001:015,farmer,431001,-0.0,0.0,2897.92,-2897.92,0.7072,8,5,0.0,0.0,True
2026-12-01,farmer:431001:016,farmer,431001,26042.85,0.0,4213.53,-4213.53,0.7196,0,0,0.0,2.0,True
2026-12-01,farmer:431001:017,farmer,431001,0.0,0.0,1569.5,-1569.5,0.7167,10,5,0.0,0.0,True
2026-12-01,farmer:431001:018,farmer,431001,18962.16,0.0,4771.91,-4771.91,0.7073,0,0,0.0,2.0,True
2026-12-01,farmer:431001:019,farmer,431001,-0.0,0.0,1626.69,-1626.69,0.7193,7,5,0.0,0.0,True
2026-12-01,farmer:431001:020,farmer,431001,73074.45,0.0,4051.26,-4051.26,0.7176,0,0,0.0,2.0,True
2026-12-01,farmer:431001:021,farmer,431001,1011.31,0.0,4527.68,-4527.68,0.7075,1,0,0.0,0.7491,True
2026-12-01,farmer:431001:022,farmer,431001,0.0,0.0,3006.52,-3006.52,0.7073,3,1,0.0,0.0,True
2026-12-01,farmer:431001:023,farmer,431001,18839.39,0.0,4450.59,-4450.59,0.7224,0,0,0.0,2.0,True
2026-12-01,farmer:431001:024,farmer,431001,-0.0,0.0,3675.03,-3675.03,0.7162,9,3,0.0,0.0,True
2026-12-01,farmer:431001:025,farmer,431001,7979.55,0.0,3838.99,-3838.99,0.7125,0,0,0.0,2.0,True
2026-12-01,farmer:431001:026,farmer,431001,51873.78,0.0,4448.66,-4448.66,0.7082,0,0,0.0,2.0,True
2026-12-01,farmer:431001:027,farmer,431001,4998.77,0.0,4387.34,-4387.34,0.7155,2,0,0.0,2.0,True
2026-12-01,farmer:431001:028,farmer,431001,1837.15,0.0,4118.81,-4118.81,0.7076,7,1,0.0,1.3609,True
2026-12-01,farmer:431001:029,farmer,431001,6900.0,0.0,4174.86,-4174.86,0.7104,3,0,0.0,2.0,True
2026-12-01,farmer:431001:030,farmer,431001,62299.58,0.0,4701.68,-4701.68,0.7096,0,0,0.0,2.0,True
2026-12-01,farmer:431001:031,farmer,431001,11754.07,0.0,4492.53,-4492.53,0.7104,1,0,0.0,2.0,True
2026-12-01,farmer:431001:032,farmer,431001,77326.58,0.0,4480.75,-4480.75,0.7073,0,0,0.0,2.0,True
2026-12-01,farmer:431001:033,farmer,431001,46220.65,0.0,3643.8,-3643.8,0.7076,0,0,0.0,2.0,True
2026-12-01,farmer:431001:034,farmer,431001,2140.86,0.0,3734.79,-3734.79,0.7072,5,1,0.0,1.5858,True
2026-12-01,farmer:431001:035,farmer,431001,21301.33,0.0,3749.73,-3749.73,0.7127,0,0,0.0,2.0,True
2026-12-01,utility:440001,utility_company,440001,896244.92,22555.16,0.0,22555.16,0.066,0,0,0.0,0.0,True
2026-12-01,wholesaler:440001:01,wholesaler,440001,72848.78,36405.55,2400.0,34005.55,0.088,0,0,0.0,0.0,True
2026-12-01,retailer:440001:01,kirana,440001,246954.77,17213.59,9921.01,7292.58,0.0811,0,0,0.0,0.0,True
2026-12-01,retailer:440001:02,kirana,440001,226236.37,13502.06,9815.58,3686.48,0.2262,0,0,0.0,0.0,True
2026-12-01,retailer:440001:03,kirana,440001,240134.2,16810.29,11257.56,5552.73,0.2572,0,0,0.0,0.0,True
2026-12-01,retailer:440001:04,kirana,440001,245859.13,14931.79,9611.4,5320.39,0.2736,0,0,0.0,0.0,True
2026-12-01,farmer:440001:001,farmer,440001,47815.72,0.0,4191.93,-4191.93,0.7081,0,0,0.0,2.0,True
2026-12-01,farmer:440001:002,farmer,440001,84069.99,0.0,3574.61,-3574.61,0.7079,0,0,0.0,2.0,True
2026-12-01,farmer:440001:003,farmer,440001,24549.94,0.0,4657.82,-4657.82,0.7103,0,0,0.0,2.0,True
2026-12-01,farmer:440001:004,farmer,440001,75156.88,0.0,3444.69,-3444.69,0.7108,0,0,0.0,2.0,True
2026-12-01,farmer:440001:005,farmer,440001,30420.69,0.0,3696.34,-3696.34,0.7186,0,0,0.0,2.0,True
2026-12-01,farmer:440001:006,farmer,440001,26124.57,0.0,3747.2,-3747.2,0.709,0,0,0.0,2.0,True
2026-12-01,farmer:440001:007,farmer,440001,60434.97,0.0,3804.52,-3804.52,0.7073,0,0,0.0,2.0,True
2026-12-01,farmer:440001:008,farmer,440001,34781.17,0.0,4103.71,-4103.71,0.7097,0,0,0.0,2.0,True
2026-12-01,farmer:440001:009,farmer,440001,0.0,0.0,1434.57,-1434.57,0.7107,3,2,0.0,0.0,True
2026-12-01,farmer:440001:010,farmer,440001,27819.88,0.0,3715.45,-3715.45,0.7071,0,0,0.0,2.0,True
2026-12-01,farmer:440001:011,farmer,440001,30608.12,0.0,3868.64,-3868.64,0.7113,0,0,0.0,2.0,True
2026-12-01,farmer:440001:012,farmer,440001,0.0,0.0,3609.78,-3609.78,0.7102,3,2,0.0,0.0,True
2026-12-01,farmer:440001:013,farmer,440001,6703.42,0.0,3710.99,-3710.99,0.7071,0,0,0.0,2.0,True
2026-12-01,farmer:440001:014,farmer,440001,4980.47,0.0,3635.36,-3635.36,0.7077,1,0,0.0,2.0,True
2026-12-01,farmer:440001:015,farmer,440001,33246.16,0.0,3976.02,-3976.02,0.7072,0,0,0.0,2.0,True
2026-12-01,farmer:440001:016,farmer,440001,-0.0,0.0,452.64,-452.64,0.708,11,7,0.0,0.0,True
2026-12-01,farmer:440001:017,farmer,440001,86147.66,0.0,4531.13,-4531.13,0.7076,0,0,0.0,2.0,True
2026-12-01,farmer:440001:018,farmer,440001,3991.51,0.0,3839.86,-3839.86,0.7099,4,1,0.0,2.0,True
2026-12-01,farmer:440001:019,farmer,440001,47111.07,0.0,4118.49,-4118.49,0.7071,0,0,0.0,2.0,True
2026-12-01,farmer:440001:020,farmer,440001,15225.6,0.0,4659.71,-4659.71,0.7089,1,0,0.0,2.0,True
2026-12-01,farmer:440001:021,farmer,440001,1729.62,0.0,4719.28,-4719.28,0.7074,2,0,0.0,1.2812,True
2026-12-01,farmer:440001:022,farmer,440001,0.0,0.0,3344.31,-3344.31,0.7072,11,7,0.0,0.0,True
2026-12-01,farmer:440001:023,farmer,440001,17833.4,0.0,3323.14,-3323.14,0.7099,0,0,0.0,2.0,True
2026-12-01,farmer:440001:024,farmer,440001,20852.62,0.0,4426.35,-4426.35,1.0321,0,0,0.0,2.0,True
2026-12-01,farmer:440001:025,farmer,440001,-0.0,0.0,0.0,0.0,1.4142,5,5,0.0,0.0,True
2026-12-01,farmer:440001:026,farmer,440001,24611.34,0.0,3997.55,-3997.55,1.4142,0,0,0.0,2.0,True
2026-12-01,farmer:440001:027,farmer,440001,0.0,0.0,0.0,0.0,1.4142,8,5,0.0,0.0,True
2026-12-01,farmer:440001:028,farmer,440001,8751.13,0.0,4988.34,-4988.34,1.4142,0,0,0.0,2.0,True
2026-12-01,farmer:440001:029,farmer,440001,6715.68,0.0,3657.67,-3657.67,1.4142,0,0,0.0,2.0,True
2026-12-01,farmer:440001:030,farmer,440001,0.0,0.0,0.0,0.0,1.4142,5,5,0.0,0.0,True
2026-12-01,farmer:440001:031,farmer,440001,23669.49,0.0,3615.06,-3615.06,1.4142,0,0,0.0,2.0,True
2026-12-01,farmer:440001:032,farmer,440001,-0.0,0.0,0.0,0.0,1.4142,12,7,0.0,0.0,True
2026-12-01,farmer:440001:033,farmer,440001,58953.5,0.0,4591.09,-4591.09,1.4142,0,0,0.0,2.0,True
2026-12-01,farmer:440001:034,farmer,440001,36277.22,0.0,4461.17,-4461.17,1.4142,0,0,0.0,2.0,True
2026-12-01,farmer:440001:035,farmer,440001,0.0,0.0,0.0,0.0,1.4142,7,8,0.0,0.0,True
